0.000000,5.385165,5.385165,5.385165,5.385165,-0.359575
1.000000,3.752983,3.740978,3.732587,3.741584,-0.530434
2.000000,3.020267,3.000376,2.986355,3.001098,-0.448073
3.000000,2.579201,2.547017,2.534836,2.549752,-0.405423
4.000000,2.264857,2.242004,2.222604,2.236009,0.154170
5.000000,2.035283,2.019852,1.989533,2.001708,0.576628
6.000000,1.854212,1.840997,1.802811,1.815818,0.410454
7.000000,1.706981,1.695258,1.650068,1.663347,0.579317
8.000000,1.581519,1.572538,1.522928,1.532338,0.500599
9.000000,1.486413,1.469381,1.418565,1.420516,1.979741
10.000000,1.397517,1.378802,1.325553,1.320894,1.910206
11.000000,1.317321,1.297776,1.242177,1.230111,1.727556
12.000000,1.243687,1.224642,1.167162,1.148576,1.783419
13.000000,1.195323,1.166923,1.101488,1.078373,2.739384
14.000000,1.146718,1.118101,1.047334,1.016307,3.034522
15.000000,1.101756,1.070331,0.998982,0.959007,2.565422
16.000000,1.063637,1.027243,0.953245,0.904683,2.274946
17.000000,1.024665,0.984531,0.909578,0.853162,1.920034
18.000000,0.992176,0.956224,0.874545,0.809623,2.435655
19.000000,0.945759,0.919538,0.837606,0.768428,2.094884
20.000000,0.907918,0.888270,0.804281,0.729311,2.015384
21.000000,0.873236,0.861829,0.774036,0.692436,1.832156
22.000000,0.840603,0.835844,0.744772,0.656613,1.550717
23.000000,0.795944,0.807854,0.720891,0.622917,1.627500
24.000000,0.754990,0.774312,0.698505,0.593487,1.442869
25.000000,0.711750,0.746838,0.680225,0.569476,1.318083
26.000000,0.687295,0.735916,0.676700,0.553895,1.440543
27.000000,0.702728,0.758833,0.700470,0.557423,1.542178
28.000000,0.840356,0.870185,0.824281,0.634034,2.190431
29.000000,1.781564,1.762649,2.122070,2.433529,2.204642
30.000000,1.822716,1.715196,2.053201,2.354330,1.548245
31.000000,1.770860,1.649393,1.981898,2.268492,1.210734
32.000000,1.899528,1.717289,1.986338,2.255877,2.155504
33.000000,1.901312,1.777781,1.969526,2.241168,2.138965
34.000000,1.842476,1.825024,1.926484,2.202923,1.885719
35.000000,1.911722,1.880814,1.898201,2.164097,1.886927
36.000000,1.967198,1.885934,1.860051,2.114627,1.558845
37.000000,1.766243,1.839365,1.812642,2.048668,1.141538
38.000000,1.627300,1.768631,1.766566,2.007780,1.431191
39.000000,1.543503,1.698825,1.736186,1.956375,1.466089
40.000000,1.409696,1.670133,1.697680,1.905025,1.236922
41.000000,1.384512,1.694194,1.679256,1.874340,1.441878
42.000000,1.363487,1.585703,1.652211,1.832790,0.999364
43.000000,1.288269,1.479832,1.626817,1.784862,1.043946
44.000000,1.145230,1.370581,1.597773,1.723328,0.749650
45.000000,1.013755,1.240091,1.568494,1.666900,0.564523
46.000000,0.820836,1.140918,1.535020,1.618896,0.524770
47.000000,0.719581,1.088193,1.499074,1.581892,0.497245
48.000000,0.730644,1.056457,1.458289,1.551745,1.154596
49.000000,0.734639,0.981974,1.397254,1.518919,0.763176
50.000000,0.635638,0.865774,1.342024,1.469303,0.009148
51.000000,0.578937,0.732980,1.314720,1.432165,0.193200
52.000000,0.565861,0.671526,1.240297,1.411144,0.390548
53.000000,0.480002,0.642264,1.178496,1.400651,0.871190
54.000000,0.382168,0.606041,1.110161,1.386505,0.338491
55.000000,0.334300,0.532428,1.012005,1.364737,-0.479017
56.000000,0.282470,0.483443,0.943225,1.347788,-0.236294
57.000000,0.307680,0.493911,0.927698,1.342470,0.571333
58.000000,0.122393,0.378918,0.881640,1.307367,0.402318
59.000000,0.321629,0.383838,0.848949,1.278509,1.213836
60.000000,1.004361,0.566562,0.839597,1.281789,1.364878
61.000000,2.423101,0.992643,0.872412,1.335043,3.310770
62.000000,2.891293,1.366970,0.917105,1.317950,1.900914
63.000000,3.092181,1.718708,0.964877,1.295314,1.862925
64.000000,2.817771,2.165394,1.033432,1.272067,1.309336
65.000000,2.452880,2.579397,1.115138,1.233417,0.946293
66.000000,1.803374,2.672808,1.210146,1.212300,0.900263
67.000000,1.516358,2.525891,1.323312,1.222339,0.894519
68.000000,1.095707,2.314276,1.307132,1.191310,0.257646
69.000000,0.535779,1.857772,1.257206,1.118904,-0.880848
70.000000,-0.465273,1.122829,1.141397,0.993668,-2.598186
71.000000,-1.102898,0.367714,1.073075,0.872421,-1.429082
72.000000,-1.908618,-0.401433,0.786526,0.736303,-2.211954
73.000000,-2.644462,-1.414581,0.049365,0.506104,-2.947294
74.000000,-2.808879,-2.101505,-0.673361,0.290538,-2.363294
75.000000,-2.624233,-2.524416,-1.314333,0.053345,-2.187740
76.000000,-2.640219,-2.763784,-1.990859,-0.240064,-2.124300
77.000000,-2.459769,-2.811133,-2.490981,-0.554635,-1.756058
78.000000,-2.167731,-2.752400,-2.729012,-1.007069,-1.676938
79.000000,-2.008557,-2.630657,-2.896288,-1.446741,-1.701440
80.000000,-1.840954,-2.396784,-2.900943,-1.744863,-1.465891
81.000000,-1.651832,-2.264315,-2.921060,-1.987963,-1.266568
82.000000,-1.569346,-2.123484,-2.847537,-2.191512,-1.392347
83.000000,-1.315764,-1.830974,-2.660929,-2.216189,-0.492049
84.000000,-1.051489,-1.604679,-2.488990,-2.145988,-0.417920
85.000000,-0.942178,-1.467168,-2.392183,-2.082648,-0.919852
86.000000,-1.351417,-1.602542,-2.522581,-2.296361,-2.831830
87.000000,-1.597744,-1.691268,-2.545299,-2.408194,-2.259499
88.000000,-1.869904,-1.715970,-2.485457,-2.416674,-1.801450
89.000000,-2.049409,-1.702050,-2.382299,-2.405464,-1.566129
90.000000,-2.081790,-1.686259,-2.237357,-2.369515,-1.384790
91.000000,-1.760674,-1.673054,-2.141027,-2.361980,-1.258941
92.000000,-1.480198,-1.609760,-2.013462,-2.293849,-0.904845
93.000000,-1.426235,-1.701475,-1.923514,-2.283228,-1.549178
94.000000,-1.406715,-1.781758,-1.855777,-2.252943,-1.474557
95.000000,-1.423139,-1.815777,-1.798834,-2.214662,-1.445717
96.000000,-1.464825,-1.672005,-1.747932,-2.178306,-1.428216
97.000000,-1.570998,-1.573909,-1.711899,-2.142793,-1.353919
98.000000,-1.458200,-1.488575,-1.660007,-2.083351,-0.954740
99.000000,-1.328224,-1.416737,-1.603495,-2.009826,-0.783099
100.000000,-1.185130,-1.362346,-1.561225,-1.917389,-0.738263
101.000000,-1.072149,-1.340342,-1.541609,-1.863348,-0.909776
102.000000,-0.983556,-1.370800,-1.522463,-1.804539,-0.976162
103.000000,-0.943785,-1.292136,-1.535989,-1.724087,-0.758432
104.000000,-0.991771,-1.239743,-1.563586,-1.668446,-0.976573
105.000000,-1.081541,-1.200972,-1.576291,-1.624706,-1.110170
106.000000,-1.115819,-1.154437,-1.480266,-1.582486,-1.049232
107.000000,-1.122102,-1.110771,-1.409046,-1.551592,-0.994745
108.000000,-1.159269,-1.111905,-1.361194,-1.521322,-0.900595
109.000000,-1.148247,-1.136209,-1.328999,-1.491967,-0.907856
110.000000,-1.064847,-1.145980,-1.301277,-1.467431,-0.714910
111.000000,-1.035432,-1.153016,-1.291782,-1.457957,-0.891513
112.000000,-0.935803,-1.110203,-1.292550,-1.435421,-0.499981
113.000000,-0.870231,-1.107061,-1.247686,-1.449163,-0.532871
114.000000,-0.780466,-1.070202,-1.205179,-1.466875,-0.370099
115.000000,-0.782083,-1.029010,-1.169380,-1.474608,-0.495913
116.000000,-0.804886,-1.027476,-1.143910,-1.404423,-1.274394
117.000000,-1.162382,-1.072643,-1.135877,-1.360346,-1.849688
118.000000,-1.480345,-1.131271,-1.158543,-1.334782,-1.639032
119.000000,-1.635522,-1.152639,-1.180236,-1.312957,-1.093879
120.000000,-1.674849,-1.209253,-1.202346,-1.299072,-0.917600
121.000000,-1.573620,-1.229979,-1.208279,-1.293016,-0.929379
122.000000,-1.437117,-1.421131,-1.218184,-1.316202,-1.316151
123.000000,-1.268654,-1.540462,-1.242677,-1.289985,-0.974116
124.000000,-1.140554,-1.578321,-1.232166,-1.259341,-0.543736
125.000000,-0.819974,-1.444297,-1.172217,-1.211451,0.433494
126.000000,-0.452266,-1.218998,-1.109113,-1.157811,0.495420
127.000000,0.139483,-0.822004,-1.016843,-1.092221,1.136698
128.000000,0.747335,-0.378721,-0.910584,-1.046903,1.531195
129.000000,1.264674,0.025174,-0.784957,-1.010753,1.683704
130.000000,1.619629,0.493029,-0.653688,-0.970870,2.036847
131.000000,1.985390,1.034375,-0.443538,-0.907889,2.132325
132.000000,2.148511,1.555854,-0.263181,-0.835032,1.904472
133.000000,2.108515,1.923089,-0.062956,-0.787770,1.481168
134.000000,2.050860,2.187081,0.155336,-0.705311,1.609322
135.000000,1.807372,2.186020,0.341494,-0.609868,1.092715
136.000000,1.533334,2.143631,0.636118,-0.506086,0.963447
137.000000,1.296718,2.012406,1.047828,-0.388032,0.873674
138.000000,1.329609,1.945139,1.560825,-0.207224,1.615500
139.000000,1.296399,1.849119,1.927804,0.024360,1.436259
140.000000,1.234306,1.664766,2.104430,0.248512,0.832892
141.000000,1.317886,1.556396,2.250944,0.648983,1.367982
142.000000,1.370625,1.454465,2.309260,1.066673,1.169511
143.000000,1.193863,1.363513,2.271296,1.477201,0.796776
144.000000,0.976400,1.220248,2.167651,1.693887,0.421567
145.000000,0.969274,1.182336,2.052414,1.845336,0.807116
146.000000,1.201139,1.351671,2.081609,2.254031,2.314424
147.000000,1.322094,1.441669,2.010192,2.499291,1.702279
148.000000,1.524337,1.457267,1.934707,2.598132,1.761075
149.000000,1.300922,1.214371,1.702913,2.368969,-0.740128
150.000000,0.958999,1.018726,1.479406,2.156135,-1.050026
151.000000,0.204130,0.767814,1.276602,1.992185,-1.086031
152.000000,-0.565418,0.506169,1.084663,1.865763,-1.399553
153.000000,-1.262350,0.368709,0.980612,1.802820,-0.610273
154.000000,-1.022002,0.408652,0.941865,1.800095,0.604736
155.000000,-0.863688,0.293947,0.885971,1.706640,-0.284726
156.000000,-0.606703,-0.129869,0.850576,1.634204,-0.099206
157.000000,0.002638,-0.463059,0.854319,1.565424,0.449328
158.000000,0.121241,-1.037440,0.749340,1.453093,-0.328132
159.000000,-0.111978,-0.998249,0.664660,1.364965,-0.059155
160.000000,-0.275216,-0.992653,0.574502,1.238083,-0.761535
161.000000,-0.309894,-0.795463,0.458522,1.136227,-0.200608
162.000000,-0.472622,-0.386187,0.359233,1.052422,-0.032963
163.000000,-0.486470,-0.308736,0.257535,0.978763,-0.370790
164.000000,-0.796114,-0.779612,0.123414,0.856281,-0.971796
165.000000,-0.681653,-0.815973,-0.040655,0.794955,-0.431332
166.000000,-0.605925,-0.775839,-0.503965,0.768843,0.013324
167.000000,-0.762605,-1.032891,-1.048533,0.712205,-0.513416
168.000000,-0.622391,-0.917100,-1.587654,0.618032,0.040189
169.000000,-0.180156,-0.794861,-1.463648,0.548340,0.356868
170.000000,0.114141,-0.459931,-1.200062,0.545813,0.452680
171.000000,0.325143,-0.227065,-0.825679,0.488965,0.647909
172.000000,1.060756,0.257780,-0.095322,0.564775,1.647881
173.000000,1.497690,0.775605,0.393512,0.697931,1.404317
174.000000,1.628691,1.287473,0.477261,0.887456,0.922036
175.000000,1.691297,1.588497,0.743971,1.081519,0.850690
176.000000,1.701067,1.762400,0.965256,0.809874,0.903448
177.000000,1.409138,2.020403,1.044542,0.514910,0.751910
178.000000,1.216279,2.148987,1.323039,-0.001281,0.781886
179.000000,1.039008,2.055620,1.435259,0.491787,0.348388
180.000000,0.510281,1.688180,1.397191,0.766619,-1.100057
181.000000,-0.153384,1.217963,1.117600,0.903343,-1.658416
182.000000,-1.069231,0.327090,0.568885,0.649665,-2.781227
183.000000,-1.882412,-0.417077,0.209256,-0.107016,-2.100940
184.000000,-2.371922,-1.006014,0.020637,-1.694632,-1.860714
185.000000,-2.382898,-1.506629,-0.274421,-2.359562,-1.680634
186.000000,-2.285829,-1.941634,-0.699732,-2.876626,-1.712409
187.000000,-2.035488,-2.261815,-1.031244,-3.314308,-1.784543
188.000000,-1.794941,-2.391487,-1.304113,-3.096307,-1.135084
189.000000,-1.593124,-2.380342,-1.577668,-2.959312,-1.005972
190.000000,-1.548322,-2.283208,-1.929474,-2.811991,-1.495920
191.000000,-1.462421,-2.136302,-2.188674,-2.750449,-1.335625
192.000000,-1.270058,-1.865742,-2.425382,-2.626342,-0.910877
193.000000,-1.265790,-1.722899,-2.565131,-2.519790,-1.142789
194.000000,-1.257633,-1.598398,-2.555521,-2.330745,-1.012355
195.000000,-1.129890,-1.487922,-2.504453,-2.233831,-0.905125
196.000000,-0.983967,-1.350770,-2.419043,-2.168475,-0.661152
197.000000,-0.938465,-1.218515,-2.334983,-2.065129,-0.711561
198.000000,-0.871038,-1.173999,-2.271557,-2.047017,-0.828660
199.000000,-0.596114,-1.012935,-2.087240,-1.918075,0.296372
200.000000,-0.234270,-0.745572,-1.821394,-1.762483,0.819199
201.000000,0.491687,-0.267773,-1.414908,-1.425127,2.486733
202.000000,1.181835,0.140635,-1.008041,-1.248873,2.198787
203.000000,1.801390,0.556178,-0.673489,-1.103607,1.929667
204.000000,2.124348,0.969568,-0.342283,-0.918541,1.894479
205.000000,2.286615,1.365762,-0.006528,-0.729231,1.834973
206.000000,2.133579,1.720265,0.368764,-0.506613,1.866197
207.000000,2.057727,2.051252,0.793551,-0.218974,1.920865
208.000000,2.100239,2.365435,1.232148,0.182333,2.178228
209.000000,2.028845,2.420697,1.580146,0.566312,1.690239
210.000000,1.832099,2.314825,1.837918,0.969241,1.058639
211.000000,1.560262,2.024691,1.972710,1.337468,0.636203
212.000000,1.299651,1.798177,2.030653,1.815326,0.655246
213.000000,0.550177,1.373673,1.827399,1.676723,-1.422831
214.000000,-0.131832,0.978851,1.636930,1.491872,-1.446668
215.000000,-0.725974,0.581916,1.442662,1.252810,-1.547747
216.000000,-1.222897,0.173136,1.244614,1.014578,-1.534529
217.000000,-1.683347,-0.266022,1.056903,0.771627,-1.552259
218.000000,-1.647680,-0.730011,0.913219,0.498639,-1.335514
219.000000,-1.442548,-1.026907,0.799805,0.455125,-0.579933
220.000000,-1.148222,-1.183429,0.706408,0.613639,-0.203100
221.000000,-0.860369,-1.278927,0.482574,0.753005,-0.192810
222.000000,-0.566632,-1.366996,0.275580,0.821543,-0.205665
223.000000,-0.307069,-1.202142,0.089118,0.935906,-0.180706
224.000000,-0.181694,-1.017896,-0.083518,1.076098,-0.022842
225.000000,-0.090832,-0.789486,-0.232944,1.263069,0.206633
226.000000,0.002866,-0.554773,-0.402035,1.413586,0.224821
227.000000,0.010308,-0.363862,-0.664672,1.462871,-0.180469
228.000000,-0.074599,-0.249031,-1.064132,1.448091,-0.566127
229.000000,-0.099543,-0.183108,-1.371133,1.402443,-0.131038
230.000000,-0.169355,-0.167847,-1.591274,1.303279,-0.094484
231.000000,-0.301672,-0.190949,-1.758434,0.778238,-0.363479
232.000000,-0.337004,-0.209058,-1.872184,0.234315,-0.352146
233.000000,-0.404368,-0.305318,-1.746216,-0.556219,-0.893349
234.000000,-0.588614,-0.432549,-1.618784,-1.488519,-0.959048
235.000000,-0.680188,-0.524592,-1.410151,-2.199695,-0.464613
236.000000,-0.747135,-0.641104,-1.232039,-2.760033,-0.633026
237.000000,-0.823705,-0.703817,-1.057939,-3.027479,-0.652746
238.000000,-0.893836,-0.786982,-0.980563,-3.195564,-1.244124
239.000000,-0.943695,-0.944017,-1.008064,-3.114526,-1.203749
240.000000,-1.097670,-1.111640,-1.072852,-2.914579,-0.984691
241.000000,-0.793597,-1.020743,-0.964019,-2.556300,1.104052
242.000000,-0.404877,-0.929267,-0.861287,-2.312652,1.215555
243.000000,0.297419,-0.670919,-0.757224,-1.900336,1.229372
244.000000,1.032999,-0.270609,-0.656434,-1.540065,1.381586
245.000000,1.788846,0.263967,-0.498231,-1.138672,2.098987
246.000000,1.906388,0.892846,-0.338589,-0.765638,1.918953
247.000000,2.257000,1.663927,0.063633,-0.306568,2.672506
248.000000,2.414392,2.235519,0.529425,0.075264,2.030978
249.000000,2.410247,2.537666,0.909990,0.319525,1.623874
250.000000,2.191483,2.656915,1.303799,0.490297,1.375490
251.000000,2.043064,2.517983,1.792608,0.672948,1.461653
252.000000,1.741285,2.422547,2.188426,0.851513,1.394152
253.000000,1.618182,2.346363,2.576460,1.037728,1.497405
254.000000,1.562297,2.246751,2.766198,1.190294,1.410994
255.000000,1.506723,2.058307,2.720155,1.284977,1.187825
256.000000,1.345923,1.859881,2.612008,1.328079,0.767684
257.000000,1.153694,1.579804,2.479530,1.389972,0.519232
258.000000,1.002342,1.423481,2.446737,1.516635,0.785362
259.000000,0.749978,1.249780,2.348177,1.522343,0.230975
260.000000,0.537882,1.107028,2.249942,1.516488,0.198098
261.000000,0.403466,0.953760,2.047318,1.522380,0.139114
262.000000,0.278209,0.786415,1.873210,1.498659,-0.068708
263.000000,0.046143,0.581840,1.709428,1.501351,-0.301550
264.000000,-0.095142,0.369884,1.550816,1.494677,-0.446436
265.000000,-0.243849,0.174859,1.360667,1.442445,-0.498500
266.000000,-0.394796,0.022667,1.191133,1.408788,-0.548926
267.000000,-0.540754,-0.120720,0.961113,1.373843,-0.724590
268.000000,-0.681650,-0.324913,0.764924,1.380138,-0.963089
269.000000,-0.756044,-0.442557,0.613921,1.412109,-0.772605
270.000000,-0.917265,-0.608525,0.455524,1.430157,-1.280863
271.000000,-0.956732,-0.724414,0.316341,1.379010,-0.575473
272.000000,-1.018509,-0.860728,0.144786,1.327134,-0.953381
273.000000,-1.291249,-1.112288,-0.150343,1.203076,-2.181549
274.000000,-1.560831,-1.335589,-0.470149,1.067713,-1.938224
275.000000,-1.667551,-1.526257,-0.800637,0.854808,-1.783129
276.000000,-1.844938,-1.658887,-1.103283,0.620756,-1.613397
277.000000,-1.861022,-1.675180,-1.348342,0.265943,-1.332736
278.000000,-1.671247,-1.641271,-1.607240,-0.094867,-1.337208
279.000000,-1.464007,-1.592651,-1.725231,-0.428572,-0.941788
280.000000,-0.913647,-1.314435,-1.647195,-0.549716,0.960988
281.000000,-0.323452,-1.104695,-1.530901,-0.674243,1.218488
282.000000,0.230176,-0.881998,-1.389558,-0.809010,1.195057
283.000000,0.940678,-0.470613,-1.173553,-0.895691,1.743086
284.000000,1.580798,-0.041628,-0.944039,-0.955611,1.817120
285.000000,1.894754,0.498563,-0.668573,-0.875857,2.281813
286.000000,2.204330,1.149813,-0.346079,-0.601971,2.533006
287.000000,2.477642,1.794055,0.029151,-0.177415,2.556913
288.000000,2.496680,2.291749,0.397545,0.149501,2.145462
289.000000,2.444328,2.569429,0.739269,0.613098,1.951333
290.000000,2.296735,2.539485,1.111564,1.064748,1.793171
291.000000,2.020819,2.403482,1.358262,1.374033,1.297058
292.000000,1.769136,2.293896,1.627598,1.705409,1.343749
293.000000,1.620066,2.169936,1.965364,2.029052,1.415624
294.000000,1.464814,2.037981,2.187378,2.231453,1.204793
295.000000,1.278782,1.859770,2.286640,2.304026,0.901116
296.000000,1.096216,1.625701,2.273356,2.257057,0.420556
297.000000,0.922836,1.408575,2.225688,2.234327,0.486642
298.000000,0.710805,1.224955,2.162108,2.202097,0.377051
299.000000,0.454006,1.017252,2.048758,2.090368,-0.038297
300.000000,0.284295,0.840073,1.878512,2.037386,0.093211
301.000000,0.261547,0.738264,1.744999,1.973600,0.316647
302.000000,0.328352,0.683351,1.671204,1.987115,0.819579
303.000000,0.479608,0.647200,1.607563,2.077796,1.119136
304.000000,0.744025,0.641954,1.558440,2.133451,1.222966
305.000000,0.978136,0.668334,1.494761,2.156637,1.205985
306.000000,1.089192,0.709098,1.394560,2.130395,0.759564
307.000000,1.041067,0.713192,1.274017,2.076449,0.421921
308.000000,0.992115,0.768540,1.196164,2.051753,0.838568
309.000000,1.034694,0.944398,1.154368,2.040747,1.616028
310.000000,1.002482,1.084645,1.101023,1.947836,1.087760
311.000000,1.088900,1.209742,1.079110,1.861815,0.973730
312.000000,1.372783,1.312271,1.067774,1.803739,1.332387
313.000000,1.706966,1.457661,1.082776,1.762954,2.081333
314.000000,1.900754,1.656050,1.137628,1.741756,2.322473
315.000000,2.164122,1.879054,1.230732,1.710094,2.175354
316.000000,2.209222,2.074223,1.346698,1.646283,1.468378
317.000000,2.032031,2.167072,1.429326,1.558252,0.916098
318.000000,1.794695,2.146917,1.540436,1.498185,1.145767
319.000000,1.464320,1.962799,1.678911,1.435344,0.844813
320.000000,0.923748,1.711862,1.721493,1.340700,-0.255067
321.000000,0.599183,1.543123,1.760717,1.286408,0.008707
322.000000,0.446819,1.386586,1.753789,1.237208,0.226660
323.000000,0.237465,1.159199,1.693039,1.180509,0.216986
324.000000,0.069215,0.891246,1.597334,1.131928,0.108620
325.000000,0.031111,0.560043,1.451992,1.083297,-0.427505
326.000000,-0.108439,0.290512,1.345984,1.065006,-0.624579
327.000000,-0.260021,0.115272,1.290851,1.051882,-0.449731
328.000000,-0.643932,-0.227793,1.105539,1.006687,-1.490811
329.000000,-0.990319,-0.517848,0.880309,1.008721,-1.393391
330.000000,-1.359956,-0.734326,0.651913,0.982659,-1.978391
331.000000,-1.765045,-1.043401,0.392853,0.926981,-2.225745
332.000000,-2.150039,-1.386709,0.083174,0.817102,-2.049897
333.000000,-2.122566,-1.664349,-0.290996,0.673619,-1.605717
334.000000,-2.086544,-1.893988,-0.732404,0.476185,-1.587733
335.000000,-1.961509,-2.010539,-1.191118,0.215575,-1.626884
336.000000,-1.773296,-2.036862,-1.535107,-0.031849,-1.413375
337.000000,-1.751210,-2.136802,-1.862225,-0.392393,-1.932281
338.000000,-1.823215,-2.112977,-2.163281,-0.946041,-1.970230
339.000000,-1.845532,-2.077516,-2.326507,-1.630254,-1.775386
340.000000,-1.648842,-1.886513,-2.233600,-2.029384,-0.806546
341.000000,-1.356269,-1.620440,-2.090101,-2.178119,-0.053293
342.000000,-1.100322,-1.461805,-2.034772,-2.366329,-0.617637
343.000000,-0.960999,-1.425394,-2.032872,-2.601793,-1.258675
344.000000,-0.876908,-1.404923,-2.019994,-2.726332,-1.406282
345.000000,-0.995315,-1.375103,-1.963894,-2.742520,-1.394067
346.000000,-1.303215,-1.374487,-1.909349,-2.674515,-1.478690
347.000000,-1.500081,-1.325649,-1.873713,-2.569011,-1.488310
348.000000,-1.572850,-1.275515,-1.801238,-2.495706,-1.562160
349.000000,-1.532599,-1.202815,-1.731655,-2.386470,-1.151447
350.000000,-1.497691,-1.251457,-1.659402,-2.244180,-1.202571
351.000000,-1.315117,-1.336541,-1.559122,-2.113583,-0.569022
352.000000,-1.150036,-1.372090,-1.480456,-2.024381,-0.682473
353.000000,-0.950950,-1.327320,-1.425768,-1.948075,-0.635913
354.000000,-0.861840,-1.272292,-1.379158,-1.883178,-0.728646
355.000000,-0.854714,-1.262986,-1.352132,-1.824833,-1.250335
356.000000,-1.182779,-1.309921,-1.367768,-1.794293,-1.958909
357.000000,-1.318997,-1.274221,-1.320095,-1.750537,-1.057287
358.000000,-1.463103,-1.219603,-1.266106,-1.680332,-1.023537
359.000000,-1.666010,-1.264269,-1.237136,-1.641978,-1.412791
360.000000,-1.612380,-1.256140,-1.263069,-1.584823,-0.907435
361.000000,-1.415363,-1.385541,-1.364180,-1.536484,-1.202129
362.000000,-1.475447,-1.507694,-1.431229,-1.498770,-1.279675
363.000000,-1.539747,-1.633435,-1.448851,-1.478732,-1.266433
364.000000,-1.546279,-1.756762,-1.462993,-1.465088,-1.439714
365.000000,-1.680610,-1.798780,-1.479930,-1.451162,-1.465643
366.000000,-1.720625,-1.719004,-1.485821,-1.446585,-1.374863
367.000000,-1.749246,-1.768979,-1.491979,-1.421859,-1.444830
368.000000,-1.778548,-1.815830,-1.489761,-1.394677,-1.506142
369.000000,-1.672844,-1.749927,-1.495981,-1.363123,-1.149443
370.000000,-1.536596,-1.732742,-1.490874,-1.384480,-1.001879
371.000000,-1.442250,-1.698268,-1.549349,-1.456707,-1.133332
372.000000,-1.150950,-1.560433,-1.547524,-1.474011,-0.010082
373.000000,-0.856993,-1.441960,-1.553301,-1.457198,-0.142245
374.000000,0.006255,-1.001346,-1.403649,-1.353756,2.740843
375.000000,1.136368,-0.463214,-1.181184,-1.232582,2.818013
376.000000,2.378262,0.257747,-0.817328,-1.064039,3.099379
377.000000,2.924661,1.077178,-0.489609,-0.873745,2.754400
378.000000,3.091408,1.843899,-0.154043,-0.669869,2.271761
379.000000,2.637693,2.244216,0.127708,-0.541569,1.247004
380.000000,2.199882,2.408954,0.342000,-0.417549,0.878918
381.000000,1.741189,2.457008,0.603672,-0.333088,0.838218
382.000000,1.289146,2.331407,0.862085,-0.247562,0.600160
383.000000,0.873784,2.203469,1.094746,-0.176625,0.372977
384.000000,0.683848,1.908346,1.348184,-0.084791,0.388798
385.000000,0.531482,1.607081,1.554369,0.049618,0.193905
386.000000,0.370633,1.261122,1.694040,0.275142,0.115947
387.000000,0.182866,0.886736,1.763481,0.373353,-0.249811
388.000000,0.166098,0.628812,1.899229,0.570915,0.299988
389.000000,0.124590,0.489330,1.951327,0.814639,0.203932
390.000000,0.141856,0.407410,1.964423,1.025830,0.273861
391.000000,0.204518,0.347608,1.963399,1.296912,0.400508
392.000000,0.365157,0.329572,1.893873,1.567725,0.475499
393.000000,0.345668,0.307733,1.815256,1.733519,0.207749
394.000000,0.369080,0.296786,1.613932,1.877626,0.306040
395.000000,0.312111,0.273768,1.389907,1.929497,-0.003721
396.000000,0.283264,0.295956,1.158452,1.979586,0.270592
397.000000,0.115780,0.302277,0.887439,1.956086,-0.302909
398.000000,-0.212929,0.105863,0.560217,1.842807,-1.339328
399.000000,-0.474204,-0.017718,0.377194,1.780988,-0.795900
400.000000,-0.966429,-0.331954,0.116048,1.609997,-2.031244
401.000000,-1.519461,-0.687960,-0.143935,1.498996,-1.826769
402.000000,-1.876404,-1.096009,-0.396367,1.352173,-1.666187
403.000000,-1.969125,-1.525879,-0.674476,1.223947,-1.724944
404.000000,-1.990090,-1.861033,-0.937392,0.943067,-1.183721
405.000000,-1.634980,-1.981340,-1.143022,0.644346,-0.758047
406.000000,-1.333776,-2.032095,-1.300667,0.217628,-0.630168
407.000000,-0.958393,-1.852531,-1.285154,-0.188839,0.100091
408.000000,-0.621028,-1.584826,-1.355002,-0.619371,-0.111241
409.000000,-0.430241,-1.467848,-1.412667,-0.916811,-0.399510
410.000000,-0.251185,-1.175457,-1.428923,-1.099068,0.009688
411.000000,-0.123766,-0.957099,-1.466680,-1.286869,-0.189714
412.000000,-0.231447,-0.774224,-1.510583,-1.428189,-0.318642
413.000000,-0.361651,-0.606317,-1.530628,-1.545980,-0.667143
414.000000,-0.530051,-0.563501,-1.585988,-1.688513,-1.118512
415.000000,-0.710799,-0.551295,-1.568656,-1.734357,-0.720634
416.000000,-0.740152,-0.506132,-1.557272,-1.710888,-0.299526
417.000000,-0.732839,-0.591560,-1.491599,-1.630454,-0.293323
418.000000,-0.586756,-0.596263,-1.329934,-1.615893,-0.040064
419.000000,-0.184257,-0.458360,-1.207376,-1.537122,0.598189
420.000000,0.204878,-0.333610,-0.964263,-1.452635,0.923790
421.000000,0.483745,-0.181134,-0.755323,-1.397803,0.872699
422.000000,0.754250,-0.016257,-0.561647,-1.365337,0.799063
423.000000,1.257900,0.415644,-0.251523,-1.227710,1.988078
424.000000,1.568988,0.931654,0.034555,-1.127115,1.806371
425.000000,1.830709,1.431205,0.343883,-0.986254,1.938347
426.000000,2.101126,1.874979,0.721737,-0.879734,2.013417
427.000000,2.310169,2.282855,1.059109,-0.709831,1.953873
428.000000,2.041139,2.385040,1.331896,-0.483096,1.170698
429.000000,1.928875,2.406143,1.700507,-0.273302,1.543880
430.000000,1.668137,2.243551,1.850397,0.065562,0.974058
431.000000,1.538473,2.168061,2.019323,0.489900,1.500748
432.000000,1.589878,2.200710,2.216861,1.068124,2.215050
433.000000,1.679957,2.046185,2.290897,1.670796,1.642738
434.000000,1.540102,1.859283,2.277094,2.058567,0.814691
435.000000,1.553133,1.709959,2.234944,2.295383,0.985913
436.000000,1.314209,1.512092,2.109941,2.312226,0.305175
437.000000,0.927343,1.346110,2.020059,2.195978,0.482679
438.000000,0.825938,1.347923,1.980023,2.158577,1.206892
439.000000,0.763317,1.234184,1.862712,2.079068,0.524296
440.000000,0.612875,1.162534,1.734386,1.960406,0.289920
441.000000,0.644909,1.047203,1.642676,1.886789,0.449449
442.000000,0.656201,0.845210,1.578026,1.837401,0.524354
443.000000,0.562138,0.743577,1.479301,1.832217,0.809095
444.000000,0.475078,0.667305,1.368469,1.813632,0.072044
445.000000,0.402627,0.548918,1.251513,1.768648,-0.169737
446.000000,0.366629,0.552697,1.160342,1.728715,0.260857
447.000000,0.646939,0.688179,1.146212,1.756128,2.017271
448.000000,0.752626,0.667603,1.156043,1.743869,1.310754
449.000000,0.706566,0.585376,1.066908,1.650614,-0.666848
450.000000,0.925850,0.611977,1.052806,1.581909,0.174904
451.000000,0.575087,0.459807,0.930383,1.487178,-1.526897
452.000000,-0.399549,0.366982,0.768815,1.440057,-0.590184
453.000000,-1.648354,0.053028,0.605342,1.324745,-1.379902
454.000000,-2.201586,-0.262894,0.482503,1.215108,-1.744509
455.000000,-3.333198,-1.080557,0.213765,1.041736,-3.056372
456.000000,-2.976592,-1.876927,0.073753,0.907740,-1.641115
457.000000,-2.618381,-2.656250,-0.018733,0.810914,-0.455381
458.000000,-1.787144,-2.544005,-0.104058,0.827578,1.020013
459.000000,-0.520560,-1.600602,0.048762,0.882905,2.201577
460.000000,1.660525,-0.511945,0.467273,1.072977,2.947634
461.000000,2.860249,0.936292,0.980641,1.225536,2.527587
462.000000,2.977800,1.624586,1.352890,1.206093,1.430043
463.000000,2.933478,2.535604,1.856002,1.296216,2.001581
464.000000,2.902341,3.324968,2.699122,1.580843,2.723332
465.000000,2.695842,3.660414,3.168207,1.831175,2.457393
466.000000,2.459092,3.471424,3.182017,2.062159,1.911818
467.000000,2.279730,3.114241,2.830438,2.153381,1.142237
468.000000,2.094127,2.818119,2.668244,2.181590,1.332214
469.000000,1.688584,2.472551,2.577141,2.193351,0.840010
470.000000,1.198181,2.062144,2.352327,2.140715,0.184673
471.000000,0.781535,1.725033,2.235091,2.057193,-0.001841
472.000000,0.639863,1.594563,2.156130,2.030535,0.486994
473.000000,0.491098,1.449599,2.141241,1.995232,0.668105
474.000000,0.267515,1.121507,2.046497,1.913291,-0.156052
475.000000,0.040504,0.723485,1.970576,1.777213,-0.832965
476.000000,-0.159506,0.371307,1.846924,1.625294,-0.879396
477.000000,-0.570180,0.052970,1.649897,1.348860,-1.267478
478.000000,-0.931544,-0.253134,1.451593,1.167182,-0.902711
479.000000,-1.097993,-0.499890,1.214927,1.079010,-0.922989
480.000000,-1.002993,-0.589813,0.981865,1.015370,-0.445893
481.000000,-0.931136,-0.672198,0.752061,1.007712,-0.577344
482.000000,-0.748367,-0.802366,0.613030,0.976230,-0.454841
483.000000,-0.654192,-0.958599,0.422792,0.977770,-0.480776
484.000000,-0.567486,-1.009075,0.129945,0.996267,-0.543800
485.000000,-0.634578,-0.995240,-0.206311,1.088536,-0.748829
486.000000,-0.659677,-0.968864,-0.519973,1.139455,-0.688105
487.000000,-0.717725,-0.890842,-0.774963,1.146027,-0.684035
488.000000,-0.666438,-0.806791,-1.037090,1.130698,-0.215468
489.000000,-0.829883,-0.848562,-1.377871,0.891752,-1.271555
490.000000,-1.014944,-1.001935,-1.651045,0.447155,-1.601745
491.000000,-1.233142,-1.138283,-1.868208,-0.110920,-1.695466
492.000000,-1.438455,-1.277618,-2.092841,-0.673062,-1.634105
493.000000,-1.682825,-1.373998,-2.241742,-1.472554,-1.462675
494.000000,-1.721641,-1.450579,-2.226794,-2.467640,-1.531035
495.000000,-1.618537,-1.453899,-2.082135,-3.018759,-1.159619
496.000000,-1.500636,-1.475864,-1.949883,-3.113377,-1.160885
497.000000,-1.234812,-1.424824,-1.735528,-2.881881,-0.233418
498.000000,-1.039393,-1.463522,-1.599717,-2.731133,-0.429735
499.000000,-0.796520,-1.396579,-1.481832,-2.550276,-0.415259
500.000000,-0.682618,-1.312491,-1.436551,-2.365370,-0.702953
501.000000,-0.418669,-1.151002,-1.356180,-2.171431,-0.047918
502.000000,-0.461121,-1.018732,-1.313372,-2.079126,-0.350503
503.000000,0.344499,-0.560840,-1.120030,-1.861984,3.056706
504.000000,1.439938,0.124232,-0.897143,-1.583824,3.185054
505.000000,2.943674,1.241260,-0.520785,-1.153917,3.829290
506.000000,3.695057,2.540194,-0.007280,-0.634259,3.679389
507.000000,3.872772,3.301066,0.680616,0.033608,3.471437
508.000000,3.570075,3.490672,1.375698,0.679187,2.926979
509.000000,3.336649,3.452528,2.146596,1.339247,2.721771
510.000000,3.075995,3.359014,2.745323,1.904615,2.582797
511.000000,2.856869,3.235063,3.072462,2.370398,2.523828
512.000000,2.562258,3.060059,3.100605,2.577972,2.004349
513.000000,2.289726,2.805621,2.987765,2.622025,1.605879
514.000000,2.086819,2.624555,2.882447,2.636459,1.669543
515.000000,1.867401,2.418134,2.742046,2.594380,1.446456
516.000000,1.613368,2.206108,2.601453,2.512063,1.226284
517.000000,1.444597,2.004795,2.463584,2.427772,1.158393
518.000000,1.357275,1.847304,2.359764,2.343525,1.173330
519.000000,1.237240,1.695846,2.265871,2.281862,1.071104
520.000000,1.218698,1.586250,2.215435,2.257621,1.347416
521.000000,1.216677,1.461674,2.153582,2.220251,1.221885
522.000000,1.234047,1.386046,2.106964,2.185202,1.251505
523.000000,1.194413,1.319071,2.017073,2.128493,0.977394
524.000000,1.195994,1.256865,1.943628,2.086829,1.076060
525.000000,1.154934,1.223994,1.863613,2.048340,1.146961
526.000000,1.140567,1.214260,1.780230,2.014694,1.153417
527.000000,1.092101,1.198775,1.686042,1.967615,1.012311
528.000000,1.042043,1.153822,1.589149,1.915340,0.688948
529.000000,0.797063,1.039560,1.454540,1.832695,-0.280662
530.000000,0.498525,0.884554,1.322632,1.764142,-0.458309
531.000000,0.181322,0.747444,1.195673,1.707808,-0.426330
532.000000,-0.205320,0.576202,1.084443,1.658433,-0.839154
533.000000,-0.643872,0.400046,0.984123,1.587979,-1.300811
534.000000,-0.925710,0.170725,0.873784,1.521521,-1.597108
535.000000,-1.063152,-0.053201,0.799224,1.464356,-0.735929
536.000000,-1.222598,-0.331796,0.737193,1.400021,-0.692442
537.000000,-1.227431,-0.658016,0.675399,1.325823,-0.665157
538.000000,-1.034785,-0.980510,0.610254,1.258483,-0.508633
539.000000,-0.659015,-1.085861,0.558126,1.194749,-0.126613
540.000000,-0.525690,-1.144314,0.463651,1.122417,-0.200825
541.000000,-0.425447,-1.176552,0.358786,1.035041,-0.289019
542.000000,-0.289762,-1.049038,0.234345,0.967573,-0.100695
543.000000,0.002187,-0.695319,0.163292,0.937038,0.728185
544.000000,0.236074,-0.279614,0.067220,0.900081,0.853878
545.000000,0.444203,-0.054343,-0.079132,0.868451,0.665468
546.000000,0.726922,0.199165,-0.246572,0.858691,0.907039
547.000000,0.795929,0.338918,-0.494842,0.832016,0.225355
548.000000,0.596797,0.400021,-0.765724,0.789230,-0.111756
549.000000,0.498604,0.487004,-0.765726,0.773634,0.430027
550.000000,0.517411,0.633541,-0.632554,0.733402,0.747227
551.000000,0.516074,0.812888,-0.426496,0.707349,0.906677
552.000000,0.690421,0.966977,-0.079690,0.669772,0.974324
553.000000,1.032564,1.055267,0.427737,0.699601,1.348535
554.000000,1.384635,1.213423,1.050126,0.770418,1.893078
555.000000,1.681658,1.416541,1.498730,0.866487,2.004111
556.000000,1.884258,1.557326,1.876350,0.971286,1.845449
557.000000,1.973950,1.734106,2.152594,1.098656,1.531466
558.000000,1.871084,1.857352,2.286459,1.273464,1.038913
559.000000,1.622061,1.862781,2.297767,1.880208,0.930087
560.000000,1.148249,1.679455,2.155717,2.315880,-0.091885
561.000000,0.793468,1.536287,2.065861,2.632175,0.225892
562.000000,0.478665,1.381702,1.946887,2.761266,0.057142
563.000000,0.164886,1.147077,1.726498,2.745362,-0.479894
564.000000,-0.185317,0.848822,1.517306,2.672362,-0.708425
565.000000,-0.327834,0.530596,1.346951,2.430197,-0.803111
566.000000,-0.478773,0.268793,1.209560,2.286405,-0.326971
567.000000,-0.668720,-0.001905,1.121040,2.137096,-0.671318
568.000000,-0.804190,-0.270646,1.045170,1.966460,-1.051005
569.000000,-0.818116,-0.525092,0.949428,1.813842,-0.740314
570.000000,-0.828633,-0.643841,0.828837,1.692352,-0.832748
571.000000,-0.814402,-0.759705,0.743111,1.663359,-0.186646
572.000000,-0.501080,-0.736650,0.717910,1.701017,0.768778
573.000000,-0.029148,-0.569045,0.670143,1.660514,0.941641
574.000000,0.430283,-0.306602,0.577736,1.628244,1.123768
575.000000,0.928267,0.011119,0.470371,1.625946,1.189195
576.000000,1.250001,0.272032,0.374248,1.598941,1.211680
577.000000,1.299541,0.573566,0.294861,1.631290,1.047209
578.000000,1.321544,0.949801,0.283273,1.701451,1.110396
579.000000,1.284789,1.247384,0.281208,1.706838,1.018071
580.000000,1.188618,1.494739,0.455450,1.675620,0.810909
581.000000,1.143992,1.643489,0.670262,1.658521,1.041717
582.000000,0.870490,1.460006,0.801272,1.559631,-0.132073
583.000000,0.786710,1.399908,1.381878,1.499856,0.735650
584.000000,0.741303,1.326752,2.149041,1.387530,0.825814
585.000000,0.597256,1.152272,2.617405,1.202219,0.167308
586.000000,0.539878,1.069833,2.796491,1.083211,0.821947
587.000000,0.787449,1.033611,2.854423,1.013647,0.959684
588.000000,0.868190,1.015778,2.890196,1.029851,1.089850
589.000000,0.857938,0.974969,2.767254,1.025292,0.784543
590.000000,1.075631,1.013267,2.718162,1.229599,1.196557
591.000000,1.335554,1.136153,2.685991,1.489605,2.016768
592.000000,1.691605,1.491849,2.622827,1.840614,2.489516
593.000000,1.664930,1.493345,2.391428,2.030294,1.076758
594.000000,1.827001,1.551725,2.257481,2.241336,1.625318
595.000000,1.709446,1.558858,2.054976,2.298438,0.672986
596.000000,1.481205,1.528282,1.906723,2.295055,0.846419
597.000000,1.142602,1.510929,1.803309,2.310998,0.944134
598.000000,1.127427,1.494373,1.708903,2.336164,0.957993
599.000000,0.955397,1.517967,1.626681,2.316492,0.875233
600.000000,1.117042,1.548405,1.597054,2.321750,1.393376
601.000000,1.170028,1.447134,1.528207,2.249310,0.912903
602.000000,1.124179,1.222387,1.532373,2.112720,0.537211
603.000000,1.107036,1.216996,1.489530,1.999842,0.781819
604.000000,1.167865,1.143502,1.465573,1.905927,1.078307
605.000000,1.340503,1.341755,1.548252,1.862457,2.065821
606.000000,1.637451,1.527538,1.598223,1.825850,2.038342
607.000000,1.884002,1.645771,1.629558,1.784994,1.653819
608.000000,2.111141,1.789989,1.677242,1.757928,1.939817
609.000000,2.182598,1.889623,1.737185,1.728005,1.699675
610.000000,1.994652,1.863543,1.748000,1.698007,1.390529
611.000000,1.797731,1.868772,1.691333,1.653669,1.248849
612.000000,1.735999,1.932667,1.605684,1.679384,1.455261
613.000000,1.533757,1.913870,1.610440,1.646894,1.055595
614.000000,1.208939,1.776243,1.515788,1.586050,0.194157
615.000000,0.893784,1.534255,1.486182,1.558901,-0.152200
616.000000,0.454062,1.236428,1.408644,1.493685,-0.850498
617.000000,0.014461,1.032661,1.353591,1.452879,-0.405690
618.000000,-0.458663,0.737397,1.277271,1.403373,-0.807616
619.000000,-0.642913,0.496222,1.238044,1.394915,-0.374427
620.000000,-0.580266,0.345046,1.203128,1.392236,0.313625
621.000000,-0.049819,0.301685,1.249530,1.373893,1.227500
622.000000,0.562992,0.303883,1.349926,1.333462,1.862425
623.000000,1.672866,0.634170,1.531287,1.444417,3.000831
624.000000,2.566047,1.293926,1.728007,1.546935,3.093301
625.000000,2.767652,1.796410,1.769564,1.659681,2.089477
626.000000,2.860216,2.420054,1.858199,1.792555,2.491779
627.000000,2.614905,2.571642,1.856839,1.836796,1.357099
628.000000,2.088608,2.548756,1.756122,1.820440,0.541901
629.000000,1.533656,2.438759,1.668194,1.797984,0.396330
630.000000,1.190037,2.289051,1.611698,1.751737,0.421821
631.000000,0.705192,2.095990,1.566784,1.724352,0.337320
632.000000,0.374922,1.853739,1.468148,1.692029,-0.094178
633.000000,0.290452,1.545287,1.437399,1.671819,0.170221
634.000000,0.378264,1.270188,1.547940,1.679933,0.794216
635.000000,0.449226,1.099299,1.663810,1.640117,0.729193
636.000000,0.569642,0.846595,1.821606,1.604767,0.842235
637.000000,0.755963,0.742079,1.901431,1.577524,0.687896
638.000000,0.925098,0.803057,1.999046,1.545000,0.909691
639.000000,0.937986,0.878986,2.028525,1.519333,0.863412
640.000000,0.872039,0.886407,1.969561,1.484048,0.464036
641.000000,0.866802,0.962106,1.902451,1.480993,0.826547
642.000000,0.881290,1.086883,1.810302,1.458111,0.763401
643.000000,0.900857,1.198842,1.662833,1.473234,0.996672
644.000000,0.784375,1.120818,1.436350,1.493747,0.359493
645.000000,0.689155,1.011708,1.266301,1.507997,0.024146
646.000000,0.427861,0.841341,1.018327,1.533786,-0.412737
647.000000,0.121171,0.669970,0.860537,1.527384,-0.680160
648.000000,-0.281392,0.473639,0.791933,1.549668,-0.690102
649.000000,-0.491458,0.321891,0.770582,1.574487,-0.322697
650.000000,-0.747033,0.174264,0.722345,1.556795,-0.794151
651.000000,-0.837314,-0.050763,0.702827,1.522743,-0.515321
652.000000,-0.993300,-0.444713,0.688857,1.447306,-1.114289
653.000000,-1.163728,-1.159022,0.607805,1.270530,-1.346978
654.000000,-1.523948,-1.918533,0.367952,1.001249,-1.943511
655.000000,-1.549071,-2.306322,0.176039,0.815162,-1.148639
656.000000,-1.614676,-2.190902,-0.017729,0.559443,-0.801284
657.000000,-1.651030,-2.019293,-0.229911,0.380611,-1.101506
658.000000,-1.535150,-1.866755,-0.488813,0.290983,-0.880538
659.000000,-1.093902,-1.779217,-0.725483,0.235176,-0.418115
660.000000,-0.877173,-1.653445,-0.906109,0.165387,-0.459090
661.000000,-0.920703,-1.682059,-1.234569,0.058699,-1.024315
662.000000,-1.087370,-1.706388,-1.648863,-0.056679,-1.768658
663.000000,-1.825025,-1.980902,-2.310504,-0.435131,-3.346785
664.000000,-2.220288,-1.957399,-2.527375,-0.851787,-2.185302
665.000000,-2.966743,-2.402263,-2.806264,-1.585970,-3.636476
666.000000,-2.921161,-2.462839,-2.681748,-2.027436,-1.958609
667.000000,-2.711805,-2.398386,-2.505123,-2.274280,-1.514787
668.000000,-2.289625,-2.317620,-2.353789,-2.414668,-1.250397
669.000000,-2.028629,-2.234889,-2.240902,-2.429744,-0.904936
670.000000,-1.362579,-2.114264,-2.097466,-2.326381,-0.487810
671.000000,-1.008339,-1.969475,-1.992295,-2.247763,-0.306295
672.000000,-0.584723,-1.733414,-1.821625,-2.107307,0.456639
673.000000,-0.232449,-1.407589,-1.678667,-2.024495,0.341191
674.000000,0.073306,-1.177190,-1.517768,-1.899366,0.411528
675.000000,0.426201,-0.631238,-1.369311,-1.736907,0.992833
676.000000,0.667336,-0.300171,-1.276022,-1.599985,0.629808
677.000000,0.857911,0.083535,-1.127935,-1.432864,1.232881
678.000000,1.058751,0.454106,-1.000203,-1.297440,1.166998
679.000000,1.214108,0.779490,-0.905379,-1.208853,1.084183
680.000000,1.147972,0.995474,-0.841029,-1.135519,0.731006
681.000000,1.124361,1.150989,-0.769177,-1.099691,0.548892
682.000000,1.063959,1.238807,-0.620177,-1.007788,0.977713
683.000000,0.819780,1.205144,-0.407740,-0.964342,0.130495
684.000000,0.698753,1.220568,-0.196324,-0.848568,0.578299
685.000000,0.494920,1.046478,0.196341,-0.830122,-0.131607
686.000000,0.346713,0.937393,0.457125,-0.829333,-0.086183
687.000000,-0.100797,0.617643,0.594684,-0.889558,-0.909815
688.000000,-0.898803,-0.060261,0.388627,-1.186148,-2.796870
689.000000,-1.796904,-0.791169,0.024477,-1.553302,-2.726055
690.000000,-2.364107,-1.445595,-0.519727,-1.923942,-2.508010
691.000000,-2.686434,-1.945311,-1.191462,-2.224134,-2.194189
692.000000,-2.819060,-2.423127,-2.196233,-2.506431,-2.362320
693.000000,-2.496687,-2.527097,-2.746429,-2.516542,-1.685305
694.000000,-2.088491,-2.498723,-2.872195,-2.459582,-0.995809
695.000000,-1.625227,-2.307561,-2.762406,-2.120664,-0.352546
696.000000,-1.333961,-2.217244,-2.688243,-2.002748,-0.765661
697.000000,-1.121960,-2.161325,-2.753902,-2.007098,-1.332549
698.000000,-0.957578,-1.920754,-2.688993,-1.961159,-0.935235
699.000000,-0.874410,-1.666327,-2.568865,-1.897901,-0.631948
700.000000,-0.960660,-1.463000,-2.464259,-1.890910,-0.782540
701.000000,-0.990174,-1.312300,-2.379834,-1.908139,-0.919381
702.000000,-0.723791,-1.033883,-2.239782,-1.863217,-0.089785
703.000000,-0.527751,-0.826934,-2.079607,-1.803154,-0.011569
704.000000,-0.360275,-0.684049,-1.957683,-1.734496,0.164583
705.000000,-0.157516,-0.622495,-1.827476,-1.706758,0.167083
706.000000,0.070064,-0.524080,-1.727841,-1.673091,0.100441
707.000000,0.033905,-0.399952,-1.640457,-1.713501,-0.283832
708.000000,0.086431,-0.264490,-1.429811,-1.704733,0.238171
709.000000,-0.094944,-0.265834,-1.294127,-1.772000,-0.710108
710.000000,-0.261226,-0.231558,-1.156180,-1.805050,-0.584180
711.000000,-0.158649,-0.037051,-0.950421,-1.739495,0.687312
712.000000,-0.088145,-0.022468,-0.765625,-1.753295,0.031399
713.000000,-0.265105,-0.074761,-0.664154,-1.766060,-0.492761
714.000000,-0.040478,-0.086175,-0.580082,-1.768181,0.214891
715.000000,0.436278,0.026054,-0.494630,-1.691401,1.335529
716.000000,0.651300,0.204495,-0.353849,-1.623423,1.559962
717.000000,1.084039,0.502056,-0.141088,-1.539636,1.382165
718.000000,1.562059,0.692215,0.040221,-1.361350,1.035789
719.000000,1.539728,1.010127,0.159909,-1.197936,0.317095
720.000000,1.213411,1.269164,0.331097,-1.017002,0.307302
721.000000,0.673878,1.009998,0.487066,-0.883556,-0.583783
722.000000,-0.008044,0.769442,0.427410,-0.738366,-1.468341
723.000000,-0.758943,0.637196,0.317556,-0.655011,-1.625495
724.000000,-1.414050,0.354403,0.133555,-0.648691,-1.598623
725.000000,-2.096493,-0.225554,-0.138703,-0.755850,-1.859887
726.000000,-2.352091,-0.899851,-0.458350,-0.826367,-1.814336
727.000000,-2.321075,-1.624873,-0.707602,-0.822225,-1.810149
728.000000,-2.249670,-2.256921,-1.098869,-0.880351,-1.747190
729.000000,-2.035490,-2.477137,-1.105289,-0.939236,-1.087688
730.000000,-1.431506,-2.316587,-0.852618,-0.812000,0.532078
731.000000,-0.671120,-1.887862,-0.770767,-0.542910,1.300199
732.000000,0.064442,-1.388402,-0.564179,-0.428016,1.137414
733.000000,0.694925,-0.981562,-0.323920,-0.366107,0.738754
734.000000,1.273528,-0.484617,-0.130552,-0.252072,1.254345
735.000000,1.300193,-0.041323,-0.252820,-0.203995,0.726409
736.000000,1.139842,0.399937,-0.432881,-0.127468,0.666390
737.000000,1.030839,0.853907,-0.585482,0.163252,0.718551
738.000000,0.719473,1.060512,-0.929953,-0.088957,-0.513397
739.000000,0.291990,1.154642,-1.102793,0.109445,-0.442209
740.000000,-0.219941,0.802862,-1.429695,-0.106397,-1.278758
741.000000,-1.024995,0.069574,-1.785577,-1.614837,-2.339932
742.000000,-1.950690,-0.832421,-2.106400,-2.764047,-2.767334
743.000000,-2.248011,-1.455930,-2.196587,-2.993465,-1.994324
744.000000,-2.319891,-1.925000,-2.140425,-3.058710,-1.371665
745.000000,-2.145207,-2.110729,-1.976734,-3.096726,-0.934438
746.000000,-1.884244,-2.281557,-1.898155,-3.115561,-1.228292
747.000000,-1.560335,-2.417585,-1.866771,-3.048163,-1.338603
748.000000,-1.332682,-2.324589,-1.798102,-2.875310,-0.995589
749.000000,-1.287769,-2.289427,-1.849836,-2.703040,-1.174881
750.000000,-1.314649,-2.174991,-2.064669,-2.562429,-1.057948
751.000000,-1.221240,-1.934550,-2.297238,-2.381471,-0.833155
752.000000,-1.110446,-1.652153,-2.445158,-2.214465,-0.873021
753.000000,-1.005017,-1.435676,-2.448445,-2.053000,-0.551794
754.000000,-0.931587,-1.350265,-2.498926,-1.950006,-0.858065
755.000000,-0.825145,-1.285700,-2.432387,-1.818698,-0.588914
756.000000,-0.922370,-1.275802,-2.425322,-1.763744,-1.257762
757.000000,-1.039964,-1.270464,-2.416326,-1.728569,-1.381047
758.000000,-1.137502,-1.258693,-2.286658,-1.665658,-1.021309
759.000000,-1.275781,-1.292813,-2.231220,-1.684918,-1.486374
760.000000,-1.470694,-1.349271,-2.152479,-1.788129,-1.568143
761.000000,-1.558278,-1.447400,-2.043499,-1.927936,-1.758796
762.000000,-1.641526,-1.544226,-1.924078,-2.041540,-1.864234
763.000000,-1.822116,-1.678309,-1.877936,-2.120885,-1.962277
764.000000,-1.842840,-1.722806,-1.848607,-2.171611,-1.600011
765.000000,-1.885573,-1.810931,-1.861396,-2.195939,-1.767357
766.000000,-1.921969,-1.851546,-1.865122,-2.216396,-1.929277
767.000000,-1.920933,-1.878820,-1.854331,-2.225720,-1.849909
768.000000,-1.917828,-1.965612,-1.870124,-2.196313,-1.944533
769.000000,-1.945135,-1.990540,-1.859712,-2.164632,-1.704842
770.000000,-1.841394,-1.963590,-1.829420,-2.096008,-1.247099
771.000000,-1.749383,-1.937295,-1.830757,-2.013528,-1.540102
772.000000,-1.615763,-1.859281,-1.814190,-1.906118,-1.297724
773.000000,-1.459099,-1.761268,-1.813737,-1.835307,-1.266606
774.000000,-1.240895,-1.644791,-1.766751,-1.769402,-0.678485
775.000000,-1.122625,-1.516771,-1.741986,-1.726126,-0.674932
776.000000,-0.980375,-1.393220,-1.699342,-1.682340,-0.844156
777.000000,-0.972726,-1.328483,-1.679497,-1.654418,-1.267922
778.000000,-0.977007,-1.256451,-1.686569,-1.641422,-1.298180
779.000000,-1.105800,-1.210575,-1.670836,-1.622769,-1.287445
780.000000,-1.210449,-1.200491,-1.645185,-1.605071,-1.174170
781.000000,-1.130983,-1.084034,-1.571098,-1.569988,-0.403411
782.000000,-1.115895,-1.071460,-1.531783,-1.565278,-1.192980
783.000000,-0.959002,-0.996295,-1.453149,-1.551379,-0.474496
784.000000,-0.804955,-0.994425,-1.402054,-1.532896,-0.518744
785.000000,-0.686160,-1.005481,-1.348066,-1.532653,-0.645849
786.000000,-0.711813,-0.979874,-1.274677,-1.507305,-0.372743
787.000000,-0.366857,-0.839486,-1.178993,-1.465392,0.523474
788.000000,-0.139493,-0.671960,-1.071043,-1.443463,0.863763
789.000000,0.388329,-0.402974,-0.944282,-1.389218,2.092966
790.000000,0.894384,-0.171363,-0.873232,-1.351932,1.100924
791.000000,1.673535,0.062888,-0.743303,-1.286198,2.177437
792.000000,2.271448,0.595662,-0.607483,-1.204463,2.353399
793.000000,2.574321,1.112076,-0.450663,-1.107487,2.232617
794.000000,2.478773,1.732479,-0.327375,-1.025660,2.060886
795.000000,2.600162,2.354709,-0.162764,-0.915463,2.199807
796.000000,2.444397,2.671291,0.047082,-0.785637,1.917435
797.000000,2.262954,2.666410,0.360773,-0.645513,1.798243
798.000000,2.127778,2.571133,0.753895,-0.470491,1.804372
799.000000,2.291787,2.547239,1.343364,-0.216934,2.770377
800.000000,2.077991,2.409326,1.779435,-0.046601,1.359721
801.000000,2.086672,2.325506,2.118183,0.234476,2.003426
802.000000,1.963058,2.158483,2.360628,0.491641,1.328208
803.000000,1.947446,2.082098,2.442403,0.832828,1.763644
804.000000,1.558130,1.924924,2.376727,1.066121,0.910189
805.000000,1.244474,1.658812,2.213414,1.206125,-0.104530
806.000000,0.817927,1.446047,2.063047,1.364951,-0.068126
807.000000,0.513102,1.250823,1.889773,1.546289,-0.154570
808.000000,0.064159,1.047274,1.731492,1.672461,-0.326118
809.000000,-0.274724,0.700365,1.540778,1.725504,-0.653101
810.000000,-0.460432,0.461592,1.397910,1.706594,-0.991484
811.000000,-0.751231,0.084773,1.207799,1.562459,-1.368162
812.000000,-1.003783,-0.214302,1.032624,1.516348,-1.241920
813.000000,-1.163512,-0.566409,0.878774,1.426320,-0.983320
814.000000,-1.098049,-0.744495,0.778682,1.401294,-0.284945
815.000000,-1.091275,-0.866376,0.619779,1.346669,-0.936695
816.000000,-0.953332,-0.982324,0.478136,1.301253,-0.741979
817.000000,-0.813211,-1.074266,0.336124,1.228476,-0.619709
818.000000,-0.794579,-1.174067,0.150629,1.142116,-0.910113
819.000000,-1.039574,-1.272896,-0.206639,0.983363,-1.344064
820.000000,-0.907709,-1.194173,-0.391311,0.948160,-0.374938
821.000000,-0.850390,-1.071558,-0.693925,0.859516,-0.501577
822.000000,-0.903428,-1.012794,-0.988980,0.717466,-0.869210
823.000000,-0.769793,-0.914503,-1.302877,0.604513,-0.324337
824.000000,-0.482529,-0.878000,-1.481729,0.504925,-0.073253
825.000000,-0.323187,-0.704105,-1.469017,0.405108,0.340898
826.000000,-0.076917,-0.528378,-1.420367,0.329534,0.602011
827.000000,0.287863,-0.354564,-1.327561,0.253403,0.733380
828.000000,0.497937,-0.164280,-1.214677,0.108959,0.588596
829.000000,0.562420,0.031866,-1.097198,-0.448426,0.168837
830.000000,0.599192,0.140351,-0.911996,-0.803539,0.494654
831.000000,0.608328,0.286325,-0.674856,-1.440606,0.663763
832.000000,0.564017,0.483939,-0.478586,-1.918385,0.553670
833.000000,0.624155,0.647420,-0.301261,-2.336898,0.898690
834.000000,1.083892,0.923553,-0.117784,-2.163267,2.146793
835.000000,1.389864,1.108700,0.118830,-1.771187,1.626785
836.000000,1.508905,1.209703,0.312019,-1.498214,1.167475
837.000000,1.476896,1.208996,0.454293,-1.316931,0.543317
838.000000,1.148604,1.095143,0.563574,-1.256956,-0.428826
839.000000,0.686001,1.093341,0.798156,-1.046342,0.057480
840.000000,0.336586,1.020589,0.911112,-0.765659,0.094871
841.000000,-0.013729,0.857646,0.999972,-0.450720,-0.358528
842.000000,-0.326984,0.668334,1.100020,-0.247105,-0.841154
843.000000,-0.581859,0.370665,1.029690,-0.214154,-1.583349
844.000000,-0.972179,-0.092526,0.915659,-0.363851,-1.478969
845.000000,-1.622412,-0.655975,0.602360,-0.525295,-2.375297
846.000000,-2.178248,-1.244510,0.159321,-0.859134,-2.606776
847.000000,-2.512063,-1.746377,-0.358846,-1.301564,-2.539474
848.000000,-2.630750,-2.081856,-0.881042,-1.722848,-2.479995
849.000000,-2.723182,-2.413993,-1.318610,-2.004219,-2.436288
850.000000,-2.579345,-2.575996,-1.706559,-2.427883,-2.073983
851.000000,-2.406757,-2.605863,-2.034557,-2.696926,-1.983105
852.000000,-2.222094,-2.546447,-2.244603,-2.731685,-1.777357
853.000000,-2.016467,-2.417943,-2.383798,-2.766625,-1.557298
854.000000,-1.737119,-2.260202,-2.479584,-2.706317,-1.090527
855.000000,-1.502358,-2.059530,-2.468640,-2.662647,-0.930198
856.000000,-1.295984,-1.872686,-2.412754,-2.642165,-0.960480
857.000000,-1.065678,-1.668955,-2.289662,-2.574703,-0.632671
858.000000,-0.891985,-1.489840,-2.148434,-2.502035,-0.706020
859.000000,-0.770139,-1.298819,-2.037132,-2.359797,-0.491275
860.000000,-0.682806,-1.142490,-1.947290,-2.267463,-0.502051
861.000000,-0.660360,-1.029414,-1.883281,-2.223226,-0.869710
862.000000,-0.685580,-0.922510,-1.808552,-2.159326,-0.754467
863.000000,-0.725791,-0.850525,-1.734803,-2.118642,-0.907035
864.000000,-0.627318,-0.736466,-1.619030,-2.059216,0.072388
865.000000,-0.582442,-0.667844,-1.506714,-2.012687,-0.219699
866.000000,-0.534848,-0.634148,-1.414447,-1.982082,-0.700636
867.000000,-0.479818,-0.625615,-1.316191,-1.925592,-0.529133
868.000000,-0.227062,-0.542040,-1.185783,-1.813974,0.282742
869.000000,-0.132346,-0.449857,-1.041260,-1.724804,0.741491
870.000000,0.212287,-0.286828,-0.884162,-1.630501,1.578542
871.000000,0.764907,-0.036366,-0.721827,-1.541474,1.706422
872.000000,1.288815,0.222294,-0.571555,-1.465203,1.494264
873.000000,1.528550,0.522949,-0.442999,-1.397807,0.942849
874.000000,1.603481,0.666896,-0.349697,-1.347161,0.728896
875.000000,1.537472,0.975287,-0.232443,-1.254695,1.276577
876.000000,1.548722,1.510019,-0.055092,-1.126492,1.835747
877.000000,1.166443,1.727174,0.018944,-1.046226,0.042012
878.000000,1.149622,1.851040,0.177829,-0.921998,0.959665
879.000000,1.285003,1.867437,0.372033,-0.766173,1.366360
880.000000,1.431659,1.793462,0.659190,-0.584839,1.883471
881.000000,1.411226,1.690671,1.049814,-0.382967,1.711163
882.000000,1.683286,1.577129,1.396494,-0.187550,1.164168
883.000000,1.773771,1.576583,1.750887,0.030420,1.287182
884.000000,1.683826,1.584452,1.816707,0.216584,0.929497
885.000000,1.506546,1.567114,1.888534,0.430733,1.143388
886.000000,1.278176,1.440947,1.939199,0.661697,0.762884
887.000000,1.162769,1.535231,1.930869,0.866365,0.683872
888.000000,1.021908,1.511708,1.836880,1.098263,0.698055
889.000000,0.858481,1.376925,1.693212,1.271161,0.238142
890.000000,0.609590,1.151769,1.509449,1.424340,0.107997
891.000000,0.394203,0.918715,1.339069,1.585014,-0.161245
892.000000,0.170510,0.751285,1.209350,1.675051,-0.267929
893.000000,-0.129037,0.537798,1.126932,1.729820,-0.555184
894.000000,-0.528977,0.260012,1.027578,1.572016,-1.383382
895.000000,-0.615778,0.085530,0.967927,1.532607,-0.050193
896.000000,-0.889415,-0.165852,0.812402,1.498949,-1.124345
897.000000,-1.114644,-0.408366,0.820073,1.468179,-0.911835
898.000000,-1.064240,-0.610291,0.789266,1.403272,-0.137794
899.000000,-0.861868,-0.833782,0.683557,1.299139,-0.686009
900.000000,-1.040970,-1.038489,0.502918,1.158432,-0.528396
901.000000,-0.949303,-1.237415,0.272980,1.009328,-1.022503
902.000000,-0.640387,-1.200331,0.157123,0.932388,0.125162
903.000000,-0.417905,-0.989153,0.048916,0.925541,0.651072
904.000000,-0.037953,-0.582352,-0.026515,0.950286,0.656533
905.000000,0.983867,-0.020161,0.075278,1.052599,2.745716
906.000000,2.047971,0.828936,0.289483,1.124051,2.631149
907.000000,2.602448,1.576561,0.592524,1.392863,2.587295
908.000000,2.531165,1.787332,0.739252,1.504116,1.195850
909.000000,2.505539,2.068362,1.103949,1.601469,1.416285
910.000000,2.161265,2.266241,1.621414,1.642050,1.539187
911.000000,1.945708,2.489594,2.259938,1.718747,1.847606
912.000000,1.427204,2.298754,2.395757,1.688411,0.345410
913.000000,0.975622,1.948515,2.190540,1.497288,-0.780787
914.000000,0.587116,1.729500,2.254617,1.393210,-0.345138
915.000000,0.266695,1.391515,2.127584,1.300098,0.085584
916.000000,-0.185559,1.041377,2.116863,1.227113,-0.086746
917.000000,-0.310093,0.680479,2.039406,1.146649,-0.186276
918.000000,-0.215909,0.469555,1.861596,1.025496,-0.380990
919.000000,-0.216287,0.229840,1.774611,0.977983,-0.347246
920.000000,-0.351113,-0.053218,1.661476,0.927112,-0.487547
921.000000,-0.502288,-0.427053,1.574201,0.868526,-0.731294
922.000000,-0.566540,-0.542186,1.437276,0.861929,-0.462856
923.000000,-0.551126,-0.472629,1.293128,0.908545,-0.310330
924.000000,-0.551360,-0.469929,1.163684,1.097153,-0.336927
925.000000,-0.446163,-0.488010,0.868016,1.131291,-0.018821
926.000000,-0.390858,-0.549983,0.495309,1.219367,-0.515386
927.000000,-0.434605,-0.619319,0.079532,1.228242,-0.658366
928.000000,-0.501247,-0.652448,-0.157523,1.152197,-0.579677
929.000000,-0.629072,-0.733064,-0.476443,1.103618,-0.862137
930.000000,-0.795507,-0.769618,-0.804845,1.088149,-0.676819
931.000000,-0.999677,-0.868446,-1.298549,1.045820,-1.348612
932.000000,-1.073603,-0.959415,-1.508708,0.934557,-0.964417
933.000000,-0.956359,-0.942328,-1.429046,0.937291,-0.101930
934.000000,-0.395716,-0.672233,-1.201156,1.420570,1.403065
935.000000,-0.031723,-0.543668,-1.125337,1.191097,0.817818
936.000000,0.745949,-0.167168,-0.840879,1.222257,1.856273
937.000000,1.744119,0.456252,-0.284945,1.644468,3.001621
938.000000,2.638848,1.259028,0.564895,2.914681,3.384075
939.000000,2.804509,1.851518,1.213943,3.151568,2.371032
940.000000,2.937164,2.298040,1.805956,3.157268,2.228358
941.000000,2.807066,2.647137,2.238103,2.958990,1.943685
942.000000,2.535466,2.809949,2.492532,3.055183,1.899902
943.000000,2.044749,2.694843,2.494559,3.040829,1.180148
944.000000,1.824541,2.516686,2.512762,2.982661,1.420985
945.000000,1.632495,2.404366,2.471596,2.859041,1.357719
946.000000,1.561950,2.280085,2.489029,2.808756,1.590170
947.000000,1.668183,2.202538,2.583080,2.870827,2.283995
948.000000,1.852991,2.058968,2.598096,2.867014,2.068345
949.000000,1.957177,1.999166,2.590530,2.824305,1.974654
950.000000,2.195630,2.043013,2.626636,2.855980,2.528015
951.000000,2.350897,2.106884,2.651621,2.858179,2.451454
952.000000,2.357068,2.157164,2.633802,2.818933,2.348002
953.000000,2.412017,2.264292,2.597629,2.780375,2.412303
954.000000,2.417720,2.304129,2.509322,2.713676,2.176010
955.000000,2.310266,2.321849,2.444727,2.635217,2.042762
956.000000,2.199849,2.306812,2.366680,2.567556,1.930577
957.000000,2.079542,2.231034,2.270852,2.495906,1.767858
958.000000,1.932723,2.166514,2.168025,2.424832,1.667320
959.000000,1.778674,2.086278,2.085130,2.347636,1.405395
960.000000,1.620821,1.959698,2.007391,2.268046,1.242683
961.000000,1.359991,1.780549,1.906820,2.168500,0.581305
962.000000,1.011767,1.560849,1.784558,2.048088,-0.071727
963.000000,0.811745,1.411921,1.743150,1.979569,0.679889
964.000000,0.601501,1.254134,1.686134,1.891166,0.398258
965.000000,0.347136,1.073354,1.622276,1.811789,0.052631
966.000000,0.284241,0.917346,1.573198,1.746545,0.304722
967.000000,0.303045,0.734602,1.489723,1.663904,-0.057780
968.000000,0.072658,0.513711,1.399781,1.564845,-0.410560
969.000000,-0.165291,0.278788,1.302774,1.479091,-0.722045
970.000000,-0.212640,0.103385,1.209774,1.424761,-0.145329
971.000000,-0.188003,0.076327,1.143955,1.404717,0.501952
972.000000,0.093162,0.227563,1.113871,1.416142,1.318223
973.000000,0.343961,0.217133,1.042117,1.423027,0.725152
974.000000,0.676019,0.240957,0.972744,1.425632,0.676963
975.000000,0.907391,0.326474,0.906884,1.435764,0.772193
976.000000,0.942396,0.353331,0.827409,1.435905,0.499540
977.000000,0.858616,0.494465,0.772807,1.432651,1.000813
978.000000,1.065222,0.783453,0.746778,1.451869,1.559647
979.000000,1.268058,1.153972,0.738330,1.470629,1.392446
980.000000,1.720527,1.616472,0.826688,1.503460,2.434808
981.000000,2.037334,1.896095,0.990087,1.516791,1.858067
982.000000,2.127561,1.974530,1.261358,1.522136,1.640312
983.000000,2.165856,2.163744,1.506760,1.531496,1.975375
984.000000,2.437741,2.440641,1.938443,1.596397,2.755104
985.000000,2.457011,2.590461,2.390495,1.666126,2.579105
986.000000,2.388282,2.582882,2.608232,1.693634,1.869960
987.000000,2.354419,2.518254,2.755371,1.724100,1.828684
988.000000,2.167430,2.355184,2.773153,1.715955,1.322439
989.000000,1.903223,2.261486,2.771361,1.731597,1.457345
990.000000,1.659226,2.105913,2.678592,1.747658,1.392241
991.000000,1.554772,2.012543,2.550051,1.806377,1.396511
992.000000,1.510411,1.973082,2.423046,1.916537,1.640866
993.000000,1.545831,1.904104,2.341635,1.953464,1.545365
994.000000,1.526606,1.760406,2.260960,1.985762,1.402297
995.000000,1.518583,1.628961,2.186182,2.022548,1.376048
996.000000,1.459630,1.538311,2.111734,2.017186,1.124736
997.000000,1.335026,1.446379,2.025857,2.017498,1.025754
998.000000,1.199878,1.392152,1.926843,2.019996,0.867667
999.000000,1.135286,1.351665,1.861184,2.042789,1.097162
1000.000000,1.056984,1.313566,1.766144,2.031902,1.013258
1001.000000,1.007923,1.264398,1.691816,1.990363,0.875039
1002.000000,0.999914,1.196575,1.637508,1.929714,0.990131
1003.000000,1.045387,1.143880,1.580769,1.897065,1.071321
1004.000000,0.948276,1.065725,1.472641,1.849695,0.592916
1005.000000,0.945208,1.021385,1.386850,1.818851,1.010124
1006.000000,1.029314,1.032393,1.346943,1.805589,1.325537
1007.000000,1.059398,1.042267,1.302067,1.775342,1.130940
1008.000000,1.092215,1.083602,1.290086,1.737627,1.236554
1009.000000,1.361802,1.137715,1.289286,1.718730,1.814421
1010.000000,1.466025,1.174424,1.281257,1.665640,1.355133
1011.000000,1.474854,1.227359,1.270389,1.626333,1.254835
1012.000000,1.659328,1.322544,1.257988,1.605938,1.896304
1013.000000,2.191416,1.574790,1.306164,1.611909,3.385186
1014.000000,2.431981,1.887036,1.359119,1.582578,2.745542
1015.000000,2.561605,2.062485,1.397877,1.542806,2.159977
1016.000000,2.715091,2.210368,1.481068,1.541407,2.420105
1017.000000,2.547903,2.243513,1.535820,1.520060,1.592065
1018.000000,2.194158,2.252291,1.606644,1.524549,1.605704
1019.000000,1.895025,2.157502,1.638060,1.516452,1.276540
1020.000000,1.691653,2.099464,1.666905,1.510627,1.142220
1021.000000,1.412828,2.046290,1.700847,1.503844,1.072177
1022.000000,1.288404,1.944510,1.720029,1.481048,1.003140
1023.000000,1.084378,1.689634,1.707542,1.451988,0.642336
1024.000000,0.953148,1.484395,1.726504,1.431218,0.655785
1025.000000,0.903796,1.359421,1.723970,1.419283,0.910513
1026.000000,0.819428,1.170571,1.684352,1.415254,0.667911
1027.000000,0.763889,1.078689,1.662323,1.420317,0.742564
1028.000000,0.918303,1.051200,1.671952,1.456760,1.391468
1029.000000,1.056174,1.052298,1.647806,1.475804,1.303906
1030.000000,1.231519,1.114438,1.670352,1.513900,1.714974
1031.000000,1.376206,1.141076,1.673893,1.544514,1.309256
1032.000000,1.475477,1.162638,1.646421,1.565019,1.173094
1033.000000,1.353591,1.187021,1.528953,1.566864,0.765981
1034.000000,1.390288,1.281690,1.465912,1.616212,1.467958
1035.000000,1.362726,1.366839,1.437692,1.647960,1.621431
1036.000000,1.428274,1.483982,1.385906,1.663053,1.597458
1037.000000,1.934017,1.792519,1.483083,1.750766,3.192490
1038.000000,2.465117,2.008530,1.577835,1.828378,2.892942
1039.000000,2.594862,2.139286,1.653434,1.854644,2.188216
1040.000000,2.632345,2.198399,1.729749,1.889707,2.052911
1041.000000,2.827494,2.407941,1.872800,1.966127,2.794815
1042.000000,2.533659,2.470533,1.948471,1.975848,1.890331
1043.000000,2.208562,2.475529,2.003026,1.913653,1.469731
1044.000000,1.938020,2.345129,2.011446,1.842981,1.016582
1045.000000,1.820353,2.278360,2.038614,1.818451,1.509286
1046.000000,1.398523,2.129995,2.012150,1.742070,0.773077
1047.000000,1.238117,1.914080,2.004479,1.717422,1.106977
1048.000000,1.102543,1.696259,1.941456,1.678158,0.823909
1049.000000,1.040468,1.540049,1.881960,1.648648,0.725182
1050.000000,0.819879,1.374991,1.790838,1.613267,0.450634
1051.000000,0.746059,1.126779,1.725313,1.581544,0.404223
1052.000000,0.711894,1.029356,1.707384,1.581015,0.960772
1053.000000,0.745918,0.977680,1.710726,1.596308,0.998793
1054.000000,0.772014,0.959283,1.677760,1.605250,0.846371
1055.000000,0.791018,0.847703,1.623301,1.592545,0.481399
1056.000000,0.772400,0.797359,1.562803,1.581511,0.201829
1057.000000,0.610003,0.700851,1.431963,1.570094,0.136040
1058.000000,0.523016,0.683830,1.330298,1.556892,0.658213
1059.000000,0.377477,0.639531,1.240604,1.534785,0.202107
1060.000000,0.349313,0.646924,1.162676,1.505639,0.364598
1061.000000,0.151161,0.556940,0.977888,1.459424,-0.811260
1062.000000,0.033723,0.409477,0.861649,1.435775,-0.442574
1063.000000,-0.293247,0.218833,0.764923,1.428383,-0.696180
1064.000000,-0.604013,-0.005852,0.690032,1.396439,-1.022413
1065.000000,-1.036072,-0.198072,0.572008,1.368298,-0.936336
1066.000000,-1.317145,-0.450164,0.493109,1.334694,-1.534747
1067.000000,-1.459518,-0.635285,0.403327,1.249031,-0.508191
1068.000000,-1.202829,-0.913104,0.355922,1.170182,0.152696
1069.000000,-0.806709,-1.097960,0.311604,1.114888,0.161569
1070.000000,-0.563374,-1.412782,0.278108,1.047673,-0.196459
1071.000000,-0.656851,-1.546601,0.138512,0.856491,-2.100848
1072.000000,-1.541684,-1.964357,-0.258390,0.659847,-3.259728
1073.000000,-2.419296,-2.148869,-0.743637,0.483354,-2.571579
1074.000000,-2.677006,-2.020119,-1.155660,0.378507,-1.144582
1075.000000,-2.739118,-1.936378,-1.469315,0.214286,-0.868132
1076.000000,-1.962172,-1.577498,-1.516789,0.177690,0.702192
1077.000000,-0.675138,-1.249284,-1.387556,0.134952,1.551310
1078.000000,0.210781,-1.225140,-1.465626,0.058653,0.445864
1079.000000,0.374285,-1.407849,-1.544432,-0.089069,-0.623418
1080.000000,0.477765,-1.494345,-1.611941,-0.216567,-0.500517
1081.000000,0.015942,-1.329878,-1.510988,-0.396268,-0.798876
1082.000000,-0.099530,-0.527946,-1.273322,-0.553340,1.161833
1083.000000,-0.269697,-0.033991,-1.176776,-0.872540,-0.094434
1084.000000,0.014241,0.275024,-1.033946,-1.125471,0.292636
1085.000000,0.317187,0.561125,-0.913985,-1.252817,0.424343
1086.000000,0.827726,0.562422,-0.727448,-1.247191,0.644684
1087.000000,0.066812,-0.032732,-0.834044,-1.385724,-1.047824
1088.000000,-0.484505,-0.538766,-1.100162,-1.644792,-1.613081
1089.000000,-0.396360,-0.261766,-1.116821,-1.550098,0.555635
1090.000000,-0.807134,-0.320247,-1.274768,-1.609566,-0.649060
1091.000000,-1.242153,-0.256746,-1.177418,-1.485709,-0.533156
1092.000000,-1.000097,-0.825311,-0.832231,-1.429761,-0.397033
1093.000000,-0.568047,-1.008059,-0.520532,-1.385734,-0.491378
1094.000000,-1.146857,-1.476868,-0.529769,-1.384590,-1.018179
1095.000000,-1.051200,-1.732828,-0.477729,-1.365131,-0.432364
1096.000000,-1.189794,-2.142073,-0.860565,-1.374570,-0.959859
1097.000000,-1.158232,-1.846556,-1.326977,-1.425213,-0.372007
1098.000000,-1.264630,-1.570630,-1.683012,-1.602791,-0.869571
1099.000000,-1.109270,-1.838239,-1.776328,-1.772377,-0.593080
1100.000000,-0.706841,-1.399234,-1.656423,-1.773169,0.806735
1101.000000,-0.422695,-1.273161,-1.729825,-1.659024,-0.140424
1102.000000,-0.397943,-1.220468,-2.321989,-1.345304,-0.347520
1103.000000,-0.060021,-1.046227,-2.175851,-0.994614,0.092253
1104.000000,0.705152,-0.367433,-1.718334,-0.628564,1.724812
1105.000000,2.116242,0.984880,-0.402759,0.198924,3.807954
1106.000000,3.203625,2.227650,0.808791,0.801487,3.076923
1107.000000,3.840871,3.228256,2.890707,1.651592,3.644373
1108.000000,3.649851,3.409789,3.576200,2.264652,2.397991
1109.000000,3.212263,3.239819,3.319339,2.613469,1.618274
1110.000000,2.785420,3.080505,3.321486,2.880488,2.030168
1111.000000,2.516995,2.999372,3.228196,2.990391,1.949676
1112.000000,2.155714,2.916800,3.111747,2.879229,1.924400
1113.000000,1.985257,2.784876,2.971152,2.809573,1.683352
1114.000000,1.989621,2.636484,2.890423,2.734389,1.778835
1115.000000,1.966584,2.437624,2.813377,2.687332,1.961546
1116.000000,1.886069,2.263126,2.719124,2.588785,1.639187
1117.000000,1.795431,2.039478,2.608051,2.548181,1.541808
1118.000000,1.807878,1.961878,2.558198,2.548187,1.791303
1119.000000,1.660906,1.869773,2.439784,2.407910,1.123996
1120.000000,1.531260,1.781043,2.333668,2.348009,1.329739
1121.000000,1.333768,1.632321,2.214106,2.235113,0.676038
1122.000000,1.197457,1.518682,2.133120,2.156217,0.859527
1123.000000,1.183353,1.523814,2.117640,2.156943,1.694532
1124.000000,1.154788,1.440765,2.026460,2.109790,0.973753
1125.000000,1.147295,1.374368,1.919060,2.078968,1.283859
1126.000000,1.284253,1.343852,1.837082,2.061960,1.326685
1127.000000,1.344427,1.302911,1.719627,2.025134,1.135116
1128.000000,1.383441,1.312533,1.694993,2.043455,1.894833
1129.000000,1.516439,1.362492,1.681504,2.037256,1.590498
1130.000000,1.685607,1.442467,1.680324,2.037675,2.059692
1131.000000,1.745488,1.543197,1.653719,2.024957,1.577211
1132.000000,1.839466,1.619981,1.627410,2.010284,1.536662
1133.000000,1.723888,1.581789,1.599946,1.979455,1.273683
1134.000000,1.679212,1.630246,1.570240,1.936193,1.281831
1135.000000,1.600923,1.687097,1.552706,1.879826,1.754191
1136.000000,1.701060,1.769164,1.567705,1.845469,2.038892
1137.000000,1.746805,1.843651,1.576411,1.784181,1.781453
1138.000000,1.836797,1.819177,1.568928,1.752035,1.739716
1139.000000,1.899701,1.823348,1.599174,1.738695,1.667718
1140.000000,1.833058,1.748271,1.609190,1.709568,1.488870
1141.000000,1.701274,1.724928,1.655230,1.681551,1.425563
1142.000000,1.607085,1.696069,1.685079,1.653574,1.334123
1143.000000,1.506253,1.688123,1.660668,1.632006,1.255780
1144.000000,1.377520,1.657360,1.670238,1.602042,1.041846
1145.000000,1.243040,1.561998,1.649866,1.560048,0.834551
1146.000000,1.153283,1.455655,1.634971,1.536518,0.993508
1147.000000,1.083873,1.376986,1.632351,1.517805,1.004318
1148.000000,1.038921,1.304367,1.583432,1.490093,1.047713
1149.000000,0.959998,1.200711,1.535704,1.479261,0.650206
1150.000000,0.846101,1.077124,1.439168,1.449781,0.232232
1151.000000,0.711154,0.968780,1.381759,1.453710,0.297704
1152.000000,0.492425,0.835594,1.315510,1.444068,-0.145929
1153.000000,0.242000,0.709100,1.269338,1.400949,-0.082102
1154.000000,-0.024666,0.565851,1.210431,1.383523,-0.641153
1155.000000,-0.260085,0.424169,1.120054,1.351606,-0.904872
1156.000000,-0.587303,0.230551,1.004297,1.318025,-1.112104
1157.000000,-0.549626,0.118461,0.945360,1.325011,0.409756
1158.000000,1.461182,0.732103,1.162929,1.458882,4.803493
1159.000000,3.403810,1.616289,1.421560,1.623077,3.797501
1160.000000,4.020591,2.579135,1.706930,1.763927,3.254209
1161.000000,3.950947,3.167552,1.972872,1.914193,2.821717
1162.000000,3.671636,3.393627,2.201852,2.043013,2.532131
1163.000000,3.029593,3.306533,2.313299,2.112477,1.867099
1164.000000,2.634345,3.220141,2.422552,2.175689,1.937749
1165.000000,2.302500,3.081772,2.478437,2.187924,1.692900
1166.000000,2.032970,2.938967,2.480264,2.169686,1.557379
1167.000000,1.811243,2.775087,2.458718,2.152754,1.493789
1168.000000,1.757243,2.490943,2.445705,2.146852,1.640716
1169.000000,1.661291,2.254531,2.421450,2.127055,1.500126
1170.000000,1.604789,2.059492,2.398765,2.107437,1.450538
1171.000000,1.582207,1.909506,2.367534,2.090918,1.475713
1172.000000,1.557044,1.780038,2.333936,2.070406,1.403373
1173.000000,1.440369,1.680393,2.270738,2.028753,1.097978
1174.000000,1.427031,1.621240,2.249287,2.021538,1.436769
1175.000000,1.421031,1.585608,2.225934,2.017434,1.425079
1176.000000,1.449073,1.585705,2.215218,2.020956,1.603364
1177.000000,1.427379,1.557304,2.163110,2.001320,1.307464
1178.000000,1.476641,1.522885,2.040155,1.985675,1.359020
1179.000000,1.462965,1.505431,1.934405,1.978782,1.377411
1180.000000,1.469567,1.503097,1.847971,1.982819,1.463134
1181.000000,1.435206,1.496102,1.774221,1.980534,1.439953
1182.000000,1.474304,1.503465,1.715587,1.983911,1.504400
1183.000000,1.443857,1.509997,1.668049,1.968626,1.198416
1184.000000,1.313697,1.434810,1.592087,1.934338,0.660317
1185.000000,1.213792,1.389517,1.545540,1.916942,0.932672
1186.000000,1.203749,1.367531,1.530007,1.919211,1.476237
1187.000000,1.186854,1.384420,1.519574,1.910534,1.592840
1188.000000,1.249211,1.395801,1.501406,1.847139,1.550989
1189.000000,1.408631,1.382668,1.479957,1.778369,1.231231
1190.000000,1.467819,1.347882,1.458461,1.711688,1.134750
1191.000000,1.351638,1.299234,1.430815,1.648080,0.986544
1192.000000,1.213594,1.227217,1.405408,1.588718,0.923062
1193.000000,1.136454,1.221543,1.409128,1.556398,1.189983
1194.000000,1.169141,1.315752,1.400269,1.527016,1.399571
1195.000000,1.224548,1.369321,1.392825,1.506187,1.408507
1196.000000,1.435179,1.411489,1.395736,1.505211,1.991638
1197.000000,1.621369,1.429500,1.413198,1.501975,1.779357
1198.000000,1.753420,1.455580,1.430226,1.494687,1.801269
1199.000000,1.886183,1.541764,1.457580,1.499455,2.014546
1200.000000,1.968688,1.618439,1.471193,1.502018,1.804543
1201.000000,1.893316,1.694207,1.480293,1.500134,1.632093
1202.000000,1.828985,1.759975,1.476330,1.498037,1.461084
1203.000000,1.752926,1.789968,1.496328,1.509445,1.404508
1204.000000,1.528376,1.749569,1.535993,1.493718,0.873851
1205.000000,1.194460,1.641678,1.517624,1.461788,0.068357
1206.000000,0.781471,1.425030,1.439548,1.410432,-0.414874
1207.000000,0.358504,1.225482,1.358059,1.375152,-0.507845
1208.000000,-0.112634,0.998267,1.274131,1.335031,-0.669197
1209.000000,-0.742947,0.591515,1.157431,1.265259,-1.834653
1210.000000,-0.984443,0.261257,1.085953,1.209701,-0.923075
1211.000000,-1.226984,-0.155496,0.993826,1.136737,-1.433207
1212.000000,-1.500550,-0.634059,0.878709,1.041042,-1.716384
1213.000000,-1.660207,-1.077821,0.744989,0.966157,-1.482520
1214.000000,-1.523784,-1.395584,0.599057,0.935334,-1.266214
1215.000000,-1.487641,-1.518410,0.465136,0.900510,-0.849755
1216.000000,-1.459148,-1.629572,0.207273,0.806043,-1.351683
1217.000000,-1.210557,-1.609194,-0.009193,0.735556,-0.614327
1218.000000,-1.032933,-1.577650,-0.280635,0.653949,-0.707137
1219.000000,-0.876260,-1.397499,-0.612538,0.591801,-0.550177
1220.000000,-0.714511,-1.274585,-0.911980,0.555009,-0.097090
1221.000000,-0.478534,-1.120510,-1.234395,0.516068,-0.248856
1222.000000,-0.507282,-0.996725,-1.596867,0.442631,-0.743282
1223.000000,-0.338558,-0.796709,-1.793981,0.395566,0.074885
1224.000000,-0.105380,-0.571611,-1.819150,0.356606,0.525010
1225.000000,0.115142,-0.350328,-1.676631,0.349689,0.906248
1226.000000,0.390165,-0.051001,-1.466522,0.264895,1.013170
1227.000000,0.874050,0.219488,-1.196408,0.257070,1.472647
1228.000000,1.320774,0.594205,-0.834063,0.380204,2.072736
1229.000000,1.385146,0.774797,-0.522285,0.147063,0.849318
1230.000000,1.389718,0.904105,-0.305539,-0.165084,0.911647
1231.000000,1.242422,0.971172,-0.114827,-0.886791,0.260458
1232.000000,0.989887,1.100468,0.112839,-1.699851,0.213021
1233.000000,0.572808,1.138493,0.325925,-2.181832,0.240575
1234.000000,0.660366,1.247016,0.643619,-1.893401,1.265538
1235.000000,0.592333,1.228424,0.846111,-1.601102,0.629729
1236.000000,0.621254,1.155719,1.090282,-1.281989,0.378793
1237.000000,0.579694,0.966622,1.195511,-1.117966,0.036795
1238.000000,0.595773,0.705078,1.344627,-0.801683,0.322599
1239.000000,0.471299,0.673345,1.501998,0.301314,0.730599
1240.000000,0.119632,0.417292,1.388842,0.295044,-0.945294
1241.000000,-0.142876,0.279039,1.316551,0.692126,-0.791795
1242.000000,-0.296283,0.171764,1.324724,1.404490,-0.646164
1243.000000,-0.408149,0.131173,1.281980,2.165948,-0.090282
1244.000000,-0.134479,0.213982,1.400439,3.266367,2.037315
1245.000000,-1234.000000,-1234.000000,-1234.000000,-1234.000000,-1234.000000
