0.000000,5.385165,5.385165,5.385165,5.385165,-0.403636
1.000000,3.758839,3.756690,3.731360,3.739211,-0.280390
2.000000,3.014988,3.017469,2.983352,2.995318,-0.324694
3.000000,2.544319,2.552592,2.520652,2.537363,-1.225874
4.000000,2.174050,2.212873,2.187137,2.210578,-2.073436
5.000000,1.893430,1.955691,1.936068,1.964165,-1.743407
6.000000,1.670568,1.758422,1.735911,1.768899,-1.466328
7.000000,1.490547,1.591993,1.588502,1.609091,-1.238936
8.000000,1.374050,1.459687,1.467433,1.473366,-0.893391
9.000000,1.300603,1.338755,1.361610,1.354121,-0.925034
10.000000,1.223199,1.225317,1.264647,1.247182,-1.039132
11.000000,1.149025,1.121936,1.176124,1.150598,-0.937010
12.000000,1.084736,1.032032,1.094578,1.064073,-0.608860
13.000000,1.007837,0.958495,1.016635,0.983183,-0.839276
14.000000,0.935996,0.903847,0.943350,0.905947,-0.919070
15.000000,0.875870,0.850367,0.872781,0.833068,-0.823162
16.000000,0.814813,0.795519,0.807271,0.762439,-0.971876
17.000000,0.757793,0.745517,0.744201,0.707144,-0.393980
18.000000,0.705035,0.689163,0.684055,0.654202,-0.699307
19.000000,0.650293,0.632380,0.621479,0.601705,-1.010720
20.000000,0.604435,0.584443,0.560189,0.550120,-0.496265
21.000000,0.554169,0.532122,0.495865,0.496046,-0.809504
22.000000,0.492565,0.474668,0.430876,0.438926,-0.717759
23.000000,0.434135,0.419402,0.371503,0.378649,-0.766080
24.000000,0.376114,0.360910,0.317994,0.313905,-0.911379
25.000000,0.303887,0.298289,0.258613,0.241395,-0.711767
26.000000,0.213885,0.220016,0.183703,0.156676,-1.250730
27.000000,0.085423,0.105758,0.083620,0.042721,-1.549105
28.000000,-0.085543,-0.050496,-0.073598,-0.131500,-0.981212
29.000000,-1.295185,-1.197631,-1.314183,-1.391638,-0.998999
30.000000,-1.365505,-1.259608,-1.310770,-1.423059,-0.907586
31.000000,-1.277644,-1.271696,-1.308626,-1.460552,-0.666276
32.000000,-1.071265,-1.301519,-1.339758,-1.498384,-0.426283
33.000000,-1.041681,-1.346486,-1.342767,-1.486995,-0.418400
34.000000,-1.128092,-1.433618,-1.353147,-1.425841,-1.450393
35.000000,-1.283757,-1.580865,-1.373502,-1.387138,-1.800629
36.000000,-1.594328,-1.658889,-1.388870,-1.374468,-2.128292
37.000000,-1.885904,-1.628510,-1.446429,-1.375332,-1.844121
38.000000,-1.987918,-1.660028,-1.458985,-1.394436,-1.296610
39.000000,-2.119798,-1.808423,-1.504709,-1.438907,-2.282467
40.000000,-2.074839,-1.875249,-1.583948,-1.458247,-1.784557
41.000000,-2.029130,-1.984148,-1.653165,-1.492042,-1.978858
42.000000,-1.998857,-2.063002,-1.723956,-1.546475,-1.780574
43.000000,-1.983957,-2.068953,-1.765839,-1.560010,-1.390764
44.000000,-1.732766,-1.972606,-1.775066,-1.549310,-1.134758
45.000000,-1.406199,-1.771121,-1.744344,-1.507100,-0.221953
46.000000,-1.131379,-1.612424,-1.685710,-1.469441,-0.669719
47.000000,-0.886301,-1.487936,-1.593842,-1.469562,-0.621149
48.000000,-0.676775,-1.403931,-1.551076,-1.450932,-0.415727
49.000000,-0.440886,-1.180308,-1.481831,-1.409457,-0.053541
50.000000,-0.455806,-1.028551,-1.433520,-1.416549,-0.237666
51.000000,-0.438105,-0.877868,-1.424896,-1.421381,-0.637964
52.000000,-0.364284,-0.708452,-1.412358,-1.426898,-0.295841
53.000000,-0.711119,-0.748696,-1.481735,-1.483008,-2.037417
54.000000,-1.298242,-0.876699,-1.528359,-1.543897,-2.323808
55.000000,-1.949347,-1.219775,-1.586400,-1.635159,-2.620802
56.000000,-2.429084,-1.536781,-1.630662,-1.689646,-2.513338
57.000000,-2.662091,-1.771518,-1.653704,-1.692711,-1.937654
58.000000,-2.643870,-2.092496,-1.743352,-1.763294,-2.377455
59.000000,-2.498074,-2.350757,-1.744176,-1.808939,-2.008996
60.000000,-2.228763,-2.433678,-1.739445,-1.826072,-1.527576
61.000000,-1.813343,-2.321838,-1.652685,-1.800517,-0.590877
62.000000,-1.586862,-2.280731,-1.599493,-1.791328,-0.798720
63.000000,-1.136159,-2.036227,-1.534420,-1.752375,-0.127644
64.000000,-0.646147,-1.750089,-1.465459,-1.677599,0.313673
65.000000,-0.228299,-1.450404,-1.468153,-1.604260,0.308017
66.000000,-0.073272,-1.176781,-1.456869,-1.533979,0.063577
67.000000,0.416360,-0.811042,-1.359252,-1.424629,1.278531
68.000000,0.786593,-0.316671,-1.265100,-1.334136,1.433766
69.000000,0.910222,0.106881,-1.239686,-1.223702,0.840487
70.000000,0.918815,0.421473,-1.234011,-1.155419,0.362748
71.000000,1.066788,0.645038,-1.159052,-1.048565,0.760544
72.000000,0.741429,0.758357,-1.182538,-0.993264,-0.139353
73.000000,0.467117,0.810020,-1.050718,-0.935994,0.219787
74.000000,0.382829,0.830381,-0.859790,-0.876676,0.467699
75.000000,0.477093,0.896857,-0.592837,-0.856561,0.785819
76.000000,0.623028,1.084055,-0.219829,-0.766753,1.389470
77.000000,0.872024,1.032286,0.097275,-0.703859,0.947585
78.000000,0.998162,0.933809,0.515165,-0.664013,0.775744
79.000000,1.020823,0.890702,0.926439,-0.669085,0.557983
80.000000,0.984088,0.925041,1.322142,-0.659327,0.614191
81.000000,0.720846,0.851168,1.526528,-0.659599,0.226584
82.000000,0.360214,0.789782,1.629680,-0.790982,-0.648302
83.000000,0.080070,0.704875,1.619112,-0.772022,-0.425177
84.000000,-0.003425,0.669662,1.605170,-0.609433,0.210634
85.000000,-0.135659,0.560241,1.542384,-0.339745,0.050556
86.000000,-0.116867,0.394938,1.536438,0.141566,0.347163
87.000000,0.140142,0.314081,1.372016,0.810089,0.501286
88.000000,-0.939519,-0.493651,0.467662,0.291433,-4.065018
89.000000,-2.147532,-1.234970,-0.322401,-0.660290,-3.282304
90.000000,-3.024620,-1.933603,-1.037654,-2.259093,-2.878542
91.000000,-3.344518,-2.381019,-1.667231,-3.562144,-2.319725
92.000000,-3.346731,-2.576425,-2.026442,-3.690425,-2.000867
93.000000,-2.793364,-2.701116,-2.331836,-3.684439,-1.969750
94.000000,-2.344220,-2.701254,-2.453727,-3.473636,-1.457337
95.000000,-2.001987,-2.637315,-2.525692,-3.270793,-1.384329
96.000000,-1.779786,-2.574207,-2.583826,-3.076296,-1.349662
97.000000,-1.656554,-2.524669,-2.579654,-3.028554,-1.460129
98.000000,-1.545232,-2.226164,-2.541824,-2.961213,-1.471509
99.000000,-1.541303,-2.016226,-2.484645,-2.849838,-1.476376
100.000000,-1.508641,-1.829360,-2.408720,-2.702525,-1.274526
101.000000,-1.480233,-1.698897,-2.322529,-2.602041,-1.244446
102.000000,-1.324970,-1.548978,-2.175463,-2.427980,-0.748191
103.000000,-1.188145,-1.418337,-2.071784,-2.316180,-0.824055
104.000000,-1.006734,-1.320689,-1.989769,-2.215934,-0.611050
105.000000,-0.893643,-1.249324,-1.926363,-2.153218,-0.737208
106.000000,-0.791821,-1.189105,-1.883920,-2.121894,-0.776244
107.000000,-0.791054,-1.113986,-1.849695,-2.075359,-0.739146
108.000000,-0.770205,-1.034988,-1.691187,-2.027291,-0.720114
109.000000,-0.762700,-0.934751,-1.553586,-1.967354,-0.530568
110.000000,-0.770241,-0.876849,-1.445404,-1.928253,-0.753121
111.000000,-0.800971,-0.834401,-1.370376,-1.891180,-0.913285
112.000000,-0.752534,-0.813490,-1.290967,-1.817702,-0.460336
113.000000,-0.768920,-0.812060,-1.226937,-1.773775,-0.765851
114.000000,-0.776126,-0.815281,-1.180158,-1.741047,-0.450899
115.000000,-0.708877,-0.796457,-1.136507,-1.710203,-0.344327
116.000000,-0.653831,-0.801999,-1.109382,-1.702869,-0.710636
117.000000,-0.819606,-0.841417,-1.081322,-1.708581,-1.677095
118.000000,-0.967950,-0.898421,-1.048945,-1.608604,-1.709742
119.000000,-1.428114,-1.016492,-1.012221,-1.525312,-1.720880
120.000000,-2.092487,-1.107776,-0.988910,-1.449429,-1.683417
121.000000,-2.453601,-1.235933,-0.981038,-1.400099,-2.310875
122.000000,-2.577294,-1.592294,-1.038566,-1.369801,-2.557015
123.000000,-2.750856,-1.990150,-1.114770,-1.347449,-2.810599
124.000000,-2.791415,-2.452152,-1.226017,-1.349648,-2.502495
125.000000,-2.829297,-2.793160,-1.345685,-1.360358,-2.479549
126.000000,-2.699796,-2.796278,-1.463617,-1.370235,-2.140226
127.000000,-2.467822,-2.633559,-1.576523,-1.364024,-1.723532
128.000000,-2.161855,-2.473289,-1.678565,-1.348552,-1.447363
129.000000,-1.866222,-2.308094,-1.778226,-1.321874,-1.144238
130.000000,-1.566737,-2.167765,-1.824353,-1.305511,-1.038219
131.000000,-1.283475,-1.977820,-1.811059,-1.281110,-0.770273
132.000000,-1.014822,-1.755440,-1.827053,-1.287884,-0.425885
133.000000,-0.684655,-1.458660,-1.752434,-1.272519,0.171169
134.000000,-0.354811,-1.166545,-1.688240,-1.269254,0.499112
135.000000,0.048135,-0.828189,-1.598219,-1.243843,0.913081
136.000000,0.472547,-0.482626,-1.454599,-1.204296,1.174885
137.000000,0.884006,-0.136780,-1.285869,-1.156711,1.410417
138.000000,1.100612,0.165618,-1.147164,-1.118763,1.114732
139.000000,1.318559,0.495724,-0.987630,-1.081888,1.490403
140.000000,1.379668,0.800418,-0.849129,-1.028445,1.206270
141.000000,1.464611,1.132051,-0.637000,-0.925421,1.588513
142.000000,1.369111,1.330675,-0.437689,-0.896802,0.997064
143.000000,1.359281,1.450792,-0.169302,-0.816920,1.110133
144.000000,1.364250,1.568600,0.161299,-0.729108,1.510979
145.000000,1.323328,1.567463,0.494421,-0.673795,1.041892
146.000000,1.257475,1.564072,0.864387,-0.545961,1.278819
147.000000,1.317730,1.536024,1.224720,-0.378011,1.309022
148.000000,1.384710,1.558075,1.578668,-0.160141,1.453272
149.000000,1.343374,1.522582,1.864483,0.091486,1.327352
150.000000,1.440710,1.544491,2.116305,0.442231,1.534855
151.000000,0.751555,1.094099,1.906462,0.354046,-1.833810
152.000000,-0.073660,0.650804,1.601231,0.167488,-2.225934
153.000000,-0.970129,0.178807,1.236489,-0.037980,-2.214707
154.000000,-1.734350,-0.314058,0.879995,-0.280401,-1.945943
155.000000,-2.403557,-0.773744,0.478047,-0.597800,-1.961414
156.000000,-2.409346,-1.296893,0.005656,-1.147586,-2.120759
157.000000,-2.317035,-1.772968,-0.490456,-1.776147,-2.003691
158.000000,-2.159526,-2.132368,-0.904705,-2.213458,-1.678573
159.000000,-1.999728,-2.341232,-1.281453,-2.449259,-1.382076
160.000000,-1.863269,-2.497752,-1.612227,-2.608366,-1.425222
161.000000,-1.661968,-2.311049,-1.889650,-2.651954,-1.225922
162.000000,-1.382296,-2.055774,-1.986206,-2.542728,-0.727054
163.000000,-1.211116,-1.854872,-2.082572,-2.564195,-0.887586
164.000000,-1.131074,-1.714958,-2.186044,-2.611040,-1.014420
165.000000,-1.081333,-1.607036,-2.241803,-2.678521,-1.188457
166.000000,-1.066205,-1.485178,-2.273320,-2.696528,-1.156942
167.000000,-1.150605,-1.377250,-2.278179,-2.685178,-1.143464
168.000000,-1.195110,-1.303631,-2.270077,-2.625614,-1.115138
169.000000,-1.228107,-1.272090,-2.250056,-2.586380,-1.182010
170.000000,-1.222467,-1.236723,-2.230581,-2.522839,-1.166924
171.000000,-1.212179,-1.218424,-2.069963,-2.472910,-1.111707
172.000000,-1.154982,-1.228399,-1.903206,-2.375070,-0.867721
173.000000,-1.100401,-1.221064,-1.760872,-2.296190,-0.843786
174.000000,-1.011108,-1.192239,-1.643846,-2.235153,-0.740112
175.000000,-0.860369,-1.114718,-1.522397,-2.144502,-0.416050
176.000000,-0.688614,-1.029699,-1.397306,-2.070540,-0.262283
177.000000,-0.539662,-0.935579,-1.280710,-2.005787,-0.108931
178.000000,-0.291210,-0.804012,-1.168785,-1.939382,0.439101
179.000000,0.023048,-0.636130,-1.071980,-1.876401,0.880382
180.000000,0.394508,-0.432854,-0.970599,-1.830715,1.942178
181.000000,0.894143,-0.187921,-0.880097,-1.684285,1.954888
182.000000,1.632349,0.120390,-0.807326,-1.525506,2.337885
183.000000,2.093018,0.497223,-0.726978,-1.384724,1.860713
184.000000,2.191946,0.953514,-0.632310,-1.265106,1.640030
185.000000,2.054524,1.438142,-0.507947,-1.148424,1.556279
186.000000,1.855169,1.853408,-0.379471,-1.030476,1.180727
187.000000,1.663224,2.156780,-0.211567,-0.902968,1.470272
188.000000,1.678874,2.257749,0.019220,-0.769707,1.932029
189.000000,1.597132,2.141637,0.273507,-0.665912,1.313825
190.000000,1.431191,1.933626,0.545880,-0.566609,0.825247
191.000000,1.415610,1.805413,0.883037,-0.458297,1.146546
192.000000,1.376369,1.670331,1.242743,-0.372242,1.300689
193.000000,1.215554,1.571951,1.608028,-0.263568,1.166920
194.000000,1.179174,1.501011,1.914614,-0.120002,1.157647
195.000000,1.298737,1.477290,2.109056,0.096129,1.436893
196.000000,1.425883,1.534342,2.218024,0.389390,1.778253
197.000000,1.479356,1.536291,2.217617,0.735792,1.585731
198.000000,1.574658,1.500787,2.144462,1.152801,1.660311
199.000000,1.680177,1.530893,2.060538,1.615904,1.714124
200.000000,1.721461,1.596495,1.980114,2.025048,1.674281
201.000000,1.682478,1.618702,1.911017,2.287920,1.600959
202.000000,1.653051,1.616109,1.823537,2.377807,1.437511
203.000000,1.618603,1.636266,1.767231,2.384435,1.478872
204.000000,1.570843,1.661447,1.726276,2.334095,1.471911
205.000000,1.506485,1.651565,1.687111,2.238764,1.345286
206.000000,1.459352,1.610420,1.668867,2.145002,1.364398
207.000000,1.460456,1.597583,1.641496,2.061738,1.427215
208.000000,1.519414,1.607629,1.609591,1.983747,1.778397
209.000000,1.513546,1.579780,1.595916,1.904083,1.437995
210.000000,1.455778,1.518023,1.590905,1.826740,1.047599
211.000000,1.440800,1.484759,1.582974,1.770922,1.287792
212.000000,1.462217,1.492401,1.584153,1.717366,1.528909
213.000000,1.275540,1.428072,1.567776,1.659889,0.870521
214.000000,1.164907,1.367655,1.557135,1.615294,0.892190
215.000000,1.172076,1.340527,1.540689,1.582724,1.074395
216.000000,1.205964,1.350711,1.521596,1.575719,1.467533
217.000000,1.122797,1.323346,1.500631,1.550419,1.141209
218.000000,1.258016,1.292712,1.489887,1.520685,1.511683
219.000000,1.405238,1.306625,1.478323,1.516788,1.587712
220.000000,1.470284,1.341232,1.459393,1.524842,1.385252
221.000000,1.373442,1.311585,1.427794,1.512247,0.965962
222.000000,1.278309,1.221273,1.392121,1.490293,0.557707
223.000000,1.076523,1.200263,1.349925,1.475879,0.391896
224.000000,0.768032,1.155550,1.298608,1.460062,-0.030222
225.000000,0.532741,1.118835,1.269460,1.442876,0.367659
226.000000,0.321513,1.003863,1.230420,1.405916,0.046084
227.000000,0.202464,0.928871,1.188680,1.379356,0.067108
228.000000,0.482636,0.911925,1.168178,1.375254,1.842914
229.000000,1.128951,0.945901,1.193982,1.380377,2.472257
230.000000,1.812333,1.094868,1.270837,1.398374,2.760289
231.000000,2.576633,1.431101,1.358726,1.434755,2.967711
232.000000,2.679599,1.626183,1.355642,1.438532,1.307121
233.000000,2.432010,1.801350,1.398598,1.434162,1.095919
234.000000,2.097937,1.973568,1.435848,1.426391,0.961978
235.000000,1.836658,2.126936,1.488083,1.440418,1.474110
236.000000,1.376180,2.212527,1.481404,1.439761,0.998045
237.000000,0.897278,2.035563,1.404039,1.383280,-0.829643
238.000000,-0.727635,1.032495,0.990651,1.157476,-3.922690
239.000000,-2.673199,-0.554392,0.316185,0.849180,-3.957278
240.000000,-3.635860,-2.198987,-0.470607,0.530018,-3.233819
241.000000,-3.748136,-3.276391,-1.313637,0.148256,-2.785683
242.000000,-3.476770,-3.444355,-2.005218,-0.276183,-2.260577
243.000000,-2.960678,-3.317779,-2.426561,-0.656847,-1.781038
244.000000,-2.474399,-3.144725,-2.617860,-1.066989,-1.604432
245.000000,-2.029533,-2.941263,-2.614723,-1.423785,-1.107940
246.000000,-1.615987,-2.725293,-2.507999,-1.726525,-0.803208
247.000000,-1.311488,-2.507584,-2.409640,-1.950160,-0.807122
248.000000,-1.152612,-2.226430,-2.397353,-2.168640,-1.022993
249.000000,-0.971081,-1.901486,-2.352884,-2.259471,-0.757849
250.000000,-0.873728,-1.623346,-2.308519,-2.259621,-0.656967
251.000000,-0.839756,-1.382606,-2.279023,-2.211398,-0.646707
252.000000,-0.850618,-1.219709,-2.223806,-2.166134,-0.857067
253.000000,-0.785078,-1.092843,-2.155971,-2.098697,-0.720137
254.000000,-0.719928,-0.953802,-2.071449,-2.001657,-0.455241
255.000000,-0.796012,-0.941473,-2.058394,-1.982628,-1.006322
256.000000,-0.935074,-1.000025,-2.055576,-1.983044,-1.279610
257.000000,-1.072959,-1.083268,-2.031614,-1.997935,-1.469442
258.000000,-1.207373,-1.123639,-1.918091,-2.019604,-1.339306
259.000000,-1.341762,-1.166302,-1.765318,-2.026030,-1.118447
260.000000,-1.289380,-1.177101,-1.612149,-2.011256,-0.761667
261.000000,-1.188061,-1.191696,-1.480486,-2.008448,-0.770204
262.000000,-0.987495,-1.154098,-1.361561,-1.963155,-0.471837
263.000000,-0.796555,-1.133937,-1.273884,-1.922305,-0.418091
264.000000,-0.601130,-1.133344,-1.189578,-1.879568,-0.177033
265.000000,-0.490181,-1.077483,-1.147132,-1.858523,-0.199067
266.000000,-0.491936,-1.049807,-1.162254,-1.862628,-0.972906
267.000000,-0.560307,-0.979528,-1.174523,-1.839858,-0.786598
268.000000,-0.662903,-0.915451,-1.169691,-1.753587,-0.690632
269.000000,-0.990445,-0.925107,-1.202811,-1.650000,-1.216401
270.000000,-1.323475,-1.044222,-1.251273,-1.558075,-1.421445
271.000000,-1.194883,-1.079337,-1.273434,-1.455040,-0.765833
272.000000,-1.178790,-1.179282,-1.275242,-1.370250,-0.801465
273.000000,-1.188557,-1.263798,-1.288532,-1.307673,-0.768196
274.000000,-1.113051,-1.397982,-1.336357,-1.257561,-0.928431
275.000000,-0.501249,-1.171768,-1.236634,-1.184847,1.125588
276.000000,0.088305,-0.706796,-1.074851,-1.117686,1.690309
277.000000,0.674752,-0.321310,-0.875886,-1.054252,1.594387
278.000000,1.605485,0.303207,-0.566648,-0.929515,2.736476
279.000000,2.579572,1.150524,-0.161548,-0.788297,3.017999
280.000000,2.815018,1.899212,0.257372,-0.653048,2.536167
281.000000,2.792644,2.367362,0.751698,-0.514575,2.186741
282.000000,2.726302,2.664105,1.262209,-0.342209,1.994822
283.000000,2.448492,2.777398,1.742396,-0.171136,1.693674
284.000000,2.133573,2.813841,2.111545,0.001314,1.586874
285.000000,1.924153,2.659510,2.348418,0.288471,1.593643
286.000000,1.753119,2.472424,2.486586,0.673565,1.437331
287.000000,1.605726,2.318909,2.491980,1.165901,1.357690
288.000000,1.478568,2.090162,2.436137,1.654691,1.144420
289.000000,1.373185,1.856698,2.397854,2.053702,1.089129
290.000000,1.272910,1.684934,2.365518,2.284538,1.108440
291.000000,1.182164,1.544459,2.288932,2.373906,1.000810
292.000000,1.094105,1.421409,2.217139,2.347555,0.936898
293.000000,1.141600,1.381389,2.187952,2.329384,1.367607
294.000000,1.183791,1.347744,2.157048,2.267952,1.289484
295.000000,1.217230,1.311771,2.062339,2.209322,1.269153
296.000000,1.271348,1.292938,1.970207,2.190669,1.276113
297.000000,1.375322,1.303784,1.911609,2.175760,1.464739
298.000000,1.319583,1.296729,1.799564,2.132067,1.104531
299.000000,1.281785,1.295175,1.682419,2.106180,1.104242
300.000000,1.253353,1.293300,1.591993,2.085883,1.121452
301.000000,1.166943,1.274669,1.506672,2.032046,0.809949
302.000000,1.035826,1.267386,1.435301,1.986325,0.820487
303.000000,1.015424,1.230094,1.390999,1.952757,1.009770
304.000000,0.951772,1.184835,1.347097,1.918437,0.755319
305.000000,0.837018,1.128828,1.297275,1.840640,0.504432
306.000000,0.810503,1.074740,1.259970,1.767066,0.583971
307.000000,0.908792,1.032559,1.247033,1.722075,1.411815
308.000000,1.057153,1.077862,1.259017,1.659577,1.854005
309.000000,1.326133,1.140100,1.277670,1.588247,1.905645
310.000000,1.557120,1.171385,1.283862,1.524063,1.443940
311.000000,1.939401,1.361715,1.328704,1.492591,2.314739
312.000000,2.158065,1.595871,1.392715,1.475110,2.457184
313.000000,2.322365,1.833838,1.441647,1.480432,2.618144
314.000000,2.456516,2.093682,1.509726,1.498577,2.590136
315.000000,2.647462,2.349496,1.598500,1.525432,2.639472
316.000000,2.506804,2.418299,1.647443,1.536282,1.876840
317.000000,2.320991,2.369215,1.666734,1.543578,1.652485
318.000000,2.187091,2.334162,1.740381,1.572434,1.926999
319.000000,1.960208,2.242953,1.778692,1.586003,1.438602
320.000000,1.601404,2.130989,1.770471,1.577727,0.835243
321.000000,1.317069,1.939046,1.759539,1.562373,0.411234
322.000000,1.059119,1.747240,1.739931,1.550959,0.301707
323.000000,0.670598,1.521120,1.688220,1.510775,0.058787
324.000000,0.390807,1.300414,1.658540,1.481474,0.167911
325.000000,0.305576,1.082445,1.658730,1.466312,0.488799
326.000000,0.310099,0.932874,1.649171,1.449233,0.445986
327.000000,0.416601,0.836399,1.627453,1.431256,0.803045
328.000000,0.592716,0.699038,1.595014,1.438811,0.867324
329.000000,0.745472,0.619732,1.562136,1.445738,0.869518
330.000000,0.828482,0.621327,1.548724,1.450435,0.871986
331.000000,0.920594,0.681048,1.499869,1.473666,0.877860
332.000000,0.900563,0.734428,1.431137,1.487762,0.694516
333.000000,0.768998,0.766413,1.321323,1.472773,0.204945
334.000000,0.653009,0.796265,1.208611,1.474516,0.288771
335.000000,0.512904,0.778577,1.072405,1.484087,0.183041
336.000000,0.231155,0.707393,0.953086,1.473057,-0.533416
337.000000,-0.173720,0.521604,0.813522,1.423706,-1.254805
338.000000,-0.910360,0.105892,0.539910,1.311605,-2.847287
339.000000,-1.731510,-0.385246,0.279883,1.203036,-2.516360
340.000000,-2.356139,-0.947447,0.066040,1.124996,-2.076678
341.000000,-2.460315,-1.497697,-0.083871,1.038175,-1.332589
342.000000,-2.413697,-2.075141,-0.276465,0.915614,-1.551178
343.000000,-2.069804,-2.446056,-0.484724,0.750381,-1.562124
344.000000,-1.795974,-2.613076,-0.738295,0.543981,-1.481781
345.000000,-1.596239,-2.571826,-1.031250,0.283277,-1.273807
346.000000,-1.504339,-2.391833,-1.286302,0.054241,-0.974089
347.000000,-1.418459,-2.219199,-1.606914,-0.221457,-1.166073
348.000000,-1.306970,-1.920877,-1.848673,-0.575234,-1.041238
349.000000,-1.160992,-1.670601,-1.986195,-0.883955,-0.795820
350.000000,-1.038068,-1.492326,-2.059998,-1.115762,-0.706375
351.000000,-0.921419,-1.381640,-2.069005,-1.257709,-0.443760
352.000000,-0.772729,-1.256319,-2.046060,-1.373433,-0.531968
353.000000,-0.643108,-1.116983,-1.968392,-1.438640,-0.474125
354.000000,-0.526039,-0.958306,-1.890691,-1.480681,-0.262602
355.000000,-0.528741,-0.882825,-1.849714,-1.582939,-0.718914
356.000000,-0.698041,-0.907406,-1.811148,-1.697754,-1.213994
357.000000,-0.780850,-0.870511,-1.729162,-1.791552,-0.922173
358.000000,-0.799783,-0.808996,-1.548222,-1.829239,-0.559814
359.000000,-0.761232,-0.718501,-1.367605,-1.810995,-0.013566
360.000000,0.186563,-0.203981,-0.997443,-1.545817,3.300572
361.000000,1.241305,0.245160,-0.709186,-1.347493,2.663631
362.000000,2.312788,0.812386,-0.340129,-1.114717,2.812766
363.000000,3.017977,1.431785,0.101110,-0.835106,2.688343
364.000000,3.216736,1.965792,0.575130,-0.584659,2.323839
365.000000,2.891190,2.487309,1.105224,-0.291446,2.330280
366.000000,2.707511,2.867282,1.631657,0.088184,2.229838
367.000000,2.480829,2.978455,2.096940,0.541581,1.998082
368.000000,2.263557,2.921746,2.388131,1.152020,1.845871
369.000000,2.096349,2.785499,2.508288,1.727146,1.675823
370.000000,2.026038,2.545819,2.597306,2.273331,2.015368
371.000000,1.897273,2.354687,2.568982,2.551867,1.642622
372.000000,1.774692,2.165872,2.504331,2.678316,1.435994
373.000000,1.656967,1.994469,2.421905,2.688635,1.295242
374.000000,1.525779,1.842804,2.315994,2.614559,1.047554
375.000000,1.309934,1.694481,2.232458,2.508648,0.938973
376.000000,1.160862,1.559737,2.173505,2.398897,0.905551
377.000000,1.016793,1.431748,2.099220,2.296907,0.726250
378.000000,0.899894,1.320915,2.027126,2.206902,0.724269
379.000000,0.773287,1.197555,1.935644,2.102785,0.418031
380.000000,0.673915,1.040906,1.779210,2.018405,0.447439
381.000000,0.522689,0.891881,1.645227,1.924507,0.159198
382.000000,0.377745,0.748119,1.511600,1.841803,0.007784
383.000000,0.257238,0.630936,1.397086,1.780697,0.162079
384.000000,0.247712,0.561131,1.313436,1.736638,0.399962
385.000000,0.177651,0.476600,1.218461,1.699403,0.126105
386.000000,0.190000,0.400193,1.132657,1.686288,0.221108
387.000000,0.185442,0.316336,1.045547,1.662636,-0.131636
388.000000,0.210668,0.255959,0.980029,1.652522,0.315372
389.000000,-0.004939,0.166598,0.893426,1.617505,-1.108667
390.000000,-0.278094,0.030427,0.761174,1.509552,-1.524945
391.000000,-0.747157,-0.092580,0.639038,1.422438,-1.668197
392.000000,-0.942075,-0.137996,0.547049,1.351009,-0.437315
393.000000,-1.479445,-0.318940,0.425378,1.261258,-1.458210
394.000000,-1.353525,-0.549656,0.334119,1.196544,-0.598566
395.000000,-1.105576,-0.756484,0.239830,1.127168,-0.519618
396.000000,-0.410446,-0.768498,0.193991,1.087160,1.245776
397.000000,-0.035504,-0.631521,0.159155,1.049904,1.107223
398.000000,0.324031,-0.708421,0.064010,0.990293,0.049297
399.000000,0.412096,-0.578970,-0.017478,0.926040,-0.232519
400.000000,0.375416,-0.458803,-0.162379,0.803288,-0.777989
401.000000,-0.030561,-0.274580,-0.258527,0.699732,-0.433385
402.000000,-0.389916,-0.239061,-0.320888,0.602477,-0.183522
403.000000,-0.362744,0.026436,-0.397539,0.513624,0.370752
404.000000,0.365212,0.467459,-0.351968,0.498896,2.482879
405.000000,0.834709,0.670543,-0.377795,0.433118,0.515276
406.000000,0.997031,0.453285,-0.482489,0.332247,-0.181581
407.000000,0.772265,0.075144,-0.558131,0.206173,-1.004935
408.000000,-0.353550,-0.501211,-0.925069,-0.033695,-2.540113
409.000000,-1.609730,-0.752847,-0.893198,-0.178826,-0.867083
410.000000,-2.069869,-0.923827,-0.829148,-0.379400,-0.988304
411.000000,-2.318221,-1.329910,-0.814677,-0.592989,-1.392511
412.000000,-2.246285,-1.690627,-0.968854,-0.812227,-1.250952
413.000000,-1.800126,-2.093512,-0.985419,-1.138781,-1.288971
414.000000,-1.980701,-2.870972,-1.252938,-1.620952,-1.725954
415.000000,-1.732172,-2.695614,-1.327016,-1.778189,-0.394322
416.000000,-1.058419,-2.216049,-1.513118,-1.690612,0.896768
417.000000,-0.664983,-1.871730,-1.842985,-1.570704,0.166130
418.000000,-0.250572,-1.308335,-1.992418,-1.543200,0.197094
419.000000,0.606362,-0.881913,-1.837994,-1.263191,1.173534
420.000000,0.977107,-0.501632,-1.487443,-0.981910,0.905358
421.000000,0.964251,-0.045252,-1.144448,-0.692531,0.894865
422.000000,1.021178,0.286460,-0.983188,-0.608190,0.421450
423.000000,0.776883,0.400543,-1.247910,-0.530256,-0.668235
424.000000,0.033041,0.452710,-2.105339,-0.674378,-1.397208
425.000000,-0.611346,0.251144,-2.339988,-0.824985,-1.264426
426.000000,-1.086889,-0.113409,-2.284553,-1.179499,-0.824122
427.000000,-1.694805,-0.567323,-2.330150,-1.719469,-1.941784
428.000000,-2.128546,-1.160386,-2.242861,-2.190343,-2.419391
429.000000,-2.187678,-1.759943,-2.296316,-2.472737,-1.821699
430.000000,-2.189142,-2.141096,-2.263803,-2.528094,-1.524035
431.000000,-2.349853,-2.489494,-2.260564,-2.622672,-1.894808
432.000000,-2.121743,-2.545017,-2.177191,-2.584336,-1.258587
433.000000,-1.864260,-2.488295,-2.135430,-2.585861,-1.413529
434.000000,-1.948167,-2.509132,-2.191262,-2.801513,-2.288106
435.000000,-2.077187,-2.538215,-2.365683,-2.796795,-2.204758
436.000000,-2.121963,-2.582643,-2.593820,-2.735207,-2.169975
437.000000,-2.233840,-2.481313,-2.657883,-2.623974,-1.973926
438.000000,-2.186514,-2.286165,-2.616684,-2.417945,-1.558083
439.000000,-2.033197,-2.195847,-2.643287,-2.346454,-1.687555
440.000000,-1.850026,-2.110186,-2.600744,-2.256943,-1.409485
441.000000,-1.700539,-2.012648,-2.561514,-2.175308,-1.476531
442.000000,-1.599758,-1.985724,-2.498642,-2.118642,-1.505116
443.000000,-1.630527,-1.975300,-2.420672,-2.088042,-1.713413
444.000000,-1.681567,-1.926725,-2.345921,-2.061825,-1.907344
445.000000,-1.625713,-1.802123,-2.232211,-2.027572,-1.219582
446.000000,-1.642367,-1.735079,-2.185426,-2.065230,-1.604439
447.000000,-1.665397,-1.694013,-2.112897,-2.074797,-1.661466
448.000000,-1.571094,-1.648412,-2.004128,-2.051697,-1.277375
449.000000,-1.418999,-1.581196,-1.922954,-2.048092,-1.156079
450.000000,-1.683752,-1.688387,-1.955830,-2.119034,-2.474531
451.000000,-1.834562,-1.766916,-1.960197,-2.165933,-2.290933
452.000000,-1.831498,-1.766836,-1.941241,-2.151814,-1.607443
453.000000,-1.744433,-1.667739,-1.869027,-2.075627,-0.751588
454.000000,-1.618589,-1.525484,-1.756515,-1.981964,-0.393441
455.000000,-1.199208,-1.458749,-1.656066,-1.906179,-0.364534
456.000000,-0.752447,-1.344001,-1.557759,-1.845077,-0.209067
457.000000,-0.476003,-1.240116,-1.482603,-1.777318,-0.414444
458.000000,-0.429139,-1.192299,-1.438221,-1.710004,-0.577695
459.000000,-0.009363,-0.955753,-1.295127,-1.587498,1.589136
460.000000,0.465170,-0.508025,-1.167676,-1.482217,1.667005
461.000000,0.961200,-0.001318,-1.031980,-1.370213,1.759904
462.000000,1.506660,0.461320,-0.893607,-1.282840,1.736126
463.000000,2.040687,0.836993,-0.734072,-1.195419,1.714665
464.000000,2.029439,1.178801,-0.540862,-1.082045,1.654762
465.000000,1.932337,1.477047,-0.387934,-0.975133,1.403128
466.000000,1.808349,1.711666,-0.177566,-0.860937,1.364574
467.000000,1.671916,1.907243,0.070558,-0.748731,1.245546
468.000000,1.540248,2.062301,0.323189,-0.647940,1.187397
469.000000,1.449245,1.959824,0.616802,-0.521114,1.281183
470.000000,1.398024,1.850739,1.107486,-0.395445,1.212369
471.000000,1.324353,1.723588,1.587094,-0.255088,1.069543
472.000000,1.142755,1.535097,1.864429,-0.136850,0.459184
473.000000,0.919058,1.331843,1.946984,0.000311,0.174143
474.000000,0.681249,1.148077,1.946793,0.197530,0.180513
475.000000,0.422781,0.980551,1.902937,0.357267,0.023304
476.000000,0.233146,0.845163,1.849260,0.630944,0.215071
477.000000,0.187045,0.729954,1.809195,0.987843,0.256934
478.000000,0.193137,0.615814,1.773479,1.342825,0.201391
479.000000,0.235991,0.509193,1.611426,1.711944,0.377954
480.000000,0.375466,0.438791,1.488255,2.221935,0.690729
481.000000,0.331095,0.305731,1.323354,2.409275,-0.072821
482.000000,0.218042,0.220074,1.163038,2.365509,-0.442428
483.000000,0.105269,0.169791,1.018341,2.214885,-0.459393
484.000000,-0.060732,0.127946,0.889441,2.069723,-0.308296
485.000000,-0.378006,0.102396,0.778121,1.951888,-0.381238
486.000000,-0.391747,0.077365,0.687451,1.871171,0.030892
487.000000,-0.476898,-0.033848,0.568381,1.793019,-0.826211
488.000000,-0.641409,-0.184920,0.441116,1.742994,-1.198376
489.000000,-1.012477,-0.511337,0.258809,1.530842,-1.756531
490.000000,-1.096314,-0.883471,0.102730,1.375468,-0.688504
491.000000,-1.054313,-0.938011,-0.020715,1.254360,0.211294
492.000000,-0.671334,-0.797776,-0.057506,1.157887,0.632413
493.000000,-0.186418,-0.578235,-0.037728,1.077026,0.945330
494.000000,1.010143,-0.052864,0.132995,1.080462,2.822500
495.000000,2.133502,0.661874,0.472617,1.151863,3.185703
496.000000,2.595720,1.122248,0.777266,1.184582,2.257617
497.000000,2.828693,1.724335,1.175196,1.242166,2.276099
498.000000,2.960054,2.350139,1.736289,1.341546,2.483165
499.000000,2.776440,2.824838,2.262634,1.433820,2.352909
500.000000,2.594420,3.015802,2.577841,1.562881,2.457679
501.000000,2.535847,2.993958,2.800760,1.700091,2.255446
502.000000,2.476471,2.914570,2.919327,1.920805,2.238070
503.000000,2.304607,2.766083,2.885062,2.113786,1.856821
504.000000,2.186084,2.566736,2.821916,2.277853,1.892021
505.000000,2.134007,2.424169,2.796961,2.466217,2.191805
506.000000,1.975394,2.276089,2.655470,2.503352,1.523321
507.000000,1.871534,2.178712,2.594253,2.530111,1.716168
508.000000,1.869369,2.099453,2.552399,2.553609,1.851229
509.000000,1.840257,2.027944,2.514141,2.533556,1.756879
510.000000,1.768257,1.962949,2.454149,2.480874,1.808096
511.000000,1.768239,1.890262,2.363129,2.436864,1.577299
512.000000,1.688598,1.796966,2.264373,2.379373,1.356437
513.000000,1.535732,1.710994,2.161131,2.302406,1.093144
514.000000,1.434293,1.644135,2.053742,2.240838,1.242168
515.000000,1.304237,1.543645,1.944064,2.180063,1.153634
516.000000,1.134518,1.461620,1.843843,2.089554,0.723776
517.000000,0.970108,1.348059,1.745076,2.015927,0.515962
518.000000,0.889282,1.239152,1.659975,1.962557,0.674551
519.000000,0.818798,1.160781,1.598851,1.938401,0.938452
520.000000,0.655528,1.023065,1.510574,1.879067,0.335155
521.000000,0.497093,0.866661,1.414573,1.802250,-0.182867
522.000000,0.344929,0.716191,1.316322,1.730099,-0.396838
523.000000,-0.053764,0.516129,1.203295,1.640405,-1.495631
524.000000,-0.480835,0.319681,1.111390,1.556161,-0.876150
525.000000,-0.703012,0.142119,1.014026,1.480434,-0.421233
526.000000,-0.718274,0.039876,0.964582,1.437382,0.007978
527.000000,-0.609199,-0.017314,0.911271,1.404418,0.340510
528.000000,-0.236057,-0.134962,0.835026,1.361666,0.089548
529.000000,-0.034735,-0.338532,0.750234,1.318900,-0.106153
530.000000,0.113753,-0.430548,0.655180,1.276392,0.137080
531.000000,0.099799,-0.454198,0.557783,1.233909,-0.085175
532.000000,-0.058352,-0.458671,0.458233,1.182999,-0.290308
533.000000,-0.234121,-0.290962,0.357551,1.138016,-0.618306
534.000000,-0.473867,-0.288575,0.194788,1.077436,-1.052393
535.000000,-0.569150,-0.256401,0.044461,1.010238,-0.229902
536.000000,-0.653906,-0.337608,-0.091430,0.970674,-0.428193
537.000000,-0.678939,-0.476978,-0.231859,0.913060,-0.406873
538.000000,-0.683903,-0.602988,-0.475599,0.824950,-0.661852
539.000000,-0.551647,-0.665561,-0.839589,0.729404,-0.536024
540.000000,-0.580780,-0.734393,-1.103369,0.609307,-0.363068
541.000000,-0.483087,-0.712679,-1.191174,0.497523,0.038853
542.000000,-0.470167,-0.709724,-1.215646,0.370261,-0.311926
543.000000,-0.341787,-0.640100,-0.932183,0.254651,-0.129902
544.000000,0.012583,-0.372389,-0.647791,0.124881,0.928209
545.000000,0.410571,-0.211366,-0.439917,-0.022657,1.139305
546.000000,0.884231,0.088021,-0.260681,-0.088984,1.649986
547.000000,1.378672,0.392132,-0.180409,-0.145202,1.262171
548.000000,1.990114,0.972144,0.035163,-0.189883,1.933858
549.000000,1.760737,1.302735,0.072714,-0.505884,0.153708
550.000000,1.565976,1.692172,0.115769,-0.624733,0.502194
551.000000,1.560543,2.177452,0.377746,-0.391737,1.719602
552.000000,1.752004,2.626678,0.788103,0.041116,2.114668
553.000000,1.893775,2.849465,1.364562,0.941468,2.826576
554.000000,2.580825,2.871378,2.052347,1.728026,3.113297
555.000000,3.090246,2.911660,2.483848,2.320884,3.092780
556.000000,3.195058,2.892485,2.798658,2.641656,2.922640
557.000000,3.100590,2.866032,2.926207,2.742910,2.600008
558.000000,2.878561,2.749387,2.935349,2.770299,2.272736
559.000000,2.748238,2.845842,2.932278,2.832103,2.553891
560.000000,2.425144,2.737841,2.775011,2.702039,1.610869
561.000000,2.113962,2.554631,2.608743,2.582531,1.378817
562.000000,1.848597,2.375064,2.484346,2.479820,1.246715
563.000000,1.666806,2.212964,2.386761,2.415585,1.324388
564.000000,1.307372,1.992863,2.229556,2.321872,0.764009
565.000000,1.147610,1.794358,2.110928,2.212106,0.824839
566.000000,1.073194,1.628613,2.016167,2.143817,1.012645
567.000000,1.027301,1.486130,1.949679,2.084389,1.022367
568.000000,0.762809,1.267374,1.808953,1.975992,0.017202
569.000000,0.696967,1.052916,1.771623,1.909515,0.421625
570.000000,0.486579,0.867878,1.694250,1.813497,-0.251131
571.000000,0.179834,0.684201,1.584144,1.714463,-0.477559
572.000000,-0.138678,0.516517,1.479125,1.647268,-0.429019
573.000000,-0.261925,0.317046,1.360022,1.583566,-0.573301
574.000000,-0.450626,0.197588,1.241895,1.518710,-0.367387
575.000000,-0.341964,0.130470,1.149173,1.493700,0.346085
576.000000,-0.455083,-0.110121,0.977596,1.406141,-1.034342
577.000000,-0.510286,-0.337216,0.826022,1.352588,-0.668783
578.000000,-0.537681,-0.433457,0.675832,1.288363,-0.690028
579.000000,-0.650423,-0.616562,0.473930,1.276843,-0.858546
580.000000,-0.952176,-0.714585,0.323889,1.267612,-0.909542
581.000000,-0.920131,-0.785223,0.174601,1.234301,-0.888839
582.000000,-1.012377,-0.887829,0.003343,1.185821,-1.033377
583.000000,-1.123778,-0.984201,-0.220970,1.111114,-1.130781
584.000000,-1.334786,-1.203369,-0.475307,0.975926,-1.771460
585.000000,-1.601295,-1.569240,-0.831146,0.780272,-2.087427
586.000000,-1.655032,-1.568256,-1.195215,0.585728,-1.309384
587.000000,-1.716444,-1.619888,-1.594861,0.343400,-1.469389
588.000000,-1.894993,-1.729960,-1.872060,0.008265,-2.054095
589.000000,-1.839850,-1.732244,-2.053021,-0.410051,-1.567158
590.000000,-1.553276,-1.648625,-1.997192,-0.722800,-0.702164
591.000000,-1.483378,-1.614897,-1.915491,-1.075591,-0.923251
592.000000,-1.331423,-1.561489,-1.817705,-1.414244,-0.678918
593.000000,-1.040355,-1.525020,-1.720393,-1.749940,-0.765540
594.000000,-0.859509,-1.429993,-1.656321,-1.937516,-0.780182
595.000000,-0.652212,-1.188641,-1.593487,-1.984328,0.364462
596.000000,-0.579110,-1.133273,-1.489885,-2.072401,-0.612659
597.000000,-0.148529,-0.877005,-1.337851,-1.995936,1.495247
598.000000,0.027525,-0.637793,-1.275299,-1.885685,-0.134256
599.000000,0.492680,-0.344156,-1.173411,-1.779780,0.984766
600.000000,0.855456,-0.064601,-1.050989,-1.588616,1.709592
601.000000,1.238717,0.175470,-0.987720,-1.452442,0.650374
602.000000,0.593821,0.192000,-0.999066,-1.411498,-0.935626
603.000000,0.662849,0.362387,-0.955789,-1.323836,0.096248
604.000000,0.220511,0.434517,-0.902725,-1.299004,-0.692042
605.000000,-0.718598,0.121088,-0.871466,-1.376527,-1.748227
606.000000,-1.173083,0.076845,-0.868135,-1.325559,-1.010888
607.000000,-1.147043,-0.344052,-0.836632,-1.305370,-0.856566
608.000000,-1.101006,-0.276398,-0.632932,-1.244440,0.312390
609.000000,-0.793314,-0.377311,-0.450628,-1.183660,0.471959
610.000000,-0.017825,-0.525812,-0.305901,-1.113637,1.045983
611.000000,0.779476,-0.333206,-0.017800,-1.026307,1.687751
612.000000,1.503876,0.223462,0.309397,-0.937507,1.597623
613.000000,1.775830,0.554853,0.728553,-0.852995,1.348963
614.000000,1.624493,0.785763,1.074871,-0.775680,0.139766
615.000000,1.409428,1.279616,1.255064,-0.618300,0.399707
616.000000,0.666752,1.227639,1.337505,-0.628293,-1.066175
617.000000,0.157495,1.319061,0.989626,-0.544023,-0.281211
618.000000,-0.130316,1.299108,1.158657,-0.244687,0.389591
619.000000,0.449571,1.627899,1.454847,0.260622,2.172442
620.000000,1.183035,1.935956,1.681476,0.821650,2.530445
621.000000,2.398566,2.186755,2.183353,1.608284,2.684404
622.000000,3.058324,2.450195,2.798437,2.339523,2.607954
623.000000,3.206933,2.686321,2.961260,2.801291,2.397538
624.000000,3.142966,3.104774,3.191348,3.086078,2.803899
625.000000,2.972124,3.197743,3.293673,3.039452,2.487363
626.000000,2.670492,3.194046,3.145667,2.932479,1.813125
627.000000,2.453793,3.078295,3.017066,2.730402,1.877943
628.000000,2.327376,2.943153,2.872085,2.677580,1.969589
629.000000,2.024874,2.672055,2.692677,2.519572,1.429464
630.000000,1.757790,2.426421,2.517791,2.351348,1.258262
631.000000,1.529339,2.159381,2.313957,2.211718,0.773523
632.000000,1.256043,1.912776,2.142271,2.135781,0.552058
633.000000,0.906649,1.677630,1.990734,2.013831,0.271262
634.000000,0.785667,1.484620,1.960063,1.988059,0.852607
635.000000,0.717252,1.327155,1.932143,2.003813,0.957521
636.000000,0.675695,1.194557,1.924847,1.967352,0.570846
637.000000,0.639008,1.033547,1.879369,1.920416,0.344297
638.000000,0.713402,0.878269,1.834177,1.867322,0.577823
639.000000,0.628713,0.767482,1.738591,1.813748,0.445757
640.000000,0.397827,0.616896,1.606878,1.727683,-0.130421
641.000000,0.188754,0.493538,1.458917,1.625623,-0.417734
642.000000,0.061654,0.411525,1.325450,1.547904,-0.246439
643.000000,-0.225846,0.313187,1.174073,1.463761,-0.721134
644.000000,-0.649288,0.042452,0.952136,1.386352,-1.466736
645.000000,-0.953557,-0.267408,0.732686,1.309958,-1.484741
646.000000,-1.216500,-0.549232,0.544654,1.282573,-1.597183
647.000000,-1.570171,-0.840218,0.325520,1.235906,-1.791535
648.000000,-1.871446,-1.218507,0.051970,1.165564,-1.995453
649.000000,-1.990888,-1.596540,-0.224763,1.037974,-2.016429
650.000000,-1.943915,-1.792997,-0.490731,0.918098,-1.420750
651.000000,-1.905667,-1.947574,-0.771507,0.751335,-1.625326
652.000000,-1.730880,-2.016290,-1.017487,0.585660,-1.148753
653.000000,-1.128912,-1.745418,-1.045658,0.555451,0.831366
654.000000,-0.554812,-1.411335,-1.147404,0.452736,0.759758
655.000000,-0.011759,-1.051862,-1.196630,0.365130,1.140955
656.000000,0.597066,-0.715444,-1.174246,0.314607,1.089887
657.000000,1.141251,-0.355063,-1.082400,0.245814,1.227283
658.000000,1.431246,0.151938,-0.900685,0.241561,2.059942
659.000000,1.767989,0.731511,-0.662944,0.360399,2.182664
660.000000,2.103039,1.341863,-0.262538,0.654479,2.550715
661.000000,2.408118,1.973719,0.230094,1.208965,2.573207
662.000000,2.569559,2.405764,0.711795,1.912506,2.392315
663.000000,2.474078,2.452410,1.173751,2.593106,1.989892
664.000000,2.341232,2.449042,1.639972,2.922857,1.804431
665.000000,2.092125,2.350261,1.957235,2.925467,1.421686
666.000000,1.841132,2.259457,2.184790,2.885733,1.339297
667.000000,1.610862,2.163090,2.336334,2.810257,1.252340
668.000000,1.466316,2.034996,2.443479,2.701262,1.278176
669.000000,1.363173,1.919937,2.503447,2.615962,1.296198
670.000000,1.337462,1.789369,2.491891,2.581701,1.304942
671.000000,1.348843,1.671508,2.480830,2.569572,1.401815
672.000000,1.502667,1.639898,2.488118,2.609265,1.960231
673.000000,1.754304,1.704580,2.449524,2.701291,2.390510
674.000000,1.933312,1.752086,2.397247,2.738161,2.158567
675.000000,2.122175,1.849313,2.357043,2.750960,2.279296
676.000000,2.243647,1.930581,2.316794,2.721073,2.156076
677.000000,2.166924,1.950262,2.241806,2.636283,1.694542
678.000000,1.978461,1.938526,2.143568,2.542907,1.455867
679.000000,1.856668,1.938555,2.066071,2.470976,1.534113
680.000000,1.751695,1.961994,2.004022,2.410189,1.733442
681.000000,1.733070,2.012674,1.968997,2.382757,2.052328
682.000000,1.814703,2.022439,1.943737,2.348203,2.077471
683.000000,1.821551,1.933012,1.895980,2.249098,1.501278
684.000000,1.882107,1.902756,1.883380,2.191833,1.843751
685.000000,1.838451,1.827021,1.867897,2.124256,1.539146
686.000000,1.771166,1.781979,1.869631,2.079416,1.716791
687.000000,1.738427,1.803515,1.887284,2.051026,1.898392
688.000000,1.761598,1.817767,1.888255,2.004728,1.631597
689.000000,1.620068,1.772480,1.862170,1.941358,1.148245
690.000000,1.520514,1.699688,1.833350,1.875327,1.040727
691.000000,1.379525,1.594813,1.802451,1.812740,1.003759
692.000000,1.211492,1.495269,1.757916,1.760604,1.069961
693.000000,1.086220,1.449293,1.694979,1.718624,1.027393
694.000000,1.167615,1.421691,1.669520,1.705113,1.543490
695.000000,1.147703,1.363106,1.605487,1.678273,0.931923
696.000000,1.156521,1.296342,1.552461,1.660590,1.034757
697.000000,1.142514,1.202070,1.520661,1.645741,0.980292
698.000000,1.130477,1.129000,1.500080,1.631844,0.931670
699.000000,1.129335,1.170528,1.506839,1.641316,1.641995
700.000000,1.291530,1.231678,1.505973,1.653014,1.730200
701.000000,1.363015,1.263250,1.469616,1.650806,1.300982
702.000000,1.554690,1.333492,1.449066,1.648158,1.830092
703.000000,1.803822,1.433168,1.466976,1.636625,1.998677
704.000000,1.898309,1.481011,1.468543,1.632590,2.054976
705.000000,1.834812,1.558122,1.463035,1.606376,1.433773
706.000000,1.804250,1.595187,1.434877,1.575421,1.164278
707.000000,1.719911,1.663216,1.403584,1.567592,1.415365
708.000000,1.564824,1.718514,1.381177,1.564256,1.235779
709.000000,1.362080,1.670126,1.386259,1.555000,1.091768
710.000000,1.197625,1.565181,1.381626,1.527126,0.570716
711.000000,1.051859,1.494266,1.374399,1.482002,0.380358
712.000000,0.882728,1.385189,1.374153,1.440216,0.672197
713.000000,0.547975,1.161399,1.343640,1.401948,-0.349120
714.000000,0.117595,0.861368,1.251724,1.337349,-0.872759
715.000000,-0.522115,0.476930,1.151053,1.255731,-2.202983
716.000000,-1.226113,0.036394,1.015472,1.153556,-2.368511
717.000000,-1.786184,-0.417523,0.901315,1.051225,-1.676580
718.000000,-1.986044,-0.840397,0.787337,0.960410,-1.467530
719.000000,-2.078807,-1.254446,0.584127,0.886890,-1.586727
720.000000,-1.820845,-1.496081,0.384058,0.832426,-1.118234
721.000000,-1.565079,-1.700768,0.193652,0.772376,-1.223610
722.000000,-1.575361,-1.974936,-0.129983,0.677156,-1.728285
723.000000,-1.559350,-2.040128,-0.504707,0.585502,-1.427338
724.000000,-1.517855,-2.034819,-0.948207,0.429258,-1.450439
725.000000,-1.489527,-1.859804,-1.314361,0.321423,-1.084599
726.000000,-1.395269,-1.651983,-1.621897,0.197110,-0.858725
727.000000,-1.238500,-1.547839,-1.934082,0.037009,-1.000146
728.000000,-1.076951,-1.432156,-2.103726,-0.127386,-0.678277
729.000000,-0.906983,-1.307172,-2.171891,-0.419830,-0.655469
730.000000,-0.754824,-1.204464,-2.117099,-0.753827,-0.372395
731.000000,-0.608183,-1.075496,-2.022998,-1.049157,-0.161178
732.000000,-0.423071,-0.894620,-1.950128,-1.423806,-0.117118
733.000000,-0.396585,-0.797943,-1.858924,-1.864189,-0.572860
734.000000,-0.329426,-0.673202,-1.737006,-2.167952,-0.356233
735.000000,-0.290318,-0.572790,-1.550389,-2.254663,-0.178034
736.000000,-0.430369,-0.561775,-1.411170,-2.305826,-0.854545
737.000000,-0.476554,-0.476110,-1.287279,-2.275018,-0.245194
738.000000,-0.351502,-0.402193,-1.169679,-2.191725,0.085400
739.000000,0.260654,-0.089403,-0.919407,-1.952912,2.697541
740.000000,0.461500,0.012423,-0.823955,-1.860058,0.571808
741.000000,0.894104,0.089124,-0.729734,-1.782564,0.512109
742.000000,1.034014,0.091488,-0.634759,-1.783140,-0.319102
743.000000,0.872098,0.093840,-0.598501,-1.771107,-1.175910
744.000000,-0.295577,0.090259,-0.535260,-1.723256,-0.785681
745.000000,-1.008771,-0.058333,-0.533036,-1.632418,-1.367328
746.000000,-1.944718,-0.275781,-0.617452,-1.572539,-2.300592
747.000000,-2.360082,-0.750497,-0.697965,-1.552971,-2.107420
748.000000,-2.543689,-1.480479,-0.875940,-1.566001,-2.302937
749.000000,-2.596769,-2.564359,-1.041153,-1.542955,-1.704099
750.000000,-2.420121,-2.722188,-1.247632,-1.540501,-1.313409
751.000000,-2.322579,-2.897613,-1.660626,-1.593702,-2.132888
752.000000,-2.248137,-2.845761,-2.102240,-1.605452,-2.014482
753.000000,-1.989058,-2.619849,-2.325761,-1.598616,-1.369964
754.000000,-1.879173,-2.494709,-2.490374,-1.586851,-1.384076
755.000000,-1.910914,-2.385253,-2.626055,-1.630262,-1.628197
756.000000,-1.836541,-2.255445,-2.633834,-1.714732,-1.834486
757.000000,-1.647942,-2.079897,-2.571490,-1.736108,-1.230177
758.000000,-1.570578,-1.895774,-2.503071,-1.778972,-1.109453
759.000000,-1.585962,-1.838812,-2.648141,-1.852983,-1.499325
760.000000,-1.572373,-1.831561,-2.584465,-1.948625,-1.579810
761.000000,-1.441118,-1.709765,-2.481587,-2.021379,-1.242056
762.000000,-1.346844,-1.558238,-2.318900,-2.047390,-0.813911
763.000000,-1.429501,-1.560513,-2.215905,-2.083486,-1.506847
764.000000,-1.433673,-1.564937,-2.146501,-2.117096,-1.512211
765.000000,-1.439157,-1.557218,-2.077605,-2.152201,-1.593827
766.000000,-1.522953,-1.533967,-1.993907,-2.140264,-1.630120
767.000000,-1.661931,-1.561195,-1.921631,-2.142262,-1.531412
768.000000,-1.606882,-1.570543,-1.831850,-2.128405,-1.280648
769.000000,-1.535398,-1.531445,-1.768410,-2.191412,-1.221468
770.000000,-1.487162,-1.505791,-1.738498,-2.169276,-1.438661
771.000000,-1.345073,-1.470836,-1.651736,-2.116743,-0.923929
772.000000,-1.285407,-1.513871,-1.594552,-2.059698,-1.301597
773.000000,-1.202373,-1.447075,-1.551203,-1.972183,-0.823818
774.000000,-0.876192,-1.274443,-1.459143,-1.860636,0.627840
775.000000,-0.512744,-1.112398,-1.375640,-1.766300,0.342775
776.000000,-0.278933,-0.944578,-1.289655,-1.669674,0.173480
777.000000,0.577024,-0.566174,-1.154485,-1.522289,2.369276
778.000000,1.091093,-0.280106,-1.074466,-1.413693,1.159282
779.000000,1.198191,0.006410,-0.976061,-1.334639,0.998073
780.000000,1.350513,0.361216,-0.871023,-1.275476,0.939131
781.000000,1.462784,0.625836,-0.793873,-1.196440,0.676837
782.000000,1.003908,0.930896,-0.754577,-1.127635,0.446823
783.000000,0.844888,1.166046,-0.651757,-1.084585,0.489874
784.000000,0.816393,1.222209,-0.510887,-1.030235,0.888860
785.000000,0.851094,1.336574,-0.320935,-0.955505,1.086435
786.000000,0.989800,1.481672,-0.065814,-0.854901,1.261254
787.000000,1.207116,1.329097,0.253724,-0.775707,1.372642
788.000000,1.247290,1.258486,0.560189,-0.726000,0.723856
789.000000,1.107132,1.153401,0.846650,-0.661053,0.332366
790.000000,0.931717,1.059582,1.192572,-0.576453,0.343166
791.000000,0.815074,1.060805,1.501530,-0.481830,0.756496
792.000000,0.596591,1.047200,1.796472,-0.431786,0.433377
793.000000,0.488008,1.002641,1.937490,-0.304819,0.257078
794.000000,0.450323,0.899708,1.832503,-0.141806,0.172079
795.000000,0.451370,0.799157,1.763262,0.114170,0.358211
796.000000,0.366034,0.681542,1.706265,0.498676,0.407065
797.000000,0.357922,0.547846,1.429728,1.033951,0.406739
798.000000,0.464215,0.539450,1.327286,1.742550,0.745726
799.000000,0.569627,0.566993,1.238454,2.313824,0.573783
800.000000,0.738259,0.642297,1.200585,2.700453,1.063276
801.000000,1.121602,0.757456,1.250839,2.784164,1.950352
802.000000,1.587485,0.957593,1.322726,2.779461,2.077872
803.000000,2.024455,1.226602,1.388916,2.663814,1.992237
804.000000,2.357202,1.504474,1.394257,2.407898,1.369889
805.000000,2.507972,1.838506,1.405138,2.266152,1.609054
806.000000,2.396782,2.236669,1.411661,2.179360,1.700258
807.000000,2.308789,2.590311,1.447207,1.978764,2.409908
808.000000,2.511232,2.878536,1.635204,1.963823,3.095197
809.000000,2.524724,2.885347,1.785321,1.918198,2.073899
810.000000,2.522183,2.793679,1.938280,1.904256,2.167520
811.000000,2.370244,2.534945,1.989233,1.874819,1.536112
812.000000,2.144764,2.323385,2.070779,1.858717,1.414058
813.000000,1.908136,2.234995,2.200722,1.876577,1.870758
814.000000,1.897203,2.228979,2.324724,1.887791,2.007435
815.000000,1.787763,2.161962,2.362695,1.870580,1.656815
816.000000,1.796451,2.098995,2.364955,1.846273,1.639476
817.000000,1.841756,2.021844,2.351564,1.828208,1.717863
818.000000,1.744189,1.855721,2.286227,1.833481,1.441997
819.000000,1.452427,1.685287,2.169396,1.808384,0.592571
820.000000,1.218937,1.508803,2.042469,1.781428,0.482349
821.000000,0.910624,1.356212,1.872422,1.718715,0.068137
822.000000,0.495966,1.186187,1.703891,1.665437,-0.334579
823.000000,0.180108,1.012875,1.585113,1.646348,-0.017835
824.000000,0.179613,0.886822,1.541329,1.669226,0.677396
825.000000,0.275187,0.823418,1.513071,1.698563,1.043205
826.000000,0.372801,0.704317,1.456482,1.699327,0.502163
827.000000,0.540327,0.541516,1.376926,1.691249,0.277313
828.000000,0.643045,0.397063,1.260128,1.671642,0.279044
829.000000,0.688267,0.413675,1.213271,1.681292,0.888765
830.000000,0.637666,0.449742,1.157091,1.673065,0.900686
831.000000,0.617446,0.507160,1.111366,1.618059,0.306909
832.000000,0.476064,0.565884,1.040903,1.541564,-0.513185
833.000000,0.318870,0.579461,0.938650,1.475447,-0.484468
834.000000,0.416865,0.668678,0.889755,1.484295,1.382170
835.000000,0.355073,0.624974,0.834349,1.468138,0.706080
836.000000,0.521826,0.721190,0.779624,1.454112,0.861328
837.000000,1.072017,0.935225,0.716552,1.432193,1.075226
838.000000,1.901979,1.361548,0.724013,1.398145,2.070672
839.000000,1.713941,1.456178,0.779041,1.369586,0.917391
840.000000,1.780575,1.564793,0.875818,1.337465,1.140814
841.000000,2.490832,2.365024,1.271971,1.430801,3.275388
842.000000,3.064292,3.208497,1.896023,1.572756,3.410800
843.000000,3.100372,3.444108,2.435730,1.667226,2.769928
844.000000,3.050418,3.166319,2.678459,1.703001,2.048029
845.000000,3.010812,3.057880,2.805114,1.776740,2.226680
846.000000,2.633375,2.881250,2.822593,1.812662,1.772924
847.000000,2.258033,2.724233,2.775574,1.829223,1.676043
848.000000,1.983685,2.532738,2.681330,1.846364,1.527292
849.000000,1.682976,2.339833,2.467165,1.851022,0.718273
850.000000,1.362237,2.179519,2.300013,1.857438,0.700877
851.000000,1.123536,1.914522,2.188754,1.884148,0.632321
852.000000,0.925663,1.650978,2.140385,1.937994,0.735999
853.000000,0.807717,1.468872,2.116231,1.980074,1.006834
854.000000,0.938300,1.391833,2.052949,1.994622,1.332120
855.000000,1.030769,1.268649,2.002232,1.967762,1.116783
856.000000,1.088520,1.167256,1.936661,1.949060,0.884339
857.000000,1.127942,1.080033,1.877235,1.938830,0.914380
858.000000,1.102920,1.005860,1.799166,1.923635,0.883365
859.000000,1.054465,1.053718,1.775914,1.899417,1.111857
860.000000,1.123168,1.141154,1.769851,1.893989,1.434303
861.000000,1.162978,1.194770,1.670412,1.882707,1.050252
862.000000,1.180180,1.226254,1.546951,1.887610,0.970124
863.000000,1.265533,1.256353,1.460974,1.902028,1.282182
864.000000,1.331591,1.262487,1.418324,1.876114,1.416203
865.000000,1.379463,1.324561,1.375374,1.876380,1.672307
866.000000,1.476915,1.394593,1.346388,1.861804,1.411846
867.000000,1.451118,1.394809,1.291771,1.819040,0.650529
868.000000,1.341909,1.401803,1.249185,1.764256,0.626917
869.000000,1.176400,1.378375,1.262950,1.735584,0.470132
870.000000,1.638285,1.635678,1.421784,1.798718,3.589424
871.000000,2.136922,1.951027,1.580605,1.794248,2.927880
872.000000,2.617301,2.215439,1.713736,1.758225,2.497505
873.000000,2.914342,2.390970,1.828773,1.741315,2.497042
874.000000,2.965415,2.444519,1.888560,1.735189,2.065725
875.000000,2.563229,2.406943,1.946306,1.712612,1.889082
876.000000,2.236441,2.334625,1.982883,1.693013,1.519870
877.000000,1.924524,2.271033,1.973880,1.658897,1.090223
878.000000,1.566189,2.172791,1.938609,1.619598,0.786080
879.000000,1.413261,2.161564,1.932261,1.647378,1.321710
880.000000,1.405293,2.012709,1.944789,1.700987,1.831952
881.000000,1.466204,1.904134,1.976407,1.753078,1.799675
882.000000,1.585961,1.814398,1.994850,1.788485,1.653337
883.000000,1.787653,1.735776,1.999307,1.814374,1.751534
884.000000,1.785948,1.653041,1.966802,1.805405,1.360666
885.000000,1.699348,1.600553,1.930486,1.810529,1.440792
886.000000,1.660674,1.609114,1.921301,1.833496,1.622919
887.000000,1.676640,1.675921,1.947326,1.858441,1.734093
888.000000,1.649822,1.759886,1.961103,1.876476,1.630436
889.000000,1.646762,1.756781,1.956154,1.871323,1.358811
890.000000,1.634530,1.706528,1.861571,1.855972,1.393121
891.000000,1.640963,1.689732,1.802257,1.866994,1.655512
892.000000,1.632961,1.692598,1.761530,1.880000,1.696942
893.000000,1.623698,1.673635,1.713604,1.876301,1.589564
894.000000,1.651031,1.685752,1.679813,1.864522,1.498807
895.000000,1.649946,1.678511,1.650068,1.841594,1.394284
896.000000,1.567119,1.638741,1.632377,1.821242,1.255330
897.000000,1.500279,1.600960,1.644210,1.824160,1.376328
898.000000,1.352560,1.523740,1.645852,1.806615,0.825309
899.000000,1.201542,1.470030,1.619243,1.789027,0.686383
900.000000,1.042073,1.404773,1.564050,1.709827,0.598736
901.000000,0.917180,1.313863,1.514729,1.644821,0.700033
902.000000,0.631527,1.162707,1.450674,1.574941,0.113537
903.000000,0.857415,1.179983,1.455515,1.555134,1.918205
904.000000,1.217898,1.249089,1.499473,1.558232,2.220576
905.000000,1.503266,1.296265,1.521152,1.554913,1.817277
906.000000,1.710159,1.346014,1.523597,1.559182,1.637533
907.000000,2.117371,1.451965,1.549226,1.599276,2.204262
908.000000,2.113569,1.597715,1.568041,1.641877,1.962771
909.000000,2.057936,1.751365,1.606128,1.666150,1.985251
910.000000,1.968362,1.839807,1.613291,1.652563,1.398241
911.000000,1.913794,1.908712,1.602511,1.639336,1.381913
912.000000,1.645920,1.976823,1.566487,1.617906,0.947593
913.000000,1.382417,1.846111,1.524343,1.584979,0.685302
914.000000,1.102637,1.685960,1.488206,1.568556,0.643647
915.000000,0.972615,1.587918,1.467656,1.554546,0.776337
916.000000,0.806579,1.495857,1.450365,1.529243,0.622885
917.000000,0.751185,1.331368,1.427303,1.501095,0.695342
918.000000,0.696544,1.163859,1.427064,1.469228,0.404196
919.000000,0.752763,1.034299,1.457653,1.464591,0.892330
920.000000,0.753330,0.963718,1.489075,1.456095,0.770362
921.000000,0.702439,0.844517,1.495338,1.422992,0.356929
922.000000,0.583189,0.756248,1.523667,1.380228,0.136543
923.000000,0.502685,0.686973,1.439100,1.338129,0.011289
924.000000,0.311902,0.625396,1.330667,1.301405,0.064551
925.000000,0.164477,0.549777,1.249345,1.272056,0.140142
926.000000,0.107263,0.490455,1.176634,1.249651,0.113447
927.000000,0.117186,0.425254,1.052491,1.222128,0.181668
928.000000,0.061300,0.348907,0.921326,1.212821,-0.258559
929.000000,-0.373565,-0.010856,0.688253,1.162403,-1.884956
930.000000,-0.920682,-0.410596,0.475238,1.113789,-2.110473
931.000000,-1.555535,-0.813226,0.221956,1.057213,-2.257767
932.000000,-2.144712,-1.152525,0.019470,1.059138,-1.796165
933.000000,-2.395223,-1.426040,-0.156271,0.980004,-1.235863
934.000000,-2.241860,-1.775006,-0.409493,0.837883,-1.721915
935.000000,-1.915538,-2.010154,-0.680827,0.720630,-1.210112
936.000000,-1.751802,-2.272058,-1.055985,0.548543,-1.880554
937.000000,-1.667119,-2.362543,-1.411826,0.292007,-1.487281
938.000000,-1.419574,-2.158824,-1.537441,0.101065,-0.116829
939.000000,-0.977755,-1.740046,-1.618764,-0.101543,0.455829
940.000000,-0.630639,-1.364567,-1.638704,-0.269973,0.508685
941.000000,-0.108864,-1.029062,-1.598985,-0.490507,0.364636
942.000000,0.376300,-0.788609,-1.521793,-0.669831,0.431811
943.000000,0.516449,-0.608462,-1.434618,-0.829106,0.421805
944.000000,0.689817,-0.253060,-1.291976,-0.890558,1.179656
945.000000,0.725734,-0.007785,-1.215674,-1.026866,0.649630
946.000000,0.896480,0.433320,-1.105337,-1.056478,1.073047
947.000000,1.293220,0.978946,-0.916949,-0.923204,2.028612
948.000000,1.748516,1.362839,-0.650978,-0.629808,2.276253
949.000000,1.869710,1.561517,-0.280072,-0.495917,1.747182
950.000000,2.062672,1.730824,0.123745,-0.317304,1.717568
951.000000,1.979522,1.777413,0.483872,-0.191300,0.993712
952.000000,1.872133,1.894781,0.894535,0.117431,1.613690
953.000000,1.588496,1.907188,1.202436,0.339034,1.056981
954.000000,1.415662,1.832394,1.556039,0.542222,1.006012
955.000000,1.234978,1.802000,1.819747,0.712559,0.910955
956.000000,1.204899,1.733250,2.113772,0.886868,0.892874
957.000000,0.882727,1.489820,2.193954,0.890410,0.149243
958.000000,0.545866,1.153860,2.037217,0.844930,-0.475444
959.000000,0.156587,0.850659,1.806437,1.015573,-0.777898
960.000000,-0.162091,0.585622,1.624672,1.274995,-0.552419
961.000000,-0.649327,0.313634,1.399204,1.395133,-1.349668
962.000000,-1.182985,-0.159180,1.096430,1.216726,-2.206826
963.000000,-1.570462,-0.576596,0.811750,0.933530,-2.088170
964.000000,-1.835050,-0.977676,0.489829,0.747226,-1.918126
965.000000,-1.881475,-1.222781,0.329870,0.727357,-0.927221
966.000000,-1.859280,-1.513774,0.088204,0.743331,-1.329480
967.000000,-1.648203,-1.687437,-0.231567,0.709673,-1.214383
968.000000,-1.445125,-1.767793,-0.600511,0.415808,-1.174128
969.000000,-1.334362,-1.828002,-0.974413,-0.079434,-1.454952
970.000000,-1.242945,-1.780789,-1.233859,-0.351478,-0.594344
971.000000,-0.822600,-1.509706,-1.260278,-0.249740,0.586923
972.000000,-0.319163,-1.097508,-1.285166,0.024640,1.102421
973.000000,0.068228,-0.765129,-1.317856,0.159375,0.605864
974.000000,0.892994,-0.226544,-1.121242,0.777376,2.089078
975.000000,1.468999,0.187825,-0.923991,1.570971,1.926385
976.000000,1.697664,0.620449,-0.752166,2.190422,1.674107
977.000000,1.936178,1.131359,-0.355438,2.735782,2.196657
978.000000,2.200439,1.597094,0.152169,2.945811,2.115589
979.000000,2.090875,1.960967,0.638750,2.978377,1.728976
980.000000,2.010343,2.151094,1.079192,2.931283,1.669113
981.000000,1.988373,2.194779,1.577506,2.969107,1.703296
982.000000,1.853289,2.168947,2.054967,2.841679,1.596077
983.000000,1.747881,2.186094,2.400830,2.798196,1.628516
984.000000,1.638021,2.036642,2.544906,2.667894,1.263479
985.000000,1.593690,1.948669,2.577966,2.613367,1.478763
986.000000,1.427782,1.823137,2.530005,2.458769,0.935846
987.000000,1.246179,1.641591,2.445188,2.357433,0.728601
988.000000,1.302779,1.615829,2.487124,2.492372,1.831580
989.000000,1.508472,1.669638,2.545666,2.632031,2.155224
990.000000,1.578550,1.675597,2.493745,2.634980,1.769312
991.000000,1.734559,1.672394,2.396870,2.637817,1.731923
992.000000,1.849425,1.643975,2.274713,2.617011,1.459224
993.000000,1.749032,1.603803,2.184613,2.571580,1.367508
994.000000,1.521634,1.561693,2.035762,2.487637,1.018997
995.000000,1.405517,1.524856,1.929092,2.397451,1.190178
996.000000,1.268618,1.529117,1.838852,2.321340,1.061174
997.000000,1.197419,1.560150,1.744777,2.254527,1.113937
998.000000,1.142734,1.491248,1.664196,2.195896,1.109234
999.000000,1.166023,1.386040,1.607185,2.152736,1.115904
1000.000000,1.167883,1.326273,1.562573,2.098009,1.203122
1001.000000,1.215978,1.272286,1.523086,2.027477,1.271493
1002.000000,1.327041,1.280728,1.508208,1.969886,1.637947
1003.000000,1.384393,1.273397,1.480046,1.919504,1.303312
1004.000000,1.395599,1.294870,1.464905,1.836669,1.089200
1005.000000,1.308115,1.262653,1.428377,1.755768,0.708961
1006.000000,1.219552,1.256224,1.428437,1.692815,0.798249
1007.000000,1.022642,1.235910,1.441069,1.621198,0.756206
1008.000000,0.932322,1.225709,1.397254,1.561425,0.898812
1009.000000,0.919855,1.227344,1.333800,1.521627,1.043127
1010.000000,1.010435,1.222770,1.295419,1.488939,1.100250
1011.000000,1.149634,1.241160,1.268976,1.465066,1.417413
1012.000000,1.111205,1.115803,1.227394,1.426171,0.499179
1013.000000,0.992436,1.010555,1.182553,1.383687,0.254719
1014.000000,0.791459,0.911143,1.158992,1.354622,0.010860
1015.000000,0.444787,0.809127,1.101543,1.309795,-0.561425
1016.000000,-0.042303,0.697385,1.059057,1.294981,-0.645297
1017.000000,-0.284154,0.627272,1.029622,1.303542,-0.449389
1018.000000,-0.398818,0.575840,1.018140,1.271101,0.369122
1019.000000,-0.608621,0.410273,0.979786,1.203738,-0.526922
1020.000000,-0.410553,0.239184,0.944830,1.160425,0.138079
1021.000000,-0.083051,-0.066321,0.897732,1.113815,0.200535
1022.000000,0.578334,-0.001828,0.854833,1.104396,1.775567
1023.000000,1.044372,0.203231,0.852386,1.103703,1.877197
1024.000000,1.689853,0.569858,0.875261,1.131731,1.847410
1025.000000,2.005533,1.219818,0.936045,1.144625,1.533723
1026.000000,1.817310,1.493559,0.904454,1.133297,-0.376079
1027.000000,1.223992,1.481539,0.866182,1.112712,-0.586850
1028.000000,1.270458,1.830080,0.951338,1.149614,1.875112
1029.000000,1.024343,2.117211,0.969072,1.165252,0.889887
1030.000000,0.339309,1.908646,0.853040,1.127688,-0.759727
1031.000000,-0.112706,1.493561,0.531104,1.046210,-1.692513
1032.000000,-0.514178,0.670600,0.302216,0.908644,-1.675163
1033.000000,-1.323816,-0.006008,0.182704,0.822564,-0.732856
1034.000000,-1.624376,-0.574026,0.166357,0.764472,-0.293363
1035.000000,-1.195757,-0.824897,0.581479,0.783604,0.543178
1036.000000,-0.427307,-0.495504,1.238792,0.808359,0.785006
1037.000000,0.388654,-0.071443,1.756535,0.854306,0.910214
1038.000000,1.121572,-0.083532,2.201360,0.940373,1.569427
1039.000000,1.848562,0.399679,2.898658,1.076150,2.120102
1040.000000,2.453964,1.621115,3.313735,1.320182,2.749602
1041.000000,2.739986,2.709204,3.344750,1.500877,2.415018
1042.000000,2.767338,3.152769,3.057395,1.806463,1.939500
1043.000000,2.472618,3.022839,2.691227,2.016184,1.094848
1044.000000,2.353502,3.006811,2.594613,2.343745,1.949218
1045.000000,2.139932,2.887655,2.551195,2.658747,1.970648
1046.000000,1.626505,2.513663,2.378736,2.581426,0.148630
1047.000000,1.342557,2.302335,2.324275,2.485074,0.623978
1048.000000,1.156547,2.035298,2.051194,2.308212,0.215623
1049.000000,0.832394,1.806945,1.939900,2.253015,0.504089
1050.000000,0.452231,1.518025,1.947172,2.167108,0.416436
1051.000000,0.511159,1.273386,2.009710,2.094519,0.375600
1052.000000,0.429556,1.066358,2.047889,1.946608,0.284568
1053.000000,0.685279,1.098526,2.109103,1.894817,1.267962
1054.000000,1.044721,1.102669,2.188090,1.907089,1.914061
1055.000000,1.414507,1.101868,2.198524,1.928860,1.892434
1056.000000,1.557854,1.237859,2.120380,1.953517,1.112092
1057.000000,1.765046,1.346209,2.075877,2.001573,1.406790
1058.000000,1.887902,1.581123,2.054141,1.989795,1.939347
1059.000000,1.832614,1.727688,1.994042,1.999532,1.745012
1060.000000,1.639981,1.768253,1.850211,2.008864,1.102263
1061.000000,1.529041,1.748627,1.709239,2.015295,0.663207
1062.000000,1.330823,1.723459,1.595398,2.011181,0.440885
1063.000000,1.132119,1.676960,1.585668,2.012396,1.034475
1064.000000,0.872356,1.526213,1.492919,1.978958,0.579641
1065.000000,0.810454,1.409481,1.414907,1.937467,0.839470
1066.000000,0.854734,1.387112,1.462746,1.892855,0.767771
1067.000000,0.970788,1.330304,1.479513,1.852887,0.791774
1068.000000,1.054615,1.253843,1.557191,1.821183,1.359915
1069.000000,1.216838,1.177072,1.598770,1.767272,1.154340
1070.000000,1.109012,1.108551,1.596628,1.658351,0.397771
1071.000000,0.965550,1.078258,1.581976,1.559616,0.213109
1072.000000,0.678072,0.993243,1.543061,1.459948,-0.369819
1073.000000,0.385834,0.870836,1.476846,1.425899,0.162913
1074.000000,0.127696,0.809042,1.359281,1.344667,0.114996
1075.000000,0.068944,0.705848,1.238755,1.258729,0.165334
1076.000000,0.149217,0.674026,1.210457,1.288139,0.580545
1077.000000,0.466789,0.692175,1.177783,1.307514,0.969418
1078.000000,0.514165,0.542007,1.057932,1.328302,0.364369
1079.000000,0.947454,0.627452,1.044400,1.392145,1.997889
1080.000000,1.291640,0.756658,1.069275,1.438110,1.381547
1081.000000,1.810334,1.077925,1.224099,1.524241,2.453530
1082.000000,2.174414,1.473395,1.384830,1.600984,1.994270
1083.000000,2.376547,1.632107,1.400698,1.587756,0.664687
1084.000000,2.438854,2.059446,1.579590,1.595570,2.288133
1085.000000,2.403233,2.400257,1.672232,1.579514,1.635102
1086.000000,2.328091,2.729482,1.844877,1.657341,2.446428
1087.000000,2.209561,2.781406,1.936254,1.683652,1.767808
1088.000000,2.084265,2.639729,1.844571,1.611899,0.670127
1089.000000,1.747736,2.325061,1.791919,1.561453,0.954201
1090.000000,0.935441,1.762127,1.572673,1.418585,-1.734268
1091.000000,-0.244280,1.030971,1.327832,1.271125,-2.227136
1092.000000,-0.819767,0.690552,1.340234,1.244868,-0.571396
1093.000000,-1.386813,0.323522,1.170356,1.093306,-1.574120
1094.000000,-1.897271,-0.231519,1.031102,0.983481,-1.374049
1095.000000,-1.770335,-0.709400,0.889104,0.848090,-1.311015
1096.000000,-1.397607,-1.203129,0.755048,0.754840,-0.775789
1097.000000,-1.463370,-1.597000,0.518602,0.635530,-0.952316
1098.000000,-1.376861,-1.835522,0.263801,0.425496,-1.260767
1099.000000,-1.575790,-2.203288,-0.458799,0.100252,-2.151220
1100.000000,-1.894327,-2.268069,-1.267629,-0.270165,-2.518471
1101.000000,-2.250283,-2.256465,-2.126276,-0.683378,-2.412911
1102.000000,-2.661176,-2.535373,-2.834885,-1.250036,-2.965664
1103.000000,-2.626737,-2.455170,-2.908869,-1.661001,-1.832290
1104.000000,-2.538595,-2.449887,-3.041720,-2.098591,-2.083719
1105.000000,-2.392089,-2.431766,-3.023406,-2.444592,-1.988570
1106.000000,-2.195678,-2.389410,-2.952053,-2.605195,-1.606257
1107.000000,-1.899446,-2.328727,-2.835725,-2.669989,-1.530135
1108.000000,-1.780472,-2.234629,-2.674176,-2.612574,-1.338789
1109.000000,-1.669045,-2.130062,-2.576645,-2.624255,-1.547191
1110.000000,-1.542144,-1.994172,-2.397368,-2.559578,-1.381812
1111.000000,-1.397644,-1.826172,-2.202202,-2.474626,-0.928219
1112.000000,-1.192478,-1.576361,-2.069527,-2.348841,-0.520992
1113.000000,-1.138415,-1.494266,-1.973950,-2.266876,-1.062940
1114.000000,-1.044527,-1.394861,-1.903221,-2.236151,-1.096353
1115.000000,-0.920001,-1.272521,-1.824942,-2.171104,-0.787603
1116.000000,-0.875931,-1.181279,-1.769641,-2.132670,-0.700435
1117.000000,-0.924570,-1.098761,-1.719325,-2.087720,-0.706519
1118.000000,-0.861393,-1.041295,-1.669982,-2.027895,-0.752356
1119.000000,-0.735133,-0.933479,-1.587375,-1.971423,-0.474423
1120.000000,-0.706360,-0.852183,-1.502912,-1.877310,-0.646259
1121.000000,-0.675641,-0.816052,-1.418411,-1.781956,-0.546155
1122.000000,-0.675024,-0.848807,-1.309439,-1.743813,-0.716527
1123.000000,-0.418361,-0.703579,-1.208424,-1.650779,0.536415
1124.000000,-0.263035,-0.560284,-1.102581,-1.583217,0.321743
1125.000000,0.018377,-0.420567,-0.986514,-1.517357,0.698015
1126.000000,0.251777,-0.309746,-0.903619,-1.483075,0.433735
1127.000000,0.584330,-0.182449,-0.822170,-1.452337,0.547167
1128.000000,0.621007,-0.027222,-0.752592,-1.421174,0.645677
1129.000000,0.552767,0.019466,-0.684727,-1.387360,-0.491801
1130.000000,0.600724,0.226097,-0.587123,-1.318893,0.885747
1131.000000,0.720086,0.461185,-0.530166,-1.254170,0.604646
1132.000000,0.623770,0.760724,-0.518575,-1.155302,0.280754
1133.000000,0.429329,0.763310,-0.441430,-1.107167,0.094038
1134.000000,0.387689,0.696490,-0.367335,-1.050596,-0.683329
1135.000000,-0.161880,0.392912,-0.332367,-0.993096,-0.909634
1136.000000,0.005086,0.498299,-0.201329,-0.915257,1.210932
1137.000000,0.003163,0.402075,-0.083393,-0.850859,0.280175
1138.000000,-0.035456,0.249155,0.058723,-0.800801,-0.026506
1139.000000,0.230407,0.376351,0.180428,-0.714319,0.123469
1140.000000,0.348620,0.086252,0.312016,-0.644949,-0.678457
1141.000000,-0.320062,-0.174300,0.451924,-0.618332,-0.705231
1142.000000,-0.449758,-0.249938,0.736735,-0.625581,-0.062280
1143.000000,-0.119289,-0.092558,0.777558,-0.520346,1.016468
1144.000000,0.610532,0.520839,1.019853,-0.328583,2.253368
1145.000000,1.819932,1.382367,1.228691,-0.096135,2.711140
1146.000000,2.717377,1.753715,1.488691,0.203630,2.507275
1147.000000,3.101011,2.245017,1.691258,0.600476,2.281569
1148.000000,3.217646,2.791563,1.991727,1.178369,2.665839
1149.000000,2.971567,2.961330,2.342528,1.685939,2.152617
1150.000000,2.423933,2.843784,2.279145,2.016354,0.784306
1151.000000,1.964545,2.715372,2.254229,2.206426,0.557253
1152.000000,1.507075,2.534143,2.205452,2.246649,0.153926
1153.000000,0.997865,2.320817,2.215100,2.063084,0.448131
1154.000000,0.435308,1.957465,2.193361,1.876303,-0.146734
1155.000000,1.269438,2.184578,2.696171,2.084066,3.473773
1156.000000,1.882894,2.243952,2.757005,2.201412,2.574907
1157.000000,2.395211,2.272822,2.804902,2.276180,2.341168
1158.000000,2.603186,2.182843,2.778084,2.302095,1.965569
1159.000000,2.701247,2.087801,2.682075,2.340023,1.595300
1160.000000,2.213909,2.097119,2.597155,2.284584,1.371235
1161.000000,1.916272,2.105544,2.515830,2.244495,1.297351
1162.000000,1.691622,2.140397,2.435928,2.220731,1.351894
1163.000000,1.433309,2.076144,2.290577,2.159104,0.821875
1164.000000,1.216474,2.036140,2.124149,2.112497,0.608425
1165.000000,0.994680,1.699481,1.950030,2.056950,0.326228
1166.000000,0.864685,1.495417,1.832084,1.978232,0.702586
1167.000000,0.705111,1.307626,1.730536,1.933545,0.656792
1168.000000,0.717036,1.184209,1.634705,1.918017,0.881740
1169.000000,0.827789,1.125645,1.579135,1.910652,1.090233
1170.000000,1.010578,1.096216,1.587190,1.919112,1.112136
1171.000000,1.140768,1.090425,1.611691,1.933533,1.245174
1172.000000,1.210413,1.035062,1.625994,1.918396,0.855744
1173.000000,1.165738,1.023352,1.616842,1.872418,0.537355
1174.000000,1.074824,1.051001,1.636455,1.810932,0.598886
1175.000000,1.012276,1.144585,1.502356,1.750643,0.813945
1176.000000,1.037318,1.254309,1.434501,1.717984,1.358511
1177.000000,1.089062,1.337912,1.356140,1.676796,1.033623
1178.000000,1.064222,1.303530,1.264527,1.596421,0.424002
1179.000000,1.041835,1.238739,1.200386,1.536224,0.507376
1180.000000,0.985465,1.178785,1.157911,1.526472,0.570818
1181.000000,0.772307,1.087038,1.119129,1.523759,0.493771
1182.000000,0.712346,1.106828,1.094590,1.545911,0.845120
1183.000000,0.826846,1.180417,1.119439,1.562603,0.802901
1184.000000,0.950915,1.245234,1.164048,1.596540,0.612412
1185.000000,1.091501,1.277705,1.240327,1.496110,0.844812
1186.000000,1.480572,1.281550,1.320377,1.440827,1.812198
1187.000000,1.918774,1.481245,1.455875,1.412047,2.740464
1188.000000,2.248288,1.846756,1.569548,1.399614,2.537576
1189.000000,2.391985,2.068186,1.613858,1.384401,1.691703
1190.000000,2.418520,2.204249,1.645315,1.382121,1.611544
1191.000000,2.211147,2.231173,1.630208,1.374122,1.267059
1192.000000,2.025987,2.246837,1.693705,1.385205,1.913779
1193.000000,1.948709,2.297148,1.803000,1.449670,2.173877
1194.000000,2.092193,2.390194,1.917002,1.543527,2.388919
1195.000000,2.251865,2.453554,2.011937,1.662140,2.463363
1196.000000,2.444041,2.441944,2.052008,1.757658,2.415121
1197.000000,2.454689,2.339174,2.097443,1.841990,2.133573
1198.000000,2.452366,2.291893,2.207795,1.916482,2.283996
1199.000000,2.325181,2.270337,2.260230,1.949867,1.914790
1200.000000,2.055986,2.174661,2.227096,1.934542,1.241202
1201.000000,1.790609,2.104362,2.179730,1.899177,1.131563
1202.000000,1.590718,1.999581,2.109385,1.884059,1.127395
1203.000000,1.391429,1.902591,2.058891,1.891102,1.279918
1204.000000,1.269153,1.798268,2.023392,1.893838,1.325132
1205.000000,1.429013,1.766468,2.037139,1.921542,1.985845
1206.000000,1.381772,1.615051,1.953558,1.861243,0.915878
1207.000000,1.200107,1.422901,1.812718,1.786988,0.236634
1208.000000,1.013386,1.228504,1.698894,1.755693,0.322414
1209.000000,0.899943,1.110890,1.649165,1.745195,0.738414
1210.000000,0.621587,1.062575,1.606993,1.730575,0.725385
1211.000000,0.346163,0.918602,1.525175,1.671336,-0.453210
1212.000000,0.207004,0.770091,1.426165,1.603367,-0.515625
1213.000000,0.064885,0.613665,1.328688,1.550189,-0.377325
1214.000000,-0.155602,0.463736,1.232995,1.517258,-0.172090
1215.000000,-0.222955,0.281973,1.170379,1.518303,0.740981
1216.000000,-0.273303,0.099242,1.042281,1.461226,-0.778776
1217.000000,-0.106955,0.087493,0.960012,1.413821,0.188939
1218.000000,-0.040646,0.025272,0.840589,1.359733,-0.169391
1219.000000,-0.178648,-0.181212,0.709027,1.315921,-0.785376
1220.000000,-0.697752,-0.461885,0.602761,1.268280,-1.181714
1221.000000,-1.026123,-0.665844,0.459122,1.214589,-2.002455
1222.000000,-1.871734,-1.022226,0.248398,1.112552,-2.613020
1223.000000,-2.476073,-1.451064,-0.017323,0.992426,-2.333730
1224.000000,-2.754818,-1.943696,-0.368885,0.831017,-2.375692
1225.000000,-2.730362,-2.385366,-0.862917,0.650002,-1.989924
1226.000000,-2.508653,-2.399222,-1.258816,0.446818,-1.665871
1227.000000,-2.217272,-2.458504,-1.572072,0.224078,-1.535812
1228.000000,-2.076204,-2.466479,-1.888263,-0.091864,-1.790886
1229.000000,-1.706152,-2.266345,-2.047563,-0.349164,-0.710176
1230.000000,-1.351466,-2.046736,-2.095178,-0.550899,-0.347344
1231.000000,-0.966418,-1.767392,-1.929825,-0.731442,0.130221
1232.000000,-0.359868,-1.344732,-1.668461,-0.822351,1.193316
1233.000000,0.291645,-0.986742,-1.470122,-0.960014,0.987415
1234.000000,0.508953,-0.708488,-1.387192,-1.198848,0.189372
1235.000000,0.722106,-0.419443,-1.357045,-1.484158,0.529959
1236.000000,1.001213,-0.046437,-1.168291,-1.486648,1.316300
1237.000000,1.132050,0.418360,-1.016214,-1.311277,1.760692
1238.000000,1.439856,1.035391,-0.797204,-1.070250,2.180188
1239.000000,1.858395,1.454252,-0.559454,-0.905106,1.931178
1240.000000,2.468209,2.035103,-0.102946,-0.489411,3.110802
1241.000000,2.575190,2.307648,0.350695,-0.020562,2.243427
1242.000000,2.526313,2.347737,0.879952,0.437803,2.011020
1243.000000,2.319227,2.308701,1.347128,0.790333,1.544057
1244.000000,2.144780,2.302827,1.774619,1.070059,1.330899
1245.000000,-1234.000000,-1234.000000,-1234.000000,-1234.000000,-1234.000000
