0.000000,5.385165,5.385165,5.385165,5.385165,4.113831
1.000000,3.783505,3.752148,3.753001,3.751390,2.178846
2.000000,3.058241,3.019090,3.017090,3.014871,1.619517
3.000000,2.624332,2.570883,2.570145,2.565981,1.246282
4.000000,2.307893,2.264713,2.259340,2.253075,1.200893
5.000000,2.029073,2.040832,2.027293,2.019116,1.606074
6.000000,1.837356,1.867359,1.842322,1.835248,1.643490
7.000000,1.688840,1.724693,1.692294,1.684435,1.638754
8.000000,1.569580,1.608514,1.561918,1.556382,1.629175
9.000000,1.459832,1.497151,1.450039,1.444711,1.180111
10.000000,1.353054,1.374749,1.350768,1.347426,0.951524
11.000000,1.250908,1.275204,1.260430,1.260250,0.638352
12.000000,1.153783,1.187251,1.180413,1.181121,0.422880
13.000000,1.056153,1.105682,1.104813,1.107628,-0.039233
14.000000,0.965531,1.027149,1.035363,1.038242,-0.474033
15.000000,0.884176,0.950599,0.971704,0.973292,-0.435397
16.000000,0.802275,0.872533,0.910665,0.909434,-1.013257
17.000000,0.733058,0.800341,0.853920,0.850924,-0.588268
18.000000,0.695431,0.740938,0.807073,0.796096,0.836632
19.000000,0.658335,0.682929,0.756119,0.743713,0.363505
20.000000,0.615424,0.624767,0.692300,0.691843,0.013649
21.000000,0.601899,0.578895,0.640701,0.643814,1.029357
22.000000,0.559919,0.523830,0.586095,0.594713,-0.205260
23.000000,0.500556,0.477114,0.535200,0.546952,0.281629
24.000000,0.450071,0.434358,0.484026,0.501132,0.310814
25.000000,0.393572,0.383730,0.425710,0.453851,-0.281116
26.000000,0.311075,0.340283,0.364067,0.408078,-0.111205
27.000000,0.255167,0.290238,0.295932,0.362735,-0.006098
28.000000,0.150491,0.198122,0.208832,0.325775,-0.603197
29.000000,-0.419799,0.100141,0.179974,1.491708,-0.293558
30.000000,-0.227221,0.163438,0.074126,1.297225,0.400877
31.000000,-0.058683,-0.030233,0.009664,1.220826,0.495165
32.000000,0.054738,0.098176,-0.031118,1.174925,0.429725
33.000000,0.115412,-0.075837,-0.095463,1.104824,-0.531824
34.000000,-0.008860,-0.328739,-0.108458,1.016084,-0.817497
35.000000,-0.278434,-0.356018,-0.094065,0.881302,-0.577193
36.000000,-0.642269,-0.477349,0.082722,0.689600,-0.844524
37.000000,-0.969851,-0.615277,0.155063,0.453949,-0.792789
38.000000,-0.915188,-0.539660,-0.243215,0.201979,-0.243507
39.000000,-0.894983,-0.644305,-0.565178,-0.055828,-0.648464
40.000000,-0.781321,-0.793893,-0.584487,-0.257321,0.035663
41.000000,-0.368153,-0.873283,-0.959902,-0.363222,0.623786
42.000000,0.084240,-0.980806,-0.744343,-0.431400,0.537484
43.000000,0.211137,-0.920379,-0.849824,-0.434013,0.102477
44.000000,0.616090,-0.576118,-0.869099,-0.287688,0.550064
45.000000,0.627281,-0.364048,-0.725753,-0.188400,0.071300
46.000000,0.830287,0.394193,-0.451450,0.187993,1.362249
47.000000,1.857716,1.685271,0.163959,0.711854,3.230945
48.000000,2.826934,2.465484,1.037105,0.872855,2.791137
49.000000,3.138453,2.981416,1.904864,1.150102,2.359310
50.000000,3.541358,3.366986,2.636313,1.734951,3.160493
51.000000,3.425946,3.370955,3.057335,1.977008,2.868967
52.000000,3.123983,3.331865,3.211203,2.461741,2.705551
53.000000,2.943129,3.268198,3.316767,2.673286,2.533123
54.000000,2.794160,3.107537,3.273485,2.730380,2.225330
55.000000,2.526029,2.978443,3.133544,2.782151,2.022883
56.000000,2.304637,2.792774,3.000856,2.734272,1.831556
57.000000,2.099388,2.559604,2.869485,2.652146,1.700703
58.000000,1.893246,2.377026,2.719829,2.592553,1.513537
59.000000,1.704409,2.224051,2.599416,2.489046,1.297076
60.000000,1.452323,1.981636,2.432374,2.319167,0.782628
61.000000,1.364390,1.848978,2.340120,2.240445,1.369311
62.000000,1.199822,1.674232,2.226076,2.134200,0.890083
63.000000,1.077947,1.518509,2.147201,2.082441,0.910598
64.000000,1.003107,1.392640,2.070739,2.047382,0.931526
65.000000,1.078577,1.309608,2.033181,2.024796,1.165441
66.000000,1.053154,1.252192,1.979571,2.017538,1.257967
67.000000,1.195296,1.239898,1.914370,2.028804,1.585134
68.000000,1.282913,1.218082,1.848239,2.009030,1.327989
69.000000,1.342611,1.205401,1.790225,1.994511,1.208619
70.000000,1.084065,1.111926,1.631294,1.899618,-0.256081
71.000000,0.979346,1.046587,1.539746,1.855931,0.688873
72.000000,0.574894,0.936121,1.398550,1.775441,-0.465077
73.000000,0.314021,0.880390,1.294644,1.741862,0.145694
74.000000,0.291339,0.928967,1.255874,1.749967,1.412631
75.000000,0.488363,0.878835,1.188425,1.737071,0.533834
76.000000,0.680128,0.907318,1.171163,1.739468,1.782229
77.000000,1.019057,0.781069,1.114489,1.676785,0.422179
78.000000,1.301616,0.707011,1.079409,1.634053,0.786679
79.000000,1.065379,0.590371,1.040313,1.588582,0.150207
80.000000,0.918445,0.690300,1.020500,1.506394,-0.521326
81.000000,0.381468,0.677087,0.976256,1.443522,0.161445
82.000000,-0.522354,0.664794,0.894026,1.330842,-2.049692
83.000000,-0.773835,0.843430,0.891703,1.268444,0.324748
84.000000,-0.261320,0.878558,0.933769,1.236970,1.382896
85.000000,0.939708,1.536945,1.001951,1.231950,2.156387
86.000000,1.968786,1.958018,1.096384,1.245786,2.387916
87.000000,3.178865,2.732802,1.162734,1.265718,2.238401
88.000000,2.556545,2.240607,1.054954,1.200279,-0.416324
89.000000,2.032731,2.108603,0.989122,1.164030,0.055982
90.000000,1.598934,2.349092,1.216572,1.189683,0.694114
91.000000,1.301174,2.538298,1.394423,1.203859,1.352942
92.000000,0.707775,2.789686,1.681495,1.220527,0.428765
93.000000,0.880011,2.502459,1.824039,1.223709,0.048710
94.000000,1.097805,2.257637,1.830778,1.257584,0.655949
95.000000,0.979239,1.845419,1.899065,1.257858,0.330412
96.000000,0.751845,1.472733,1.801566,1.268047,0.703635
97.000000,0.441763,0.825861,1.682024,1.166665,-0.461885
98.000000,0.492585,0.977083,1.598122,1.118574,0.202099
99.000000,0.288664,0.971552,1.553870,1.062301,0.060757
100.000000,0.071903,0.737709,1.539389,1.156455,-0.322067
101.000000,-0.361043,0.275131,1.416528,1.119807,-0.588709
102.000000,0.081671,0.376784,1.749414,1.352803,0.945858
103.000000,0.035639,0.392014,1.706613,1.455706,0.078736
104.000000,0.144440,0.311876,1.583014,1.414937,0.386297
105.000000,0.049408,0.086854,1.244731,1.378543,-0.648087
106.000000,-0.012474,-0.292467,0.812950,1.165580,-0.833837
107.000000,-0.539820,-0.281967,0.401121,1.123675,-0.474611
108.000000,-0.832646,-0.533815,0.383435,1.005455,-0.751519
109.000000,-1.056664,-0.655661,0.348615,0.992818,-0.285289
110.000000,-1.169417,-0.856623,0.073260,0.964520,-1.031332
111.000000,-1.208113,-0.972791,-0.362812,0.877236,-0.951995
112.000000,-1.315514,-1.464763,-0.608136,1.085861,-0.746885
113.000000,-1.133929,-1.523077,-0.688931,1.128553,-0.076674
114.000000,-0.607216,-1.326854,-0.662878,1.222100,1.320726
115.000000,0.306151,-0.780654,-0.514198,1.187806,1.402378
116.000000,1.461001,0.075815,-0.253565,1.173174,2.276315
117.000000,1.732304,0.196138,-0.141782,0.706882,-0.093720
118.000000,2.303268,0.877893,0.196655,1.218810,1.860043
119.000000,2.519162,1.575516,0.864750,1.840009,2.478280
120.000000,2.447129,2.168275,1.505463,2.121565,1.789525
121.000000,2.089657,2.492330,2.029900,2.084637,1.443908
122.000000,2.614132,2.879339,2.334072,2.525736,2.574124
123.000000,2.656992,2.997072,2.713352,2.893010,2.516809
124.000000,2.661196,2.950715,2.952972,3.032338,2.733767
125.000000,2.694693,2.852066,3.117134,3.074318,2.425371
126.000000,2.724250,2.692476,3.144566,2.996746,2.256614
127.000000,2.709737,2.817288,3.161771,3.127541,2.706060
128.000000,2.821145,2.870352,3.226361,3.204244,3.091153
129.000000,2.753335,2.793829,3.132951,3.156769,2.581170
130.000000,2.663220,2.721647,3.033498,3.062140,2.264657
131.000000,2.759928,2.781857,3.025093,3.076111,2.849888
132.000000,2.738602,2.753378,2.969771,2.988513,2.670557
133.000000,2.588335,2.684399,2.866323,2.902488,2.357996
134.000000,2.400061,2.536837,2.695156,2.756798,1.791534
135.000000,2.242337,2.405689,2.548476,2.643926,1.590642
136.000000,1.977854,2.288525,2.410778,2.542364,1.441081
137.000000,1.674500,2.125350,2.310713,2.420624,1.089141
138.000000,1.443726,1.962579,2.210762,2.335348,1.175741
139.000000,1.256625,1.806716,2.094169,2.232294,0.852363
140.000000,1.093393,1.675417,2.003023,2.152672,0.772506
141.000000,0.921837,1.479810,1.921934,2.073654,0.584763
142.000000,0.753781,1.256379,1.814842,1.982190,0.226391
143.000000,0.505671,1.025684,1.706195,1.884806,-0.066249
144.000000,0.365428,0.869041,1.617839,1.802719,0.179195
145.000000,0.259981,0.738646,1.549316,1.740491,0.302570
146.000000,0.327633,0.681465,1.523634,1.711385,0.979257
147.000000,0.452104,0.649248,1.476687,1.705975,0.842289
148.000000,0.666554,0.610932,1.413236,1.687766,0.931791
149.000000,0.851689,0.621041,1.365895,1.668142,1.022406
150.000000,1.103994,0.685794,1.347454,1.674486,1.468719
151.000000,1.041043,0.696797,1.252494,1.656334,0.588361
152.000000,1.150362,0.828779,1.183034,1.650782,1.330992
153.000000,1.268041,1.022575,1.124494,1.648081,1.440344
154.000000,1.351564,1.186666,1.094022,1.636885,1.320827
155.000000,1.300898,1.336427,1.070416,1.626490,1.192403
156.000000,1.443143,1.387035,1.050212,1.615312,1.009865
157.000000,1.438947,1.487960,1.069532,1.596912,1.202300
158.000000,1.203964,1.492992,1.047737,1.538968,0.291804
159.000000,1.262497,1.627137,1.117851,1.522082,1.573389
160.000000,1.631188,1.835290,1.271165,1.543129,2.564562
161.000000,1.998949,2.166515,1.467872,1.531522,2.450010
162.000000,2.328430,2.346585,1.740401,1.528586,2.646593
163.000000,2.638532,2.405028,2.015850,1.526029,2.372264
164.000000,2.661389,2.440864,2.232070,1.554093,2.284779
165.000000,2.690896,2.578532,2.455713,1.632885,2.816343
166.000000,2.523045,2.550939,2.477092,1.672347,1.965061
167.000000,2.429774,2.562021,2.518614,1.756450,2.274892
168.000000,2.404135,2.619374,2.535418,1.838772,2.317866
169.000000,2.322529,2.544925,2.499097,1.913387,2.004626
170.000000,2.125864,2.412541,2.421740,1.971332,1.837380
171.000000,2.015008,2.268734,2.363206,2.004709,1.512006
172.000000,1.876621,2.145044,2.287969,2.051187,1.580822
173.000000,1.724124,2.050167,2.217980,2.095355,1.540974
174.000000,1.743194,2.031785,2.207850,2.154350,2.070550
175.000000,1.718067,1.930238,2.172393,2.170661,1.711539
176.000000,1.800949,1.922541,2.161697,2.170305,1.917040
177.000000,1.811764,1.860717,2.126991,2.153412,1.656606
178.000000,1.822336,1.792622,2.111894,2.131003,1.627339
179.000000,1.751792,1.763285,2.079197,2.112025,1.714496
180.000000,1.700845,1.723122,2.013546,2.067847,1.476209
181.000000,1.587078,1.701425,1.949875,2.040915,1.352355
182.000000,1.511124,1.667212,1.883447,1.996833,1.280593
183.000000,1.444154,1.639563,1.831058,1.956352,1.292304
184.000000,1.318364,1.543593,1.773362,1.912666,1.087236
185.000000,1.263001,1.494695,1.705481,1.881517,1.203388
186.000000,1.240014,1.429154,1.671503,1.857848,1.242854
187.000000,1.163949,1.355748,1.609272,1.819837,0.882395
188.000000,1.072339,1.280088,1.543414,1.795432,0.816025
189.000000,1.051307,1.205469,1.498427,1.764151,0.973432
190.000000,0.986457,1.147807,1.458179,1.719783,0.887662
191.000000,0.913704,1.105834,1.436288,1.681319,0.936523
192.000000,0.802972,1.018692,1.387990,1.624533,0.223214
193.000000,0.679120,0.917578,1.340387,1.574611,0.085514
194.000000,0.517610,0.844670,1.267678,1.531485,0.155473
195.000000,0.505546,0.805072,1.235999,1.489594,0.985459
196.000000,0.454084,0.744617,1.185527,1.467002,0.866962
197.000000,0.777607,0.806546,1.173482,1.450518,1.802998
198.000000,1.311612,0.947679,1.181182,1.441560,2.362014
199.000000,1.835738,1.091768,1.184068,1.442582,2.324656
200.000000,2.179756,1.288713,1.212289,1.452684,2.394266
201.000000,2.543325,1.538620,1.267010,1.483422,2.617556
202.000000,2.724947,1.947514,1.350312,1.520805,2.782139
203.000000,2.969149,2.481794,1.502229,1.592817,3.421244
204.000000,2.907636,2.735584,1.633011,1.613822,2.417002
205.000000,2.813658,2.816347,1.758916,1.649774,2.302938
206.000000,2.755322,2.880406,1.908886,1.690412,2.533693
207.000000,2.677633,2.845687,2.086289,1.746888,2.490477
208.000000,2.439243,2.735250,2.217095,1.791184,2.190542
209.000000,2.245826,2.565443,2.249071,1.796097,1.599360
210.000000,1.984208,2.359107,2.219231,1.781877,1.061248
211.000000,1.530569,2.080942,2.107363,1.726465,0.184791
212.000000,1.121140,1.855356,2.054695,1.686819,0.355379
213.000000,0.741432,1.586321,2.003222,1.645672,0.306193
214.000000,0.412707,1.369515,1.929816,1.602671,0.024465
215.000000,0.163448,1.151088,1.828553,1.549053,-0.110508
216.000000,0.273702,0.990243,1.801743,1.538799,0.713413
217.000000,0.227071,0.749425,1.712271,1.515737,0.132630
218.000000,0.307754,0.582746,1.653414,1.526260,0.698839
219.000000,0.403561,0.448223,1.583755,1.517832,0.462302
220.000000,0.489075,0.351775,1.502979,1.503831,0.253869
221.000000,0.369788,0.353076,1.412906,1.485575,0.152529
222.000000,0.409174,0.347199,1.326261,1.500810,0.285514
223.000000,0.267183,0.322778,1.184613,1.510821,0.031870
224.000000,0.231202,0.366275,1.099635,1.533656,0.333507
225.000000,0.242935,0.432436,1.012778,1.537958,0.318418
226.000000,0.329722,0.404544,0.907984,1.557770,0.550116
227.000000,0.440899,0.491248,0.795208,1.567065,0.795112
228.000000,0.759053,0.548071,0.709979,1.580411,1.307784
229.000000,1.249951,0.777779,0.720046,1.628153,2.198968
230.000000,1.713718,1.083224,0.781428,1.666092,1.963145
231.000000,1.723254,1.269317,0.862819,1.640472,0.546032
232.000000,1.691672,1.472492,0.952764,1.610036,0.704380
233.000000,1.529256,1.698817,1.066340,1.531363,0.737428
234.000000,1.007003,1.697237,1.188070,1.460102,0.098524
235.000000,0.593582,1.693216,1.377004,1.393491,0.324615
236.000000,0.422332,1.526972,1.404528,1.273105,-0.152341
237.000000,0.134385,1.270005,1.483521,1.113246,-0.505259
238.000000,-0.331593,0.848114,1.339801,0.918937,-1.211980
239.000000,-0.818580,0.167765,1.109043,0.722679,-1.831151
240.000000,-1.207230,-0.382962,0.973931,0.594020,-1.130527
241.000000,-1.396444,-0.658646,0.865395,0.550754,-1.003352
242.000000,-1.490902,-0.975582,0.662447,0.479935,-1.093611
243.000000,-1.302717,-1.178797,0.602630,0.443492,-0.521083
244.000000,-1.155185,-1.363230,0.272390,0.389913,-1.223024
245.000000,-1.054131,-1.470950,0.036720,0.387958,-0.679655
246.000000,-0.809310,-1.387393,-0.093143,0.331087,0.066976
247.000000,-0.546395,-1.272084,-0.292697,0.349224,0.047897
248.000000,-0.324203,-1.026002,-0.522854,0.315979,0.441057
249.000000,0.023302,-0.728834,-1.055625,0.295845,0.230889
250.000000,0.280961,-0.505917,-1.451818,0.334210,0.421405
251.000000,0.411174,-0.267297,-1.394684,0.433669,0.626217
252.000000,0.504773,-0.031680,-1.418025,0.502240,0.454457
253.000000,0.540274,0.140041,-1.419587,0.672719,0.594393
254.000000,0.631821,0.430597,-1.269666,0.800856,0.627006
255.000000,0.759717,0.684232,-1.110097,1.020617,0.972464
256.000000,0.840104,0.821912,-0.852571,1.182574,0.976576
257.000000,0.959020,0.958105,-0.522066,1.267889,0.990247
258.000000,1.032440,1.023292,-0.036380,1.193677,0.950875
259.000000,1.083020,1.099828,0.611203,0.854353,0.918287
260.000000,1.147133,1.196134,1.164926,0.647661,1.340809
261.000000,1.297760,1.314855,1.703024,0.905565,1.705235
262.000000,1.405393,1.425678,2.103615,1.091945,1.493326
263.000000,1.389024,1.440988,2.194183,1.129310,0.899746
264.000000,1.466330,1.509204,2.416322,1.432741,1.337022
265.000000,1.460181,1.535070,2.488106,1.665752,1.345330
266.000000,1.420813,1.581264,2.455232,1.991419,1.529756
267.000000,1.304940,1.545493,2.356409,2.163329,1.001617
268.000000,1.271171,1.482356,2.207033,2.336823,0.819271
269.000000,1.167954,1.430548,2.102946,2.548771,0.898723
270.000000,0.791468,1.196903,1.872927,2.423019,-0.632868
271.000000,0.270746,0.898881,1.634581,2.260203,-1.112162
272.000000,-0.360650,0.544703,1.380136,2.060305,-2.008847
273.000000,-1.291791,0.116018,1.041634,1.691243,-2.910624
274.000000,-2.123890,-0.357997,0.750227,1.498474,-2.454617
275.000000,-2.571451,-0.944447,0.391383,1.184849,-2.619940
276.000000,-2.725097,-1.572905,0.039607,0.798024,-2.281802
277.000000,-2.546970,-2.008297,-0.257133,0.494264,-1.658907
278.000000,-2.238390,-2.322205,-0.561841,0.100483,-1.631907
279.000000,-1.885576,-2.403469,-0.764147,-0.125208,-0.852821
280.000000,-1.495747,-2.272417,-0.984147,-0.367302,-0.698242
281.000000,-1.108254,-2.078075,-1.198589,-0.585305,-0.398100
282.000000,-0.841516,-1.844272,-1.387632,-0.776792,-0.369781
283.000000,-0.539467,-1.530965,-1.492785,-0.947448,-0.205233
284.000000,-0.488153,-1.333066,-1.674358,-1.219146,-0.608993
285.000000,-0.380344,-1.065404,-1.778497,-1.418291,-0.193244
286.000000,-0.298358,-0.804168,-1.852586,-1.546538,-0.011085
287.000000,-0.189721,-0.592612,-1.840268,-1.619232,0.145162
288.000000,-0.138339,-0.390959,-1.810132,-1.691411,0.040009
289.000000,0.026984,-0.269557,-1.764099,-1.719056,0.152605
290.000000,0.195080,-0.114014,-1.586734,-1.707690,0.591574
291.000000,0.286044,-0.017023,-1.425985,-1.771083,0.408919
292.000000,0.377959,0.097280,-1.225061,-1.771448,0.574457
293.000000,0.559604,0.229308,-0.945200,-1.658537,0.872155
294.000000,0.731848,0.427782,-0.699407,-1.605663,0.925208
295.000000,0.805918,0.575659,-0.427599,-1.567657,0.918872
296.000000,0.779634,0.622029,-0.218529,-1.649986,0.213187
297.000000,0.663717,0.621381,-0.069313,-1.696609,-0.047009
298.000000,0.415420,0.609260,0.076244,-1.751591,-0.323090
299.000000,0.054566,0.541419,0.122394,-1.853084,-0.708005
300.000000,-0.320094,0.402380,0.167089,-1.820812,-0.605208
301.000000,-0.436814,0.325943,0.216006,-1.742793,-0.230467
302.000000,-0.440604,0.232644,0.291482,-1.602140,-0.048872
303.000000,-0.285737,0.127550,0.399164,-1.324715,0.357604
304.000000,-0.075624,-0.010099,0.587569,-1.096333,0.240288
305.000000,0.087185,-0.163279,0.694370,-0.813943,0.113830
306.000000,0.092818,-0.234409,0.707639,-0.549328,-0.320057
307.000000,0.013133,-0.284442,0.648319,-0.353862,-0.554749
308.000000,-0.156240,-0.272482,0.620294,-0.100638,-0.360514
309.000000,-0.505387,-0.288973,0.474228,-0.038135,-1.226672
310.000000,-0.890710,-0.342094,0.209724,-0.008895,-1.319851
311.000000,-1.267832,-0.542018,-0.069803,-0.095188,-1.765991
312.000000,-1.363937,-0.717213,-0.299976,-0.117511,-0.974925
313.000000,-1.348043,-0.909497,-0.530475,-0.120835,-0.411704
314.000000,-1.276720,-1.167719,-0.823508,-0.079326,-0.959565
315.000000,-1.272719,-1.426815,-1.142530,-0.208495,-1.310650
316.000000,-1.249024,-1.614160,-1.355516,-0.470354,-1.643432
317.000000,-1.428861,-1.746115,-1.534603,-0.838556,-1.756226
318.000000,-1.762807,-1.915018,-1.701661,-1.244023,-1.971322
319.000000,-1.906238,-1.929590,-1.796496,-1.643112,-1.752443
320.000000,-1.989618,-1.946220,-1.893326,-2.130936,-1.842706
321.000000,-1.971798,-1.893994,-1.993061,-2.404475,-1.685236
322.000000,-1.932389,-1.928489,-2.065216,-2.587157,-1.663284
323.000000,-1.812738,-1.981979,-2.103596,-2.696496,-1.444196
324.000000,-1.690134,-1.957727,-2.070013,-2.695194,-1.142059
325.000000,-1.543226,-1.911891,-2.018666,-2.642710,-1.095946
326.000000,-1.413515,-1.838251,-1.948953,-2.480636,-1.033139
327.000000,-1.105207,-1.678794,-1.836962,-2.267649,-0.174217
328.000000,-0.865574,-1.516554,-1.778806,-2.086699,-0.405028
329.000000,-0.649361,-1.351448,-1.678217,-1.899184,-0.224608
330.000000,-0.481823,-1.172630,-1.593933,-1.761190,-0.360054
331.000000,-0.243889,-0.960281,-1.472116,-1.653943,0.043536
332.000000,-0.170126,-0.723464,-1.398196,-1.569952,0.172070
333.000000,-0.070521,-0.526589,-1.371113,-1.533290,0.059450
334.000000,-0.080004,-0.412143,-1.342677,-1.510417,-0.299415
335.000000,-0.113755,-0.339914,-1.314328,-1.498454,-0.603425
336.000000,-0.210295,-0.253344,-1.258477,-1.466498,-0.409699
337.000000,-0.556530,-0.380438,-1.240175,-1.469050,-1.415215
338.000000,-1.124296,-0.590362,-1.253021,-1.525530,-2.377994
339.000000,-2.657488,-1.448111,-1.562687,-1.734858,-4.539889
340.000000,-3.298234,-2.106519,-1.786772,-1.877668,-3.160176
341.000000,-3.371596,-2.543465,-1.932202,-1.939313,-2.318693
342.000000,-3.301622,-2.889790,-2.096891,-2.045631,-2.446767
343.000000,-3.181144,-3.085927,-2.281171,-2.174731,-2.522502
344.000000,-2.713423,-3.091270,-2.415132,-2.251074,-2.234014
345.000000,-2.443926,-3.001218,-2.479589,-2.283870,-1.984917
346.000000,-2.318707,-2.904833,-2.506466,-2.288695,-1.878459
347.000000,-2.186956,-2.785001,-2.548890,-2.284954,-1.882492
348.000000,-2.024750,-2.642127,-2.543115,-2.259252,-1.764753
349.000000,-1.882462,-2.352763,-2.513601,-2.224232,-1.581378
350.000000,-1.678084,-2.108100,-2.421227,-2.141599,-1.041130
351.000000,-1.495225,-1.945916,-2.348373,-2.068974,-0.992479
352.000000,-1.356103,-1.810524,-2.302686,-2.018591,-1.181305
353.000000,-1.217483,-1.662747,-2.244997,-1.971492,-1.077984
354.000000,-1.104301,-1.538786,-2.180585,-1.933739,-1.029290
355.000000,-1.099690,-1.439951,-2.117996,-1.900614,-1.025624
356.000000,-1.104357,-1.352171,-2.066517,-1.871770,-1.022188
357.000000,-1.079481,-1.268204,-2.009415,-1.864824,-1.063998
358.000000,-1.069120,-1.190895,-1.943375,-1.851922,-1.030354
359.000000,-1.069901,-1.131457,-1.806865,-1.844616,-1.034494
360.000000,-1.060186,-1.122380,-1.705605,-1.833456,-0.974382
361.000000,-1.056828,-1.121480,-1.638836,-1.831789,-0.999224
362.000000,-1.046454,-1.101895,-1.568511,-1.832714,-1.010907
363.000000,-1.023523,-1.084220,-1.487886,-1.826294,-0.900245
364.000000,-0.981018,-1.064268,-1.414384,-1.811815,-0.794292
365.000000,-0.914252,-1.028918,-1.343568,-1.788828,-0.564044
366.000000,-0.857616,-1.004658,-1.282459,-1.775904,-0.684382
367.000000,-0.817755,-0.985728,-1.223822,-1.758568,-0.878577
368.000000,-0.811068,-0.972337,-1.168538,-1.732474,-0.963956
369.000000,-0.689847,-0.908099,-1.101955,-1.632129,0.068477
370.000000,-0.624527,-0.849112,-1.072836,-1.555597,-0.015402
371.000000,-0.460771,-0.771318,-1.047046,-1.500259,0.149483
372.000000,-0.033907,-0.633141,-0.995820,-1.430876,0.931261
373.000000,0.424281,-0.475923,-0.950479,-1.353318,0.915520
374.000000,0.676381,-0.277145,-0.903608,-1.279977,1.061371
375.000000,0.963654,-0.077771,-0.854437,-1.213712,0.988916
376.000000,1.506991,0.383518,-0.769601,-1.131908,2.244586
377.000000,1.852312,0.998781,-0.656140,-1.039265,2.307266
378.000000,2.088243,1.524727,-0.524553,-0.945747,2.073363
379.000000,2.136264,1.764861,-0.374940,-0.860763,1.616985
380.000000,2.099170,1.919177,-0.213661,-0.812673,1.262321
381.000000,1.856105,1.999650,-0.000987,-0.765388,1.264181
382.000000,1.465668,1.874947,0.237441,-0.713479,0.546525
383.000000,1.161398,1.785615,0.536526,-0.661094,0.681269
384.000000,1.058094,1.752855,0.942366,-0.593671,1.154318
385.000000,0.896882,1.651783,1.307286,-0.532261,0.531694
386.000000,0.780395,1.463617,1.689387,-0.452653,0.718732
387.000000,0.727769,1.220975,1.923173,-0.362155,0.316916
388.000000,0.721236,1.044538,2.035667,-0.236693,0.659743
389.000000,0.544625,0.880215,1.962300,-0.085264,0.324831
390.000000,0.620390,0.828454,1.938419,0.143424,0.900249
391.000000,0.661764,0.782292,1.889957,0.473040,0.929538
392.000000,0.752340,0.795375,1.780900,0.916222,0.726671
393.000000,0.658977,0.738589,1.651657,1.395768,0.141844
394.000000,0.524762,0.569538,1.497977,1.796776,-0.499742
395.000000,0.350154,0.531424,1.407322,2.049526,0.102448
396.000000,0.158692,0.474555,1.252668,2.131639,0.153273
397.000000,-0.007221,0.469114,1.091062,2.118636,0.104393
398.000000,0.093938,0.470203,0.971569,2.100315,0.785452
399.000000,0.074776,0.386276,0.813718,1.922607,-0.917740
400.000000,-0.155429,0.183207,0.690504,1.793485,-0.958898
401.000000,0.109625,0.163413,0.667324,1.778804,1.423437
402.000000,1.179802,0.488273,0.821418,1.824553,3.255300
403.000000,2.062268,1.057652,0.982024,1.868398,2.822210
404.000000,3.333798,2.110744,1.194413,1.955847,3.233185
405.000000,3.639409,2.890827,1.461028,2.008183,2.456136
406.000000,3.372187,3.293220,1.730338,1.981728,2.284445
407.000000,2.979901,3.343067,2.056212,1.948928,2.284234
408.000000,2.917064,3.330037,2.414413,1.990676,2.898497
409.000000,2.737612,3.314124,2.688681,2.039116,2.594153
410.000000,2.590208,3.171293,2.746797,2.070514,2.100569
411.000000,2.397881,2.903829,2.693757,2.066197,1.669725
412.000000,2.191248,2.604530,2.614898,2.080490,1.440892
413.000000,1.859436,2.367309,2.541608,2.068244,1.218096
414.000000,1.546450,2.118218,2.473970,2.019983,1.029394
415.000000,1.397038,1.989910,2.416235,2.035341,1.352290
416.000000,1.285758,1.861089,2.336223,2.021780,1.132564
417.000000,1.201519,1.734767,2.257328,2.018802,1.038626
418.000000,1.193869,1.576123,2.183234,2.010521,1.185657
419.000000,1.163121,1.404629,2.132569,1.992405,0.883504
420.000000,1.009615,1.248633,2.065265,1.934011,0.602926
421.000000,0.926464,1.149755,1.972688,1.888424,0.726094
422.000000,0.826728,1.056426,1.841071,1.842587,0.547634
423.000000,0.597519,0.939637,1.702778,1.791371,0.063086
424.000000,0.448926,0.855805,1.565043,1.769775,0.153606
425.000000,0.424395,0.767657,1.477901,1.754020,0.502714
426.000000,0.336884,0.686661,1.392583,1.731211,0.335300
427.000000,0.225487,0.585925,1.296506,1.698743,0.011306
428.000000,0.165959,0.432020,1.153158,1.646704,-0.325971
429.000000,0.173535,0.352607,1.038646,1.651083,0.186720
430.000000,0.232938,0.369549,0.976480,1.683587,1.171937
431.000000,0.571060,0.452346,0.974429,1.708007,2.478118
432.000000,0.957050,0.515332,0.957627,1.672789,1.482042
433.000000,1.512152,0.648173,0.941222,1.630788,0.958850
434.000000,1.814913,0.757204,0.927009,1.559829,0.500091
435.000000,1.804858,0.856315,0.894216,1.514281,0.830898
436.000000,1.173804,0.969146,0.858591,1.460459,0.151391
437.000000,1.091230,1.378325,0.866636,1.427063,1.170069
438.000000,1.777062,2.362799,0.949961,1.404137,3.028091
439.000000,2.501875,3.015144,1.105284,1.392407,3.013560
440.000000,2.541184,2.852020,1.234199,1.358154,1.624809
441.000000,3.004710,2.767515,1.489199,1.403113,2.880707
442.000000,3.200438,2.889064,1.860170,1.489940,3.050646
443.000000,2.919761,2.876867,2.235148,1.565681,2.349856
444.000000,2.728827,2.893011,2.552226,1.667677,2.394942
445.000000,2.833703,2.917958,2.774596,1.775419,2.670206
446.000000,2.757496,2.949776,2.912222,1.906321,2.647346
447.000000,2.680515,2.925938,2.991490,2.049870,2.686571
448.000000,2.739274,2.852873,3.033723,2.189964,2.774759
449.000000,2.686850,2.740123,2.950313,2.292888,2.393808
450.000000,2.504555,2.645756,2.789943,2.343134,1.938192
451.000000,2.313650,2.493347,2.621167,2.352037,1.758617
452.000000,2.063808,2.311294,2.480848,2.326917,1.416468
453.000000,1.812530,2.197787,2.384266,2.320475,1.445846
454.000000,1.608313,2.085887,2.304293,2.292265,1.347436
455.000000,1.450132,1.946348,2.216019,2.233755,1.148227
456.000000,1.304861,1.804420,2.143196,2.177053,1.036455
457.000000,1.239477,1.667514,2.073391,2.137307,1.090631
458.000000,1.100550,1.482214,1.966381,2.085457,0.747518
459.000000,1.057405,1.364274,1.897983,2.049866,1.144322
460.000000,0.873932,1.196483,1.807367,1.950524,0.203080
461.000000,0.574500,0.979531,1.665783,1.815687,-0.494607
462.000000,0.130683,0.740131,1.498310,1.685027,-1.084494
463.000000,-0.222053,0.505876,1.370033,1.588381,-0.926179
464.000000,-0.658838,0.281831,1.253838,1.516721,-0.827027
465.000000,-0.876225,0.075366,1.133799,1.456622,-0.752433
466.000000,-1.134004,-0.231332,0.961090,1.371838,-1.690368
467.000000,-1.239961,-0.560222,0.779667,1.292933,-1.557365
468.000000,-1.343425,-0.842858,0.576158,1.206216,-1.354324
469.000000,-1.480413,-1.199499,0.358658,1.114981,-1.424159
470.000000,-1.629693,-1.431458,0.140115,1.047366,-1.448648
471.000000,-1.546018,-1.551715,-0.094385,0.957598,-1.336601
472.000000,-1.461120,-1.566972,-0.328430,0.855698,-1.204545
473.000000,-1.403416,-1.585478,-0.599315,0.764495,-1.130309
474.000000,-1.328037,-1.603127,-0.899590,0.657235,-1.110143
475.000000,-1.249735,-1.615630,-1.209389,0.511458,-1.102126
476.000000,-1.202741,-1.522177,-1.517328,0.319882,-1.136479
477.000000,-1.157597,-1.433342,-1.786660,0.071295,-1.026271
478.000000,-1.125301,-1.365910,-1.944484,-0.275831,-1.014483
479.000000,-1.102339,-1.295255,-2.071354,-0.691507,-1.026087
480.000000,-1.033173,-1.203120,-2.034572,-1.111971,-0.766332
481.000000,-0.975103,-1.137646,-1.935482,-1.567369,-0.852021
482.000000,-0.964271,-1.101649,-1.808547,-1.970032,-0.972514
483.000000,-0.928325,-1.064265,-1.701129,-2.257663,-0.831428
484.000000,-0.898710,-1.038168,-1.619870,-2.405778,-0.885886
485.000000,-0.946439,-1.023770,-1.561930,-2.436909,-0.980732
486.000000,-0.920614,-0.980703,-1.444780,-2.379355,-0.673770
487.000000,-0.893419,-0.964103,-1.359379,-2.317449,-0.827807
488.000000,-0.808654,-0.908035,-1.275516,-2.199785,-0.264970
489.000000,-0.817830,-0.895458,-1.218023,-2.153645,-1.078676
490.000000,-0.706357,-0.885387,-1.150716,-2.030978,-0.326253
491.000000,-0.733560,-0.880441,-1.102276,-1.895270,-0.744630
492.000000,-0.773090,-0.875193,-1.072608,-1.757060,-1.218692
493.000000,-1.033047,-0.878089,-1.045215,-1.648870,-0.815823
494.000000,-0.616728,-0.785220,-0.997062,-1.547498,0.824913
495.000000,0.152136,-0.507878,-0.915895,-1.444717,3.194204
496.000000,0.829603,-0.307462,-0.849137,-1.324216,1.551255
497.000000,1.774929,0.065264,-0.781030,-1.221623,1.658130
498.000000,2.212120,0.272606,-0.725058,-1.149400,0.689373
499.000000,2.070908,0.728491,-0.656478,-1.076943,0.706173
500.000000,1.514477,1.040444,-0.596955,-1.002544,1.118922
501.000000,1.283006,1.335267,-0.524430,-0.941432,0.708744
502.000000,1.062038,1.727935,-0.409381,-0.886630,0.832430
503.000000,0.687338,1.735820,-0.357342,-0.861658,-0.745125
504.000000,-0.098178,1.201074,-0.360774,-0.865041,-2.112528
505.000000,-1.200070,0.169042,-0.401978,-0.886393,-2.525111
506.000000,-2.238286,-0.785872,-0.633044,-0.926546,-2.795644
507.000000,-2.948802,-1.764104,-0.984232,-0.994324,-2.670482
508.000000,-3.086042,-2.411843,-1.717559,-1.081347,-2.530535
509.000000,-2.974525,-2.829938,-2.306485,-1.189921,-2.462057
510.000000,-2.778053,-3.025420,-2.824725,-1.344830,-2.185058
511.000000,-2.651037,-3.106884,-3.124306,-1.542105,-2.429196
512.000000,-2.559507,-3.110140,-3.206692,-1.757748,-2.401322
513.000000,-2.465156,-2.980309,-3.189387,-1.997029,-2.238014
514.000000,-2.266904,-2.741111,-3.097039,-2.153826,-1.680477
515.000000,-2.064382,-2.498843,-3.012908,-2.221432,-1.334496
516.000000,-1.770559,-2.248775,-2.825385,-2.248638,-0.988004
517.000000,-1.378169,-1.979573,-2.621331,-2.160565,-0.432001
518.000000,-1.048005,-1.772782,-2.455229,-2.130055,-0.588571
519.000000,-0.813628,-1.580162,-2.320413,-2.026977,-0.536117
520.000000,-0.642672,-1.417265,-2.222879,-1.967172,-0.513891
521.000000,-0.546380,-1.235691,-2.132779,-1.900853,-0.532203
522.000000,-0.488058,-1.006546,-2.028133,-1.795838,-0.149990
523.000000,-0.501082,-0.839461,-1.943396,-1.759234,-0.651320
524.000000,-0.498465,-0.712210,-1.829210,-1.755325,-0.524907
525.000000,-0.387994,-0.561016,-1.680123,-1.756143,0.040111
526.000000,-0.270080,-0.447225,-1.535445,-1.728314,0.055589
527.000000,-0.139604,-0.349561,-1.372643,-1.682402,0.571262
528.000000,0.066913,-0.258003,-1.237149,-1.642438,0.302414
529.000000,0.195159,-0.203227,-1.124130,-1.631914,-0.047464
530.000000,0.165960,-0.160182,-1.029751,-1.644404,-0.180669
531.000000,0.104007,-0.123681,-0.920546,-1.660225,-0.341759
532.000000,-0.042285,-0.111188,-0.784366,-1.671281,-0.002529
533.000000,-0.168879,-0.028008,-0.648669,-1.660860,-0.179026
534.000000,-0.143901,0.079886,-0.529582,-1.613076,0.182495
535.000000,0.060006,0.153133,-0.404357,-1.538268,0.775754
536.000000,0.325275,0.229013,-0.303261,-1.455427,0.636467
537.000000,0.485306,0.202148,-0.251841,-1.369729,0.596652
538.000000,0.734056,0.264834,-0.159304,-1.271940,0.804404
539.000000,0.856014,0.413751,-0.058942,-1.166410,0.712111
540.000000,1.011583,0.720652,0.115934,-1.031600,1.426479
541.000000,1.166133,1.019739,0.334879,-0.856448,1.328393
542.000000,1.213169,1.118874,0.487429,-0.667645,0.832176
543.000000,1.214214,1.218707,0.778637,-0.456518,0.764921
544.000000,1.042666,1.143366,0.979056,-0.314347,-0.566107
545.000000,0.980345,1.174187,1.140368,-0.131340,1.208241
546.000000,1.352142,1.421532,1.395617,0.093174,2.724405
547.000000,1.469297,1.495730,1.337048,0.197265,0.849313
548.000000,1.427479,1.506291,1.287766,0.322574,0.430212
549.000000,1.578861,1.480576,1.259498,0.433989,-0.112877
550.000000,1.404645,1.406299,1.306489,0.591673,0.619285
551.000000,1.546879,1.766057,1.570308,0.911817,2.865524
552.000000,1.904816,2.045731,1.695157,1.137559,1.934854
553.000000,2.411806,2.353798,1.885157,1.495126,2.282382
554.000000,2.600245,2.550636,1.952700,1.708980,1.286296
555.000000,2.757257,2.569382,2.044066,1.824224,2.075025
556.000000,2.238653,2.244737,2.068224,1.832436,1.205890
557.000000,2.194299,2.326339,2.163210,1.817371,2.040509
558.000000,2.040253,2.384622,2.202830,1.822759,1.832989
559.000000,2.117020,2.467895,2.247261,1.868371,1.884910
560.000000,1.852663,2.355402,2.149785,1.860163,1.109781
561.000000,1.829696,2.107373,2.091221,1.881601,1.326205
562.000000,1.748122,2.030886,2.105923,1.907956,1.709371
563.000000,1.664231,1.899211,2.092347,1.935193,1.461848
564.000000,1.581198,1.877526,2.134979,1.951114,1.509215
565.000000,1.572531,1.739243,2.055915,1.919046,1.064848
566.000000,1.558669,1.717845,1.938180,1.914306,1.261645
567.000000,1.602787,1.698979,1.960341,1.951878,1.897025
568.000000,1.503293,1.606327,1.933224,1.930080,1.005864
569.000000,1.616858,1.621548,1.993070,1.968971,1.984992
570.000000,1.665819,1.641941,1.972476,1.933504,1.310590
571.000000,1.588268,1.594473,1.843955,1.883369,0.944867
572.000000,1.397385,1.516946,1.771916,1.860906,1.027178
573.000000,1.249078,1.391364,1.647932,1.805380,0.293553
574.000000,1.015248,1.334101,1.613895,1.819262,0.935467
575.000000,0.865302,1.297252,1.532565,1.772593,0.624249
576.000000,0.654726,1.170780,1.463798,1.662777,-0.049520
577.000000,0.421225,0.974689,1.366384,1.617262,0.000402
578.000000,0.449032,0.921243,1.302384,1.603097,0.379148
579.000000,0.343419,0.751243,1.244792,1.613269,0.597292
580.000000,0.331477,0.668957,1.241714,1.610983,0.759353
581.000000,0.555890,0.637469,1.225759,1.544174,0.819401
582.000000,0.724545,0.551338,1.168602,1.498735,0.381655
583.000000,1.206631,0.751494,1.187970,1.480077,2.111351
584.000000,1.354792,0.746582,1.162139,1.469086,0.981127
585.000000,0.699203,0.499672,1.064919,1.366475,-1.844370
586.000000,-0.174875,0.301900,0.933648,1.294287,-2.240582
587.000000,-1.000066,0.043614,0.736384,1.193022,-1.939687
588.000000,-2.481566,-0.470921,0.580727,1.088022,-2.112010
589.000000,-2.862384,-0.945028,0.340556,0.996601,-1.243640
590.000000,-3.889887,-2.939671,-0.404240,0.665999,-4.678292
591.000000,-3.849368,-3.749416,-1.182008,0.305475,-3.356909
592.000000,-3.745997,-3.850157,-2.081248,-0.201521,-3.151532
593.000000,-3.484126,-3.709639,-2.641587,-0.726551,-2.514613
594.000000,-3.340481,-3.491132,-2.992361,-1.338388,-2.440494
595.000000,-2.824969,-3.190367,-3.046594,-1.869201,-2.085499
596.000000,-2.531786,-2.971741,-2.972311,-2.315538,-1.986809
597.000000,-2.238433,-2.790118,-2.845763,-2.600044,-1.744724
598.000000,-2.020546,-2.619456,-2.716004,-2.658709,-1.505246
599.000000,-1.757821,-2.471369,-2.571895,-2.645459,-1.171696
600.000000,-1.565597,-2.182013,-2.457178,-2.568893,-1.144592
601.000000,-1.384251,-1.974342,-2.360299,-2.471549,-1.094658
602.000000,-1.246434,-1.778918,-2.272345,-2.384490,-1.073179
603.000000,-1.117780,-1.616951,-2.208788,-2.268675,-0.886806
604.000000,-1.047930,-1.456824,-2.134885,-2.186155,-0.834570
605.000000,-0.970007,-1.322914,-2.034835,-2.104055,-0.765689
606.000000,-0.922843,-1.207650,-1.956812,-2.028442,-0.866950
607.000000,-0.841466,-1.095548,-1.881955,-1.954592,-0.679928
608.000000,-0.755379,-0.985507,-1.802653,-1.887020,-0.461012
609.000000,-0.688193,-0.916501,-1.749294,-1.837278,-0.502035
610.000000,-0.598234,-0.831939,-1.598488,-1.788131,-0.313012
611.000000,-0.456327,-0.739493,-1.471125,-1.741988,-0.173548
612.000000,-0.361450,-0.653233,-1.345284,-1.703634,-0.228299
613.000000,-0.244664,-0.555317,-1.227461,-1.676804,0.155029
614.000000,-0.091104,-0.454082,-1.106245,-1.645228,0.264672
615.000000,0.048942,-0.348695,-0.997032,-1.594083,0.370011
616.000000,0.129922,-0.237585,-0.897163,-1.558275,0.144341
617.000000,0.367882,-0.091905,-0.785685,-1.517084,0.837424
618.000000,0.600929,0.063660,-0.676469,-1.476926,1.254719
619.000000,0.914280,0.271943,-0.586984,-1.457324,1.773048
620.000000,1.334093,0.531127,-0.477225,-1.343237,1.988244
621.000000,1.926450,0.879817,-0.341406,-1.234834,2.202050
622.000000,2.080156,1.313778,-0.186472,-1.111608,1.937950
623.000000,1.944923,1.602862,-0.041443,-1.008929,1.386149
624.000000,1.845099,1.780046,0.129648,-0.888412,1.395141
625.000000,1.682023,1.824871,0.320549,-0.773255,1.217932
626.000000,1.226296,1.702527,0.496372,-0.678793,-0.157201
627.000000,0.808205,1.479627,0.671154,-0.584446,-0.206374
628.000000,0.507561,1.269633,0.834009,-0.489712,-0.106660
629.000000,0.011491,1.024970,0.968565,-0.435342,-0.903545
630.000000,-0.658528,0.666967,0.997939,-0.398481,-1.679052
631.000000,-1.167336,0.163358,0.911092,-0.385995,-2.263098
632.000000,-1.639010,-0.369424,0.798555,-0.372744,-2.157942
633.000000,-1.879347,-0.770851,0.652242,-0.345120,-1.345984
634.000000,-1.823175,-1.113734,0.529340,-0.288037,-0.818984
635.000000,-1.563550,-1.378563,0.421911,-0.207582,-0.506666
636.000000,-1.196249,-1.437618,0.354350,-0.078512,-0.519359
637.000000,-0.949662,-1.546835,0.156410,-0.004033,-1.035681
638.000000,-0.784237,-1.589840,-0.037975,0.069265,-0.614569
639.000000,-0.641601,-1.483716,-0.207126,0.227700,-0.182740
640.000000,-0.573094,-1.295181,-0.434854,0.349807,-0.201641
641.000000,-0.438687,-0.991907,-0.708047,0.471283,0.081870
642.000000,-0.282768,-0.747781,-1.046998,0.537920,-0.339949
643.000000,-0.468295,-0.756349,-1.478072,0.250561,-1.404867
644.000000,-0.883367,-0.915267,-1.945847,-0.188013,-1.902779
645.000000,-1.179563,-1.049374,-2.232246,-0.576022,-1.467642
646.000000,-1.471520,-1.154290,-2.257524,-0.869601,-1.304809
647.000000,-1.569909,-1.138237,-2.194932,-1.253380,-0.944793
648.000000,-1.458591,-1.173860,-2.129764,-1.699431,-0.949115
649.000000,-1.244829,-1.257366,-2.009233,-2.177119,-0.937098
650.000000,-1.149133,-1.348455,-1.861321,-2.566821,-1.048270
651.000000,-1.096439,-1.467467,-1.688672,-2.790241,-1.074753
652.000000,-0.850489,-1.388050,-1.433896,-2.672100,0.354588
653.000000,-1.423860,-1.635993,-1.567950,-2.846915,-3.245542
654.000000,-1.951067,-1.775468,-1.703365,-2.862494,-2.739374
655.000000,-2.488374,-1.999610,-1.870189,-2.837388,-2.787737
656.000000,-2.845300,-2.221993,-2.014764,-2.717112,-2.534127
657.000000,-3.199888,-2.458693,-2.118163,-2.630154,-2.453690
658.000000,-2.873362,-2.616185,-2.218088,-2.556561,-2.237123
659.000000,-2.621161,-2.677377,-2.297398,-2.449985,-1.939861
660.000000,-2.391906,-2.677403,-2.351295,-2.341508,-1.895946
661.000000,-2.183119,-2.614058,-2.376025,-2.221531,-1.698197
662.000000,-2.015683,-2.626759,-2.371574,-2.132689,-1.736718
663.000000,-1.918429,-2.417683,-2.326081,-2.095157,-1.808335
664.000000,-1.913695,-2.298979,-2.280351,-2.094456,-1.949109
665.000000,-1.883147,-2.175854,-2.246379,-2.093449,-1.805216
666.000000,-1.877642,-2.075337,-2.219734,-2.089728,-1.745546
667.000000,-1.802011,-1.950447,-2.181251,-2.052128,-1.433632
668.000000,-1.673626,-1.826765,-2.128333,-2.015744,-1.207489
669.000000,-1.451937,-1.697518,-2.056651,-1.973348,-0.844805
670.000000,-1.221994,-1.562460,-1.979117,-1.926509,-0.640874
671.000000,-1.073703,-1.493506,-1.937547,-1.914371,-1.021569
672.000000,-0.954533,-1.410209,-1.925293,-1.888540,-0.862223
673.000000,-0.873656,-1.318312,-1.816885,-1.843060,-0.829845
674.000000,-0.862627,-1.204073,-1.726988,-1.789499,-0.782023
675.000000,-0.837860,-1.071922,-1.623490,-1.738735,-0.479234
676.000000,-0.712718,-0.933930,-1.528371,-1.696439,-0.410546
677.000000,-0.618343,-0.825759,-1.437526,-1.668140,-0.394572
678.000000,-0.487397,-0.722112,-1.347723,-1.637361,-0.179105
679.000000,-0.332100,-0.649359,-1.267582,-1.608291,-0.025467
680.000000,-0.188106,-0.578818,-1.181363,-1.574739,0.271898
681.000000,-0.036963,-0.450198,-1.107335,-1.546870,0.343355
682.000000,0.172775,-0.324637,-1.031031,-1.551451,0.746530
683.000000,0.421043,-0.166408,-0.938381,-1.475871,1.069741
684.000000,0.690595,0.013079,-0.826941,-1.411993,1.078949
685.000000,0.920366,0.176116,-0.712003,-1.343625,1.073437
686.000000,0.859088,0.264148,-0.619210,-1.299766,-0.334804
687.000000,0.790834,0.429141,-0.521231,-1.240581,0.383604
688.000000,0.582791,0.562555,-0.435725,-1.186678,0.187348
689.000000,0.273808,0.638447,-0.390208,-1.147733,-0.213343
690.000000,-0.006971,0.653516,-0.356775,-1.104226,-0.052611
691.000000,0.129324,0.671245,-0.254625,-1.063876,0.218330
692.000000,-0.064829,0.507188,-0.180000,-1.030192,-0.408899
693.000000,-0.041131,0.373754,-0.053693,-0.970723,0.292292
694.000000,0.131439,0.267932,0.119145,-0.880740,0.523293
695.000000,0.193686,0.117705,0.264044,-0.789226,0.222709
696.000000,0.265409,0.244175,0.462309,-0.672065,0.614144
697.000000,0.498400,0.236285,0.695808,-0.566348,0.490516
698.000000,0.458659,0.202627,0.851929,-0.476850,-0.081493
699.000000,0.287705,0.222559,0.937526,-0.421630,-0.220839
700.000000,0.154327,0.205200,0.891519,-0.388605,-0.326707
701.000000,-0.299644,0.054268,0.719127,-0.302962,-1.130375
702.000000,-0.738578,-0.000760,0.484348,-0.225845,-1.202234
703.000000,-0.823081,-0.118709,0.272467,-0.100877,-0.401566
704.000000,-0.966863,-0.371984,0.042946,0.040891,-0.775980
705.000000,-0.898027,-0.460620,-0.120692,0.188879,0.101106
706.000000,-0.815173,-0.785696,-0.139871,0.315930,-0.822540
707.000000,-0.378841,-0.857618,-0.173276,0.564652,0.450445
708.000000,-0.262093,-0.856271,-0.215737,0.754389,0.040127
709.000000,-0.123974,-0.869497,-0.219630,0.855235,-0.244142
710.000000,-0.721097,-1.211977,-0.484001,0.582440,-2.134648
711.000000,-0.774759,-1.145728,-0.731103,0.354624,-1.006711
712.000000,-1.253960,-1.124497,-0.923297,0.010926,-1.340158
713.000000,-1.766444,-1.343231,-1.403319,-0.452599,-1.851784
714.000000,-2.476596,-1.701042,-2.021575,-1.007319,-2.826118
715.000000,-2.920601,-2.380682,-2.493295,-1.630437,-3.476352
716.000000,-3.151694,-2.655714,-2.711823,-1.830536,-2.559448
717.000000,-3.138461,-2.980785,-2.776100,-2.096670,-2.333143
718.000000,-3.065788,-3.152579,-2.784230,-2.306274,-2.530078
719.000000,-2.923960,-3.202567,-2.793413,-2.445963,-2.672673
720.000000,-2.349050,-2.798029,-2.574848,-2.352552,-0.981067
721.000000,-1.838356,-2.483347,-2.290311,-2.213881,-0.178656
722.000000,-1.212667,-2.096142,-1.980429,-1.948408,0.732008
723.000000,-0.490918,-1.726404,-1.763651,-1.773541,0.929923
724.000000,0.464861,-1.256258,-1.514361,-1.586840,1.436159
725.000000,1.078585,-0.685334,-1.316163,-1.375169,1.599658
726.000000,1.460984,-0.177335,-1.090230,-1.219043,1.514951
727.000000,1.618363,0.341768,-0.946565,-1.068960,1.477266
728.000000,1.692630,0.908595,-0.789420,-0.904478,1.360994
729.000000,1.655833,1.514022,-0.604137,-0.733057,1.355428
730.000000,1.597954,1.829131,-0.261712,-0.543993,1.402323
731.000000,1.808983,2.150659,0.240824,-0.143809,2.392260
732.000000,1.980501,2.284730,0.811610,0.288995,2.249924
733.000000,2.266281,2.442449,1.553988,0.819671,2.651223
734.000000,2.379619,2.436962,2.165760,1.315922,2.166605
735.000000,2.356340,2.348122,2.566916,1.666456,1.727977
736.000000,2.115633,2.230859,2.702340,1.946656,1.372315
737.000000,1.920081,2.135869,2.742149,2.112504,1.345430
738.000000,1.586118,2.020398,2.705327,2.185812,1.001641
739.000000,1.431321,1.973924,2.714597,2.297840,1.387176
740.000000,1.284174,1.886115,2.574878,2.359130,1.031679
741.000000,1.180379,1.720029,2.414652,2.321675,0.891442
742.000000,0.990300,1.523973,2.213323,2.226134,0.435039
743.000000,0.856627,1.285980,2.042371,2.142820,0.349942
744.000000,0.718922,1.135182,1.916421,2.134076,0.722333
745.000000,0.620052,1.010319,1.793667,2.130632,0.562511
746.000000,0.508706,0.902361,1.680710,2.088761,0.358986
747.000000,0.425011,0.762148,1.563910,2.025849,-0.023000
748.000000,0.374076,0.668686,1.473779,1.996126,0.041026
749.000000,0.286090,0.554864,1.414381,2.007577,0.379206
750.000000,0.292443,0.506216,1.377061,1.979908,0.781948
751.000000,0.332220,0.459869,1.290223,1.927117,0.637460
752.000000,0.412015,0.440840,1.189172,1.839170,0.133067
753.000000,0.365248,0.391029,1.034829,1.743046,-0.501612
754.000000,0.100654,0.235928,0.886128,1.635792,-0.930548
755.000000,-0.482364,0.020741,0.736325,1.518087,-1.574673
756.000000,-1.176977,-0.251171,0.586807,1.403458,-1.953456
757.000000,-1.692398,-0.496563,0.431454,1.305010,-1.761619
758.000000,-2.090227,-0.882623,0.270180,1.203602,-2.091582
759.000000,-2.553331,-1.575700,-0.022305,1.063235,-2.877592
760.000000,-2.853114,-2.406822,-0.380540,0.887793,-3.025172
761.000000,-2.808546,-2.826964,-0.764464,0.664609,-2.372787
762.000000,-2.769112,-2.946371,-1.172758,0.402648,-2.309457
763.000000,-2.668627,-2.876964,-1.604263,0.051796,-2.217556
764.000000,-2.404318,-2.710178,-2.003872,-0.291215,-1.783815
765.000000,-2.161245,-2.553104,-2.279438,-0.654926,-1.814575
766.000000,-2.029724,-2.411200,-2.406557,-1.020070,-1.752200
767.000000,-1.713540,-2.204935,-2.306815,-1.293105,-0.767326
768.000000,-1.367092,-1.998343,-2.179798,-1.493810,-0.484097
769.000000,-1.023056,-1.727345,-2.046133,-1.667701,-0.024805
770.000000,-0.749065,-1.499077,-1.989921,-1.804912,-0.455946
771.000000,-0.371339,-1.276883,-1.898465,-1.845731,0.020936
772.000000,-0.230031,-1.064929,-1.812954,-1.829509,-0.116612
773.000000,-0.085434,-0.818013,-1.701201,-1.769905,0.187557
774.000000,0.041586,-0.567352,-1.571018,-1.710169,0.597519
775.000000,0.204987,-0.330029,-1.459669,-1.658043,0.287595
776.000000,0.237477,-0.093278,-1.357507,-1.601164,0.159745
777.000000,0.344371,0.046127,-1.260816,-1.511636,0.362693
778.000000,0.403116,0.163626,-1.154451,-1.435135,0.449793
779.000000,0.268322,0.168238,-1.040104,-1.417682,-0.034121
780.000000,0.176448,0.218408,-0.907839,-1.431623,-0.168928
781.000000,0.084117,0.191157,-0.806923,-1.450944,-0.320160
782.000000,-0.062732,0.184809,-0.692063,-1.457273,-0.320378
783.000000,-0.253815,0.131716,-0.565596,-1.452043,-0.347534
784.000000,-0.303131,0.026180,-0.449944,-1.436462,-0.191378
785.000000,-0.052957,0.097192,-0.230564,-1.359508,1.038871
786.000000,0.210676,0.172270,0.013367,-1.288229,0.796595
787.000000,0.448149,0.201036,0.164908,-1.239895,0.634343
788.000000,0.720492,0.235215,0.323969,-1.178948,0.753654
789.000000,0.984597,0.400596,0.467416,-1.057742,0.952814
790.000000,0.831163,0.511691,0.660326,-0.915179,0.444984
791.000000,0.728846,0.630096,0.787463,-0.782979,0.396840
792.000000,0.686589,0.741250,0.961654,-0.604393,0.461258
793.000000,0.650839,0.860695,1.078508,-0.367565,0.590241
794.000000,0.580593,0.963972,1.076978,-0.117937,0.681226
795.000000,0.674548,0.906356,1.117728,0.211763,0.851176
796.000000,1.294430,1.124150,1.368203,0.743116,3.240431
797.000000,1.882850,1.341387,1.473254,1.096935,2.350785
798.000000,2.338439,1.553736,1.510527,1.379801,1.903751
799.000000,2.374586,1.623752,1.539487,1.480694,0.875943
800.000000,2.022040,1.639888,1.485122,1.536515,-0.360349
801.000000,1.280876,1.735225,1.515173,1.527781,0.194430
802.000000,0.777075,1.817826,1.566624,1.539688,0.333145
803.000000,0.404001,1.837538,1.640740,1.505034,0.486337
804.000000,0.227407,1.731123,1.673985,1.388623,0.219916
805.000000,0.210999,1.476647,1.516222,1.283113,-0.428845
806.000000,0.320116,1.057256,1.494024,1.268081,0.617427
807.000000,0.457158,0.808994,1.527571,1.240772,0.854630
808.000000,0.672782,0.702178,1.593279,1.232059,1.283155
809.000000,0.872446,0.719184,1.606297,1.265897,0.990640
810.000000,1.400946,1.064808,1.756427,1.357526,1.702085
811.000000,1.360930,1.106791,1.792354,1.391197,0.565601
812.000000,1.360462,1.173823,1.843176,1.446543,0.903015
813.000000,1.258940,1.198321,1.854932,1.502937,0.794810
814.000000,1.233580,1.266601,1.844277,1.551530,0.718868
815.000000,0.801539,1.343337,1.741209,1.476072,-0.017476
816.000000,0.489995,1.173980,1.372228,1.402136,-0.747665
817.000000,0.051518,0.991781,1.093371,1.364120,-0.654306
818.000000,-0.474253,0.680419,0.824900,1.313612,-0.980170
819.000000,-0.935455,0.392073,0.670583,1.249407,-0.874408
820.000000,-0.996417,-0.008801,0.709922,1.274951,-0.186622
821.000000,-1.201503,-0.453744,0.581534,1.239796,-1.431710
822.000000,-1.543773,-1.192340,0.389819,1.166650,-1.798303
823.000000,-1.731944,-1.911448,0.174534,1.074399,-1.626279
824.000000,-2.022130,-2.540501,-0.079537,0.921916,-1.915401
825.000000,-2.307899,-2.783013,-0.255154,0.745320,-1.608749
826.000000,-2.180296,-2.667920,-0.603531,0.286456,-1.522997
827.000000,-1.996010,-2.531892,-1.024654,-0.141519,-1.481875
828.000000,-1.629645,-2.188237,-1.346773,-0.412517,-0.188994
829.000000,-1.154327,-1.895731,-1.550417,-0.526608,0.150806
830.000000,-0.802324,-1.793506,-1.911918,-0.513893,-0.188277
831.000000,-0.713429,-1.695904,-2.122650,-0.701523,-1.240625
832.000000,-0.520133,-1.502626,-2.223574,-0.851721,-0.730540
833.000000,-0.450998,-1.243951,-2.148326,-0.925055,0.098926
834.000000,-0.238530,-0.824402,-1.960484,-0.851370,1.023790
835.000000,0.082274,-0.421020,-1.722210,-0.667585,1.135398
836.000000,0.650774,-0.032219,-1.447026,-0.633099,1.127805
837.000000,1.010522,0.304261,-1.246808,-0.681546,0.824940
838.000000,1.127408,0.427041,-1.052415,-0.835635,0.674727
839.000000,0.892481,0.410947,-0.949253,-1.029147,0.030805
840.000000,0.751947,0.506752,-0.880360,-1.263049,0.514165
841.000000,0.181725,0.500511,-0.884516,-1.505381,-1.384944
842.000000,-0.343798,0.433229,-0.850885,-1.739840,-1.339148
843.000000,-0.770826,0.301028,-0.797254,-1.866159,-0.948189
844.000000,-1.047303,0.023206,-0.700658,-1.964848,-0.932584
845.000000,-1.244048,-0.190967,-0.545273,-1.901226,-0.153882
846.000000,-1.181614,-0.591583,-0.504608,-1.871006,-1.145835
847.000000,-1.341702,-1.121878,-0.586533,-1.943301,-1.928230
848.000000,-1.426988,-1.517990,-0.794829,-1.925284,-1.309734
849.000000,-1.688719,-1.888000,-1.194947,-1.990054,-1.955283
850.000000,-1.942942,-2.161826,-1.510174,-2.075338,-1.469149
851.000000,-2.042165,-2.158600,-1.747193,-2.093242,-1.799065
852.000000,-1.813237,-2.035074,-1.936244,-2.015418,-1.139001
853.000000,-1.607995,-1.889597,-2.131969,-1.907197,-0.594283
854.000000,-0.635200,-1.342822,-1.877458,-1.485196,2.059444
855.000000,0.697642,-0.623424,-1.210244,-0.869624,3.155802
856.000000,1.981762,0.207023,-0.448401,-0.222909,2.716133
857.000000,2.826312,1.213411,0.685519,0.524389,2.678393
858.000000,3.053063,1.891498,1.652502,1.026701,2.039242
859.000000,2.883223,2.512256,2.669579,1.525988,2.151342
860.000000,2.558622,2.810265,3.081173,1.962709,1.961794
861.000000,2.361806,2.979805,3.393022,2.378404,1.986043
862.000000,2.150412,2.961427,3.387421,2.572232,1.801329
863.000000,2.204964,2.967063,3.395826,2.733273,2.348167
864.000000,2.200631,2.800760,3.304555,2.750427,2.197759
865.000000,2.019753,2.482253,3.028879,2.595987,1.290657
866.000000,1.777724,2.207522,2.813114,2.421826,0.912803
867.000000,1.645445,2.010917,2.712195,2.332010,1.171187
868.000000,1.351242,1.850083,2.569729,2.224446,0.874256
869.000000,1.063457,1.689698,2.469385,2.147014,0.802766
870.000000,1.030677,1.596710,2.405178,2.104898,1.127474
871.000000,1.046016,1.490609,2.345114,2.098210,0.999384
872.000000,1.030155,1.416307,2.282959,2.094794,1.100586
873.000000,1.025912,1.260483,2.196427,2.057355,0.863076
874.000000,1.042955,1.117231,2.064915,2.026255,0.890609
875.000000,1.024634,1.086351,1.928382,1.996499,1.039217
876.000000,0.880538,1.016099,1.766715,1.932993,0.280320
877.000000,0.721205,0.925584,1.623187,1.898789,0.309412
878.000000,0.638954,0.884670,1.526105,1.870387,0.453467
879.000000,0.689358,0.924129,1.472314,1.900547,1.204007
880.000000,0.919722,1.029460,1.484571,1.971783,2.233882
881.000000,1.215376,1.083826,1.451987,2.001448,1.546142
882.000000,1.464264,1.095058,1.409238,1.998459,1.198913
883.000000,1.779762,1.167261,1.343885,1.995940,1.555849
884.000000,1.960462,1.260427,1.287014,1.951644,1.695209
885.000000,2.086355,1.463952,1.340546,1.920997,2.770146
886.000000,2.441860,1.847037,1.438702,1.906519,2.806037
887.000000,2.829567,2.266048,1.546485,1.903098,2.905991
888.000000,2.778573,2.489257,1.625683,1.878387,1.929822
889.000000,2.687993,2.543730,1.709776,1.849825,1.857719
890.000000,2.413248,2.411384,1.759740,1.820123,1.642761
891.000000,2.112417,2.331666,1.802975,1.780459,1.419342
892.000000,1.719294,2.242190,1.813062,1.734113,1.075796
893.000000,1.593366,2.166942,1.855171,1.678738,1.369001
894.000000,1.383396,2.036048,1.852728,1.607683,0.916775
895.000000,1.258385,1.861386,1.849813,1.587316,1.075713
896.000000,1.198559,1.697386,1.903500,1.590514,1.160260
897.000000,1.211797,1.514126,1.942511,1.584749,1.169761
898.000000,1.084471,1.385602,1.936667,1.577916,0.779359
899.000000,1.037608,1.255821,1.878754,1.572904,0.674810
900.000000,0.925687,1.133641,1.756809,1.549670,0.519080
901.000000,0.695899,0.988209,1.656981,1.516035,0.033261
902.000000,0.478465,0.894826,1.592173,1.485824,0.158912
903.000000,0.338349,0.766138,1.522169,1.469621,0.129823
904.000000,0.744671,0.941637,1.589165,1.550989,2.472244
905.000000,1.496168,1.247611,1.677507,1.677839,3.200724
906.000000,2.408223,1.622378,1.785333,1.862460,3.287920
907.000000,2.762325,1.799958,1.769053,1.957327,2.016432
908.000000,3.076750,2.091599,1.843563,2.065730,2.455821
909.000000,2.904569,2.305189,1.890104,2.112238,2.105236
910.000000,2.558413,2.431750,1.914295,2.092032,1.774446
911.000000,2.053010,2.452185,1.885569,2.049408,1.043582
912.000000,1.849994,2.456838,1.884516,2.024817,1.114196
913.000000,1.493032,2.407024,1.845000,1.974584,0.753723
914.000000,1.193859,2.199984,1.834460,1.924940,0.693635
915.000000,0.985679,1.951230,1.827303,1.861286,0.836311
916.000000,0.946274,1.676853,1.816035,1.797065,0.868847
917.000000,0.887818,1.541563,1.800823,1.724722,0.866079
918.000000,1.346450,1.588929,1.949058,1.786164,2.596877
919.000000,1.870562,1.716028,2.109787,1.865160,2.741686
920.000000,2.311480,1.891487,2.260196,1.952850,2.711907
921.000000,2.687391,2.167716,2.418897,2.059807,2.821880
922.000000,2.781433,2.278327,2.464684,2.111148,2.148748
923.000000,2.553122,2.331017,2.454153,2.118655,1.788857
924.000000,2.285950,2.328167,2.352723,2.115765,1.524845
925.000000,2.055222,2.315017,2.241205,2.109881,1.560521
926.000000,1.760201,2.272952,2.115230,2.086187,1.364524
927.000000,1.566116,2.219986,2.039001,2.053756,1.216032
928.000000,1.429138,2.060367,1.948896,2.027300,1.133197
929.000000,1.311432,1.882881,1.867904,1.994366,0.955732
930.000000,1.203032,1.721211,1.814749,1.973215,1.036589
931.000000,1.144454,1.545335,1.798241,1.965106,1.085465
932.000000,1.112774,1.431254,1.780125,1.954272,1.062736
933.000000,1.116127,1.362829,1.781613,1.948626,1.149919
934.000000,1.105370,1.295100,1.768401,1.894864,0.863822
935.000000,1.009062,1.189435,1.735057,1.813950,0.545968
936.000000,0.877921,1.095366,1.699873,1.726065,0.472794
937.000000,0.763852,1.024578,1.673934,1.675527,0.539561
938.000000,0.646924,0.968761,1.593559,1.619633,0.614231
939.000000,0.642939,0.959498,1.514933,1.583558,0.855968
940.000000,0.607197,0.886928,1.405904,1.538956,0.364191
941.000000,0.577650,0.801320,1.277193,1.515597,0.305529
942.000000,0.532393,0.717432,1.182295,1.494072,0.299619
943.000000,0.378589,0.575524,1.087633,1.470854,-0.192133
944.000000,0.173755,0.478533,1.015903,1.458449,-0.093694
945.000000,0.020529,0.397407,0.930035,1.441726,-0.427331
946.000000,-0.194814,0.304741,0.849983,1.426904,-0.804341
947.000000,-0.657468,0.129404,0.756491,1.406926,-2.300836
948.000000,-1.056784,-0.065441,0.676560,1.347673,-1.641899
949.000000,-1.700589,-0.388018,0.602532,1.274016,-1.577178
950.000000,-2.235673,-0.737891,0.498053,1.182986,-1.710951
951.000000,-2.299868,-1.203929,0.357513,1.057766,-1.979693
952.000000,-1.832455,-1.627611,0.229343,0.970004,-0.897599
953.000000,-1.658686,-1.861164,0.060073,0.889469,-1.054531
954.000000,-1.520787,-1.991124,-0.100793,0.816784,-1.026644
955.000000,-1.419295,-1.960495,-0.259054,0.721400,-1.319563
956.000000,-1.203725,-1.825228,-0.426366,0.632771,-1.047820
957.000000,-1.149869,-1.564692,-0.616322,0.551720,-0.669426
958.000000,-1.190385,-1.496365,-0.895396,0.446625,-1.240957
959.000000,-1.177409,-1.414644,-1.252202,0.348311,-0.983344
960.000000,-1.018867,-1.274390,-1.480984,0.228031,-0.613355
961.000000,-1.007770,-1.157089,-1.672774,0.055394,-1.004633
962.000000,-1.413661,-1.344621,-1.897486,-0.223982,-2.431165
963.000000,-1.825271,-1.585112,-1.990885,-0.605312,-2.890776
964.000000,-2.172585,-1.769034,-2.030021,-0.970866,-2.404853
965.000000,-2.467003,-1.877917,-2.011838,-1.302433,-2.134318
966.000000,-2.599779,-1.998261,-1.989394,-1.633169,-2.080039
967.000000,-2.549041,-2.186028,-1.970619,-1.962860,-2.387200
968.000000,-2.496991,-2.341467,-2.038917,-2.249655,-2.637219
969.000000,-2.562613,-2.520092,-2.130851,-2.465868,-2.765862
970.000000,-2.580428,-2.632882,-2.180278,-2.493065,-2.413484
971.000000,-2.468999,-2.599235,-2.154179,-2.426026,-1.791702
972.000000,-2.257561,-2.438001,-2.142867,-2.332937,-1.436193
973.000000,-1.889773,-2.194331,-2.072384,-2.178641,-0.786162
974.000000,-1.413223,-1.966038,-1.979805,-2.042947,-0.302630
975.000000,-0.953782,-1.767320,-1.879171,-1.917333,-0.135612
976.000000,-0.750266,-1.662399,-1.850170,-1.850342,-0.830564
977.000000,-0.586175,-1.513382,-1.825807,-1.768401,-0.686377
978.000000,-0.619929,-1.360552,-1.802701,-1.735115,-0.949592
979.000000,-0.667193,-1.131847,-1.763685,-1.687263,-0.508483
980.000000,-0.754252,-0.924044,-1.742623,-1.641162,-0.529962
981.000000,-0.647724,-0.756571,-1.698014,-1.582539,-0.323702
982.000000,-0.528037,-0.604264,-1.598246,-1.547374,-0.103169
983.000000,-0.379263,-0.547385,-1.494405,-1.520816,-0.267056
984.000000,-0.219769,-0.494911,-1.382467,-1.477819,0.265648
985.000000,-0.209186,-0.545858,-1.326882,-1.465226,-0.526927
986.000000,-0.260782,-0.516480,-1.276450,-1.465074,-0.594062
987.000000,-0.452840,-0.546321,-1.226540,-1.492839,-1.001597
988.000000,-0.588949,-0.525989,-1.142798,-1.502544,-0.862596
989.000000,-0.778454,-0.521103,-1.011136,-1.507101,-0.396448
990.000000,-0.772126,-0.509721,-0.883308,-1.525483,-0.338031
991.000000,-0.710907,-0.514836,-0.783735,-1.532619,-0.083150
992.000000,-0.258618,-0.453000,-0.656694,-1.471842,1.075142
993.000000,0.425925,-0.270721,-0.549052,-1.374560,1.642559
994.000000,0.785133,-0.289528,-0.531046,-1.319031,0.619882
995.000000,1.184262,-0.069886,-0.516267,-1.263165,0.875309
996.000000,1.411285,0.235669,-0.422523,-1.210227,0.736416
997.000000,1.354809,0.850593,-0.312154,-1.122318,0.936584
998.000000,1.559095,1.909037,0.015912,-0.928490,2.394107
999.000000,2.097218,2.624153,0.419892,-0.650645,2.765619
1000.000000,2.188178,2.684356,0.764639,-0.407937,1.498787
1001.000000,2.170445,2.543315,1.017951,-0.224223,0.675845
1002.000000,2.064777,2.255244,1.168819,-0.071454,0.252293
1003.000000,1.822549,2.117047,1.498511,0.094312,1.376419
1004.000000,1.461825,2.184751,1.723918,0.245025,1.636727
1005.000000,1.356510,2.143422,2.017581,0.370496,1.233407
1006.000000,1.406671,2.104516,2.177164,0.589123,0.989686
1007.000000,1.529282,2.037563,2.297691,0.809929,0.928649
1008.000000,1.417866,1.795765,2.333680,1.089368,1.032366
1009.000000,1.279556,1.513376,2.292719,1.308916,1.128370
1010.000000,1.181100,1.395584,2.225223,1.486646,0.841980
1011.000000,1.046112,1.337760,2.124584,1.572957,0.437857
1012.000000,0.745704,1.232523,1.908116,1.535653,-0.332730
1013.000000,0.366797,0.972397,1.670796,1.487511,-0.564084
1014.000000,-0.313937,0.534680,1.448408,1.277440,-1.600693
1015.000000,-0.997413,0.099912,1.205010,1.145002,-1.842764
1016.000000,-1.288499,-0.156630,1.084630,1.115711,-0.814420
1017.000000,-1.523898,-0.497676,0.904029,1.081430,-1.382025
1018.000000,-1.664955,-0.838703,0.595006,1.048304,-1.261100
1019.000000,-1.608158,-1.210980,0.196339,0.967652,-1.356164
1020.000000,-1.392725,-1.467822,-0.048159,0.927834,-0.936900
1021.000000,-1.492381,-1.689305,-0.255662,0.857643,-1.200031
1022.000000,-1.290455,-1.700825,-0.360459,0.762439,-0.576663
1023.000000,-1.141383,-1.684643,-0.607979,0.599902,-0.697022
1024.000000,-1.055097,-1.583101,-0.954715,0.478098,-1.036446
1025.000000,-1.059557,-1.437457,-1.270980,0.320270,-0.989327
1026.000000,-1.032147,-1.452355,-1.568913,0.126882,-1.092951
1027.000000,-1.107636,-1.366775,-1.813370,-0.139800,-0.941010
1028.000000,-1.187856,-1.319203,-2.014610,-0.823172,-1.124533
1029.000000,-1.109833,-1.210703,-2.102375,-1.662234,-0.775667
1030.000000,-0.994531,-1.132896,-2.092999,-2.114679,-0.502398
1031.000000,-0.863890,-1.035076,-2.038513,-2.287493,-0.521006
1032.000000,-0.725585,-0.994046,-1.909743,-2.272644,-0.324980
1033.000000,-0.588644,-0.967429,-1.798803,-2.400474,-0.562383
1034.000000,-0.303698,-0.785496,-1.539718,-2.349589,0.595005
1035.000000,-0.179726,-0.666177,-1.325125,-2.301832,0.085004
1036.000000,-0.019516,-0.519706,-1.211951,-2.207884,0.214302
1037.000000,0.076493,-0.403091,-1.078643,-2.134104,0.067647
1038.000000,0.327976,-0.210113,-0.950657,-2.057044,0.472376
1039.000000,0.279531,-0.066512,-0.829698,-2.014840,0.453693
1040.000000,0.445299,0.078507,-0.739235,-1.947677,0.851715
1041.000000,0.558973,0.225771,-0.646017,-1.880456,0.561716
1042.000000,0.903354,0.432352,-0.585679,-1.742584,1.135637
1043.000000,1.032269,0.707456,-0.534907,-1.631902,0.489919
1044.000000,0.833683,0.635427,-0.477626,-1.466860,-0.399978
1045.000000,0.095411,0.491121,-0.466868,-1.327512,-1.746732
1046.000000,-0.613897,0.182023,-0.460268,-1.309023,-1.991441
1047.000000,-1.136753,0.057220,-0.406846,-1.207001,-0.700175
1048.000000,-1.875382,-0.520297,-0.400276,-1.180846,-2.138263
1049.000000,-2.183232,-1.003174,-0.436581,-1.140270,-1.762656
1050.000000,-2.340835,-1.700829,-0.620906,-1.189888,-2.531620
1051.000000,-2.380922,-2.195785,-0.844683,-1.224267,-2.328334
1052.000000,-2.742964,-2.730996,-1.298673,-1.372216,-2.814815
1053.000000,-2.812579,-2.992411,-1.855520,-1.538091,-2.843783
1054.000000,-2.780181,-2.944293,-2.552549,-1.648811,-2.280210
1055.000000,-2.521218,-2.718563,-2.830549,-1.727536,-1.693339
1056.000000,-2.291382,-2.503953,-2.901709,-1.782343,-1.449406
1057.000000,-1.858905,-2.320611,-2.736492,-1.793285,-0.692026
1058.000000,-1.426491,-2.091715,-2.604572,-1.763704,-0.667447
1059.000000,-1.050503,-1.903484,-2.443963,-1.737447,-0.446990
1060.000000,-1.094460,-1.857023,-2.488268,-1.870059,-1.808198
1061.000000,-1.314155,-1.891120,-2.536698,-2.043797,-2.275589
1062.000000,-1.716052,-1.897041,-2.592776,-2.238104,-2.384623
1063.000000,-1.850740,-1.752910,-2.492299,-2.257790,-1.435637
1064.000000,-1.986694,-1.654574,-2.376063,-2.341625,-1.393021
1065.000000,-1.883150,-1.614745,-2.252890,-2.349080,-1.388321
1066.000000,-1.681989,-1.589660,-2.139207,-2.337294,-1.298502
1067.000000,-1.433579,-1.624543,-2.075393,-2.296653,-1.215067
1068.000000,-1.286874,-1.607736,-1.952733,-2.231392,-0.723221
1069.000000,-1.170382,-1.624704,-1.868220,-2.169976,-0.818554
1070.000000,-1.073777,-1.537353,-1.778592,-2.125856,-0.920953
1071.000000,-0.972646,-1.393375,-1.697571,-2.065398,-0.814486
1072.000000,-0.888713,-1.227159,-1.602125,-2.024785,-0.829149
1073.000000,-0.937035,-1.175904,-1.505748,-1.977699,-0.908172
1074.000000,-0.964336,-1.126784,-1.433022,-1.922382,-0.893195
1075.000000,-0.976375,-1.079708,-1.391947,-1.859647,-0.938490
1076.000000,-0.970568,-1.020679,-1.355608,-1.791712,-0.708139
1077.000000,-0.992900,-0.985091,-1.367400,-1.763276,-0.859054
1078.000000,-1.115144,-1.076732,-1.407572,-1.731695,-1.424265
1079.000000,-1.375532,-1.222386,-1.484201,-1.729006,-1.965931
1080.000000,-1.579355,-1.340336,-1.478143,-1.700681,-1.673825
1081.000000,-1.596624,-1.365812,-1.394396,-1.645084,-0.549851
1082.000000,-1.685211,-1.450723,-1.316303,-1.590954,-1.153245
1083.000000,-1.612726,-1.512320,-1.305443,-1.528380,-1.160857
1084.000000,-1.122337,-1.418450,-1.241141,-1.447583,0.018049
1085.000000,-0.815604,-1.373247,-1.196445,-1.403928,-0.436813
1086.000000,-0.619934,-1.272200,-1.123642,-1.352293,0.287183
1087.000000,-0.126841,-1.078161,-1.030778,-1.320674,0.949218
1088.000000,0.440655,-0.786220,-0.982205,-1.297064,1.134468
1089.000000,0.877442,-0.315348,-0.910193,-1.282144,1.848414
1090.000000,1.566264,0.190331,-0.824316,-1.211152,1.646385
1091.000000,1.828153,0.440758,-0.773474,-1.124309,0.826786
1092.000000,3.145779,1.873276,-0.283085,-0.825486,4.580030
1093.000000,3.626837,3.037483,0.367397,-0.536163,3.653671
1094.000000,3.605828,3.402087,1.126142,-0.202314,3.037452
1095.000000,3.443083,3.420296,1.866256,0.173210,2.517337
1096.000000,3.276178,3.230789,2.398149,0.581628,2.127786
1097.000000,2.787133,3.031633,2.717063,1.043368,2.024616
1098.000000,2.316192,2.789084,2.786629,1.391489,1.369202
1099.000000,1.997123,2.620344,2.815287,1.753395,1.470176
1100.000000,1.784528,2.502163,2.774019,2.063518,1.483631
1101.000000,1.572625,2.386561,2.622639,2.218853,1.127088
1102.000000,1.318486,2.071241,2.488373,2.253151,0.814234
1103.000000,1.217960,1.817566,2.388262,2.257318,0.897343
1104.000000,1.076032,1.595276,2.256190,2.219520,0.786231
1105.000000,0.947944,1.427773,2.171159,2.182726,0.868917
1106.000000,0.850445,1.273630,2.064593,2.112279,0.663190
1107.000000,0.817587,1.127884,1.964672,2.051836,0.656044
1108.000000,0.860269,1.099752,1.916443,2.051172,1.103560
1109.000000,0.884062,1.037652,1.858022,2.042762,0.901025
1110.000000,0.891277,0.972559,1.813029,2.024801,0.906264
1111.000000,1.023737,0.986857,1.809745,2.005015,1.291344
1112.000000,1.137213,1.024161,1.694293,1.992032,1.167598
1113.000000,1.124754,1.038224,1.578547,1.971188,1.022844
1114.000000,1.129120,1.052515,1.468847,1.921295,0.866265
1115.000000,1.092130,1.039009,1.368222,1.879716,0.640270
1116.000000,0.938369,1.044809,1.280862,1.828965,0.512016
1117.000000,0.818760,1.064754,1.200718,1.782913,0.589942
1118.000000,0.763308,1.044501,1.169317,1.753440,0.781627
1119.000000,0.681873,1.028788,1.119632,1.719319,0.432147
1120.000000,0.642928,1.011685,1.066200,1.693604,0.316964
1121.000000,0.711197,0.961346,1.049287,1.689964,0.696674
1122.000000,0.657359,0.882009,1.044045,1.590097,0.014867
1123.000000,0.697661,0.888068,1.057893,1.505295,1.189712
1124.000000,0.588878,0.828686,1.055014,1.407623,0.014697
1125.000000,0.486430,0.798586,1.043831,1.320794,0.033253
1126.000000,0.351350,0.790599,1.057085,1.246510,0.147900
1127.000000,0.364423,0.710152,1.069214,1.168656,0.059666
1128.000000,0.361341,0.701859,1.066056,1.143292,1.206396
1129.000000,0.479877,0.684496,1.062987,1.098973,0.502383
1130.000000,0.872040,0.866589,1.098375,1.069632,1.597458
1131.000000,0.971713,0.841976,1.036854,1.045026,0.589270
1132.000000,0.985176,0.843650,0.963634,1.034880,0.088157
1133.000000,1.202068,0.965590,1.006230,1.058642,2.127905
1134.000000,1.443160,1.169736,1.052441,1.082738,1.496298
1135.000000,1.261429,1.270592,1.102640,1.088884,0.727606
1136.000000,1.373808,1.366544,1.185485,1.117906,0.697710
1137.000000,1.438506,1.401001,1.205044,1.136838,-0.442266
1138.000000,1.002428,1.350645,1.227744,1.130125,0.518997
1139.000000,0.914241,1.538673,1.364159,1.162156,1.261306
1140.000000,1.171818,1.583180,1.502964,1.201706,1.328821
1141.000000,1.466704,1.883582,1.555955,1.201641,1.619849
1142.000000,2.013627,2.201483,1.665287,1.212313,1.555827
1143.000000,2.117953,1.943219,1.621858,1.232929,1.329678
1144.000000,2.154462,1.895848,1.755476,1.295068,1.770623
1145.000000,2.417007,2.171785,1.968703,1.440319,2.604153
1146.000000,2.632745,2.446265,2.191689,1.636893,2.808799
1147.000000,2.650389,2.640365,2.343464,1.782926,2.184879
1148.000000,2.700440,2.668704,2.358201,1.881322,2.195447
1149.000000,2.606316,2.571213,2.395384,1.972522,1.899651
1150.000000,2.453241,2.520692,2.365533,2.053356,2.096969
1151.000000,2.218554,2.430375,2.381903,2.055640,1.825160
1152.000000,1.749627,2.149901,2.249768,1.966853,0.067015
1153.000000,1.040145,1.794304,1.894212,1.751807,-1.157060
1154.000000,0.507072,1.532371,1.683688,1.669752,-0.633048
1155.000000,-0.048173,1.254764,1.573936,1.623743,-0.350060
1156.000000,-0.426781,1.030705,1.539226,1.629319,0.366985
1157.000000,-0.246437,0.924418,1.602203,1.682710,0.922727
1158.000000,0.308755,0.811317,1.626240,1.681071,1.032626
1159.000000,0.671105,0.677289,1.592500,1.698282,0.710533
1160.000000,0.926627,0.470364,1.547521,1.652820,0.583813
1161.000000,1.172269,0.381371,1.554944,1.708255,1.310180
1162.000000,1.378822,0.649738,1.603048,1.807015,1.730789
1163.000000,1.413108,1.068566,1.619437,1.762588,1.202659
1164.000000,1.675941,1.496754,1.663599,1.788215,1.809199
1165.000000,1.666020,1.663459,1.570610,1.771715,0.672605
1166.000000,1.635449,1.791583,1.501621,1.790714,1.260781
1167.000000,1.366672,1.732702,1.420036,1.802668,0.620373
1168.000000,1.324832,1.725533,1.363930,1.807672,1.004138
1169.000000,1.133809,1.766055,1.328623,1.791153,1.026068
1170.000000,1.032213,1.713139,1.203717,1.731070,0.155573
1171.000000,0.642139,1.490188,1.055924,1.651713,-0.347220
1172.000000,0.187511,1.074910,1.005608,1.545800,-1.203602
1173.000000,-0.262141,0.821750,1.142425,1.488056,-0.660640
1174.000000,-0.696583,0.439096,1.250668,1.430508,-0.483045
1175.000000,-1.125225,0.062399,1.235568,1.284010,-1.369801
1176.000000,-1.241703,-0.404332,1.176753,1.136207,-0.839416
1177.000000,-1.193318,-0.798905,0.997923,0.987852,-1.097568
1178.000000,-1.371035,-1.323155,0.730382,0.794869,-1.403264
1179.000000,-1.577176,-1.772311,0.464718,0.594877,-1.384462
1180.000000,-1.542192,-1.945729,0.192252,0.352232,-1.292166
1181.000000,-1.651384,-2.010322,-0.248555,0.090439,-1.366481
1182.000000,-1.627609,-1.901004,-0.756110,-0.014053,-1.154964
1183.000000,-1.507768,-1.872817,-1.205347,-0.002836,-1.148522
1184.000000,-1.386265,-1.855720,-1.778137,-0.040860,-1.087456
1185.000000,-1.300236,-1.721103,-2.092907,-0.114703,-1.045398
1186.000000,-1.201359,-1.661495,-2.401819,-0.279724,-0.961480
1187.000000,-1.238031,-1.633992,-2.525588,-0.597094,-1.389615
1188.000000,-1.288074,-1.581976,-2.603066,-0.985581,-1.444856
1189.000000,-1.347614,-1.536111,-2.610603,-1.351414,-1.416739
1190.000000,-1.250235,-1.414038,-2.430966,-1.586228,-0.648365
1191.000000,-1.232226,-1.325663,-2.272240,-1.902332,-0.908463
1192.000000,-1.053362,-1.218985,-2.050069,-2.109355,-0.531653
1193.000000,-0.719640,-1.051730,-1.859785,-2.103892,0.200390
1194.000000,-0.333597,-0.884397,-1.704930,-2.119655,0.487911
1195.000000,-0.205453,-0.784473,-1.549001,-2.044855,-0.050439
1196.000000,0.116645,-0.644367,-1.415008,-1.990421,0.564211
1197.000000,0.827987,-0.234024,-1.138747,-1.730577,2.634438
1198.000000,1.268780,0.148363,-0.899674,-1.605198,1.952692
1199.000000,1.558105,0.526635,-0.697661,-1.544805,1.543590
1200.000000,1.954666,0.834785,-0.506442,-1.438333,1.434116
1201.000000,2.030921,1.160401,-0.338258,-1.347317,0.886743
1202.000000,1.709683,1.497713,-0.138441,-1.154031,1.435241
1203.000000,1.519700,1.689148,0.057224,-1.028220,1.270024
1204.000000,1.519046,1.850112,0.294520,-0.892413,1.586181
1205.000000,1.674956,2.112774,0.616519,-0.592891,2.109687
1206.000000,1.957070,2.252502,0.998361,-0.275146,2.220557
1207.000000,1.855388,1.982280,1.336075,-0.009089,1.181429
1208.000000,1.843532,1.852662,1.697208,0.377071,1.396812
1209.000000,1.668366,1.719285,1.949068,0.726815,0.860082
1210.000000,1.283852,1.544782,1.999578,0.982735,0.264170
1211.000000,0.978268,1.503135,2.081437,1.309559,0.774120
1212.000000,0.915025,1.428642,2.086464,1.594298,0.877192
1213.000000,0.685276,1.318347,1.967259,1.768069,0.337600
1214.000000,0.440768,1.122883,1.794999,1.827269,-0.286953
1215.000000,0.185115,0.801031,1.636892,1.788514,-0.943885
1216.000000,-0.186485,0.454389,1.473558,1.745537,-0.870617
1217.000000,-0.310123,0.367698,1.296286,1.884686,0.429716
1218.000000,-0.586363,0.104356,1.100658,1.865028,-0.840796
1219.000000,-0.672320,-0.074415,0.971750,1.863744,-0.608529
1220.000000,-0.726552,-0.250006,0.822220,1.733988,-1.213361
1221.000000,-0.900764,-0.562518,0.689687,1.625526,-1.586830
1222.000000,-1.569406,-0.976901,0.490216,1.469552,-1.958407
1223.000000,-1.583165,-1.185911,0.368264,1.355890,-0.782042
1224.000000,-0.853034,-0.892401,0.433239,1.459655,2.127427
1225.000000,0.348330,-0.310834,0.521674,1.659847,2.640847
1226.000000,1.511245,0.275253,0.551373,1.770101,2.045064
1227.000000,2.498199,0.682180,0.704502,1.729191,1.976280
1228.000000,2.779441,1.255626,0.799718,1.715608,1.559034
1229.000000,2.494554,1.747490,1.006740,1.759861,1.637586
1230.000000,2.196738,2.239345,1.355263,1.829246,1.720443
1231.000000,2.006051,2.551991,1.627063,1.914073,1.495016
1232.000000,1.806615,2.714037,1.853698,1.935612,1.276467
1233.000000,1.667641,2.650226,2.118777,1.949949,1.081017
1234.000000,1.524144,2.349142,2.427221,1.946853,1.077632
1235.000000,1.396520,2.074609,2.718691,1.908231,1.197364
1236.000000,1.285460,1.881159,2.804925,1.831800,1.045757
1237.000000,1.284800,1.757004,2.715449,1.863123,1.302350
1238.000000,1.237574,1.637855,2.655049,1.826068,0.918983
1239.000000,1.204408,1.528679,2.563175,1.833035,0.969751
1240.000000,1.144211,1.416046,2.510430,1.877188,0.958987
1241.000000,1.096287,1.321003,2.454952,1.864040,0.851516
1242.000000,0.828069,1.159549,2.341827,1.765214,0.081042
1243.000000,0.572774,0.987789,2.165750,1.678769,-0.261436
1244.000000,0.229490,0.782416,1.863172,1.609128,-0.616194
1245.000000,-1234.000000,-1234.000000,-1234.000000,-1234.000000,-1234.000000
