0.000000,5.385165,5.385165,5.385165,5.385165,1.912498
1.000000,3.747284,3.741278,3.746273,3.745873,1.056986
2.000000,3.006988,3.002735,3.008219,3.008182,1.338510
3.000000,2.567467,2.549732,2.559081,2.560572,1.182955
4.000000,2.250442,2.236881,2.244892,2.248708,0.810214
5.000000,1.999035,1.998027,2.008636,2.013083,0.429494
6.000000,1.809726,1.812820,1.819379,1.827219,0.525170
7.000000,1.649422,1.656952,1.667110,1.674489,0.401282
8.000000,1.518131,1.531354,1.539285,1.544480,0.821997
9.000000,1.407436,1.418863,1.428642,1.432147,0.788303
10.000000,1.304080,1.310820,1.326574,1.331859,-0.510422
11.000000,1.215137,1.220439,1.235058,1.243073,0.184125
12.000000,1.132368,1.135376,1.152063,1.161997,-0.310190
13.000000,1.052654,1.057625,1.074277,1.087074,-0.382839
14.000000,0.974930,0.985178,1.003058,1.016440,-1.001792
15.000000,0.914549,0.920765,0.936749,0.951692,-0.328045
16.000000,0.848901,0.857481,0.875015,0.888671,-0.897142
17.000000,0.794097,0.800031,0.816169,0.832049,-0.046248
18.000000,0.741841,0.743074,0.762143,0.778069,-0.080860
19.000000,0.688753,0.684582,0.706408,0.724969,-1.569140
20.000000,0.641098,0.636289,0.651633,0.673019,0.307742
21.000000,0.605402,0.589449,0.601639,0.622116,1.729492
22.000000,0.555434,0.539992,0.548656,0.570675,-0.008933
23.000000,0.505814,0.490710,0.495706,0.517834,0.221055
24.000000,0.459283,0.440778,0.441463,0.464956,-0.495457
25.000000,0.397415,0.384694,0.385253,0.409122,-0.824665
26.000000,0.322367,0.328529,0.324799,0.352083,-0.449403
27.000000,0.253364,0.262278,0.257437,0.288059,-0.002376
28.000000,0.169919,0.182696,0.171693,0.217697,0.516831
29.000000,0.083619,0.464927,-0.721354,0.816230,1.058948
30.000000,0.782755,0.672079,-0.428969,0.725019,1.359051
31.000000,1.186300,0.443089,-0.366673,0.714214,0.867944
32.000000,1.856435,0.967636,0.215965,0.749351,2.345121
33.000000,1.815694,1.005261,0.419345,0.660524,0.381291
34.000000,1.402843,1.039142,0.647192,0.550425,-0.423578
35.000000,1.259725,1.398729,0.920404,0.642195,0.858692
36.000000,0.412116,1.094334,0.792097,0.367903,-1.787909
37.000000,-0.427826,1.034855,0.741764,0.271897,-0.255140
38.000000,-0.390238,1.053749,0.869750,0.114216,0.470597
39.000000,-0.015164,1.018966,1.430333,-0.030024,0.730290
40.000000,0.129717,1.021857,1.671017,0.605452,1.254145
41.000000,1.420639,1.337706,1.756939,1.334735,2.049676
42.000000,2.095315,1.326112,2.204180,2.294100,2.063985
43.000000,2.502941,1.795668,2.501635,3.039010,2.271786
44.000000,2.756643,2.314488,2.754752,3.536121,2.266402
45.000000,2.759710,2.455692,2.867574,3.459234,2.028795
46.000000,2.591759,2.832741,2.823970,3.421068,1.824839
47.000000,2.293692,2.756038,2.644221,3.085319,1.126841
48.000000,2.086957,2.687457,2.514912,2.890090,1.532512
49.000000,2.005422,2.693879,2.427279,2.889286,1.980089
50.000000,2.088993,2.700213,2.414602,2.788299,2.409048
51.000000,1.959527,2.489903,2.322329,2.522527,1.460123
52.000000,1.929388,2.293617,2.152689,2.408757,1.247583
53.000000,1.916097,2.160820,2.163607,2.346342,1.632106
54.000000,1.840811,2.054331,2.213340,2.330997,1.693060
55.000000,1.713196,2.002402,2.208344,2.339295,1.845228
56.000000,1.786868,1.975207,2.309138,2.320680,1.838841
57.000000,1.841541,1.981465,2.298407,2.267350,1.586760
58.000000,1.698655,1.883960,2.217422,2.161342,1.004124
59.000000,1.463299,1.711293,2.114565,2.031862,0.583909
60.000000,1.014008,1.406834,1.948139,1.870150,-0.326647
61.000000,0.582121,1.228400,1.788579,1.756999,-0.218188
62.000000,0.009679,0.983634,1.589590,1.572827,-1.019686
63.000000,-0.323097,0.762235,1.435383,1.500530,-0.483605
64.000000,-0.554614,0.534675,1.294893,1.465484,-0.438640
65.000000,-0.489179,0.325761,1.197089,1.425938,0.003777
66.000000,-0.557368,0.044425,1.085883,1.445671,-0.528283
67.000000,-0.308339,-0.158080,1.053563,1.457813,0.133986
68.000000,-0.276769,-0.348454,0.974762,1.436224,-0.383551
69.000000,-0.158810,-0.447217,0.894025,1.437462,0.098663
70.000000,-0.799771,-0.723946,0.613267,1.311963,-2.631464
71.000000,-1.141540,-0.949048,0.426529,1.200503,-1.720212
72.000000,-1.713168,-1.108923,0.206486,1.066059,-1.950837
73.000000,-1.894320,-1.271870,-0.032795,0.947206,-1.244769
74.000000,-1.935325,-1.317285,-0.257280,0.856381,-0.521615
75.000000,-1.644613,-1.567485,-0.629213,0.699977,-1.422292
76.000000,-1.377025,-1.561618,-0.965828,0.590120,-0.638053
77.000000,-0.992947,-1.585664,-1.263782,0.536340,-0.333278
78.000000,-0.841393,-1.571188,-1.514956,0.416893,-0.605216
79.000000,-0.973108,-1.670038,-1.740202,0.180150,-1.090412
80.000000,-0.860275,-1.436041,-1.787547,-0.160314,-0.968864
81.000000,-0.824233,-1.261466,-1.772921,-0.421926,-0.503360
82.000000,-1.209325,-1.263701,-1.807792,-0.937227,-1.935415
83.000000,-1.314903,-1.231082,-1.787035,-1.481374,-1.060265
84.000000,-1.172660,-1.210887,-1.699687,-1.948256,-0.450099
85.000000,-0.849213,-0.961348,-1.575665,-2.189406,0.562441
86.000000,-0.417146,-0.706590,-1.350218,-2.192188,1.620171
87.000000,0.654835,-0.416534,-1.162340,-2.044370,2.265637
88.000000,1.755957,0.006445,-0.924790,-1.780695,2.513875
89.000000,2.638249,0.600271,-0.733080,-1.496192,2.322184
90.000000,2.864006,1.204028,-0.352277,-1.153760,1.882432
91.000000,2.734314,1.785593,-0.001761,-0.835977,1.879937
92.000000,2.510115,2.550420,0.430745,-0.386626,1.934605
93.000000,2.349198,2.924275,0.869230,0.034995,2.117178
94.000000,2.240167,2.981555,1.248365,0.458366,2.028547
95.000000,2.204812,2.853534,1.705919,0.824738,1.945625
96.000000,2.163942,2.659325,2.023435,1.249818,1.888141
97.000000,1.982651,2.396531,2.163591,1.468803,1.277983
98.000000,1.765907,2.164514,2.261934,1.698754,1.164911
99.000000,1.596345,1.998772,2.359186,1.880537,1.241284
100.000000,1.449920,1.892045,2.379604,2.222463,1.273100
101.000000,1.241656,1.757760,2.304546,2.335636,0.928533
102.000000,1.149942,1.625996,2.305413,2.396694,0.869533
103.000000,0.987940,1.434353,2.203677,2.315939,0.380314
104.000000,0.856293,1.281614,2.106118,2.221102,0.604426
105.000000,0.631213,1.096202,1.956376,2.150421,0.184510
106.000000,0.470336,0.911864,1.799407,2.044134,0.157063
107.000000,0.334068,0.802017,1.656022,1.946587,0.236718
108.000000,0.284810,0.694423,1.516921,1.871484,0.139798
109.000000,0.248146,0.608348,1.417733,1.852874,0.470559
110.000000,0.298517,0.509752,1.340940,1.827993,0.432167
111.000000,0.303124,0.422776,1.253473,1.772837,0.148340
112.000000,0.361410,0.373499,1.185154,1.808050,0.559385
113.000000,0.240030,0.286912,1.055624,1.760210,-0.817035
114.000000,-0.001281,0.160708,0.929341,1.704303,-0.979500
115.000000,-0.246603,0.108384,0.813037,1.638354,-0.677458
116.000000,-0.587118,0.018988,0.674214,1.545019,-1.215471
117.000000,-1.240775,-0.129251,0.564621,1.441740,-1.471259
118.000000,-0.892140,-0.110792,0.522386,1.385817,0.833896
119.000000,-0.639131,-0.244782,0.437995,1.319178,-0.003597
120.000000,-0.533995,-0.435477,0.325547,1.264565,-0.240992
121.000000,-0.383156,-0.652214,0.219060,1.199949,-0.597922
122.000000,0.060337,-0.865895,0.134973,1.145928,0.230534
123.000000,0.219109,-0.477362,0.169770,1.101568,1.424820
124.000000,1.021310,0.245599,0.276164,1.096155,2.740903
125.000000,1.789943,0.868950,0.491472,1.084937,2.465667
126.000000,2.551758,1.574068,0.798311,1.076342,2.545184
127.000000,3.341069,2.600164,1.481537,1.236617,3.764369
128.000000,3.405189,2.913665,2.232337,1.405118,2.984245
129.000000,3.298935,3.177129,2.867359,1.620852,3.017640
130.000000,3.165063,3.234278,3.160373,1.816484,2.648052
131.000000,2.940389,3.138278,3.173691,1.983893,2.093257
132.000000,2.601605,3.000499,3.048307,2.130797,2.040336
133.000000,2.435681,2.864570,3.030319,2.316033,2.165458
134.000000,2.267588,2.711214,2.969731,2.439029,2.136765
135.000000,2.110731,2.572890,2.853041,2.519622,1.885650
136.000000,2.021834,2.444627,2.746130,2.546258,1.722642
137.000000,1.916847,2.247336,2.643144,2.527780,1.564750
138.000000,1.756070,2.086521,2.492807,2.483072,1.369496
139.000000,1.578111,1.917120,2.379857,2.404053,1.241294
140.000000,1.439696,1.776370,2.287865,2.328330,1.191852
141.000000,1.304324,1.669786,2.205377,2.258781,1.047605
142.000000,1.248800,1.598441,2.142199,2.198979,1.283145
143.000000,1.245704,1.524074,2.077981,2.179946,1.354052
144.000000,1.264010,1.448088,2.003007,2.153047,1.337003
145.000000,1.348523,1.422944,1.961621,2.136303,1.608646
146.000000,1.451078,1.406710,1.922080,2.119983,1.561475
147.000000,1.442650,1.371122,1.830655,2.085907,1.234486
148.000000,1.445735,1.368503,1.766112,2.037732,1.365120
149.000000,1.415191,1.360368,1.686966,1.994908,1.169903
150.000000,1.290284,1.340360,1.610039,1.950611,0.970117
151.000000,1.185656,1.344470,1.559743,1.918651,1.050322
152.000000,1.103426,1.304701,1.501788,1.874080,0.781268
153.000000,1.040272,1.282960,1.450882,1.836368,1.104335
154.000000,1.071755,1.285503,1.409811,1.799106,1.401238
155.000000,1.149252,1.249052,1.376473,1.766990,1.347457
156.000000,1.036537,1.141518,1.317567,1.714223,0.261548
157.000000,1.111464,1.122897,1.289493,1.655417,1.042629
158.000000,0.955470,1.024834,1.249199,1.590709,0.165182
159.000000,1.003191,1.066677,1.263114,1.552139,1.805307
160.000000,0.789708,1.035705,1.241446,1.492449,0.382705
161.000000,1.028898,1.061745,1.256199,1.464489,1.276860
162.000000,0.920849,1.067215,1.234035,1.423449,0.443291
163.000000,0.984268,1.002213,1.200878,1.373146,0.259710
164.000000,-0.063467,0.580223,1.076688,1.269555,-2.585753
165.000000,-0.656159,0.184167,0.940263,1.186708,-1.804404
166.000000,-1.397224,-0.034323,0.804078,1.114986,-1.432069
167.000000,-2.186530,-0.614300,0.618538,1.015609,-2.582859
168.000000,-2.593077,-1.028659,0.410219,0.932889,-2.017920
169.000000,-2.377682,-1.691045,0.185300,0.852897,-1.908040
170.000000,-2.270945,-2.038357,-0.044103,0.777437,-1.618148
171.000000,-2.283601,-2.425218,-0.356106,0.695766,-1.783233
172.000000,-1.882715,-2.448946,-0.607238,0.621000,-0.936178
173.000000,-1.459083,-2.314903,-0.855412,0.562108,-0.201926
174.000000,-0.986532,-1.889460,-1.117722,0.514106,0.196713
175.000000,-0.762286,-1.700738,-1.455929,0.378370,-0.601590
176.000000,-0.384823,-1.504409,-1.537225,0.242213,-0.126659
177.000000,-0.298120,-1.248498,-1.723072,0.079527,-0.568817
178.000000,-0.385570,-1.063402,-1.763939,-0.153974,-0.582653
179.000000,-0.471635,-0.837882,-1.871937,-0.384352,-0.147199
180.000000,-0.451334,-0.695796,-1.861819,-0.684750,-0.515057
181.000000,-0.528838,-0.518696,-1.894547,-1.054065,-0.447917
182.000000,-0.459125,-0.429908,-1.838226,-1.381656,-0.264286
183.000000,-0.241293,-0.362604,-1.724353,-1.641762,0.365622
184.000000,-0.058205,-0.315387,-1.431616,-1.820413,0.673877
185.000000,0.175774,-0.178323,-1.237469,-1.907168,0.473436
186.000000,0.277767,-0.175110,-1.126377,-1.851987,-0.079305
187.000000,0.428178,-0.055450,-0.899057,-1.830901,0.300760
188.000000,0.535651,0.141346,-0.674632,-1.667212,0.801476
189.000000,0.346353,0.154860,-0.528036,-1.774130,-0.139233
190.000000,0.106184,0.180697,-0.430131,-1.776617,-0.550315
191.000000,0.197162,0.311282,-0.244003,-1.797245,0.267364
192.000000,0.130494,0.400732,-0.150570,-1.786216,0.032684
193.000000,-0.144117,0.362688,-0.144766,-1.787943,-0.063794
194.000000,0.016888,0.315456,-0.149986,-1.549846,0.489740
195.000000,0.910476,0.685496,0.185568,-1.236008,2.510286
196.000000,2.044401,1.639365,0.788514,-0.777369,3.595559
197.000000,2.753130,2.234706,1.508927,-0.183511,2.867637
198.000000,2.935254,2.293834,1.999059,0.274141,1.694683
199.000000,2.970421,2.474739,2.313579,0.794974,1.823978
200.000000,2.738635,2.629284,2.540755,1.307397,1.818757
201.000000,2.383061,2.691719,2.646632,1.844161,2.027020
202.000000,2.092650,2.713478,2.613259,2.134587,1.678698
203.000000,2.298027,2.877119,2.639200,2.407299,2.641165
204.000000,2.355607,2.868616,2.586151,2.514654,2.283767
205.000000,2.319048,2.689830,2.516339,2.578983,1.929968
206.000000,2.168170,2.394729,2.447505,2.513217,1.538950
207.000000,2.132542,2.221616,2.388815,2.490911,1.708398
208.000000,1.870207,2.130498,2.287070,2.424331,1.399423
209.000000,1.603429,1.995653,2.218043,2.305961,1.017882
210.000000,1.258209,1.794683,2.116878,2.166491,0.258948
211.000000,0.988197,1.597990,2.010126,2.048881,0.200771
212.000000,0.697793,1.459929,1.944193,1.954210,0.314793
213.000000,0.469565,1.238124,1.898438,1.854380,0.349345
214.000000,0.356289,1.061320,1.854215,1.773383,0.527985
215.000000,0.324502,0.868142,1.732341,1.690091,0.098728
216.000000,0.450599,0.787666,1.609007,1.676918,0.785149
217.000000,0.425063,0.613515,1.475102,1.624126,0.177242
218.000000,0.394202,0.470213,1.400167,1.565594,0.190503
219.000000,0.336218,0.377565,1.328933,1.551485,0.261031
220.000000,0.338055,0.361663,1.251251,1.546597,0.047392
221.000000,0.151038,0.345604,1.161961,1.527552,-0.044024
222.000000,0.103869,0.313615,1.092761,1.525584,-0.065344
223.000000,0.049988,0.278746,0.962039,1.539498,-0.060703
224.000000,-0.095077,0.190921,0.831305,1.541291,-0.388176
225.000000,0.085436,0.282442,0.763135,1.535760,1.080179
226.000000,0.679107,0.378177,0.766137,1.508919,2.206671
227.000000,1.541897,0.708784,0.779781,1.513861,2.594587
228.000000,2.394358,1.197337,0.856420,1.581092,2.775103
229.000000,2.996119,1.812372,1.014838,1.653213,2.767112
230.000000,3.117898,2.492784,1.313805,1.733744,2.726946
231.000000,2.744219,2.734741,1.521229,1.729725,1.365506
232.000000,2.395194,2.804664,1.723138,1.735287,1.262075
233.000000,2.044837,2.732979,1.911107,1.676183,1.210092
234.000000,1.707173,2.645563,2.058887,1.626737,1.193887
235.000000,1.482129,2.535266,2.288453,1.622346,1.686083
236.000000,1.398136,2.290910,2.302161,1.600919,1.051026
237.000000,1.321176,2.048253,2.334211,1.554208,0.951561
238.000000,1.191993,1.781268,2.296607,1.505769,0.646133
239.000000,1.051891,1.517811,2.222639,1.479023,0.553788
240.000000,0.788003,1.243827,2.154545,1.502863,0.456821
241.000000,0.791109,1.200742,2.152155,1.570514,1.091587
242.000000,0.700403,1.104894,2.086070,1.590203,0.535421
243.000000,0.827313,1.100427,2.076484,1.652673,1.248701
244.000000,0.923001,1.068937,2.046204,1.683068,0.979453
245.000000,1.262833,1.099925,2.041983,1.806653,1.988515
246.000000,1.472695,1.211891,2.000681,1.875470,1.987041
247.000000,1.809165,1.355238,1.955111,1.981024,2.080348
248.000000,1.903165,1.492709,1.874071,2.047679,1.733292
249.000000,1.995237,1.615429,1.778374,2.081352,1.539571
250.000000,1.842861,1.709531,1.664342,2.094275,1.283870
251.000000,1.686852,1.724071,1.628349,2.096392,1.215537
252.000000,1.358827,1.715920,1.554264,2.049671,0.426714
253.000000,1.124411,1.657038,1.502878,2.008887,0.551201
254.000000,0.783595,1.575967,1.426872,1.947061,-0.219536
255.000000,0.581088,1.439391,1.359830,1.884329,0.382061
256.000000,0.286417,1.259399,1.320920,1.792513,0.003148
257.000000,0.029640,0.965401,1.262334,1.672581,-0.716276
258.000000,-0.437572,0.606595,1.198104,1.526704,-1.310115
259.000000,-0.758724,0.180433,1.126575,1.368200,-1.501465
260.000000,-1.105876,-0.208879,1.076534,1.216255,-1.092928
261.000000,-1.211810,-0.540827,1.007772,1.145632,-0.550096
262.000000,-1.279197,-0.805490,0.946062,1.059075,-1.080238
263.000000,-1.205727,-1.073339,0.821160,0.978868,-1.032381
264.000000,-0.966128,-1.107899,0.750368,0.923887,-0.480092
265.000000,-0.886576,-1.254566,0.537900,0.827089,-0.751982
266.000000,-0.877582,-1.301726,0.300295,0.773011,-0.528140
267.000000,-0.929210,-1.363553,-0.085400,0.685430,-1.298421
268.000000,-1.093598,-1.409715,-0.554375,0.587841,-1.715583
269.000000,-1.456084,-1.484158,-1.132352,0.461281,-2.036126
270.000000,-1.860200,-1.690849,-1.799475,0.277686,-2.445266
271.000000,-2.088079,-1.837540,-2.291517,0.051110,-1.804983
272.000000,-2.188551,-1.937835,-2.565218,-0.206391,-1.989738
273.000000,-2.293884,-2.091476,-2.759310,-0.677144,-2.370577
274.000000,-2.227276,-2.191494,-2.710454,-1.181236,-1.918886
275.000000,-2.068057,-2.213860,-2.653074,-1.841412,-1.778297
276.000000,-1.955100,-2.188465,-2.525712,-2.385023,-1.430102
277.000000,-1.808051,-2.094506,-2.373699,-2.707266,-1.318272
278.000000,-1.597303,-1.991225,-2.227022,-2.788896,-1.326192
279.000000,-1.391687,-1.837690,-2.064090,-2.702682,-0.873567
280.000000,-1.164623,-1.648725,-1.932503,-2.559402,-0.627625
281.000000,-0.949530,-1.501732,-1.829373,-2.408921,-0.312843
282.000000,-0.663177,-1.310675,-1.697176,-2.217404,0.136641
283.000000,-0.275182,-1.039505,-1.567501,-2.055947,0.548405
284.000000,-0.100528,-0.863086,-1.515809,-1.935653,-0.126043
285.000000,0.068697,-0.667405,-1.450509,-1.855009,0.102420
286.000000,0.211792,-0.480720,-1.395215,-1.769496,0.325613
287.000000,0.388562,-0.226474,-1.286369,-1.647276,0.993873
288.000000,0.409718,0.027511,-1.182545,-1.534638,0.671896
289.000000,0.672287,0.272573,-1.049188,-1.410273,1.012168
290.000000,0.884666,0.499860,-0.886615,-1.309451,1.031236
291.000000,1.055425,0.696490,-0.749982,-1.236782,1.099550
292.000000,0.974633,0.776669,-0.614365,-1.172025,0.621775
293.000000,1.309281,0.997526,-0.324305,-1.041406,2.129263
294.000000,1.495661,1.280880,-0.041296,-0.951078,1.809744
295.000000,1.676612,1.524473,0.290891,-0.845807,1.824376
296.000000,1.870503,1.745312,0.670727,-0.735305,1.991225
297.000000,2.092492,1.850328,1.095609,-0.583035,1.877772
298.000000,1.868464,1.876689,1.487939,-0.437731,1.227393
299.000000,1.811543,1.911974,1.854920,-0.207780,1.641360
300.000000,1.696432,1.891869,2.086112,0.087611,1.386748
301.000000,1.545844,1.851377,2.190056,0.395832,1.295705
302.000000,1.452655,1.867489,2.206996,0.828419,1.432063
303.000000,1.486337,1.749635,2.149486,1.403985,1.436653
304.000000,1.396552,1.651000,2.110293,1.934291,1.219184
305.000000,1.383984,1.576536,2.058332,2.361829,1.348978
306.000000,1.467292,1.535346,2.024473,2.604706,1.717403
307.000000,1.444974,1.467637,1.933180,2.632793,1.304245
308.000000,1.441284,1.478339,1.878103,2.591145,1.408155
309.000000,1.399603,1.408289,1.790922,2.457213,0.939219
310.000000,1.338552,1.371764,1.720864,2.328147,0.992950
311.000000,1.148020,1.331918,1.652756,2.194774,0.789382
312.000000,1.112654,1.306483,1.631968,2.082012,1.150037
313.000000,1.156043,1.324690,1.573516,1.996577,1.653879
314.000000,1.309387,1.370794,1.538511,1.956786,1.649542
315.000000,1.384401,1.371823,1.494995,1.903363,1.324227
316.000000,1.302285,1.231148,1.408725,1.818029,0.252593
317.000000,1.029303,1.085790,1.310256,1.707953,-0.372176
318.000000,0.654573,0.941546,1.262040,1.633123,-0.199565
319.000000,0.211305,0.845585,1.188183,1.556388,-0.307797
320.000000,-0.546114,0.591335,1.074234,1.450608,-1.935637
321.000000,-1.170868,0.300767,0.950620,1.348121,-2.243074
322.000000,-1.681297,-0.081713,0.813912,1.276750,-2.216405
323.000000,-2.025117,-0.558473,0.688723,1.172344,-1.475650
324.000000,-2.129211,-1.032351,0.595692,1.101095,-0.864755
325.000000,-1.792193,-1.445589,0.487875,1.036402,-0.654274
326.000000,-1.458370,-1.684367,0.301488,0.953259,-0.964028
327.000000,-1.099868,-1.743863,0.143628,0.877371,-0.696568
328.000000,-0.916881,-1.805000,-0.053708,0.834190,-0.713595
329.000000,-1.017703,-1.898343,-0.280393,0.735756,-1.300699
330.000000,-1.277342,-1.827161,-0.604310,0.618190,-1.751035
331.000000,-1.479275,-1.734080,-0.969495,0.479011,-1.817946
332.000000,-1.769819,-1.702202,-1.453788,0.276038,-2.011916
333.000000,-1.996471,-1.746190,-1.993466,0.021157,-1.920438
334.000000,-2.054026,-1.832161,-2.390794,-0.272302,-1.783908
335.000000,-1.955188,-1.877246,-2.544933,-0.628988,-1.463276
336.000000,-1.838961,-1.870313,-2.484990,-1.101751,-1.375942
337.000000,-1.764403,-1.928606,-2.397197,-1.604170,-1.686617
338.000000,-1.604604,-1.917447,-2.281393,-2.003357,-1.197347
339.000000,-1.548484,-1.901217,-2.208957,-2.275859,-1.526778
340.000000,-1.405855,-1.767885,-2.014570,-2.348865,-0.802167
341.000000,-1.083781,-1.536327,-1.772712,-2.239916,0.190552
342.000000,-0.775649,-1.346312,-1.609913,-2.189860,-0.193473
343.000000,-0.814785,-1.297955,-1.583219,-2.257573,-1.405856
344.000000,-0.838344,-1.295427,-1.610194,-2.298401,-1.759654
345.000000,-1.009027,-1.311848,-1.635762,-2.277984,-1.612185
346.000000,-1.340517,-1.281699,-1.615491,-2.170030,-1.011393
347.000000,-1.706383,-1.264385,-1.639337,-2.083382,-1.558096
348.000000,-1.675946,-1.273718,-1.646987,-2.007477,-1.166203
349.000000,-1.496503,-1.215742,-1.619820,-1.935538,-0.924980
350.000000,-1.150834,-1.174372,-1.535089,-1.793447,-0.079772
351.000000,-0.845046,-1.237320,-1.430475,-1.648784,0.331945
352.000000,-0.488347,-1.284713,-1.335316,-1.547081,-0.131068
353.000000,-0.238069,-1.135685,-1.245359,-1.481285,-0.172375
354.000000,-0.111256,-0.956702,-1.175526,-1.454358,-0.428503
355.000000,-0.185527,-0.797895,-1.127538,-1.440287,-0.410425
356.000000,-0.395138,-0.738906,-1.090114,-1.422748,-0.511849
357.000000,-0.449450,-0.555216,-1.015758,-1.412634,-0.275241
358.000000,-0.041040,-0.183180,-0.894118,-1.357352,1.804245
359.000000,0.873847,0.335983,-0.677283,-1.256887,2.690254
360.000000,2.029084,0.829308,-0.485492,-1.129368,2.667732
361.000000,2.908627,1.279910,-0.389015,-1.002370,2.221268
362.000000,3.033358,1.712693,-0.288899,-0.885980,1.364646
363.000000,2.545348,2.008045,-0.053287,-0.784491,0.791145
364.000000,1.957731,2.205715,0.254636,-0.686629,0.561783
365.000000,1.364383,2.244101,0.553620,-0.609792,0.327026
366.000000,1.001065,2.316392,0.862555,-0.497635,0.802483
367.000000,1.042711,2.400690,1.373977,-0.280336,1.507032
368.000000,1.219505,2.232436,1.783780,-0.068912,1.463969
369.000000,1.570731,2.082169,2.121704,0.279855,1.926838
370.000000,1.898081,1.926175,2.255575,0.604322,1.779338
371.000000,1.954111,1.761810,2.256201,0.821266,1.354268
372.000000,1.891420,1.738514,2.303630,1.180190,1.478969
373.000000,1.836720,1.779991,2.306832,1.746385,1.455848
374.000000,1.613863,1.786931,2.260116,2.194502,1.099107
375.000000,1.478898,1.843454,2.223402,2.449543,1.317618
376.000000,1.574025,1.914032,2.237330,2.562423,1.855693
377.000000,1.585577,1.865573,2.202092,2.593254,1.531940
378.000000,1.576045,1.813120,2.083430,2.531035,1.396856
379.000000,1.523639,1.654493,1.912506,2.404619,0.801197
380.000000,1.363128,1.492501,1.742750,2.236452,0.505163
381.000000,1.027741,1.377117,1.598639,2.071573,0.312545
382.000000,0.605928,1.185854,1.471922,1.924092,-0.411091
383.000000,0.288937,1.041520,1.414649,1.831485,0.015107
384.000000,0.114085,0.946401,1.380105,1.771578,0.047173
385.000000,-0.130422,0.758004,1.334489,1.698074,-0.599340
386.000000,-0.390328,0.454812,1.265753,1.640010,-0.824691
387.000000,-0.754351,0.035181,1.107153,1.546220,-2.106391
388.000000,-1.111478,-0.335164,0.990460,1.434639,-1.193965
389.000000,-1.549683,-0.690377,0.811398,1.284419,-1.508028
390.000000,-1.865342,-1.096828,0.589713,1.103250,-1.988119
391.000000,-1.928400,-1.397854,0.414897,0.955164,-1.434043
392.000000,-1.852868,-1.625736,0.166232,0.818303,-1.864024
393.000000,-1.964744,-1.898809,-0.130441,0.700786,-1.876856
394.000000,-1.849042,-2.015701,-0.373436,0.629221,-1.202086
395.000000,-1.713304,-2.047441,-0.707784,0.552480,-1.439706
396.000000,-1.623855,-1.992537,-1.133106,0.461207,-1.097836
397.000000,-1.515797,-1.862629,-1.567318,0.278576,-1.394062
398.000000,-1.401083,-1.831802,-1.944294,0.061532,-1.386657
399.000000,-1.502648,-1.819466,-2.193963,-0.285381,-1.744898
400.000000,-1.588661,-1.778908,-2.333297,-0.709236,-1.873921
401.000000,-1.635735,-1.733104,-2.340496,-1.107754,-1.405578
402.000000,-1.663646,-1.671819,-2.274826,-1.600529,-1.570928
403.000000,-1.620914,-1.573478,-2.204486,-2.018638,-1.223012
404.000000,-1.427161,-1.502444,-2.105712,-2.237261,-0.800257
405.000000,-1.280063,-1.460653,-2.013980,-2.402379,-1.145998
406.000000,-1.214548,-1.450357,-1.926712,-2.499583,-1.089719
407.000000,-1.052091,-1.387125,-1.789053,-2.456829,-0.780134
408.000000,-0.958616,-1.329502,-1.711193,-2.381748,-0.767237
409.000000,-0.816403,-1.167639,-1.590454,-2.226174,0.099523
410.000000,-0.520286,-0.964299,-1.448827,-2.074872,0.406463
411.000000,-0.179497,-0.800689,-1.341989,-1.942317,0.528045
412.000000,0.155925,-0.584438,-1.214813,-1.792503,0.695704
413.000000,0.541114,-0.386095,-1.090617,-1.691632,0.826905
414.000000,0.764333,-0.213730,-1.006607,-1.609387,1.052020
415.000000,1.040441,0.101902,-0.895988,-1.501501,1.608890
416.000000,1.223349,0.428398,-0.822582,-1.419487,1.220180
417.000000,1.238826,0.687219,-0.745058,-1.321452,0.646705
418.000000,1.360457,1.037669,-0.635783,-1.247899,1.313372
419.000000,1.534401,1.316618,-0.455376,-1.147403,1.800725
420.000000,1.342812,1.414132,-0.272154,-1.051528,0.854076
421.000000,1.168175,1.428657,-0.120758,-0.991173,0.494876
422.000000,1.136935,1.408231,0.091570,-0.901823,0.564977
423.000000,1.083900,1.419176,0.340681,-0.785377,1.089327
424.000000,0.586571,1.204691,0.472858,-0.764560,-0.402457
425.000000,0.482518,1.032764,0.761318,-0.698224,0.390760
426.000000,0.518362,0.954813,1.107097,-0.642152,0.649277
427.000000,0.425228,0.883726,1.365852,-0.577753,0.150266
428.000000,0.072981,0.656855,1.523378,-0.534819,-0.467766
429.000000,-0.055844,0.302264,1.440258,-0.465552,-0.979530
430.000000,-0.285848,0.113600,1.314482,-0.321237,-0.656186
431.000000,-0.338467,0.110775,1.277076,-0.110476,0.504079
432.000000,-0.397880,0.033989,1.158853,0.170041,-0.035743
433.000000,-0.462422,-0.197663,0.973005,0.413965,-0.773037
434.000000,-0.557422,-0.315077,0.720025,0.567830,-1.481804
435.000000,-0.728184,-0.537473,0.434395,0.933119,-1.365290
436.000000,-1.413499,-0.907086,0.132655,1.219552,-2.058549
437.000000,-1.730004,-1.130169,-0.041901,1.474534,-1.198324
438.000000,-2.034228,-1.395521,-0.385691,1.400010,-1.999449
439.000000,-2.368415,-1.743156,-0.957842,0.658150,-2.843639
440.000000,-2.631833,-2.119725,-1.470650,-0.310726,-2.786497
441.000000,-2.395128,-2.331184,-1.752269,-0.939470,-1.536581
442.000000,-2.416790,-2.424454,-2.035656,-1.659049,-1.840719
443.000000,-2.372734,-2.425755,-2.313745,-2.304547,-2.009684
444.000000,-2.289053,-2.417785,-2.421624,-2.845110,-2.383014
445.000000,-1.856976,-2.213352,-2.347774,-2.873565,-0.809194
446.000000,-1.865355,-2.114507,-2.374182,-2.917735,-1.616864
447.000000,-1.783744,-2.079690,-2.325627,-2.822980,-1.462231
448.000000,-1.425532,-1.876202,-2.130983,-2.633759,-0.265050
449.000000,-0.763374,-1.522060,-1.863455,-2.417010,0.791638
450.000000,-0.363896,-1.137674,-1.643300,-2.157660,1.116041
451.000000,0.366341,-0.820873,-1.482965,-1.888465,1.546830
452.000000,1.018943,-0.501104,-1.347801,-1.711549,1.170894
453.000000,1.515976,-0.047497,-1.149302,-1.542416,1.771511
454.000000,1.765127,0.551517,-0.910242,-1.271294,1.889451
455.000000,1.870370,0.936781,-0.700126,-1.093329,1.678445
456.000000,2.078235,1.580744,-0.358192,-0.834068,2.454934
457.000000,2.230215,2.085311,-0.065814,-0.574294,2.068110
458.000000,2.204348,2.302022,0.287902,-0.279222,1.876594
459.000000,2.367669,2.478309,0.907292,0.232356,2.688335
460.000000,2.406349,2.491501,1.499688,0.671807,2.162244
461.000000,2.279083,2.435147,1.941457,1.026181,1.973227
462.000000,2.261295,2.434802,2.348192,1.458778,2.102625
463.000000,2.197455,2.344791,2.582800,1.834348,1.766708
464.000000,1.971865,2.239775,2.703099,2.140831,1.596838
465.000000,1.841833,2.162439,2.653500,2.348088,1.560198
466.000000,1.706698,2.020149,2.599767,2.461925,1.341158
467.000000,1.534811,1.911312,2.523367,2.473620,1.249636
468.000000,1.413297,1.818946,2.398643,2.468618,1.170600
469.000000,1.332522,1.673440,2.265664,2.472141,1.201852
470.000000,1.257559,1.573291,2.149825,2.454964,1.196622
471.000000,1.181277,1.469817,2.027698,2.366393,0.971998
472.000000,1.083196,1.335321,1.924899,2.281496,0.757263
473.000000,0.953168,1.209524,1.809282,2.197652,0.496542
474.000000,0.801656,1.096422,1.704158,2.139509,0.422022
475.000000,0.548561,0.941822,1.594179,2.019075,-0.105591
476.000000,0.384554,0.835679,1.488793,1.962115,0.186354
477.000000,0.214788,0.719834,1.396331,1.904770,-0.072789
478.000000,0.146177,0.631249,1.330260,1.842118,0.253607
479.000000,0.072873,0.522809,1.224003,1.765882,0.154609
480.000000,0.095111,0.384880,1.131246,1.690098,-0.099120
481.000000,-0.148710,0.191054,1.016544,1.591515,-1.102869
482.000000,-0.447378,-0.032702,0.875998,1.506210,-1.609961
483.000000,-0.671336,-0.168496,0.780213,1.445226,-0.578452
484.000000,-0.836854,-0.289901,0.696777,1.393408,-0.301927
485.000000,-0.989376,-0.351121,0.602421,1.350380,-0.498908
486.000000,-0.599910,-0.365580,0.551957,1.311463,0.772200
487.000000,-0.177644,-0.400749,0.477791,1.269407,-0.011448
488.000000,0.315727,-0.345802,0.448040,1.263216,1.390755
489.000000,0.396649,-0.426139,0.350107,1.182247,-0.068793
490.000000,0.559788,-0.428097,0.236272,1.120552,0.119526
491.000000,0.255391,-0.285393,0.098101,1.050611,-0.415940
492.000000,0.041790,-0.097636,-0.072796,0.949154,-0.886781
493.000000,-0.294259,0.024342,-0.182848,0.881044,0.072228
494.000000,0.067032,0.291076,-0.199251,0.850609,1.381532
495.000000,0.407923,0.590975,-0.070649,0.816676,1.421069
496.000000,1.051242,0.768302,0.106866,0.815790,1.888599
497.000000,1.952558,1.194804,0.555492,0.855240,2.436161
498.000000,2.439275,1.411460,1.008873,0.914080,2.272946
499.000000,2.525935,1.808104,1.489851,0.977610,2.130296
500.000000,2.681885,2.222938,2.058401,1.094229,2.528202
501.000000,2.730096,2.609406,2.642897,1.296336,2.543305
502.000000,2.560577,2.788588,2.923246,1.531071,2.053457
503.000000,2.366601,2.736575,2.878033,1.800156,1.717731
504.000000,2.115677,2.515442,2.721607,1.996454,1.195004
505.000000,1.657853,2.232381,2.502522,2.151521,0.337675
506.000000,1.012307,1.864952,2.153250,2.077535,-0.625368
507.000000,0.498712,1.540167,1.955932,2.035376,-0.411641
508.000000,0.095843,1.291851,1.751440,1.962795,-0.108650
509.000000,-0.316132,1.005584,1.607329,1.827611,-0.609156
510.000000,-0.503796,0.689343,1.486846,1.738812,-0.482846
511.000000,-0.371141,0.400417,1.454324,1.810274,-0.019441
512.000000,-0.356608,0.104403,1.424417,1.868648,-0.351147
513.000000,-0.552407,-0.253201,1.304204,1.757215,-1.002191
514.000000,-0.404006,-0.430037,1.223499,1.742718,0.083939
515.000000,-0.374804,-0.539413,1.117506,1.693414,-0.352393
516.000000,-0.579138,-0.571577,0.950395,1.519168,-0.866936
517.000000,-0.371000,-0.450903,0.863327,1.544750,0.579658
518.000000,-0.093385,-0.426825,0.740331,1.442485,0.159883
519.000000,-0.091613,-0.326730,0.612502,1.432762,0.098615
520.000000,0.011726,-0.243514,0.429425,1.416419,0.087199
521.000000,-0.051746,-0.422931,0.088797,1.329457,-1.168086
522.000000,-0.343652,-0.473592,-0.206760,1.335340,-0.641909
523.000000,-0.838904,-0.608311,-0.648299,1.189552,-1.827356
524.000000,-1.088690,-0.780841,-0.984720,1.059127,-0.889595
525.000000,-1.235636,-0.822057,-1.185409,0.963140,-0.546484
526.000000,-1.163064,-0.836784,-1.298277,0.782182,-0.919456
527.000000,-1.033249,-0.954755,-1.330144,0.608108,-0.153458
528.000000,-0.589587,-0.962886,-1.368579,0.427029,0.053003
529.000000,-0.592575,-1.102764,-1.434090,0.060990,-0.911932
530.000000,-0.590068,-1.167125,-1.425874,-0.437933,-0.528251
531.000000,-0.463156,-1.027239,-1.436476,-1.083822,-0.391000
532.000000,-0.325689,-0.872189,-1.267942,-1.560523,0.696978
533.000000,-0.162386,-0.501366,-0.990660,-1.880899,1.173227
534.000000,0.534175,-0.220784,-0.869830,-1.964469,1.610350
535.000000,1.152952,-0.064365,-0.774969,-1.899409,0.613185
536.000000,1.677281,0.206676,-0.621638,-1.657306,0.377038
537.000000,1.334330,0.249993,-0.738276,-1.541633,-0.261397
538.000000,0.596373,0.143996,-0.830961,-1.537797,-0.745921
539.000000,-0.139478,0.495502,-0.885951,-1.402439,-0.385257
540.000000,-0.559856,0.722760,-0.950868,-1.313176,-0.505350
541.000000,-0.783178,0.931662,-0.813005,-1.291405,-0.230135
542.000000,-0.950565,0.394238,-0.814572,-1.260177,-0.746308
543.000000,-0.715235,-0.093354,-0.552997,-1.079179,-0.091122
544.000000,-0.798947,-0.890745,-0.491785,-1.126492,-0.656238
545.000000,-1.210761,-1.668019,-0.617418,-1.194636,-1.696686
546.000000,-1.695822,-2.248317,-0.690494,-1.189996,-1.731138
547.000000,-1.749969,-2.300658,-0.910074,-1.353630,-1.182867
548.000000,-1.831053,-2.075510,-1.168334,-1.403729,-0.580968
549.000000,-2.131031,-2.291997,-1.484321,-1.556057,-1.974281
550.000000,-2.040630,-2.371040,-2.021224,-1.681368,-1.594202
551.000000,-1.322254,-2.019099,-1.942054,-1.474687,0.764964
552.000000,-0.626362,-1.553554,-1.955974,-1.338335,1.209536
553.000000,-0.067289,-1.239205,-1.858803,-1.015562,1.331641
554.000000,0.643880,-1.009845,-2.047302,-0.896794,0.439309
555.000000,1.208461,-0.592504,-1.969021,-0.839043,0.377508
556.000000,1.091524,-0.148217,-1.841544,-0.689649,0.412757
557.000000,1.077821,0.344644,-1.429122,-0.582903,1.233463
558.000000,1.070669,0.733040,-0.929663,-0.486382,1.336826
559.000000,1.168806,1.275703,-0.638050,-0.137706,0.868011
560.000000,0.915951,1.444377,-0.640230,-0.082514,-0.489868
561.000000,0.866237,1.312728,-0.528082,0.082787,0.259020
562.000000,0.575506,1.089939,-0.329258,-0.068975,0.158526
563.000000,0.414002,0.973012,-0.140153,-0.184907,0.776805
564.000000,0.345405,0.995787,0.154080,-0.408865,0.656572
565.000000,0.831778,1.140651,0.914850,-0.272088,1.330414
566.000000,1.125287,1.276951,1.765266,-0.080693,1.294833
567.000000,1.128974,1.078276,2.074770,0.009615,0.149906
568.000000,0.810506,0.773662,2.027334,0.097684,-0.381691
569.000000,0.712463,0.669692,2.358521,0.264404,0.290240
570.000000,0.271496,0.701126,2.380476,0.318946,-0.342000
571.000000,-0.136819,0.619625,2.025404,0.335083,-0.227205
572.000000,-0.138567,0.615096,1.721617,0.596578,0.146065
573.000000,-0.002112,0.502145,1.457405,0.705338,0.126653
574.000000,0.075395,0.491201,1.433734,1.109833,0.579175
575.000000,0.319730,0.367054,1.411408,1.772862,0.582401
576.000000,0.137548,-0.003188,1.170812,1.948973,-1.015323
577.000000,0.070065,-0.048151,0.940931,2.086802,-0.123909
578.000000,-0.038740,-0.023851,0.685631,2.030046,-0.283402
579.000000,-0.363000,-0.140862,0.500664,2.314721,-0.448251
580.000000,-1.081141,-0.270332,0.452416,2.466736,-1.540437
581.000000,-1.136123,-0.393696,0.319829,2.145572,-1.038287
582.000000,-1.696713,-0.719009,0.150993,1.686641,-1.531825
583.000000,-1.770562,-0.946499,-0.038338,1.285524,-0.633348
584.000000,-1.927662,-1.498308,-0.296339,0.994770,-1.378591
585.000000,-2.196396,-2.251528,-0.867860,0.501711,-2.521580
586.000000,-2.776044,-2.588525,-1.634161,-0.260037,-3.136316
587.000000,-2.928529,-2.823759,-2.081670,-1.200318,-2.625346
588.000000,-3.279037,-3.015736,-2.442462,-2.240583,-3.136186
589.000000,-3.120222,-2.924350,-2.589891,-2.628972,-2.034121
590.000000,-2.781450,-2.743612,-2.547622,-2.579642,-1.669597
591.000000,-2.346289,-2.592229,-2.460137,-2.568481,-1.313217
592.000000,-1.947496,-2.372978,-2.352786,-2.454228,-0.818338
593.000000,-1.390233,-2.221362,-2.223086,-2.381431,-0.508401
594.000000,-1.091366,-2.075698,-2.162725,-2.313624,-0.637606
595.000000,-0.738064,-1.813079,-2.050842,-2.241604,-0.011027
596.000000,-0.558396,-1.565640,-1.900391,-2.219367,-0.510806
597.000000,-0.281684,-1.252495,-1.764028,-2.025551,0.471932
598.000000,-0.123860,-0.877427,-1.662941,-1.854392,0.195668
599.000000,0.055902,-0.625185,-1.588051,-1.768396,0.113890
600.000000,0.165765,-0.360954,-1.468884,-1.626724,0.477292
601.000000,0.327353,-0.163855,-1.400893,-1.533841,0.185168
602.000000,0.164125,-0.080981,-1.349495,-1.508390,-0.259072
603.000000,0.272022,0.075850,-1.274797,-1.425156,0.680969
604.000000,0.450629,0.288551,-1.164606,-1.369496,0.913483
605.000000,0.469137,0.368666,-1.027976,-1.347864,0.558328
606.000000,0.619598,0.555939,-0.804735,-1.229345,0.824210
607.000000,1.002899,0.674760,-0.545896,-1.143398,1.349470
608.000000,1.237706,0.888581,-0.154425,-1.036822,1.661872
609.000000,1.261209,1.030122,0.129884,-0.979349,1.015236
610.000000,1.470508,1.191225,0.469765,-0.857926,1.500319
611.000000,1.522708,1.339382,0.778090,-0.780066,1.113049
612.000000,1.483886,1.553284,1.075755,-0.659988,1.227340
613.000000,1.469387,1.674411,1.406082,-0.534100,1.604100
614.000000,1.731340,1.838470,1.842437,-0.263695,2.167139
615.000000,1.748069,1.931302,2.071022,0.120878,1.661377
616.000000,1.735694,1.906965,2.204927,0.681517,1.272902
617.000000,1.764107,1.862097,2.204157,1.408989,1.560797
618.000000,1.662463,1.740485,2.148486,2.180099,1.227427
619.000000,1.574026,1.763536,2.138191,2.666335,1.816408
620.000000,1.751806,1.823579,2.150866,2.953660,2.519712
621.000000,2.197046,2.018976,2.244117,3.078335,3.133437
622.000000,2.555842,2.202681,2.347049,3.048111,3.003576
623.000000,2.748838,2.281799,2.331411,2.915217,2.443087
624.000000,2.757069,2.291515,2.300542,2.796820,2.260909
625.000000,2.653637,2.339997,2.296398,2.669186,2.216106
626.000000,2.205714,2.242472,2.175281,2.487625,0.904604
627.000000,1.786881,2.124677,2.056816,2.306679,0.828920
628.000000,1.516041,2.068840,1.965988,2.191607,1.029780
629.000000,1.139426,1.911309,1.872154,2.062159,0.366672
630.000000,0.788155,1.745753,1.790757,1.958239,0.568081
631.000000,0.747370,1.545296,1.746555,1.890537,0.708281
632.000000,0.670210,1.311108,1.692734,1.835394,0.448882
633.000000,0.573666,1.131945,1.644313,1.770869,0.595128
634.000000,0.760348,1.024472,1.615469,1.743022,1.240420
635.000000,0.903362,0.901730,1.608526,1.731106,1.220057
636.000000,1.042854,0.950112,1.625192,1.720156,1.330677
637.000000,1.251069,1.016519,1.631929,1.703259,1.376751
638.000000,1.385572,1.040518,1.642138,1.676000,1.196746
639.000000,1.320188,1.119522,1.615742,1.659519,0.912455
640.000000,1.169605,1.128337,1.539785,1.618992,0.465266
641.000000,1.331924,1.299879,1.512123,1.655585,2.060682
642.000000,1.584194,1.556882,1.498207,1.707123,2.413265
643.000000,1.586858,1.638405,1.432728,1.699274,1.102592
644.000000,1.483835,1.552297,1.330003,1.649735,0.334339
645.000000,1.427584,1.442900,1.208771,1.610216,0.050670
646.000000,0.845593,1.246755,1.146604,1.564370,-0.683140
647.000000,0.034966,1.021226,1.085489,1.510435,-0.875988
648.000000,-0.423460,0.850933,1.030071,1.484997,-0.601602
649.000000,-0.694249,0.725036,1.038506,1.451275,-0.511662
650.000000,-0.868448,0.683130,1.044329,1.400786,-0.356902
651.000000,-0.814619,0.255448,1.030771,1.311241,-0.455013
652.000000,-0.543810,-0.323778,1.064356,1.219917,0.018099
653.000000,-0.530475,-0.759971,1.039901,1.117267,-0.606481
654.000000,-0.635979,-1.067244,0.912619,0.996755,-0.916268
655.000000,-0.657201,-1.165748,0.801534,0.877715,-0.419673
656.000000,-0.705876,-1.116202,0.642736,0.831395,-0.648415
657.000000,-1.086919,-1.177176,0.375819,0.754216,-1.433771
658.000000,-1.257397,-1.281000,0.090572,0.657368,-1.326567
659.000000,-1.015424,-1.163375,-0.051672,0.669444,-0.056929
660.000000,-0.920262,-1.078613,-0.141632,0.670453,-0.026807
661.000000,-0.832329,-1.025765,-0.604222,0.647119,-0.278827
662.000000,-0.700505,-1.168028,-1.363521,0.608977,-0.920750
663.000000,-1.016528,-1.462795,-2.120999,0.439301,-2.342446
664.000000,-1.538214,-1.619405,-2.533839,0.178192,-1.901783
665.000000,-2.100253,-1.917736,-2.776048,-0.215743,-2.269234
666.000000,-2.357488,-2.047605,-2.691862,-0.698261,-1.842765
667.000000,-2.276222,-1.928938,-2.472764,-1.204869,-1.161237
668.000000,-1.950910,-1.824026,-2.319475,-1.734894,-1.074721
669.000000,-1.788177,-1.907571,-2.232681,-2.204228,-1.260211
670.000000,-1.495575,-1.943219,-2.150571,-2.449109,-1.033152
671.000000,-1.559897,-2.093309,-2.188865,-2.848930,-2.137221
672.000000,-1.596016,-2.071686,-2.162962,-2.920008,-1.410773
673.000000,-1.711907,-1.962556,-2.116712,-2.793896,-1.678797
674.000000,-1.795558,-1.909143,-2.057615,-2.624517,-1.677328
675.000000,-1.805672,-1.739291,-1.983619,-2.430624,-0.957949
676.000000,-1.535036,-1.632972,-1.919813,-2.251437,-1.082158
677.000000,-1.412611,-1.590230,-1.815023,-2.097498,-0.906793
678.000000,-1.235518,-1.558113,-1.731185,-1.998070,-0.896488
679.000000,-1.057135,-1.504815,-1.728881,-1.926842,-0.886556
680.000000,-0.849350,-1.393448,-1.682276,-1.832540,0.005825
681.000000,-0.540787,-1.093315,-1.616420,-1.732640,0.359523
682.000000,-0.240851,-0.892196,-1.532206,-1.662887,0.488123
683.000000,-0.069467,-0.729167,-1.419301,-1.605955,-0.197401
684.000000,0.237892,-0.494510,-1.303790,-1.518824,0.362468
685.000000,0.169669,-0.423274,-1.197898,-1.489295,-0.355476
686.000000,0.099681,-0.281554,-1.094973,-1.441243,0.080573
687.000000,0.019708,-0.138636,-1.033084,-1.363821,0.199363
688.000000,-0.038605,-0.061958,-1.011480,-1.321107,-0.467095
689.000000,-0.239700,0.029590,-0.975120,-1.339458,-0.431119
690.000000,-0.280097,-0.031613,-0.970863,-1.370627,-0.580911
691.000000,-0.326285,-0.097060,-0.830314,-1.382813,0.032675
692.000000,-0.412188,-0.184111,-0.754468,-1.377148,0.184262
693.000000,-0.606347,-0.303707,-0.704423,-1.341803,-1.219997
694.000000,-0.269032,-0.319303,-0.539364,-1.272291,0.825856
695.000000,0.052514,-0.217780,-0.454579,-1.181066,0.345525
696.000000,0.606070,0.031245,-0.246091,-1.061309,1.781898
697.000000,1.211871,0.367477,0.009078,-0.970152,2.034221
698.000000,1.804256,0.768143,0.243592,-0.916743,1.018858
699.000000,2.246412,1.539276,0.722254,-0.761549,2.518334
700.000000,2.531164,2.107194,1.110269,-0.623039,2.014191
701.000000,2.285941,2.218195,1.368197,-0.352761,1.380277
702.000000,2.355551,2.519545,1.805730,-0.018354,2.586867
703.000000,2.664117,2.901872,2.357287,0.470930,2.796469
704.000000,2.563418,2.875347,2.547242,1.004016,2.343067
705.000000,2.301732,2.693135,2.534550,1.325012,1.099125
706.000000,1.970314,2.315050,2.293289,1.528943,0.028337
707.000000,1.673531,2.140691,2.213659,1.798302,1.057213
708.000000,1.392164,2.139923,2.254370,2.042324,1.449502
709.000000,1.050300,1.937571,2.209175,2.135912,0.847813
710.000000,0.694177,1.644157,2.062251,1.966684,-0.458022
711.000000,1.207776,1.755672,2.153346,2.020438,2.090642
712.000000,1.368519,1.670151,2.182450,2.006955,1.667547
713.000000,0.902019,1.254354,2.071161,1.855429,-0.485288
714.000000,0.771502,0.991635,1.954816,1.748690,0.259854
715.000000,1.075074,0.971612,1.926718,1.756311,0.866450
716.000000,0.665089,1.012915,1.800633,1.694329,0.356715
717.000000,0.527911,1.030978,1.739054,1.689020,1.108857
718.000000,1.210048,1.153577,1.820427,1.799741,2.141809
719.000000,1.499841,1.238971,1.761718,1.838855,1.400909
720.000000,1.746141,1.530046,1.770827,1.910927,1.844020
721.000000,1.949062,1.433837,1.766943,1.919135,1.280608
722.000000,1.788051,1.280007,1.632478,1.878043,0.410120
723.000000,1.210910,1.315794,1.427933,1.843210,-0.453644
724.000000,1.014627,1.380921,1.315637,1.808603,0.478595
725.000000,0.764321,1.429017,1.323482,1.814586,0.937440
726.000000,0.867430,1.650624,1.454257,1.814642,1.653431
727.000000,1.030966,1.658112,1.451634,1.767303,0.763173
728.000000,1.682058,1.591173,1.469693,1.791899,1.433777
729.000000,1.899324,1.602447,1.508242,1.750104,1.146698
730.000000,2.013641,1.563772,1.658140,1.742367,1.424562
731.000000,1.906425,1.636693,1.620937,1.757180,1.398216
732.000000,2.003917,1.844834,1.609944,1.712773,1.294697
733.000000,1.812448,2.067726,1.742494,1.630140,1.009126
734.000000,1.826921,2.139120,1.833375,1.583492,1.423483
735.000000,1.500515,1.957537,1.786168,1.544718,0.391390
736.000000,0.862717,1.503883,1.690349,1.494077,-0.996870
737.000000,0.324027,1.258347,1.563373,1.412233,-0.741260
738.000000,-0.384066,0.784573,1.270057,1.270529,-1.533081
739.000000,-1.433352,0.221726,0.974306,1.122858,-2.118821
740.000000,-2.188978,-0.470580,0.581915,1.031457,-2.312680
741.000000,-2.461661,-1.219271,0.165608,0.772183,-2.361795
742.000000,-2.711836,-1.938679,-0.248396,0.486095,-2.448227
743.000000,-2.586164,-2.341106,-0.501214,0.382370,-1.747705
744.000000,-2.221139,-2.538681,-0.750711,0.291790,-0.962217
745.000000,-1.817358,-2.474401,-0.995783,0.177177,-0.612856
746.000000,-1.591238,-2.368760,-1.457517,-0.004207,-1.310450
747.000000,-1.491162,-2.392401,-1.908306,-0.412255,-1.943477
748.000000,-1.486442,-2.296550,-2.263240,-0.998718,-1.729372
749.000000,-1.524415,-2.097485,-2.392621,-1.471484,-1.230791
750.000000,-1.593754,-1.902359,-2.448481,-1.932827,-1.095635
751.000000,-1.520121,-1.712138,-2.445706,-2.211928,-1.024757
752.000000,-1.288517,-1.501691,-2.401012,-2.280561,-0.869824
753.000000,-0.923371,-1.284029,-2.256552,-2.110737,-0.046472
754.000000,-0.477262,-1.060350,-2.083758,-1.907793,0.826793
755.000000,-0.224992,-0.976387,-1.957266,-1.859235,0.076384
756.000000,-0.290829,-0.991014,-1.903731,-2.024901,-1.306379
757.000000,-0.307073,-0.883737,-1.839843,-2.043590,-0.931291
758.000000,-0.415073,-0.744709,-1.716883,-2.041235,-0.512186
759.000000,-0.874103,-0.741200,-1.630743,-2.079559,-1.169549
760.000000,-1.282813,-0.818850,-1.587894,-2.161673,-1.695252
761.000000,-1.281245,-0.854249,-1.508112,-2.183681,-1.281908
762.000000,-1.413326,-0.931388,-1.430526,-2.201720,-1.457576
763.000000,-1.758714,-1.187452,-1.438752,-2.228111,-1.954206
764.000000,-1.973083,-1.578023,-1.503474,-2.259435,-2.029409
765.000000,-2.137065,-1.913043,-1.613202,-2.259858,-2.314128
766.000000,-2.363368,-2.052000,-1.682434,-2.216157,-2.208662
767.000000,-2.388779,-2.174960,-1.674624,-2.162488,-1.652691
768.000000,-2.362402,-2.376659,-1.707241,-2.113628,-1.986336
769.000000,-2.217871,-2.404951,-1.746490,-2.035289,-1.591593
770.000000,-2.115466,-2.394685,-1.821901,-1.988957,-1.959358
771.000000,-1.765886,-2.254247,-1.799768,-1.877286,-0.768743
772.000000,-1.398639,-2.009572,-1.731846,-1.730468,-0.043404
773.000000,-0.836671,-1.661634,-1.681422,-1.597216,0.606402
774.000000,-0.174674,-1.243848,-1.641108,-1.471832,1.372461
775.000000,0.550573,-0.838234,-1.574518,-1.385264,1.160935
776.000000,0.838724,-0.524975,-1.467069,-1.315480,0.464603
777.000000,0.794939,-0.366498,-1.447186,-1.254380,-0.235967
778.000000,0.532047,-0.193057,-1.480296,-1.215898,-0.525199
779.000000,-0.038448,-0.131367,-1.503375,-1.228962,-1.010070
780.000000,-0.492354,0.040652,-1.455118,-1.232142,-0.726919
781.000000,-0.696198,0.093898,-1.408342,-1.220264,-0.399665
782.000000,-0.749061,0.031744,-1.354544,-1.222408,-0.463327
783.000000,-0.726073,-0.122319,-1.261372,-1.272122,-0.419976
784.000000,-0.485584,-0.336898,-1.131048,-1.353185,0.056261
785.000000,-0.185809,-0.454339,-0.928201,-1.374340,0.650932
786.000000,-0.069449,-0.539011,-0.760379,-1.348246,0.072166
787.000000,0.057163,-0.526818,-0.640308,-1.356176,-0.032779
788.000000,0.304228,-0.397442,-0.421965,-1.373331,0.466046
789.000000,0.309530,-0.215403,-0.257357,-1.378739,0.031406
790.000000,0.185839,-0.038158,0.015243,-1.337071,0.189350
791.000000,0.260762,0.122005,0.176614,-1.315937,0.356008
792.000000,0.436538,0.388990,0.287887,-1.260813,0.631342
793.000000,0.412631,0.619011,0.264683,-1.169377,0.380293
794.000000,0.432055,0.645234,0.004659,-1.074300,0.111904
795.000000,0.673215,0.738049,-0.080887,-0.822423,1.143009
796.000000,0.912401,0.986752,0.052257,-0.500585,1.303624
797.000000,1.145524,1.287632,0.513184,-0.159420,1.511254
798.000000,1.353338,1.402667,1.055377,0.248067,1.148011
799.000000,1.710428,1.676139,1.833839,0.683073,1.462745
800.000000,1.655547,1.810234,2.149777,1.108159,0.782147
801.000000,1.506327,1.920729,2.215078,1.297541,0.579500
802.000000,1.096647,1.881314,2.150796,1.289788,-0.104450
803.000000,0.893597,1.971579,2.158989,1.237324,0.481908
804.000000,0.432409,1.926729,1.984225,1.003513,-0.102227
805.000000,0.151339,1.561769,1.720567,0.786192,-0.353428
806.000000,-0.272161,1.043225,1.505797,0.612435,-1.177642
807.000000,0.034633,0.872651,1.589729,0.780812,1.178938
808.000000,0.228864,0.823789,1.615565,1.013390,1.308005
809.000000,0.465252,0.629962,1.667238,1.267219,0.869125
810.000000,0.586888,0.492114,1.632226,1.377004,0.132010
811.000000,0.752381,0.283303,1.522819,1.354035,-0.649020
812.000000,0.296341,0.199315,1.390140,1.334732,-0.729847
813.000000,-0.159111,0.061828,1.346314,1.336938,-0.328578
814.000000,-0.241777,0.182508,1.445035,1.347732,0.731834
815.000000,-0.317870,0.233016,1.283316,1.244029,-0.102987
816.000000,-0.313239,0.356900,1.030989,1.186374,-0.654550
817.000000,-0.319002,0.031246,0.711639,1.147328,-0.774666
818.000000,-0.619792,-0.479987,0.369636,1.025497,-1.344588
819.000000,-1.526728,-1.138934,-0.191442,0.887269,-2.289019
820.000000,-2.027986,-1.588163,-0.587338,0.751208,-1.880553
821.000000,-2.506765,-2.032178,-1.075553,0.492226,-2.552512
822.000000,-2.684874,-2.290827,-1.384833,0.174478,-2.114695
823.000000,-2.694683,-2.518209,-1.774919,-0.201707,-2.092081
824.000000,-2.431049,-2.681610,-1.990226,-0.574918,-1.620533
825.000000,-2.047593,-2.495560,-1.995237,-1.077011,-0.558317
826.000000,-1.555056,-2.263208,-1.874137,-1.652587,-0.392428
827.000000,-1.200629,-2.087984,-2.011750,-2.243562,-0.521198
828.000000,-0.772497,-1.859415,-2.064327,-2.442886,-0.193032
829.000000,-0.435224,-1.583277,-2.025935,-2.537025,-0.168328
830.000000,-0.110277,-1.254214,-1.818754,-2.289058,0.924425
831.000000,0.049871,-0.926742,-1.650532,-2.163748,0.265628
832.000000,0.396471,-0.558672,-1.451566,-1.901556,0.854181
833.000000,0.488716,-0.251750,-1.378750,-1.852353,0.101333
834.000000,0.588232,0.028870,-1.380252,-1.721094,0.192699
835.000000,0.435807,0.170633,-1.314011,-1.570009,0.323129
836.000000,0.217754,0.157202,-1.294583,-1.456990,-0.614392
837.000000,-0.150328,0.163045,-1.276429,-1.579986,-0.631245
838.000000,-0.219555,0.177244,-1.193563,-1.654027,-0.185470
839.000000,-0.501566,0.070658,-1.111706,-1.741269,-1.029526
840.000000,-0.888375,-0.267846,-1.081566,-1.779377,-1.286072
841.000000,-1.064063,-0.515025,-0.982697,-1.761979,-1.299543
842.000000,-1.252517,-0.889655,-0.918032,-1.755917,-1.376433
843.000000,-1.578367,-1.167643,-0.863468,-1.801002,-1.570347
844.000000,-1.534685,-1.355224,-0.803429,-1.862869,-0.914988
845.000000,-1.512910,-1.618183,-0.927435,-1.891652,-1.247973
846.000000,-1.575478,-1.803089,-1.151097,-1.917954,-1.605686
847.000000,-1.752538,-2.053387,-1.478022,-1.983845,-2.117625
848.000000,-1.627014,-2.148046,-1.766447,-1.948356,-1.084142
849.000000,-1.855462,-2.224079,-2.185700,-1.930689,-1.996727
850.000000,-1.554318,-1.961265,-2.413256,-1.807322,-0.093078
851.000000,-1.130039,-1.673423,-2.387682,-1.608910,0.270379
852.000000,-0.437589,-1.298946,-2.304661,-1.384406,0.988769
853.000000,0.022840,-0.924553,-2.086411,-1.152689,0.949537
854.000000,1.011688,-0.473274,-1.718139,-0.854684,2.051609
855.000000,1.489386,0.006567,-1.418945,-0.651144,1.873052
856.000000,1.746392,0.487825,-1.056150,-0.477412,1.528399
857.000000,1.908642,1.113429,-0.586806,-0.223798,1.862481
858.000000,1.971242,1.497656,-0.227549,-0.019457,1.510532
859.000000,1.953285,2.027866,0.421419,0.283767,2.008342
860.000000,1.924309,2.188492,1.087242,0.479787,1.823811
861.000000,1.925784,2.244421,1.691178,0.745310,1.675580
862.000000,1.862911,2.215608,2.203735,0.967718,1.647882
863.000000,1.746854,2.121832,2.464839,1.175822,1.098077
864.000000,1.611441,1.993804,2.585805,1.427301,1.387150
865.000000,1.462711,1.864920,2.614233,1.609447,1.137004
866.000000,1.336820,1.774751,2.618041,1.855433,1.095450
867.000000,1.240384,1.674859,2.638082,2.051308,1.189028
868.000000,1.200165,1.584159,2.536346,2.104046,0.939038
869.000000,1.055679,1.424828,2.476689,2.138465,0.705509
870.000000,0.949343,1.283597,2.313832,2.148705,0.628590
871.000000,0.817713,1.143010,2.153648,2.122307,0.455134
872.000000,0.703944,1.031136,2.008796,2.116464,0.643608
873.000000,0.661370,0.988768,1.899851,2.122987,0.744899
874.000000,0.655027,0.910090,1.752650,2.083251,0.676848
875.000000,0.788245,0.921950,1.673396,2.112119,1.283134
876.000000,0.615824,0.762704,1.507778,2.019383,-0.505550
877.000000,0.231013,0.513092,1.296772,1.925108,-1.431518
878.000000,-0.165590,0.309725,1.138501,1.833540,-1.205701
879.000000,-0.620705,0.122103,0.961529,1.810641,-1.414444
880.000000,-1.170848,0.007832,0.845177,1.764496,-0.421005
881.000000,-1.418206,-0.163042,0.704636,1.681566,-1.202787
882.000000,-1.467597,-0.438212,0.543282,1.563578,-1.552483
883.000000,-1.502413,-0.757806,0.430276,1.473252,-1.175102
884.000000,-1.363034,-1.102120,0.291464,1.343253,-0.897324
885.000000,-1.291278,-1.530049,0.194774,1.253779,-0.174628
886.000000,-0.905108,-1.508246,0.111835,1.204157,0.279941
887.000000,-0.195460,-1.100782,0.057695,1.172197,1.170054
888.000000,0.497718,-0.644660,0.045870,1.176085,1.435956
889.000000,1.156651,-0.105388,0.082975,1.148910,1.601482
890.000000,1.529105,0.216803,0.123028,1.121458,1.365053
891.000000,1.672298,0.596578,0.169361,1.081209,1.020301
892.000000,1.674336,1.071609,0.226580,1.057730,1.290059
893.000000,1.593914,1.439952,0.269537,1.083173,1.196241
894.000000,1.370226,1.649065,0.264069,1.047967,0.742135
895.000000,1.276756,1.771804,0.142212,1.063261,1.017833
896.000000,1.245793,1.804825,0.496939,1.079369,0.937623
897.000000,0.774503,1.488308,0.745358,0.936709,-0.663953
898.000000,0.546419,1.299722,1.089213,0.902006,0.229868
899.000000,0.353605,1.049983,1.323254,0.870542,-0.065357
900.000000,-0.010852,0.775212,1.262585,0.796217,-0.478017
901.000000,-0.192101,0.656480,1.458036,0.843044,0.198634
902.000000,-0.142605,0.396533,1.566817,0.740841,-0.460080
903.000000,-0.258897,0.180810,1.654771,0.605124,-0.242402
904.000000,-0.260854,0.058240,1.722885,0.471526,-0.073911
905.000000,0.099436,0.055895,1.866130,0.314674,0.996716
906.000000,0.324035,0.083198,1.929968,0.946267,1.119146
907.000000,0.663120,0.331062,1.822023,1.957128,0.999069
908.000000,0.840638,0.371698,1.624385,2.602052,0.557883
909.000000,1.045650,0.496859,1.458997,2.967760,0.876564
910.000000,0.987125,0.665291,1.320175,2.854032,0.704248
911.000000,1.023584,0.802214,1.301137,2.920734,1.294068
912.000000,1.131819,1.062815,1.267819,2.965169,1.462079
913.000000,1.300030,1.263693,1.218931,2.865726,1.170480
914.000000,1.570686,1.553647,1.317032,2.819556,1.977366
915.000000,1.866391,1.713944,1.370768,2.689963,1.767900
916.000000,1.933661,1.843486,1.423495,2.530945,1.505167
917.000000,2.056173,2.053402,1.769257,2.385031,2.074409
918.000000,2.316228,2.353289,2.039127,2.290959,2.507939
919.000000,2.356330,2.492486,2.297759,2.206205,2.388173
920.000000,2.382933,2.562130,2.513863,2.146914,2.176853
921.000000,2.399622,2.501884,2.568483,2.112971,1.979753
922.000000,2.375946,2.464969,2.671738,2.091950,2.171842
923.000000,2.252683,2.437098,2.691069,2.069912,2.014509
924.000000,2.128779,2.342503,2.663523,2.070332,1.869889
925.000000,2.028384,2.268886,2.563144,2.047255,1.763447
926.000000,1.892289,2.178587,2.432536,2.002465,1.407979
927.000000,1.761334,2.083054,2.346382,2.057158,1.554868
928.000000,1.680077,1.978813,2.299536,2.063982,1.628263
929.000000,1.560454,1.854638,2.215222,2.056855,1.307771
930.000000,1.518744,1.785102,2.172706,2.084107,1.572445
931.000000,1.431179,1.671817,2.069145,2.037995,0.974387
932.000000,1.264806,1.523222,1.959780,2.008874,0.691760
933.000000,1.151071,1.429484,1.900258,1.998556,1.064962
934.000000,1.116358,1.355907,1.829903,1.989514,1.142870
935.000000,1.003270,1.285518,1.769247,1.948287,1.067091
936.000000,0.869443,1.182719,1.682466,1.872002,0.259782
937.000000,0.731347,1.034059,1.573940,1.794800,-0.087602
938.000000,0.650124,0.938659,1.494622,1.771056,0.694365
939.000000,0.449534,0.833190,1.400308,1.722189,0.167633
940.000000,0.101109,0.621272,1.287478,1.659923,-0.663208
941.000000,-0.020377,0.500282,1.198589,1.600987,-0.351967
942.000000,-0.066032,0.410034,1.099784,1.545419,-0.365169
943.000000,-0.690734,0.105506,0.943931,1.454936,-2.200064
944.000000,-1.175513,-0.218910,0.800088,1.363086,-1.815678
945.000000,-1.716496,-0.698701,0.604046,1.247850,-2.741809
946.000000,-2.238272,-1.091524,0.422221,1.150716,-2.378056
947.000000,-2.511451,-1.404491,0.225771,1.055648,-1.804067
948.000000,-2.247128,-1.756545,0.013042,0.958891,-1.267356
949.000000,-2.068596,-1.971611,-0.209486,0.855940,-1.233068
950.000000,-1.666402,-1.979731,-0.487958,0.760260,-0.960982
951.000000,-1.353846,-1.992925,-0.745352,0.659843,-0.948451
952.000000,-1.093256,-1.934010,-0.964450,0.545317,-0.613701
953.000000,-1.087784,-1.781072,-1.301955,0.377422,-1.242689
954.000000,-0.990466,-1.627174,-1.580785,0.210213,-0.794493
955.000000,-0.970665,-1.402581,-1.812497,0.002676,-0.877391
956.000000,-0.943391,-1.220392,-1.890153,-0.218991,-0.821160
957.000000,-0.828648,-1.019483,-1.820442,-0.448145,-0.056358
958.000000,-0.505605,-0.846622,-1.779245,-0.717767,0.297323
959.000000,-0.298462,-0.692939,-1.693538,-1.005091,0.188194
960.000000,0.206937,-0.437163,-1.462580,-1.223857,1.484841
961.000000,1.446766,0.206866,-1.034394,-0.931313,3.694618
962.000000,2.399582,0.877796,-0.605239,-0.454255,3.194818
963.000000,2.919052,1.608200,-0.063433,0.034845,2.755911
964.000000,3.080828,2.121164,0.415809,0.472849,2.232546
965.000000,2.988206,2.503264,0.990501,0.948062,2.128239
966.000000,2.549165,2.659950,1.470876,1.432869,1.704073
967.000000,2.118065,2.592718,1.784263,1.757398,1.204837
968.000000,1.804711,2.507581,2.021484,1.928295,1.265548
969.000000,1.563330,2.410561,2.171597,2.076024,1.090372
970.000000,1.421737,2.307245,2.297879,2.331703,1.429495
971.000000,1.321978,2.051865,2.344537,2.427227,1.237691
972.000000,1.519723,1.950806,2.447454,2.639434,2.078945
973.000000,1.706022,1.887865,2.526289,2.831377,2.105699
974.000000,1.971605,1.911327,2.571989,2.930071,2.345000
975.000000,2.123344,1.927300,2.574280,2.962988,2.227942
976.000000,2.301834,1.991849,2.567349,2.942525,2.300278
977.000000,2.270022,2.053339,2.506001,2.851571,2.032557
978.000000,2.218733,2.092884,2.439708,2.747693,1.945385
979.000000,2.099038,2.120054,2.374390,2.644910,1.789634
980.000000,1.966218,2.095871,2.284770,2.537006,1.595930
981.000000,1.815142,2.083186,2.157484,2.444977,1.545081
982.000000,1.712041,2.012839,2.052495,2.361597,1.520179
983.000000,1.594234,1.929613,1.959584,2.291608,1.361281
984.000000,1.439998,1.796854,1.871338,2.203762,1.018884
985.000000,1.317290,1.675867,1.795252,2.130615,0.972200
986.000000,1.169246,1.532579,1.731575,2.059695,0.786679
987.000000,1.061288,1.435105,1.704210,2.001838,0.999791
988.000000,0.965475,1.335762,1.675705,1.946108,0.909041
989.000000,0.997560,1.275321,1.672056,1.912888,1.197883
990.000000,1.100334,1.260036,1.672834,1.884015,1.496006
991.000000,1.267308,1.256456,1.684899,1.829444,1.566936
992.000000,1.460955,1.290281,1.683114,1.794366,1.896619
993.000000,1.683876,1.354981,1.682504,1.770441,1.949170
994.000000,1.734361,1.414050,1.645193,1.740391,1.484590
995.000000,1.712771,1.471149,1.607954,1.712940,1.422912
996.000000,1.638549,1.524244,1.553963,1.689397,1.214929
997.000000,1.551012,1.576483,1.524423,1.688206,1.457868
998.000000,1.389826,1.604411,1.483712,1.677371,1.155733
999.000000,1.281271,1.579378,1.440956,1.665921,0.916007
1000.000000,1.278914,1.573154,1.432551,1.664161,1.447007
1001.000000,1.302719,1.548647,1.421179,1.664452,1.315089
1002.000000,1.239945,1.474718,1.405629,1.640554,1.155671
1003.000000,1.249716,1.388423,1.400958,1.615658,1.149779
1004.000000,1.332487,1.363575,1.423299,1.583452,1.227050
1005.000000,1.183624,1.305192,1.431040,1.541946,0.731900
1006.000000,1.080078,1.279282,1.453600,1.496708,0.832287
1007.000000,0.973109,1.193648,1.453681,1.455285,0.643988
1008.000000,0.829687,1.127877,1.451183,1.411283,0.460382
1009.000000,0.675536,1.096196,1.430337,1.373581,0.508381
1010.000000,0.504862,0.922583,1.366504,1.330476,-0.109170
1011.000000,0.289523,0.758123,1.294262,1.287433,-0.197674
1012.000000,-0.039783,0.534688,1.165391,1.228166,-0.913844
1013.000000,-0.281377,0.334674,1.033615,1.183122,-0.641949
1014.000000,-0.588989,0.092289,0.924659,1.153130,-0.877482
1015.000000,-0.898738,-0.167169,0.784971,1.112108,-1.540658
1016.000000,-1.142335,-0.425776,0.669330,1.091815,-1.287156
1017.000000,-1.436383,-0.791103,0.464532,1.036922,-2.232631
1018.000000,-1.750464,-1.124896,0.280290,0.996294,-1.898854
1019.000000,-2.011665,-1.499996,0.084095,0.934161,-1.948094
1020.000000,-1.999100,-1.733953,-0.193032,0.858670,-1.559457
1021.000000,-1.948772,-1.890705,-0.475050,0.777545,-1.260423
1022.000000,-1.602992,-1.849576,-0.737198,0.670172,-0.824438
1023.000000,-1.268412,-1.761793,-0.970519,0.547469,-0.395929
1024.000000,-0.528326,-1.402542,-1.022688,0.540722,1.568564
1025.000000,-0.008776,-1.075090,-1.070742,0.497124,0.862229
1026.000000,0.248308,-0.927376,-1.228595,0.404708,-0.117086
1027.000000,0.406665,-0.681827,-1.344134,0.240970,-0.155538
1028.000000,0.400107,-0.520197,-1.445227,0.047913,-0.451348
1029.000000,-0.186369,-0.412853,-1.582523,-0.225479,-0.979631
1030.000000,-0.447302,-0.250843,-1.543426,-0.618432,-0.235515
1031.000000,-0.634652,-0.202666,-1.550222,-1.165897,-0.923529
1032.000000,-0.788420,-0.196241,-1.468550,-1.714572,-0.807499
1033.000000,-0.927379,-0.280224,-1.439467,-2.201428,-1.039826
1034.000000,-0.866572,-0.608192,-1.368546,-2.459150,-0.684872
1035.000000,-0.834113,-0.759267,-1.205887,-2.402563,0.029579
1036.000000,-0.465454,-0.683638,-1.044560,-2.261081,0.744595
1037.000000,-0.005788,-0.549741,-0.792997,-2.073259,1.119254
1038.000000,0.562261,-0.359726,-0.578811,-1.901324,1.070967
1039.000000,1.094801,-0.016927,-0.334900,-1.758829,1.203953
1040.000000,1.438181,0.247607,-0.090337,-1.565240,1.231319
1041.000000,1.560815,0.732916,0.168353,-1.391421,1.217557
1042.000000,1.568445,1.268307,0.430843,-1.147866,1.262980
1043.000000,1.561902,1.834765,0.675234,-0.958647,1.188530
1044.000000,1.381076,2.077530,0.578979,-0.811675,0.600716
1045.000000,1.174755,2.053564,0.557392,-0.611221,0.458821
1046.000000,0.877465,1.804030,0.650360,-0.493670,0.007742
1047.000000,0.663261,1.590427,0.808852,-0.219491,0.385834
1048.000000,0.228140,1.264378,0.857210,-0.063097,-0.615888
1049.000000,-0.009885,1.005430,1.061563,0.159014,-0.359785
1050.000000,-0.225150,0.759643,1.065174,0.366852,-0.340989
1051.000000,-0.354599,0.497133,1.186025,0.549255,-0.427976
1052.000000,-0.757870,0.088274,1.182441,0.610601,-0.962905
1053.000000,-0.953464,-0.457244,1.172039,0.551812,-1.266816
1054.000000,-1.167843,-0.903112,1.094900,0.136450,-1.354690
1055.000000,-1.346545,-1.269618,0.906870,-0.179948,-1.297755
1056.000000,-1.527926,-1.507669,0.589151,-0.348898,-1.378838
1057.000000,-1.575711,-1.765619,0.215466,-0.530544,-1.325996
1058.000000,-1.420804,-1.682728,-0.075128,-0.576813,-0.764665
1059.000000,-1.257431,-1.661582,-0.397794,-0.483901,-0.779621
1060.000000,-1.169907,-1.674903,-0.769320,-0.606148,-0.950229
1061.000000,-1.579124,-1.998656,-1.500239,-0.962037,-2.909760
1062.000000,-2.010205,-2.218558,-2.216835,-1.396753,-2.859869
1063.000000,-2.366967,-2.290020,-2.698929,-1.674004,-2.418490
1064.000000,-2.522403,-2.291912,-2.860732,-1.918634,-2.008669
1065.000000,-2.593074,-2.307075,-2.885642,-2.241192,-1.992550
1066.000000,-2.268172,-2.235361,-2.751566,-2.468123,-1.535739
1067.000000,-1.985904,-2.179463,-2.654360,-2.634853,-1.573524
1068.000000,-1.726164,-2.118290,-2.461037,-2.644432,-1.204581
1069.000000,-1.636669,-2.109696,-2.367234,-2.670708,-1.572078
1070.000000,-1.520378,-2.070799,-2.281144,-2.636639,-1.424126
1071.000000,-1.460798,-1.889390,-2.195735,-2.565927,-1.251695
1072.000000,-1.450457,-1.748464,-2.127431,-2.521121,-1.525252
1073.000000,-1.460092,-1.623721,-2.039170,-2.444588,-1.248408
1074.000000,-1.393121,-1.543331,-1.962575,-2.346388,-1.243454
1075.000000,-1.370353,-1.472338,-1.903565,-2.264063,-1.309321
1076.000000,-1.312844,-1.413214,-1.828274,-2.156084,-0.949285
1077.000000,-1.237320,-1.372031,-1.777304,-2.098344,-1.165888
1078.000000,-1.293361,-1.405678,-1.771205,-2.035171,-1.518923
1079.000000,-1.249775,-1.349953,-1.742158,-1.971847,-1.019041
1080.000000,-1.135212,-1.283966,-1.698773,-1.910911,-0.729956
1081.000000,-0.991040,-1.186773,-1.568685,-1.838538,-0.142187
1082.000000,-0.659702,-0.993166,-1.412529,-1.740441,0.577197
1083.000000,-0.218798,-0.832134,-1.283243,-1.651082,0.541139
1084.000000,0.280223,-0.599552,-1.149044,-1.547590,1.226323
1085.000000,0.679194,-0.370297,-1.027098,-1.467669,0.921254
1086.000000,1.003755,-0.139962,-0.917817,-1.385305,1.200149
1087.000000,1.001546,0.067527,-0.834160,-1.335971,0.458022
1088.000000,0.786017,0.247538,-0.822132,-1.341769,-0.663995
1089.000000,0.400508,0.388787,-0.777982,-1.350678,-0.582931
1090.000000,0.163349,0.566833,-0.722184,-1.346879,-0.055737
1091.000000,-0.090336,0.723006,-0.648955,-1.266825,0.538138
1092.000000,-0.081693,0.769696,-0.526132,-1.171958,0.695322
1093.000000,0.186912,0.756804,-0.433851,-1.099963,0.223147
1094.000000,0.533996,0.645295,-0.296956,-1.029426,0.695455
1095.000000,0.711206,0.575081,-0.123589,-0.950598,0.654630
1096.000000,0.685118,0.389727,0.024461,-0.898803,0.444480
1097.000000,0.386028,0.208056,0.164253,-0.868192,-0.485788
1098.000000,0.153093,0.234895,0.388156,-0.872191,-0.691120
1099.000000,-0.064622,0.320942,0.621996,-0.820541,-0.166342
1100.000000,-0.287630,0.290713,0.829266,-0.774968,-0.226460
1101.000000,-0.850595,-0.123363,0.725395,-0.819287,-1.719940
1102.000000,-1.075534,-0.502472,0.458915,-0.815032,-1.357605
1103.000000,-1.354414,-0.880443,0.062561,-0.877083,-1.736797
1104.000000,-1.560385,-1.199094,-0.445708,-0.900387,-1.087257
1105.000000,-1.654866,-1.428825,-0.832571,-0.883080,-0.787215
1106.000000,-1.421495,-1.604191,-1.260538,-0.931859,-0.807366
1107.000000,-1.331160,-1.656529,-1.500655,-0.962684,-1.009800
1108.000000,-1.151216,-1.685360,-1.493819,-0.882136,-1.013182
1109.000000,-1.273580,-1.876459,-1.631768,-1.002165,-1.595887
1110.000000,-1.457942,-2.023570,-1.869717,-1.215621,-1.573753
1111.000000,-1.455441,-1.843992,-2.031584,-1.463677,-0.903387
1112.000000,-1.290245,-1.649675,-2.078627,-1.808029,-0.449807
1113.000000,-1.205571,-1.453916,-2.072990,-2.150738,-0.728551
1114.000000,-1.065494,-1.390189,-2.119255,-2.630992,-1.034791
1115.000000,-0.819697,-1.304903,-2.075846,-2.784149,-0.477856
1116.000000,-0.438598,-1.072438,-1.892771,-2.731059,1.082916
1117.000000,0.158352,-0.695450,-1.564833,-2.376399,2.290448
1118.000000,0.840286,-0.366524,-1.296255,-1.906251,1.752155
1119.000000,1.581753,0.070665,-1.100149,-1.503862,1.656171
1120.000000,2.122825,0.602602,-0.878941,-1.163166,1.902670
1121.000000,2.118588,1.002660,-0.568451,-0.991962,1.439988
1122.000000,1.809844,1.280165,-0.329535,-0.909677,1.080999
1123.000000,1.567017,1.537524,-0.074413,-0.818125,0.765356
1124.000000,1.181681,1.668057,0.032872,-0.928402,-0.066086
1125.000000,0.623294,1.617083,0.056604,-1.118899,-0.590527
1126.000000,0.325281,1.478392,0.167141,-1.169160,0.152449
1127.000000,0.255122,1.286704,0.386367,-0.991676,0.798752
1128.000000,0.353909,1.216023,0.675531,-0.713439,1.172002
1129.000000,0.696871,1.178799,1.104584,-0.477094,1.315214
1130.000000,1.396568,1.254781,1.720101,-0.000815,2.214822
1131.000000,1.833290,1.369530,2.178388,0.791778,2.089933
1132.000000,1.880460,1.385797,2.333042,1.359170,1.265693
1133.000000,1.951653,1.505661,2.468653,2.031663,1.704754
1134.000000,1.891911,1.638055,2.477788,2.344161,1.226193
1135.000000,1.604673,1.764328,2.376926,2.449399,0.917543
1136.000000,1.487689,1.883367,2.256951,2.585193,1.555404
1137.000000,1.412977,1.845305,2.037529,2.576138,0.946314
1138.000000,1.169009,1.737184,1.857513,2.497842,0.588371
1139.000000,1.045602,1.644539,1.714809,2.469726,0.642366
1140.000000,0.947310,1.442634,1.557294,2.403822,0.404641
1141.000000,0.663408,1.238743,1.441065,2.280809,0.271755
1142.000000,0.485174,1.124947,1.355667,2.141347,0.139479
1143.000000,0.357987,0.933557,1.294129,2.041217,-0.012283
1144.000000,0.176318,0.792599,1.292505,1.975110,-0.155168
1145.000000,0.092434,0.719171,1.348019,1.908802,0.081790
1146.000000,-0.157665,0.420373,1.322981,1.757614,-0.787118
1147.000000,-0.378669,0.187910,1.262922,1.578078,-0.689135
1148.000000,0.421783,0.519830,1.380495,1.597309,2.784669
1149.000000,1.007239,0.743726,1.432718,1.570867,1.780788
1150.000000,1.436517,1.005593,1.398032,1.521741,1.573251
1151.000000,2.054785,1.358874,1.385431,1.518376,1.828300
1152.000000,2.592045,1.824756,1.489846,1.568807,2.256702
1153.000000,2.430747,2.265997,1.572860,1.649318,2.360692
1154.000000,2.326662,2.462471,1.644496,1.730975,1.743484
1155.000000,2.060044,2.370804,1.648800,1.771002,0.637587
1156.000000,1.765190,2.351779,1.582936,1.773802,0.437344
1157.000000,1.330422,2.300615,1.563574,1.741048,0.154936
1158.000000,0.791106,1.919245,1.582180,1.695371,0.075682
1159.000000,0.222770,1.625296,1.543710,1.626226,-0.483241
1160.000000,-0.254556,1.266182,1.437419,1.469986,-1.235569
1161.000000,-0.684095,0.850794,1.325694,1.310099,-1.230585
1162.000000,-0.761144,0.483633,1.341032,1.261522,-0.167099
1163.000000,-1.052502,-0.138338,1.242201,1.116488,-1.129166
1164.000000,-1.258060,-0.724601,1.108095,0.980363,-1.353523
1165.000000,-1.410688,-1.175599,0.865179,0.817828,-1.829425
1166.000000,-1.485153,-1.498150,0.718811,0.598272,-1.552596
1167.000000,-1.690203,-1.676109,0.604407,0.433659,-1.236187
1168.000000,-1.608848,-1.759716,0.148992,0.311821,-0.933669
1169.000000,-1.489606,-1.756690,-0.238676,0.168418,-0.925504
1170.000000,-1.255902,-1.649940,-0.629283,0.041728,-0.832469
1171.000000,-1.041892,-1.526825,-1.065680,-0.061500,-0.626780
1172.000000,-0.857218,-1.511558,-1.572078,-0.138150,-0.433391
1173.000000,-0.777121,-1.411822,-2.109295,-0.230529,-0.585458
1174.000000,-0.656746,-1.269073,-2.380058,-0.290676,-0.397710
1175.000000,-0.514752,-1.048054,-2.340098,-0.347739,-0.209539
1176.000000,-0.396533,-0.853685,-2.243182,-0.313446,-0.105778
1177.000000,-0.468043,-0.788491,-2.206104,-0.407588,-0.746858
1178.000000,-0.463369,-0.737173,-2.123491,-0.909253,-0.599107
1179.000000,-0.634416,-0.764276,-2.065616,-1.435566,-1.211172
1180.000000,-0.746446,-0.742831,-1.902781,-1.824484,-0.759112
1181.000000,-0.770256,-0.679757,-1.712477,-2.075674,-0.206614
1182.000000,-0.567146,-0.588425,-1.596573,-2.226576,0.307861
1183.000000,-0.392475,-0.481012,-1.422442,-2.329537,0.391379
1184.000000,-0.015184,-0.394379,-1.245641,-2.303874,0.588058
1185.000000,0.468459,-0.267373,-0.989440,-2.106977,1.474371
1186.000000,1.076409,-0.078957,-0.714641,-1.894768,2.256908
1187.000000,1.661505,0.260714,-0.460928,-1.700055,2.247109
1188.000000,2.226724,0.663373,-0.220414,-1.526406,2.257080
1189.000000,2.848711,1.472046,0.147172,-1.202925,3.143621
1190.000000,3.106250,2.317559,0.598029,-0.715250,3.165073
1191.000000,2.953366,2.757081,0.989497,-0.250018,2.400673
1192.000000,2.787174,2.874806,1.351978,0.115537,2.119214
1193.000000,2.721164,2.894454,1.769090,0.731398,2.344022
1194.000000,2.615263,2.892444,2.165312,1.509688,2.590529
1195.000000,2.415648,2.770757,2.387609,2.198954,2.218896
1196.000000,2.355598,2.649565,2.519172,2.643356,2.218763
1197.000000,2.279603,2.520869,2.587004,2.796155,1.883957
1198.000000,2.079771,2.367925,2.529271,2.752514,1.406767
1199.000000,1.850008,2.195992,2.495591,2.687076,1.411013
1200.000000,1.696792,2.033731,2.428527,2.611106,1.429998
1201.000000,1.504639,1.913889,2.325705,2.507029,1.248023
1202.000000,1.500928,1.891868,2.271953,2.464040,1.825664
1203.000000,1.512374,1.811396,2.200808,2.393548,1.468231
1204.000000,1.494609,1.693788,2.133388,2.311114,1.335122
1205.000000,1.455245,1.598908,2.057192,2.226392,1.245298
1206.000000,1.459693,1.507489,1.984694,2.153413,1.284726
1207.000000,1.294670,1.417786,1.907876,2.092485,1.005784
1208.000000,1.211767,1.381055,1.847003,2.038267,1.057753
1209.000000,1.135846,1.335418,1.763720,2.003249,0.959457
1210.000000,1.075770,1.288184,1.676683,1.959114,0.949217
1211.000000,0.901945,1.210853,1.588509,1.884000,0.375209
1212.000000,0.579302,0.978670,1.467527,1.770023,-0.773933
1213.000000,0.303863,0.821794,1.366115,1.697386,-0.316923
1214.000000,0.063518,0.691569,1.261801,1.646760,-0.123007
1215.000000,-0.194322,0.568061,1.174930,1.597882,-0.076486
1216.000000,-0.553974,0.331943,1.042046,1.517077,-1.305713
1217.000000,-0.554205,0.145476,0.941160,1.461350,-0.852043
1218.000000,-0.819672,-0.131245,0.847434,1.401054,-1.504122
1219.000000,-1.001482,-0.366558,0.777427,1.344273,-0.623230
1220.000000,-1.324931,-0.698332,0.677512,1.262757,-1.231412
1221.000000,-1.334924,-0.985223,0.576819,1.195101,-1.335598
1222.000000,-1.657882,-1.192880,0.373174,1.113262,-2.109598
1223.000000,-1.830067,-1.530524,0.153673,1.008714,-2.169503
1224.000000,-2.134719,-1.870342,-0.105306,0.870975,-2.121130
1225.000000,-2.227996,-2.118466,-0.411017,0.729979,-1.979835
1226.000000,-2.184728,-2.066466,-0.758636,0.577716,-1.567398
1227.000000,-1.975500,-2.024797,-1.098205,0.430069,-1.307784
1228.000000,-1.762508,-1.917558,-1.467546,0.294137,-1.224600
1229.000000,-1.586347,-1.917418,-1.805307,0.123170,-1.306034
1230.000000,-1.421255,-1.855664,-2.056138,-0.083423,-1.217582
1231.000000,-1.218306,-1.730201,-2.097928,-0.274618,-0.638893
1232.000000,-1.009424,-1.527947,-1.943326,-0.557196,-0.318794
1233.000000,-0.853773,-1.351803,-1.850734,-0.864233,-0.472837
1234.000000,-0.693349,-1.190117,-1.783284,-1.202922,-0.553575
1235.000000,-0.528105,-1.031750,-1.719299,-1.534689,-0.474883
1236.000000,-0.293029,-0.818771,-1.529225,-1.753002,0.556028
1237.000000,0.178920,-0.490948,-1.314638,-1.745662,1.965712
1238.000000,0.555833,-0.244828,-1.150299,-1.775594,1.145931
1239.000000,0.894798,-0.013318,-1.077879,-1.782243,0.698970
1240.000000,1.208982,0.214422,-0.997296,-1.776250,0.501914
1241.000000,1.132746,0.326175,-0.950864,-1.732705,-0.120501
1242.000000,0.523097,0.364448,-0.873065,-1.597849,-0.392575
1243.000000,0.113411,0.436188,-0.780116,-1.528766,-0.359216
1244.000000,-0.302671,0.469510,-0.702807,-1.516642,-0.852228
1245.000000,-0.836424,0.392717,-0.663786,-1.552253,-1.540735
