0.000000,5.385165,5.385165,5.385165,5.385165,3.095979
1.000000,3.777511,3.763997,3.753986,3.754069,2.741660
2.000000,3.061971,3.041916,3.023751,3.021737,2.887936
3.000000,2.624319,2.605848,2.582175,2.577625,2.534640
4.000000,2.322398,2.303946,2.277613,2.270257,2.347237
5.000000,2.086084,2.080158,2.050054,2.040409,2.210664
6.000000,1.899559,1.904250,1.870527,1.858533,1.982438
7.000000,1.730107,1.752908,1.721709,1.708143,1.546134
8.000000,1.591719,1.624624,1.597494,1.581577,1.600114
9.000000,1.466205,1.510972,1.489441,1.471631,1.323371
10.000000,1.350549,1.403720,1.393385,1.374347,1.113791
11.000000,1.251125,1.310018,1.308639,1.288068,1.170118
12.000000,1.165366,1.219648,1.231289,1.209954,0.989485
13.000000,1.089148,1.140377,1.162371,1.140010,1.183634
14.000000,1.025958,1.067922,1.099105,1.076656,1.236391
15.000000,0.966663,0.997585,1.039878,1.017327,1.021908
16.000000,0.899541,0.927721,0.982874,0.960667,0.620830
17.000000,0.823171,0.857358,0.923534,0.904814,-0.099242
18.000000,0.738020,0.785366,0.864350,0.851042,-0.376937
19.000000,0.633798,0.709060,0.802597,0.796693,-1.219760
20.000000,0.532466,0.635194,0.739135,0.743819,-1.312726
21.000000,0.446131,0.563307,0.678844,0.693693,-1.046933
22.000000,0.382508,0.495791,0.618261,0.645822,-0.786281
23.000000,0.328210,0.425272,0.559083,0.599849,-0.571143
24.000000,0.288904,0.346593,0.497247,0.553284,-0.774347
25.000000,0.259180,0.268573,0.434927,0.509574,-0.391748
26.000000,0.210598,0.182898,0.367294,0.466822,-0.653605
27.000000,0.135706,0.088207,0.294054,0.425028,-0.815903
28.000000,0.024642,-0.045703,0.204592,0.399195,-0.515596
29.000000,-0.664426,-1.035245,0.037641,1.132561,-0.583646
30.000000,-0.695133,-0.932046,-0.110707,1.064245,-0.520712
31.000000,-0.658732,-0.857689,-0.297278,0.994289,-0.510701
32.000000,-0.566922,-0.802579,-0.492993,0.894867,-0.430454
33.000000,-0.546959,-0.774953,-0.755807,0.785224,-0.443877
34.000000,-0.566517,-0.741866,-1.085672,0.641593,-0.685234
35.000000,-0.556768,-0.737491,-1.372899,0.479196,-0.478643
36.000000,-0.694426,-0.780880,-1.628896,0.246476,-1.158813
37.000000,-0.865092,-0.812851,-1.728371,0.000333,-1.196087
38.000000,-0.995655,-0.865120,-1.723999,-0.305434,-1.000133
39.000000,-1.063611,-0.910600,-1.585165,-0.641854,-0.953094
40.000000,-1.216025,-0.990172,-1.457158,-1.032995,-1.129031
41.000000,-1.131227,-1.034434,-1.342380,-1.445447,-0.744016
42.000000,-0.930959,-1.037700,-1.234618,-1.768844,-0.232524
43.000000,-0.742544,-1.030968,-1.154778,-2.042508,-0.055887
44.000000,-0.635552,-1.042139,-1.092202,-2.235613,-0.443726
45.000000,-0.494549,-1.117179,-1.090482,-2.289561,-0.628792
46.000000,-0.685113,-1.210267,-1.133680,-2.279845,-1.880341
47.000000,-1.545413,-1.508567,-1.259092,-2.232361,-3.123562
48.000000,-2.464600,-1.875075,-1.422851,-2.149664,-2.615295
49.000000,-2.572415,-2.036417,-1.513133,-1.943208,-1.385526
50.000000,-2.568842,-2.124397,-1.622420,-1.783861,-1.620726
51.000000,-2.363574,-2.197725,-1.722553,-1.676263,-1.475976
52.000000,-1.921227,-2.276047,-1.809014,-1.605063,-1.269819
53.000000,-1.503828,-2.263764,-1.858834,-1.550737,-0.894823
54.000000,-1.452833,-2.220428,-1.899284,-1.511676,-1.255623
55.000000,-1.106921,-2.011646,-1.864314,-1.460519,-0.086774
56.000000,-0.778077,-1.729189,-1.749799,-1.401699,0.042393
57.000000,-0.494969,-1.340036,-1.636785,-1.346500,0.029470
58.000000,-0.304146,-1.010015,-1.553029,-1.325271,-0.025555
59.000000,-0.023077,-0.846035,-1.480606,-1.311671,-0.062692
60.000000,0.031578,-0.635686,-1.378090,-1.300029,0.159938
61.000000,-0.103893,-0.525102,-1.372102,-1.327655,-0.588262
62.000000,-0.507530,-0.571740,-1.500757,-1.414630,-1.739325
63.000000,-1.061140,-0.744768,-1.670166,-1.529166,-2.215585
64.000000,-1.471594,-0.795615,-1.734700,-1.598325,-1.562789
65.000000,-1.880674,-1.015864,-1.760807,-1.674449,-1.395056
66.000000,-2.080303,-1.287460,-1.719167,-1.701659,-1.476191
67.000000,-1.805874,-1.450014,-1.532317,-1.684155,-0.684625
68.000000,-1.325559,-1.535915,-1.343432,-1.657698,-0.255441
69.000000,-1.243912,-1.755393,-1.329202,-1.684139,-1.228894
70.000000,-1.581456,-2.199402,-1.422127,-1.777936,-2.565534
71.000000,-1.601607,-2.292664,-1.446637,-1.828308,-1.514292
72.000000,-2.022204,-2.360733,-1.575181,-1.963676,-2.361700
73.000000,-2.375716,-2.309397,-1.714292,-2.067425,-2.058159
74.000000,-2.446795,-2.314590,-1.814857,-2.112390,-1.874103
75.000000,-2.176286,-2.273973,-1.971471,-2.107854,-1.479095
76.000000,-1.924976,-2.091821,-2.032243,-1.996537,-0.494208
77.000000,-1.577311,-2.060888,-2.105900,-1.858921,-0.923743
78.000000,-1.167398,-1.982039,-2.089203,-1.707766,-0.322700
79.000000,-0.822795,-1.828271,-2.067120,-1.635919,-0.391942
80.000000,-0.545556,-1.523043,-2.038492,-1.558266,-0.269427
81.000000,-0.440632,-1.325843,-1.940745,-1.482118,-0.034353
82.000000,-0.403118,-1.119553,-1.840594,-1.461624,-0.762274
83.000000,-0.363031,-0.872799,-1.670342,-1.426882,-0.140800
84.000000,-0.294721,-0.640170,-1.548622,-1.373397,-0.086126
85.000000,-0.202043,-0.429628,-1.432676,-1.370540,0.157224
86.000000,-0.024496,-0.271122,-1.277464,-1.345200,0.816857
87.000000,0.223299,-0.118111,-1.222486,-1.354670,0.290066
88.000000,0.110686,-0.162805,-1.271218,-1.417034,-0.774375
89.000000,-0.000476,-0.186762,-1.255071,-1.474506,-0.685890
90.000000,-0.158234,-0.210411,-1.127596,-1.537542,-0.528261
91.000000,-0.615072,-0.302098,-1.093129,-1.577027,-0.784799
92.000000,-0.875929,-0.236995,-0.949524,-1.544411,-0.399375
93.000000,-0.845231,-0.311255,-0.829828,-1.491210,-0.644457
94.000000,-0.778215,-0.388683,-0.700098,-1.462437,-0.448052
95.000000,-0.830231,-0.577676,-0.618585,-1.454065,-0.720928
96.000000,-0.805435,-0.946090,-0.640865,-1.440722,-0.701837
97.000000,-0.990128,-1.291067,-0.649595,-1.496479,-1.092126
98.000000,-1.002498,-1.337665,-0.715396,-1.565391,-0.662815
99.000000,-1.215130,-1.497936,-0.837161,-1.605338,-1.201163
100.000000,-0.836095,-1.277565,-0.831632,-1.448908,0.691733
101.000000,-0.847849,-1.267380,-1.035461,-1.437984,-0.811251
102.000000,-0.801129,-1.356559,-1.164727,-1.341914,-1.083777
103.000000,-1.053620,-1.481421,-1.544241,-1.281316,-1.695175
104.000000,-0.615398,-1.250282,-1.679854,-1.095864,0.598558
105.000000,-0.773155,-1.048619,-1.897934,-0.955381,0.233739
106.000000,-0.583893,-0.910221,-2.309565,-0.931900,-0.073921
107.000000,-0.244184,-0.678877,-2.388015,-0.850695,0.142506
108.000000,0.313682,-0.530985,-2.111609,-0.836492,0.233747
109.000000,0.195145,-0.290734,-1.860411,-0.817444,0.186021
110.000000,-0.074984,-0.538045,-1.799254,-0.877176,-0.773652
111.000000,-0.415264,-0.599818,-1.771974,-1.017429,-1.331206
112.000000,-0.336072,-0.337887,-1.559835,-0.940233,0.460649
113.000000,-0.714962,-0.216030,-1.551623,-1.072642,-1.097951
114.000000,-0.902197,-0.387294,-1.489173,-1.186574,-0.436372
115.000000,-0.598054,-0.377538,-1.285428,-1.287732,0.402814
116.000000,-0.022268,-0.277973,-1.076958,-1.506353,0.817952
117.000000,-0.212488,-0.338465,-0.898028,-1.719061,-0.043883
118.000000,0.455017,-0.325075,-0.722712,-1.667198,0.688037
119.000000,0.468855,-0.537002,-0.604506,-1.723173,-0.825737
120.000000,0.493316,-0.326576,-0.682698,-1.662998,0.415351
121.000000,-0.022419,-0.030424,-0.580413,-1.590108,-0.276140
122.000000,0.617891,0.132001,-0.269876,-1.428190,1.340697
123.000000,0.775166,0.884546,0.133469,-1.258439,0.996890
124.000000,1.683606,1.631832,0.200545,-1.078940,1.297974
125.000000,2.131067,2.110110,0.428579,-0.761624,1.690211
126.000000,2.615569,2.246376,0.773201,-0.408749,1.629211
127.000000,2.386698,2.406056,1.056702,0.009442,1.211239
128.000000,2.352813,2.398765,1.376046,0.360780,1.358160
129.000000,2.249484,2.627233,1.644384,0.799689,1.246488
130.000000,1.989993,2.527730,2.108356,0.826294,1.146799
131.000000,1.911794,2.620099,2.579659,1.216605,1.600493
132.000000,1.925182,2.463682,2.504296,1.594763,1.499845
133.000000,2.005338,2.460339,2.674720,2.031873,1.901545
134.000000,2.208826,2.488665,2.727875,2.120075,2.416936
135.000000,2.349323,2.413973,2.622855,2.218882,2.114437
136.000000,2.622921,2.526215,2.658658,2.447439,3.010111
137.000000,2.775119,2.615212,2.725306,2.561760,2.709100
138.000000,2.817794,2.652418,2.715031,2.614434,2.595027
139.000000,2.773369,2.679379,2.765301,2.640504,2.535416
140.000000,2.731886,2.681954,2.718175,2.677748,2.355763
141.000000,2.551300,2.632644,2.687983,2.693961,2.235780
142.000000,2.352222,2.542196,2.565393,2.566516,1.849958
143.000000,2.079135,2.382633,2.430104,2.480122,1.291407
144.000000,1.862918,2.248945,2.329084,2.394163,1.428749
145.000000,1.732387,2.182460,2.256916,2.318678,1.678089
146.000000,1.578161,2.041352,2.180778,2.238963,1.465492
147.000000,1.493204,1.923405,2.126423,2.195823,1.435124
148.000000,1.641552,1.881483,2.121081,2.185115,1.998273
149.000000,1.731902,1.826705,2.109126,2.194296,1.883219
150.000000,1.708715,1.750118,2.081407,2.157582,1.579067
151.000000,1.760695,1.702047,2.057530,2.146616,1.738710
152.000000,1.754646,1.657472,2.018232,2.093290,1.440041
153.000000,1.677722,1.684374,1.987393,2.063672,1.614598
154.000000,1.632601,1.702653,1.952408,2.036486,1.657323
155.000000,1.546366,1.645816,1.897429,1.980293,1.157973
156.000000,1.392157,1.592621,1.810284,1.923048,0.961802
157.000000,1.371303,1.581925,1.754490,1.896658,1.327541
158.000000,1.241097,1.480659,1.682254,1.854711,0.953972
159.000000,1.118625,1.401870,1.618175,1.824137,1.067743
160.000000,1.072820,1.340690,1.553469,1.795398,0.918708
161.000000,1.149796,1.299435,1.512838,1.778759,1.346657
162.000000,1.052247,1.245253,1.467599,1.748278,0.834381
163.000000,0.988428,1.146805,1.439321,1.708195,0.539659
164.000000,0.837065,1.013019,1.395996,1.657602,0.200196
165.000000,0.725791,0.943427,1.346636,1.619269,0.264135
166.000000,0.514983,0.912215,1.316614,1.568905,0.483010
167.000000,0.313823,0.783936,1.272367,1.511560,-0.117197
168.000000,0.239307,0.725419,1.203996,1.462662,0.251758
169.000000,0.173038,0.608926,1.126369,1.404846,-0.161742
170.000000,0.129477,0.519715,1.071036,1.353604,0.073297
171.000000,-0.044622,0.309734,0.989596,1.297342,-0.256096
172.000000,0.051399,0.219389,0.942130,1.264728,0.321085
173.000000,0.137229,0.211203,0.888467,1.262134,0.754074
174.000000,0.305623,0.249105,0.818948,1.252810,0.601572
175.000000,0.286517,0.214560,0.769815,1.222790,-0.170119
176.000000,0.536474,0.202119,0.757302,1.213740,0.595659
177.000000,0.861506,0.379477,0.724615,1.217665,1.492985
178.000000,1.350425,0.627294,0.762279,1.201415,2.324591
179.000000,1.976532,1.071305,0.807131,1.192416,2.416158
180.000000,2.481956,1.452675,0.859066,1.189393,1.635553
181.000000,2.306645,1.792803,0.804211,1.153444,0.607862
182.000000,1.743744,1.812343,0.768428,1.116097,-0.401610
183.000000,0.882508,1.505337,0.729589,1.044906,-0.990176
184.000000,-0.174453,1.081050,0.692267,0.944872,-1.436839
185.000000,-1.823420,0.154060,0.311933,0.798232,-3.483256
186.000000,-3.032630,-1.264736,-0.462591,0.598353,-3.576689
187.000000,-3.413658,-2.528393,-1.372099,0.299468,-3.074719
188.000000,-3.277514,-3.125060,-2.255129,0.026987,-2.189843
189.000000,-3.086709,-3.329781,-2.823719,-0.329893,-1.997895
190.000000,-2.689465,-3.264325,-3.075550,-0.733800,-1.778268
191.000000,-2.234216,-3.055081,-2.972150,-1.213901,-1.387660
192.000000,-2.034843,-2.953296,-3.025926,-1.724182,-2.072457
193.000000,-2.126699,-2.914751,-3.114078,-2.205547,-2.537796
194.000000,-2.165571,-2.812134,-3.060131,-2.466493,-2.216742
195.000000,-2.023382,-2.508921,-2.836466,-2.476102,-1.301681
196.000000,-2.015792,-2.271471,-2.732696,-2.488054,-1.539833
197.000000,-1.683251,-1.957075,-2.545427,-2.315306,-0.500966
198.000000,-1.304972,-1.765872,-2.439700,-2.206859,-0.629651
199.000000,-0.941390,-1.587733,-2.341649,-2.080243,-0.451498
200.000000,-0.747046,-1.432769,-2.236808,-1.978026,-0.365151
201.000000,-0.472967,-1.310610,-2.118170,-1.871957,-0.257654
202.000000,-0.406073,-1.124587,-1.995781,-1.797852,-0.183711
203.000000,-0.299801,-0.876168,-1.880210,-1.744356,-0.130858
204.000000,-0.223117,-0.642011,-1.772307,-1.693067,-0.091349
205.000000,-0.125370,-0.486272,-1.606963,-1.621812,0.095719
206.000000,-0.044068,-0.291917,-1.430417,-1.577036,0.123436
207.000000,0.021326,-0.222595,-1.269164,-1.557089,0.118521
208.000000,-0.327397,-0.345104,-1.277974,-1.678800,-1.815727
209.000000,-0.903964,-0.597443,-1.350332,-1.845080,-2.584449
210.000000,-1.556264,-0.877568,-1.428977,-1.976045,-2.469620
211.000000,-2.174813,-1.182315,-1.518598,-2.063185,-2.288525
212.000000,-2.734984,-1.557398,-1.586662,-2.137731,-2.452528
213.000000,-2.815536,-1.958371,-1.624942,-2.195389,-2.432974
214.000000,-2.667587,-2.304453,-1.663124,-2.220491,-2.148994
215.000000,-2.493756,-2.577491,-1.752955,-2.186877,-1.924930
216.000000,-2.328857,-2.730332,-1.807659,-2.129327,-1.769886
217.000000,-2.137677,-2.780315,-1.930126,-2.074271,-1.710247
218.000000,-1.958791,-2.625338,-2.026856,-2.044499,-1.663486
219.000000,-1.797426,-2.401687,-2.100204,-2.005819,-1.434056
220.000000,-1.647347,-2.201420,-2.147447,-1.964603,-1.250080
221.000000,-1.532214,-2.045122,-2.190820,-1.938058,-1.240471
222.000000,-1.423935,-1.886086,-2.218070,-1.887687,-1.201002
223.000000,-1.341547,-1.747873,-2.233846,-1.823910,-1.277605
224.000000,-1.291678,-1.635973,-2.227568,-1.767889,-1.213855
225.000000,-1.220318,-1.517316,-2.198544,-1.733361,-0.936302
226.000000,-1.150275,-1.416808,-2.163302,-1.690506,-0.917783
227.000000,-1.070100,-1.315697,-2.119951,-1.686083,-0.826936
228.000000,-0.967998,-1.217415,-2.004284,-1.675757,-0.786731
229.000000,-0.824813,-1.115326,-1.855819,-1.659266,-0.511938
230.000000,-0.734323,-1.032611,-1.727558,-1.648096,-0.487133
231.000000,-0.647261,-0.952955,-1.619435,-1.644494,-0.488959
232.000000,-0.570872,-0.875111,-1.509198,-1.644690,-0.455149
233.000000,-0.489458,-0.784112,-1.400625,-1.646878,-0.400745
234.000000,-0.462482,-0.695779,-1.307232,-1.652077,-0.365603
235.000000,-0.438883,-0.637720,-1.226868,-1.667118,-0.357135
236.000000,-0.359323,-0.556734,-1.144828,-1.677409,0.009568
237.000000,-0.309145,-0.495868,-1.074777,-1.697608,-0.205553
238.000000,-0.242497,-0.425367,-1.001692,-1.659264,0.030194
239.000000,-0.138859,-0.384565,-0.937835,-1.594334,0.245417
240.000000,0.135656,-0.314813,-0.874415,-1.525310,1.156719
241.000000,0.636274,-0.181129,-0.793425,-1.452136,2.600872
242.000000,1.555176,0.016029,-0.703958,-1.364991,2.657212
243.000000,2.305937,0.302500,-0.596050,-1.269996,2.400319
244.000000,2.620932,0.717034,-0.484797,-1.184088,1.876966
245.000000,2.953819,1.585421,-0.346026,-1.079145,3.203562
246.000000,2.684483,2.219791,-0.209527,-0.990882,1.922853
247.000000,2.437143,2.505129,-0.054871,-0.898549,1.750478
248.000000,2.160792,2.469468,0.118214,-0.805881,1.258326
249.000000,1.970109,2.362974,0.283161,-0.721687,1.074252
250.000000,1.492685,2.192099,0.488234,-0.644594,0.908324
251.000000,1.263868,1.977792,0.756368,-0.557727,0.849788
252.000000,1.086208,1.799739,1.092644,-0.458629,0.928530
253.000000,0.987304,1.639044,1.432938,-0.336646,0.806644
254.000000,0.895618,1.517176,1.686658,-0.201893,0.647164
255.000000,0.792911,1.221929,1.797340,-0.082606,0.396104
256.000000,0.749217,1.082508,1.761909,0.071437,0.637217
257.000000,0.621633,0.926241,1.712311,0.238258,0.324405
258.000000,0.293701,0.721358,1.596633,0.401661,-0.796102
259.000000,-0.224246,0.431294,1.440109,0.506220,-1.684981
260.000000,-0.545050,0.220334,1.311755,0.659711,-0.940123
261.000000,-0.927298,-0.003167,1.150030,0.834236,-0.943013
262.000000,-1.346737,-0.333135,0.950316,0.965041,-1.490062
263.000000,-1.459703,-0.647488,0.759575,1.055314,-1.329381
264.000000,-1.465014,-0.997085,0.557671,1.055522,-1.695473
265.000000,-1.443192,-1.197170,0.276274,1.064437,-0.865043
266.000000,-1.404407,-1.404442,0.062876,0.988303,-0.804216
267.000000,-1.335673,-1.599555,-0.201137,0.922143,-1.187849
268.000000,-1.431674,-1.711941,-0.506407,0.807631,-1.739204
269.000000,-1.330002,-1.644468,-0.791769,0.723756,-1.251922
270.000000,-1.642672,-1.805970,-1.218514,0.504195,-2.197747
271.000000,-1.267766,-1.544103,-1.323095,0.472351,0.700474
272.000000,-0.821110,-1.226562,-1.419434,0.426243,0.770850
273.000000,-0.534176,-1.099848,-1.609824,0.235399,-0.378511
274.000000,-0.112238,-0.793497,-1.605991,0.167513,0.628300
275.000000,0.421635,-0.684419,-1.615447,-0.245896,-0.004102
276.000000,0.122837,-0.659165,-1.686581,-0.686442,-0.608718
277.000000,-0.115476,-0.539299,-1.658431,-1.133631,-0.174388
278.000000,-0.106776,-0.371996,-1.553508,-1.556700,-0.393876
279.000000,-0.073178,-0.104156,-1.269478,-1.713956,0.942350
280.000000,0.053498,0.288454,-1.113681,-1.875682,0.511417
281.000000,0.575923,0.355764,-0.904583,-1.841698,1.288333
282.000000,1.113254,0.480501,-0.617171,-1.710338,1.696647
283.000000,1.791415,0.884365,-0.307703,-1.461218,2.009705
284.000000,1.757448,0.962772,-0.064106,-1.382555,0.854489
285.000000,2.118345,1.351447,0.230820,-1.064823,1.971762
286.000000,2.170501,1.779750,0.514663,-0.850764,1.679019
287.000000,2.145468,2.097712,0.886643,-0.557296,1.777428
288.000000,1.887688,2.249838,1.275642,-0.192003,1.178933
289.000000,1.923520,2.190671,1.628088,0.397738,1.334348
290.000000,1.609262,2.099178,2.004281,0.763922,0.814712
291.000000,1.597941,2.058946,2.088142,1.344156,1.689328
292.000000,1.477340,1.925505,2.071693,1.869110,1.289625
293.000000,1.857978,1.987701,2.317239,2.546115,2.673078
294.000000,2.003116,2.059841,2.308951,2.861307,1.994480
295.000000,2.241593,2.037341,2.341830,2.930619,2.066394
296.000000,2.244234,2.029207,2.368070,2.890960,1.871716
297.000000,2.323921,2.031242,2.356075,2.856786,1.933134
298.000000,2.109541,2.064701,2.329955,2.805858,1.752464
299.000000,2.008097,2.061583,2.236714,2.698663,1.607981
300.000000,1.868969,2.083899,2.166779,2.635753,1.447253
301.000000,1.777066,2.036079,2.086872,2.442291,1.501903
302.000000,1.647894,2.011418,2.003344,2.289338,1.413924
303.000000,1.569383,1.871320,1.927540,2.220708,1.455208
304.000000,1.402530,1.737932,1.871281,2.089677,0.887978
305.000000,1.319241,1.622673,1.795330,2.020282,1.058967
306.000000,1.229388,1.532608,1.744455,1.982761,1.075819
307.000000,1.132969,1.423373,1.691238,1.932781,0.945691
308.000000,1.030257,1.337887,1.670611,1.898892,0.982563
309.000000,0.824223,1.155741,1.587343,1.789930,-0.254102
310.000000,0.522535,0.977521,1.525931,1.703583,-0.511500
311.000000,0.294285,0.837629,1.459723,1.632581,0.028322
312.000000,-0.029142,0.652461,1.392644,1.545649,-0.507035
313.000000,-0.386857,0.442530,1.254338,1.459858,-0.536179
314.000000,-0.592237,0.231722,1.123675,1.396565,-1.214197
315.000000,-0.921001,-0.116340,0.944291,1.282797,-1.954778
316.000000,-1.756859,-0.713948,0.671706,1.121391,-3.176298
317.000000,-2.346131,-1.334801,0.356310,0.952535,-2.828750
318.000000,-2.647750,-1.854691,0.044908,0.819335,-2.263703
319.000000,-2.661527,-2.100087,-0.276568,0.686252,-1.916088
320.000000,-2.572830,-2.265857,-0.629469,0.555949,-1.933314
321.000000,-2.285335,-2.405470,-1.032604,0.367745,-1.836727
322.000000,-2.046027,-2.431367,-1.457323,0.170955,-1.727655
323.000000,-1.890942,-2.405848,-1.847929,-0.153374,-1.618195
324.000000,-1.769037,-2.307128,-2.101197,-0.483308,-1.433106
325.000000,-1.635379,-2.167582,-2.270221,-0.877351,-1.331198
326.000000,-1.526475,-1.958915,-2.352737,-1.312799,-1.328581
327.000000,-1.420123,-1.772977,-2.351565,-1.744243,-1.210285
328.000000,-1.338534,-1.648734,-2.321034,-2.090089,-1.220061
329.000000,-1.290411,-1.561330,-2.220588,-2.309229,-1.200262
330.000000,-1.274395,-1.486910,-2.130353,-2.403085,-1.254770
331.000000,-1.367787,-1.480952,-2.114661,-2.489938,-1.767265
332.000000,-1.364740,-1.424718,-2.038858,-2.456787,-1.195914
333.000000,-1.365048,-1.381974,-1.976597,-2.407983,-1.218850
334.000000,-1.361547,-1.354338,-1.906506,-2.323635,-1.175801
335.000000,-1.315437,-1.321081,-1.818060,-2.244359,-1.004909
336.000000,-1.200965,-1.311152,-1.709158,-2.188385,-1.232139
337.000000,-1.224780,-1.321818,-1.618838,-2.137584,-1.318789
338.000000,-1.230761,-1.325435,-1.552540,-2.090111,-1.252793
339.000000,-1.230348,-1.323870,-1.501404,-2.010859,-1.153685
340.000000,-1.238907,-1.302974,-1.447396,-1.934977,-0.979026
341.000000,-0.939085,-1.105501,-1.345998,-1.839807,0.493108
342.000000,-0.681598,-1.014383,-1.275457,-1.766736,0.028746
343.000000,-0.384732,-0.907735,-1.208694,-1.703720,0.237205
344.000000,-0.055675,-0.802879,-1.156233,-1.642250,0.280113
345.000000,0.354830,-0.701669,-1.106996,-1.571844,0.541376
346.000000,0.396712,-0.518940,-1.049020,-1.466803,0.797974
347.000000,0.552946,-0.295481,-1.001878,-1.372541,0.531863
348.000000,0.664301,-0.030683,-0.948134,-1.296212,0.636036
349.000000,0.726775,0.261180,-0.896586,-1.236679,0.503762
350.000000,0.956945,0.688384,-0.804051,-1.160534,1.490577
351.000000,1.356750,0.961463,-0.609588,-1.067333,2.314894
352.000000,1.423376,1.143805,-0.504936,-1.007793,0.814667
353.000000,1.481251,1.275945,-0.373133,-0.946730,0.912679
354.000000,1.535102,1.362823,-0.222804,-0.893840,0.824753
355.000000,1.383383,1.400564,-0.060100,-0.842217,0.853416
356.000000,0.979872,1.370675,0.165071,-0.791253,0.646198
357.000000,0.997092,1.412805,0.483492,-0.735699,0.897039
358.000000,1.292193,1.611788,0.975957,-0.628004,2.057710
359.000000,1.501816,1.747478,1.511668,-0.513705,1.691370
360.000000,1.583449,1.693758,1.986642,-0.385424,1.291048
361.000000,1.581082,1.465724,2.033489,-0.183775,0.842006
362.000000,1.425313,1.364156,2.020057,-0.032108,0.319277
363.000000,1.079893,1.286756,1.949977,0.182980,0.517687
364.000000,0.702000,1.167707,1.816980,0.425136,0.009796
365.000000,0.386921,1.049707,1.676158,0.709245,-0.063769
366.000000,0.238390,0.998864,1.560304,1.152898,0.217238
367.000000,0.208374,0.927159,1.477434,1.660004,0.190074
368.000000,0.095475,0.695879,1.393665,2.039755,0.064586
369.000000,-0.042617,0.423536,1.293642,2.186489,-0.768680
370.000000,-0.599167,0.009552,1.053056,2.076349,-2.635662
371.000000,-1.695541,-0.517597,0.682209,1.639728,-3.140951
372.000000,-2.670603,-1.033573,0.425150,1.328860,-2.731899
373.000000,-3.074147,-1.589280,0.166635,1.047909,-2.255672
374.000000,-2.920562,-1.923751,-0.044744,0.852615,-1.547520
375.000000,-2.146632,-1.873426,-0.090218,0.849406,0.382527
376.000000,-1.255759,-1.753171,-0.072235,0.873795,0.841109
377.000000,-0.690113,-1.783878,-0.197005,0.811982,-0.212109
378.000000,-0.179697,-1.754796,-0.489389,0.748622,-0.171888
379.000000,0.029743,-1.712133,-0.863075,0.641296,-0.714556
380.000000,-0.348028,-1.551666,-1.273393,0.383416,-1.053474
381.000000,-0.434921,-1.056418,-1.373886,0.189313,0.517751
382.000000,-0.345797,-0.646156,-1.434426,0.114739,0.138560
383.000000,-0.284326,-0.288155,-1.511198,0.009051,0.073333
384.000000,-0.045779,-0.009419,-1.476095,-0.080419,0.194537
385.000000,0.431878,0.044233,-1.351027,-0.105394,0.719416
386.000000,0.392625,-0.034741,-1.305204,-0.163447,0.366745
387.000000,0.424558,0.042284,-1.261063,-0.310748,0.258707
388.000000,0.442308,0.092727,-1.218608,-0.813730,0.133451
389.000000,0.246468,0.124313,-1.202936,-1.479743,-0.632776
390.000000,0.005445,0.293526,-1.013924,-1.931625,-0.194294
391.000000,0.057736,0.307697,-0.644701,-1.969675,0.641032
392.000000,0.270441,0.464782,-0.216285,-1.772845,1.062855
393.000000,0.345707,0.530637,0.123477,-1.744887,0.364387
394.000000,0.653564,0.576980,0.399873,-1.604822,0.361017
395.000000,0.589391,0.370867,0.304703,-1.593995,-0.431003
396.000000,0.837570,0.595952,0.388131,-1.343077,1.440938
397.000000,0.388892,0.477736,0.387116,-1.429123,-0.453750
398.000000,0.201345,0.412362,0.416412,-1.490688,-0.269612
399.000000,0.179978,0.641336,0.687300,-1.401020,0.278159
400.000000,0.445560,0.790738,1.132774,-1.075140,0.452919
401.000000,0.685403,1.139517,1.536573,-0.130479,2.281121
402.000000,1.520065,1.373717,1.942191,0.940808,2.336341
403.000000,2.141370,1.597315,2.094443,1.760100,1.672110
404.000000,2.899083,1.954429,2.256625,2.367237,2.356218
405.000000,3.258806,2.336807,2.241526,2.417088,1.994027
406.000000,2.766530,2.232954,2.209318,2.305020,1.472623
407.000000,2.329264,2.444380,2.177102,2.347740,1.366433
408.000000,2.035207,2.516194,2.110620,2.299947,0.923848
409.000000,1.685020,2.527753,2.155519,2.322826,1.062718
410.000000,1.459230,2.521672,2.160234,2.356668,1.170335
411.000000,1.263071,2.186112,2.047870,2.168717,0.697405
412.000000,1.160780,1.922485,1.948797,2.079619,0.979688
413.000000,1.133574,1.760119,1.918972,1.999956,0.836969
414.000000,0.964178,1.474871,1.857016,1.889425,0.374339
415.000000,0.751422,1.231762,1.855617,1.749266,0.274874
416.000000,0.704328,1.097122,1.731276,1.673600,0.498805
417.000000,0.493216,0.924155,1.743046,1.590250,0.086052
418.000000,0.287817,0.798518,1.738743,1.524732,-0.031550
419.000000,0.149196,0.632767,1.692974,1.511899,-0.233151
420.000000,-0.010607,0.430998,1.628440,1.470924,-0.431980
421.000000,-0.177255,0.322345,1.438934,1.405615,-0.163737
422.000000,-0.300969,0.136531,1.228173,1.309663,-0.408672
423.000000,-0.349802,-0.009326,1.095242,1.278658,-0.199334
424.000000,-0.483420,-0.166007,0.864853,1.224296,-0.781371
425.000000,-0.274902,-0.155548,0.748773,1.294287,0.500512
426.000000,0.085205,-0.066235,0.738297,1.294650,1.352793
427.000000,0.434007,0.042666,0.707067,1.409652,1.009221
428.000000,0.940795,0.286087,0.777990,1.565482,1.832296
429.000000,1.874823,0.731919,0.910072,1.742630,2.594692
430.000000,2.315809,1.233794,1.019628,1.896655,2.170197
431.000000,2.375638,1.657623,1.169904,1.881754,1.734096
432.000000,2.641965,2.302514,1.416565,1.910719,2.675932
433.000000,2.454048,2.592610,1.594510,1.914625,1.700725
434.000000,1.737617,2.493229,1.576115,1.718588,-0.351285
435.000000,1.145514,2.145359,1.539005,1.534730,-0.603026
436.000000,0.676959,1.765415,1.481774,1.409231,-0.482560
437.000000,-0.159162,1.417083,1.420279,1.257376,-0.917841
438.000000,-0.715316,1.060293,1.424099,1.164947,-0.614362
439.000000,-0.866466,0.554971,1.364703,1.022447,-0.990852
440.000000,-0.900325,0.143333,1.350873,0.878876,-0.762204
441.000000,-0.891260,-0.175089,1.337422,0.800493,-0.473148
442.000000,-0.954367,-0.793257,1.213161,0.618177,-1.182438
443.000000,-1.108099,-1.264737,0.994148,0.422325,-1.276254
444.000000,-1.147726,-1.372934,0.895632,0.269374,-1.172870
445.000000,-1.204220,-1.413688,0.538944,0.126777,-1.043131
446.000000,-1.250412,-1.420631,0.054346,-0.024610,-0.757555
447.000000,-1.042272,-1.299110,-0.229282,-0.078276,-0.301919
448.000000,-1.083423,-1.401010,-0.970152,-0.292181,-1.429979
449.000000,-1.174234,-1.464402,-1.808781,-0.528480,-1.537012
450.000000,-1.380740,-1.609251,-2.457992,-0.836781,-1.881050
451.000000,-1.445192,-1.651357,-2.654770,-1.061096,-1.097352
452.000000,-1.610343,-1.621894,-2.875620,-1.288853,-1.189051
453.000000,-1.551163,-1.591057,-2.873793,-1.554415,-1.227524
454.000000,-1.365290,-1.505966,-2.605581,-1.630142,-0.738543
455.000000,-1.256802,-1.531366,-2.467538,-1.956819,-1.384730
456.000000,-1.287543,-1.566376,-2.351897,-2.268729,-1.288954
457.000000,-1.258754,-1.615511,-2.207221,-2.372964,-1.112765
458.000000,-1.188230,-1.523014,-2.092748,-2.434702,-0.952181
459.000000,-1.177950,-1.396534,-1.949601,-2.474509,-0.707335
460.000000,-0.843073,-1.134652,-1.766499,-2.368814,0.313093
461.000000,-0.520362,-0.977584,-1.635832,-2.270749,0.321413
462.000000,-0.233200,-0.834040,-1.492779,-2.282889,0.278442
463.000000,0.296399,-0.591540,-1.299839,-2.176227,1.751698
464.000000,0.837917,-0.420784,-1.142723,-1.977171,1.454324
465.000000,1.287800,-0.068115,-0.970225,-1.761479,2.038012
466.000000,1.735008,0.321063,-0.831792,-1.594139,1.780790
467.000000,2.102234,0.774618,-0.720897,-1.409605,1.801665
468.000000,2.064957,1.274864,-0.522385,-1.259393,1.740781
469.000000,2.072454,1.737794,-0.298827,-1.086758,1.700336
470.000000,1.902406,1.929456,-0.035860,-0.947834,1.422861
471.000000,1.804341,2.072731,0.183967,-0.826933,1.442099
472.000000,1.657722,2.112151,0.426130,-0.659646,1.224885
473.000000,1.478793,1.947403,0.684851,-0.490545,0.986524
474.000000,1.484929,1.931223,0.996662,-0.242048,1.728429
475.000000,1.604043,1.896120,1.452207,0.054171,1.957341
476.000000,1.599575,1.823491,1.830972,0.302150,1.458486
477.000000,1.412315,1.629025,2.033122,0.406695,0.447794
478.000000,1.217385,1.421871,2.109793,0.613190,0.118576
479.000000,0.995037,1.294643,2.140835,0.923084,0.629482
480.000000,0.754706,1.224744,2.048704,1.321105,0.843209
481.000000,0.521155,1.110314,1.925350,1.547388,0.401883
482.000000,0.561762,1.046711,1.842010,1.786715,0.633225
483.000000,0.662147,1.000122,1.700194,1.970532,0.540560
484.000000,0.731053,0.914457,1.623031,2.087395,0.949703
485.000000,0.696411,0.764142,1.510667,2.194084,0.688333
486.000000,1.180647,0.866590,1.540843,2.370034,2.607690
487.000000,1.633783,1.112886,1.566125,2.439615,2.532847
488.000000,2.173957,1.454632,1.613997,2.463326,2.734381
489.000000,2.339083,1.592948,1.583218,2.368050,1.433347
490.000000,2.469789,1.682475,1.563517,2.222625,1.254566
491.000000,2.051087,1.767838,1.517181,2.087161,0.655323
492.000000,1.609140,1.811740,1.480494,1.986227,0.462970
493.000000,1.213777,1.940099,1.499163,1.894658,1.167472
494.000000,1.239753,2.059471,1.492855,1.846419,1.530499
495.000000,1.408271,2.227451,1.492936,1.803977,1.895677
496.000000,1.273344,1.901494,1.422860,1.703810,0.113537
497.000000,1.324443,1.658463,1.475849,1.637361,0.700951
498.000000,1.296555,1.415511,1.576906,1.594351,1.038453
499.000000,1.106392,1.318943,1.614233,1.542952,0.719895
500.000000,0.804553,1.241263,1.627860,1.505859,0.670189
501.000000,0.782512,1.156431,1.631513,1.447092,0.007629
502.000000,0.423997,0.992248,1.565717,1.370889,-0.786332
503.000000,0.209573,0.873505,1.578508,1.350299,0.184970
504.000000,0.064645,0.696031,1.556728,1.294045,0.167827
505.000000,0.197996,0.594345,1.618638,1.264813,1.193987
506.000000,0.191996,0.580747,1.431707,1.208681,-0.021666
507.000000,0.444368,0.506564,1.262658,1.224720,0.157152
508.000000,0.724126,0.539783,1.151478,1.314250,1.324748
509.000000,0.961598,0.595089,1.139233,1.368407,1.105438
510.000000,0.732909,0.543838,1.081107,1.376283,0.269501
511.000000,0.749311,0.538568,1.043675,1.396519,-0.243445
512.000000,0.669883,0.659917,1.013607,1.403192,-0.433178
513.000000,0.094753,0.586557,0.912204,1.416559,-0.650602
514.000000,-0.576595,0.512355,0.764298,1.413178,-0.701871
515.000000,-1.101096,0.183876,0.558332,1.439861,-0.649404
516.000000,-1.514460,0.018643,0.515067,1.307577,-1.018869
517.000000,-1.112716,0.099554,0.507750,1.220701,0.510676
518.000000,-0.637700,-0.411169,0.428261,1.076269,0.482496
519.000000,0.673092,-0.152509,0.588775,1.133763,2.439107
520.000000,1.813074,0.462882,0.719459,1.174960,1.742361
521.000000,3.052241,1.819161,1.128396,1.328940,2.446006
522.000000,2.985706,2.573099,1.638854,1.448733,1.588472
523.000000,2.958917,3.040938,1.972142,1.515453,1.690529
524.000000,2.481179,3.154073,2.230741,1.514179,1.373737
525.000000,2.282755,3.218343,2.254690,1.467769,1.509338
526.000000,2.186456,3.316898,2.681436,1.693342,2.341711
527.000000,2.149498,3.048061,2.817474,1.800418,1.786821
528.000000,2.229349,2.953379,2.749994,1.916154,2.273272
529.000000,2.213269,2.638058,2.614657,1.993249,1.699297
530.000000,2.241232,2.504829,2.622677,2.084488,1.920823
531.000000,2.155455,2.361355,2.664407,2.232340,2.052618
532.000000,1.934269,2.169025,2.545988,2.299642,0.958336
533.000000,1.804879,2.099498,2.529567,2.330168,1.688488
534.000000,1.557565,1.935712,2.390555,2.254217,0.553636
535.000000,1.223098,1.769293,2.250904,2.101937,0.335125
536.000000,0.937132,1.596467,2.192341,2.094126,0.753031
537.000000,0.669880,1.368213,2.004289,1.988008,-0.332873
538.000000,-0.008277,0.975041,1.782390,1.738685,-1.362812
539.000000,-0.197795,0.763426,1.598202,1.609984,-0.285201
540.000000,-0.337983,0.515461,1.463620,1.543207,-0.271570
541.000000,-0.536789,0.248632,1.317244,1.519865,-0.112669
542.000000,-0.582744,0.069115,1.191653,1.477986,-0.537418
543.000000,-0.126230,-0.074455,1.152122,1.528263,0.703386
544.000000,0.201045,-0.009889,1.166622,1.604551,1.220519
545.000000,0.576776,0.099944,1.187840,1.671254,1.336142
546.000000,1.251713,0.322650,1.244569,1.820880,2.562883
547.000000,2.198628,0.843893,1.389241,1.947453,2.959103
548.000000,2.640444,1.529857,1.479237,2.051609,2.514756
549.000000,2.763655,2.012476,1.591641,2.067088,2.183777
550.000000,2.734701,2.388007,1.662174,2.082662,1.881748
551.000000,2.518264,2.636672,1.720066,2.069008,1.898168
552.000000,2.248008,2.806462,1.861931,2.078641,1.829322
553.000000,1.939097,2.676351,1.857156,2.034988,1.174578
554.000000,1.764598,2.550383,1.971701,2.026177,1.400990
555.000000,1.618916,2.412898,2.076697,2.007676,1.228775
556.000000,1.425022,2.176370,2.099447,1.940151,1.003755
557.000000,0.868214,1.712614,1.996140,1.779150,-0.769355
558.000000,0.563042,1.389593,2.032553,1.645487,-0.261229
559.000000,0.431249,1.237766,2.090579,1.613376,0.753268
560.000000,0.331126,1.114474,2.122304,1.568199,0.741997
561.000000,0.322820,1.009044,2.137221,1.525142,0.931740
562.000000,0.546389,0.815883,2.095241,1.486420,0.235760
563.000000,0.707258,0.732206,2.003086,1.429191,0.471552
564.000000,0.578367,0.582048,1.872428,1.408627,0.180582
565.000000,0.472763,0.463534,1.763338,1.408813,0.270455
566.000000,0.366192,0.396757,1.622144,1.403317,0.469091
567.000000,0.326246,0.503002,1.426188,1.420365,0.042713
568.000000,0.234407,0.548648,1.264114,1.493166,0.046716
569.000000,0.673867,0.712693,1.281301,1.647081,2.217063
570.000000,0.835138,0.728788,1.216687,1.716113,0.893346
571.000000,0.963383,0.716741,1.145039,1.773222,0.850413
572.000000,1.511254,0.940928,1.151083,1.902049,2.028798
573.000000,1.748313,0.995284,1.116396,1.900187,0.501713
574.000000,1.637062,1.264780,1.139991,1.933369,1.706708
575.000000,1.824363,1.516445,1.152466,1.938574,1.240877
576.000000,1.681276,1.631158,1.113660,1.840238,0.118629
577.000000,1.435436,2.002162,1.345475,1.763978,1.280627
578.000000,1.525512,2.228701,1.502025,1.681530,0.937626
579.000000,1.367112,1.995035,1.569760,1.625310,1.248702
580.000000,0.996824,1.791215,1.534894,1.518090,-0.041959
581.000000,1.081658,1.670055,1.524404,1.432080,0.471919
582.000000,0.402044,1.074411,1.448540,1.261460,-1.148755
583.000000,-0.087796,0.835164,1.380645,1.154176,-0.792183
584.000000,-0.023825,0.799665,1.577646,1.147644,1.383909
585.000000,0.292652,0.776662,1.705317,1.127859,0.989541
586.000000,0.500716,0.953839,1.804878,1.131123,1.095055
587.000000,1.171211,0.944866,1.975476,1.278276,1.238168
588.000000,1.959181,1.161700,2.213928,1.448139,2.244852
589.000000,1.771828,1.091775,1.989530,1.457337,0.868044
590.000000,1.880367,1.333735,2.005565,1.509050,1.488892
591.000000,1.996467,1.511118,2.023186,1.559109,1.617821
592.000000,1.957491,1.845735,1.879316,1.643883,1.239579
593.000000,1.768394,2.129250,1.923601,1.736571,1.574833
594.000000,1.743812,2.000788,1.789565,1.805651,0.868504
595.000000,1.664385,2.005491,1.740368,1.885636,1.195666
596.000000,1.297372,1.864640,1.686214,1.878518,0.063055
597.000000,1.113891,1.762630,1.587633,1.927869,0.394497
598.000000,1.255595,1.746887,1.669913,2.059080,2.070419
599.000000,1.562866,1.894730,1.713752,1.998553,1.967972
600.000000,1.652824,1.889629,1.823641,2.003858,1.555801
601.000000,2.175308,1.965722,1.946317,2.044739,2.158700
602.000000,2.449255,2.057454,2.157287,1.998956,2.047669
603.000000,2.365631,2.103075,2.308314,2.039897,2.092387
604.000000,2.315552,2.210907,2.286444,2.011693,2.038471
605.000000,2.244294,2.188523,2.256061,1.976260,1.614154
606.000000,2.187165,2.339418,2.269058,2.025433,2.065324
607.000000,2.230955,2.452530,2.291523,2.047124,2.336616
608.000000,2.249000,2.405458,2.251627,2.080226,2.268891
609.000000,2.172456,2.319210,2.242655,2.065467,1.829485
610.000000,2.169225,2.273207,2.203101,2.095855,1.796471
611.000000,2.011489,2.143347,2.130303,2.076618,1.408336
612.000000,1.791094,2.027422,2.074143,2.101858,1.268679
613.000000,1.610020,1.935597,2.021519,2.117037,1.396055
614.000000,1.501038,1.849268,1.996983,2.061440,1.318437
615.000000,1.374788,1.795789,1.955023,2.021980,1.218711
616.000000,1.320390,1.701957,1.952467,1.983099,1.161568
617.000000,1.235353,1.553443,1.916721,1.928416,0.853042
618.000000,0.985933,1.338745,1.792790,1.818824,0.154673
619.000000,0.788938,1.189498,1.701105,1.768737,0.341089
620.000000,0.702455,1.084247,1.657207,1.729070,0.821825
621.000000,0.456515,0.939888,1.552814,1.655747,-0.021657
622.000000,0.189525,0.772286,1.441312,1.584949,-0.442582
623.000000,0.184548,0.641375,1.359245,1.533482,0.119436
624.000000,-0.020070,0.438294,1.246759,1.479131,-0.672709
625.000000,-0.411158,0.207521,1.144873,1.412478,-0.974242
626.000000,-0.848345,-0.138771,0.973070,1.347754,-2.094144
627.000000,-1.254618,-0.490338,0.767342,1.277063,-2.247198
628.000000,-1.673243,-0.711863,0.570840,1.189291,-1.555374
629.000000,-1.930118,-1.009108,0.363439,1.095997,-1.775314
630.000000,-2.114831,-1.409027,0.113745,1.007832,-1.876124
631.000000,-2.080239,-1.714418,-0.166241,0.879173,-2.048987
632.000000,-2.081552,-1.973161,-0.509173,0.720369,-2.265938
633.000000,-2.157605,-2.221385,-0.902324,0.538268,-2.076221
634.000000,-2.008519,-2.202963,-1.244487,0.378506,-1.301702
635.000000,-1.971622,-2.206607,-1.639405,0.166345,-1.774821
636.000000,-1.816546,-2.052523,-1.936802,-0.092966,-1.356758
637.000000,-1.633029,-1.915315,-2.124811,-0.455486,-1.372381
638.000000,-1.547099,-1.883113,-2.208093,-0.943491,-1.657595
639.000000,-1.629367,-1.851265,-2.259451,-1.480560,-1.748754
640.000000,-1.621057,-1.818158,-2.298217,-2.003733,-1.733729
641.000000,-1.688178,-1.772532,-2.253218,-2.372628,-1.697787
642.000000,-1.692392,-1.681334,-2.163818,-2.526923,-1.424284
643.000000,-1.642007,-1.609636,-2.113513,-2.568120,-1.419581
644.000000,-1.558837,-1.602618,-2.030383,-2.535527,-1.337537
645.000000,-1.507175,-1.571318,-1.961322,-2.481396,-1.479085
646.000000,-1.418344,-1.559774,-1.857631,-2.399246,-1.259900
647.000000,-1.352885,-1.531684,-1.762436,-2.297529,-1.082162
648.000000,-1.275387,-1.471272,-1.702656,-2.178184,-1.024629
649.000000,-1.175397,-1.383525,-1.635103,-2.080330,-0.818281
650.000000,-1.040652,-1.297695,-1.574868,-2.018807,-0.821078
651.000000,-0.954971,-1.215514,-1.514824,-1.938465,-0.852701
652.000000,-0.859242,-1.141381,-1.437621,-1.850900,-0.594104
653.000000,-0.728668,-1.047654,-1.362201,-1.789944,-0.337764
654.000000,-0.602711,-0.945017,-1.321601,-1.713617,-0.114651
655.000000,-0.190405,-0.704738,-1.214251,-1.608583,1.467899
656.000000,0.136212,-0.534023,-1.157718,-1.513673,0.588146
657.000000,0.384822,-0.389505,-1.108169,-1.436009,0.326333
658.000000,0.644686,-0.206406,-1.030534,-1.379302,0.688982
659.000000,0.813591,-0.049903,-0.949635,-1.328467,0.466775
660.000000,0.691407,0.176010,-0.846442,-1.270771,1.034336
661.000000,1.030769,0.553383,-0.697712,-1.188023,2.058293
662.000000,1.426605,0.929355,-0.554056,-1.095288,1.858420
663.000000,1.369853,1.099604,-0.445433,-1.035646,0.439687
664.000000,1.393187,1.243081,-0.322712,-1.008251,0.569638
665.000000,1.054479,1.000783,-0.208910,-0.980908,-0.466309
666.000000,0.533393,0.917796,-0.088701,-0.970778,-0.240892
667.000000,0.253002,1.002056,0.092801,-0.934755,0.745338
668.000000,0.463338,1.100195,0.358628,-0.857508,1.300670
669.000000,0.324516,1.036307,0.555614,-0.801080,-0.001843
670.000000,0.549392,0.956353,0.826873,-0.715313,0.471388
671.000000,0.600797,0.664793,1.089058,-0.629692,-0.018510
672.000000,0.417920,0.386132,1.308804,-0.553261,-0.048552
673.000000,0.160005,0.354674,1.463133,-0.440308,0.257742
674.000000,0.159933,0.272839,1.495780,-0.319134,-0.023844
675.000000,0.000829,0.320060,1.243296,-0.139162,-0.178894
676.000000,-0.079554,0.317928,1.104213,0.049206,-0.375684
677.000000,-0.019807,0.246543,1.059435,0.311543,0.219061
678.000000,-0.013569,0.094737,0.985983,0.677572,0.358713
679.000000,-0.325418,-0.047892,0.821027,0.951092,-1.213031
680.000000,-0.169200,-0.078156,0.746630,1.438813,0.457712
681.000000,0.121950,0.000370,0.567762,1.921676,0.616696
682.000000,0.420576,0.181455,0.439632,2.238049,1.150709
683.000000,1.072432,0.512396,0.578929,2.388612,2.036927
684.000000,2.488621,1.150160,0.783813,2.444375,2.402687
685.000000,2.980708,1.947471,1.196002,2.278520,2.678592
686.000000,2.816245,2.325551,1.445594,2.144685,1.293370
687.000000,2.231244,2.138967,1.401188,1.936157,-0.234390
688.000000,1.619909,1.942953,1.287568,1.746562,-0.143989
689.000000,1.106956,2.141827,1.492047,1.673208,0.421543
690.000000,0.169943,1.795372,1.436501,1.468073,-0.725505
691.000000,0.184367,1.861373,1.802618,1.358205,1.337212
692.000000,0.181642,1.570763,1.825790,1.122343,-0.256690
693.000000,0.024143,1.099829,1.681654,1.009810,-0.713699
694.000000,-0.211254,0.616060,1.637499,0.923306,-0.401951
695.000000,-0.217928,-0.028852,1.542151,0.921621,-0.786483
696.000000,-0.786774,-0.400654,1.501269,0.918227,-0.685866
697.000000,-0.894480,-0.474314,1.331793,0.813917,-0.661472
698.000000,-1.047526,-0.685881,0.979871,0.556430,-1.318985
699.000000,-1.183833,-0.929059,0.996796,0.486119,-0.959254
700.000000,-1.200624,-0.947639,0.709673,0.339610,-0.920444
701.000000,-1.248667,-1.330946,0.392382,0.240718,-0.945618
702.000000,-1.154124,-1.325228,0.115114,0.217366,-0.363709
703.000000,-1.020097,-1.318751,-0.436913,0.058830,-0.805923
704.000000,-0.605061,-1.124468,-0.760046,0.196077,0.669998
705.000000,-0.410566,-1.012106,-1.347553,0.224439,-0.146808
706.000000,-0.115450,-0.864340,-1.547224,0.381079,0.202317
707.000000,0.060057,-0.706428,-1.403567,0.461972,0.311805
708.000000,0.640575,-0.258516,-1.074594,0.842961,1.367758
709.000000,0.637753,0.011077,-1.032264,1.524423,0.654139
710.000000,0.963985,0.365095,-0.655962,1.969167,1.099283
711.000000,1.416719,0.894263,-0.512109,2.601566,1.932027
712.000000,1.819847,1.329641,0.067515,2.891516,1.997341
713.000000,1.959344,1.799289,0.870960,2.819045,2.079661
714.000000,2.376574,2.093048,1.787177,2.800079,2.635490
715.000000,2.638703,2.422998,2.557993,2.725389,2.647263
716.000000,2.702708,2.618435,2.993843,2.883980,2.568892
717.000000,2.750516,2.751088,3.209521,3.162929,2.657434
718.000000,2.716992,2.722307,3.277416,3.213644,2.450626
719.000000,2.452425,2.630866,3.112076,3.018825,1.708087
720.000000,2.238351,2.521708,2.968851,2.939690,1.680182
721.000000,2.030234,2.370576,2.831619,2.726140,1.538308
722.000000,1.755905,2.210116,2.661552,2.619534,1.261064
723.000000,1.595186,2.117641,2.584916,2.594769,1.616691
724.000000,1.545635,1.989844,2.450654,2.532009,1.479349
725.000000,1.628047,1.948464,2.427111,2.547515,2.044635
726.000000,1.616748,1.846613,2.340068,2.482341,1.495967
727.000000,1.599743,1.706047,2.242250,2.398188,1.221601
728.000000,1.619572,1.637406,2.173142,2.388100,1.705637
729.000000,1.556751,1.575993,2.093286,2.318890,1.175692
730.000000,1.300405,1.476740,1.988472,2.229528,0.748203
731.000000,1.247446,1.445871,1.911109,2.186517,1.227124
732.000000,1.262983,1.447939,1.846242,2.138361,1.286471
733.000000,1.214564,1.437480,1.800485,2.116658,1.502206
734.000000,1.295584,1.447082,1.748887,2.070729,1.564516
735.000000,1.430439,1.377037,1.692423,2.035443,1.370932
736.000000,1.475161,1.370016,1.642514,1.999962,1.431710
737.000000,1.503793,1.391547,1.584016,1.965614,1.407448
738.000000,1.450251,1.340666,1.522103,1.911315,1.220631
739.000000,1.359570,1.340570,1.489163,1.870103,1.095894
740.000000,1.288147,1.381519,1.453283,1.823546,0.966659
741.000000,1.118447,1.333081,1.411669,1.757027,0.512074
742.000000,0.879008,1.252796,1.375698,1.688883,0.145349
743.000000,0.744863,1.178480,1.338325,1.639058,0.605702
744.000000,0.793651,1.155805,1.336456,1.601945,1.477110
745.000000,0.888597,1.158522,1.297023,1.567253,1.456577
746.000000,1.117663,1.150921,1.291064,1.532822,1.427882
747.000000,1.427701,1.139374,1.302180,1.489447,1.356013
748.000000,1.516807,1.116212,1.263214,1.439438,0.967124
749.000000,1.566271,1.190341,1.291005,1.431913,1.705418
750.000000,1.649969,1.307359,1.359687,1.428547,1.834189
751.000000,1.805422,1.532276,1.408566,1.440572,2.121107
752.000000,1.806747,1.708649,1.423349,1.446739,1.341743
753.000000,1.896884,1.805026,1.419717,1.437475,1.297299
754.000000,1.797278,1.779438,1.406513,1.432544,1.175338
755.000000,1.639551,1.743904,1.405793,1.396844,1.161781
756.000000,1.084879,1.558584,1.333580,1.355190,-0.313247
757.000000,0.753702,1.411520,1.269602,1.333651,-0.184276
758.000000,0.491562,1.350232,1.233377,1.290462,0.175661
759.000000,0.148361,1.138738,1.186284,1.268107,-0.303611
760.000000,-0.121538,0.955265,1.177745,1.286408,0.169404
761.000000,0.088505,0.744277,1.229882,1.287189,0.626296
762.000000,0.452203,0.731160,1.347307,1.302160,1.376521
763.000000,0.652492,0.667972,1.404469,1.292504,0.914399
764.000000,1.032720,0.633742,1.396680,1.279271,1.027829
765.000000,1.132960,0.531928,1.363131,1.266119,0.552246
766.000000,1.231780,0.779363,1.354991,1.260232,1.051424
767.000000,0.806735,0.796550,1.271695,1.213207,-0.319999
768.000000,0.612908,0.817509,1.248068,1.190908,0.126520
769.000000,0.455289,0.967515,1.168145,1.185326,0.389365
770.000000,0.267040,0.920106,1.028302,1.169061,-0.213860
771.000000,-0.950703,0.208109,0.593574,1.060851,-3.245242
772.000000,-2.032260,-0.861722,0.121094,0.934069,-3.451915
773.000000,-3.296282,-2.225322,-0.635651,0.655492,-3.804653
774.000000,-3.507743,-2.894874,-1.261342,0.371980,-2.349829
775.000000,-3.481273,-3.230584,-1.983663,-0.021828,-2.538569
776.000000,-3.024761,-3.248200,-2.330782,-0.433919,-1.961102
777.000000,-2.739541,-3.148036,-2.619711,-0.991738,-2.211784
778.000000,-2.302190,-2.992341,-2.724281,-1.514749,-1.728643
779.000000,-2.164060,-2.882336,-2.718765,-2.108300,-1.801345
780.000000,-2.013877,-2.766373,-2.699840,-2.568028,-1.842219
781.000000,-1.984495,-2.558675,-2.678205,-2.827449,-1.887033
782.000000,-1.855043,-2.353839,-2.632463,-2.822555,-1.624808
783.000000,-1.806194,-2.122059,-2.558732,-2.753771,-1.545771
784.000000,-1.677770,-1.977336,-2.461615,-2.629497,-1.212303
785.000000,-1.503836,-1.806193,-2.349477,-2.502178,-0.997209
786.000000,-1.305062,-1.685200,-2.262960,-2.341249,-0.912301
787.000000,-1.144528,-1.540984,-2.155076,-2.215219,-0.842977
788.000000,-0.942272,-1.417621,-2.056818,-2.102171,-0.566177
789.000000,-0.763725,-1.268430,-1.966440,-1.983005,-0.344905
790.000000,-0.704999,-1.155717,-1.905458,-1.924528,-0.712965
791.000000,-0.661951,-1.035552,-1.794275,-1.884286,-0.709272
792.000000,-0.538135,-0.892417,-1.660266,-1.836068,-0.233017
793.000000,-0.386811,-0.711699,-1.481994,-1.765207,0.218137
794.000000,-0.324549,-0.587598,-1.376331,-1.721762,0.000000
795.000000,-0.078090,-0.440718,-1.239516,-1.657654,0.502590
796.000000,0.142590,-0.322492,-1.145819,-1.626801,0.261357
797.000000,0.247918,-0.212941,-1.041649,-1.585023,0.180269
798.000000,0.168635,-0.167951,-0.981475,-1.575266,-0.253071
799.000000,0.183559,-0.134036,-0.907651,-1.571301,-0.045689
800.000000,0.024934,-0.043861,-0.831187,-1.569837,-0.206185
801.000000,-0.073784,0.076253,-0.736952,-1.517402,-0.069168
802.000000,-0.197557,0.123162,-0.653629,-1.461316,-0.172815
803.000000,-0.142752,0.087240,-0.558787,-1.368325,-0.084267
804.000000,-0.121903,0.108116,-0.478398,-1.316297,0.065524
805.000000,0.098477,0.064183,-0.387191,-1.235238,0.671887
806.000000,0.223509,0.055232,-0.298544,-1.180181,0.436081
807.000000,0.297391,0.027175,-0.212197,-1.108539,0.127547
808.000000,0.497117,0.211182,-0.118665,-1.044925,0.739414
809.000000,0.737722,0.393085,-0.018032,-0.957722,1.064886
810.000000,1.025854,0.719786,0.247553,-0.827514,1.845130
811.000000,1.524755,1.114025,0.662934,-0.644535,2.446963
812.000000,1.996391,1.475611,1.059712,-0.456667,2.204072
813.000000,2.208929,1.717383,1.338692,-0.256295,1.756070
814.000000,2.313204,1.908449,1.636071,-0.063009,1.604024
815.000000,1.956444,1.822044,1.571009,0.074451,0.198722
816.000000,1.070953,1.570204,1.319292,0.144283,-1.502646
817.000000,0.349161,1.488405,1.166813,0.258106,-0.745380
818.000000,-0.425382,1.267649,1.059085,0.318784,-1.148958
819.000000,-1.389755,0.820831,0.821530,0.288984,-1.902917
820.000000,-1.752097,0.274424,0.694205,0.372976,-1.318552
821.000000,-1.712803,-0.557782,0.536121,0.449151,-1.450131
822.000000,-1.639987,-1.252217,0.498826,0.482165,-0.651128
823.000000,-1.261477,-1.562994,0.583917,0.494431,0.277301
824.000000,-0.764495,-1.816309,0.632199,0.532062,0.085912
825.000000,-0.342423,-1.682291,0.640391,0.476239,0.403389
826.000000,0.049525,-1.316672,0.635030,0.439268,0.110556
827.000000,0.250263,-1.126076,0.678021,0.418194,0.121495
828.000000,0.154606,-0.914869,0.575337,0.452580,-0.104197
829.000000,0.164696,-0.502625,0.440201,0.474012,0.129249
830.000000,-0.181837,-0.427470,-0.215261,0.390583,-0.987617
831.000000,-0.417230,-0.291817,-1.135203,0.309738,-0.831841
832.000000,-0.654400,-0.319797,-2.020223,0.239244,-0.824258
833.000000,-0.830650,-0.537295,-2.565283,0.151960,-0.811522
834.000000,-1.068978,-0.722272,-2.839327,0.028510,-0.859112
835.000000,-0.836827,-0.808298,-2.585419,-0.071669,-0.063009
836.000000,-0.832198,-0.984534,-2.253188,-0.292399,-0.818783
837.000000,-0.687947,-1.047126,-2.015812,-0.401245,-0.243636
838.000000,-0.407217,-0.953742,-1.670512,-0.538583,0.330575
839.000000,0.049966,-0.777888,-1.131733,-0.622701,0.983866
840.000000,0.348219,-0.370831,-0.695991,-0.889782,1.137116
841.000000,1.098602,0.216922,-0.053730,-0.952779,2.202699
842.000000,1.872919,0.964009,0.607062,-0.619217,2.789960
843.000000,2.322256,1.596049,1.020214,-0.295019,2.217692
844.000000,2.532858,2.157810,1.437739,0.021678,2.001650
845.000000,2.687403,2.541330,1.834364,1.091253,2.228329
846.000000,2.522123,2.821000,2.151630,2.621886,2.043665
847.000000,2.139855,2.788376,2.250415,3.198725,1.393307
848.000000,1.958369,2.689473,2.357730,3.474377,1.567711
849.000000,1.714462,2.439801,2.281563,3.390487,0.908220
850.000000,1.524226,2.280413,2.360028,3.245358,1.292195
851.000000,1.332355,2.054952,2.359620,3.083486,1.126422
852.000000,1.311286,1.842720,2.359024,2.893256,1.295314
853.000000,1.129390,1.650964,2.285791,2.611438,0.728070
854.000000,1.130406,1.527131,2.240902,2.445956,0.926479
855.000000,1.015391,1.364048,2.137927,2.284449,0.761777
856.000000,0.937486,1.217469,2.092396,2.178579,0.756552
857.000000,0.916062,1.191591,2.052734,2.131799,1.183047
858.000000,0.958483,1.116484,1.971722,2.080108,0.935079
859.000000,0.919954,1.095506,1.862041,2.007083,0.744335
860.000000,0.919384,1.034598,1.767897,2.000102,0.760939
861.000000,0.901577,0.982749,1.641769,1.975927,0.661842
862.000000,0.758214,0.894457,1.495271,1.941689,0.484111
863.000000,0.732006,0.904877,1.410025,1.929187,0.844127
864.000000,0.734239,0.884396,1.341424,1.913324,0.754039
865.000000,0.666702,0.854714,1.243214,1.853280,0.379237
866.000000,0.482811,0.768386,1.122451,1.806679,-0.499357
867.000000,0.357950,0.637189,1.053939,1.754453,-0.381009
868.000000,0.008018,0.503677,0.960359,1.682793,-0.979953
869.000000,-0.267001,0.443897,0.940463,1.618717,0.052385
870.000000,-0.622677,0.350656,0.883741,1.557684,-0.357139
871.000000,-0.954128,0.189697,0.815655,1.456671,-1.314997
872.000000,-1.626648,-0.049801,0.707397,1.327036,-1.913175
873.000000,-1.345631,-0.369558,0.682299,1.250865,-0.206934
874.000000,-0.826546,-0.596614,0.678986,1.214721,1.464428
875.000000,-0.540921,-0.965258,0.663003,1.141862,0.423382
876.000000,-1.076751,-1.585464,0.548520,1.017469,-2.438658
877.000000,-2.011253,-2.585953,0.277899,0.892348,-3.366855
878.000000,-3.218377,-3.009911,-0.052303,0.725313,-3.175423
879.000000,-3.216123,-2.764926,-0.245183,0.680653,-0.559017
880.000000,-2.494831,-2.147258,-0.335111,0.660703,1.228848
881.000000,-1.801163,-1.834243,-0.554680,0.605433,0.032789
882.000000,-0.675105,-1.369409,-0.724082,0.542116,0.484307
883.000000,0.705799,-1.102677,-0.976863,0.545517,0.819934
884.000000,1.152768,-1.111181,-1.197992,0.526027,0.789858
885.000000,1.183391,-0.804407,-1.169157,0.558282,1.342066
886.000000,1.648530,0.022166,-0.754092,0.616691,1.532338
887.000000,2.275656,1.490541,-0.014142,0.719919,2.599999
888.000000,2.551437,2.630856,0.763934,0.875900,2.198063
889.000000,2.612271,2.822154,1.240954,1.082234,1.751426
890.000000,2.635843,2.753133,1.842876,1.408860,2.084421
891.000000,2.574734,2.791860,2.374372,1.813753,1.915816
892.000000,2.323011,2.730876,2.729959,2.277158,1.827672
893.000000,2.220152,2.670122,2.840178,2.587234,1.963402
894.000000,2.154026,2.581757,2.746901,2.699333,1.720165
895.000000,2.088573,2.501593,2.745235,2.803971,1.922733
896.000000,2.128176,2.465222,2.870241,2.942395,2.201448
897.000000,2.297308,2.436354,3.032379,3.032366,2.644140
898.000000,2.192710,2.301547,2.973136,2.920020,1.686911
899.000000,2.100472,2.196641,2.780721,2.753194,1.482313
900.000000,2.068440,2.134938,2.616595,2.676087,1.839347
901.000000,1.954391,2.072206,2.515309,2.605474,1.669020
902.000000,1.670298,1.975509,2.385331,2.512121,1.272857
903.000000,1.560519,1.873217,2.266520,2.396506,1.187512
904.000000,1.458010,1.781199,2.158310,2.261200,1.013490
905.000000,1.324320,1.702620,2.069938,2.185782,1.189399
906.000000,1.161550,1.572533,1.970390,2.142907,0.890129
907.000000,1.074721,1.395591,1.856417,2.127797,0.863781
908.000000,0.987719,1.302737,1.763298,2.115153,0.777640
909.000000,0.935104,1.229788,1.693707,2.048091,0.750061
910.000000,0.867357,1.130612,1.628557,1.966231,0.912031
911.000000,0.818403,1.021709,1.561746,1.908734,0.636268
912.000000,0.741154,0.941410,1.496291,1.847497,0.462671
913.000000,0.692516,0.873339,1.433335,1.792009,0.516363
914.000000,0.788799,0.886477,1.413316,1.770351,1.299417
915.000000,0.814492,0.859632,1.376366,1.735144,1.085393
916.000000,0.886694,0.862893,1.317507,1.696242,0.926036
917.000000,0.982236,0.858306,1.218619,1.636046,0.766384
918.000000,0.935506,0.810168,1.149464,1.572077,0.030597
919.000000,0.684332,0.769236,1.094901,1.525966,0.071652
920.000000,0.520463,0.724528,1.020439,1.480935,0.374145
921.000000,0.352685,0.711227,0.948150,1.440358,0.208979
922.000000,0.164989,0.717493,0.899063,1.401986,0.010407
923.000000,-0.086862,0.619622,0.824578,1.343680,-1.321971
924.000000,-0.366679,0.376398,0.773133,1.302936,-1.062027
925.000000,-0.298344,0.324527,0.753819,1.284215,1.338172
926.000000,0.038772,0.327981,0.774517,1.250912,1.468323
927.000000,0.518351,0.316211,0.785872,1.173610,1.129533
928.000000,1.892419,0.631204,0.820474,1.146058,1.377980
929.000000,2.623454,1.104024,0.863361,1.127218,1.205492
930.000000,2.878394,2.204737,0.972004,1.108676,2.870901
931.000000,2.274659,2.460807,1.012895,1.049715,0.267508
932.000000,1.805787,2.427296,1.071012,1.010251,-0.045914
933.000000,1.114016,2.469865,1.078421,0.959406,-0.785822
934.000000,0.719493,2.476818,0.979640,0.936624,-0.124868
935.000000,-0.354864,1.863364,0.865265,0.885726,-0.402679
936.000000,-0.643427,1.250659,0.729598,0.856057,-0.632053
937.000000,-0.569564,1.013628,0.686690,0.847825,0.184376
938.000000,0.569353,1.392636,1.171578,0.930484,2.471848
939.000000,1.176981,1.529862,1.592281,0.998761,1.574594
940.000000,1.386895,0.858452,1.708775,1.002167,0.291047
941.000000,2.328833,1.545925,2.244227,1.162969,2.392149
942.000000,2.481419,1.903702,2.455099,1.309539,1.218934
943.000000,1.502828,1.859734,2.429452,1.343906,-0.728495
944.000000,1.304954,2.069878,2.516140,1.364836,0.904587
945.000000,1.423715,2.238609,2.262712,1.397474,0.763239
946.000000,0.828182,2.316371,2.012604,1.418972,0.506660
947.000000,0.223357,1.970988,1.696759,1.335607,-0.721613
948.000000,0.179085,1.227258,1.384300,1.348096,-0.858593
949.000000,-0.601902,0.506654,1.007502,1.245615,-1.571217
950.000000,-1.067757,0.261741,0.556410,1.173903,-0.741451
951.000000,-1.544758,-0.622566,0.356089,1.051507,-1.109609
952.000000,-1.049342,-0.696932,0.520888,1.232294,0.883686
953.000000,-0.676140,-0.414433,0.717383,1.511215,0.434684
954.000000,0.406584,-0.186522,1.081341,1.901480,1.786306
955.000000,1.240215,0.094406,1.488594,1.965751,1.650940
956.000000,2.067051,0.482456,1.884229,1.980178,1.541346
957.000000,2.134612,1.307638,2.106864,2.040638,1.433945
958.000000,2.286950,2.141752,1.993185,2.066844,1.480335
959.000000,2.000964,2.770344,1.921532,2.033044,1.070963
960.000000,2.099379,3.147736,2.204964,2.005163,2.198222
961.000000,0.890216,2.328729,1.266474,1.530817,-2.463535
962.000000,-0.295408,1.291136,0.516929,1.112022,-2.293069
963.000000,-1.286877,0.587262,0.184640,0.868750,-1.706556
964.000000,-2.000669,-0.370230,-0.400000,0.574462,-1.535107
965.000000,-2.659006,-1.183391,-0.913314,0.359605,-1.210535
966.000000,-2.236622,-1.916339,-1.435474,0.125014,-1.260157
967.000000,-1.942880,-2.489177,-1.800788,-0.305215,-1.399168
968.000000,-1.735196,-2.752424,-1.969931,-1.037853,-1.128777
969.000000,-1.650074,-2.855495,-2.034216,-1.720614,-1.369475
970.000000,-1.565800,-2.938607,-2.096615,-2.047851,-1.031870
971.000000,-1.433924,-2.426451,-2.011114,-2.448419,-0.822723
972.000000,-1.235803,-2.025254,-2.127920,-2.498581,-0.621824
973.000000,-0.703539,-1.520949,-1.810139,-1.992030,1.024370
974.000000,0.176822,-0.911378,-1.466769,-1.524223,1.995612
975.000000,0.776897,-0.502714,-1.335468,-1.272528,1.205864
976.000000,1.358233,-0.027524,-1.148952,-0.952603,1.426825
977.000000,1.826661,0.509923,-0.941157,-0.485841,1.471534
978.000000,1.837968,0.967671,-0.787782,-0.043091,1.299256
979.000000,1.656822,1.447151,-0.556886,0.510527,1.369045
980.000000,1.636115,1.785135,-0.526376,0.932871,1.254276
981.000000,1.560654,2.004101,0.222024,1.353417,1.192781
982.000000,1.439023,2.110476,0.923350,1.479164,1.026370
983.000000,1.373623,2.011700,1.498413,1.645446,1.081134
984.000000,1.199219,1.754869,1.859026,1.570903,0.665215
985.000000,0.981960,1.578999,2.023039,1.437522,0.332696
986.000000,0.807693,1.409958,2.174554,1.345226,0.427064
987.000000,0.761319,1.302233,2.368773,1.354324,0.819540
988.000000,0.615428,1.170551,2.389998,1.275553,0.441606
989.000000,0.814936,1.184834,2.560721,1.469372,1.498525
990.000000,1.048006,1.190653,2.599200,1.496257,1.332992
991.000000,1.156448,1.150118,2.520231,1.882859,0.990476
992.000000,1.249011,1.173029,2.461425,2.221381,1.366115
993.000000,1.335579,1.136072,2.259960,2.338722,0.992253
994.000000,1.164114,1.124289,2.016856,2.361276,0.779170
995.000000,1.134410,1.199699,1.909981,2.378747,1.193511
996.000000,1.127052,1.232041,1.785203,2.350661,0.924146
997.000000,1.076772,1.244653,1.689336,2.343414,1.141582
998.000000,1.092641,1.297423,1.609336,2.305074,1.043823
999.000000,1.152700,1.228603,1.527584,2.281052,1.000664
1000.000000,1.117820,1.198533,1.459006,2.237740,0.995426
1001.000000,1.087175,1.183811,1.378791,2.176349,0.557072
1002.000000,1.013120,1.123413,1.320060,2.122372,0.608583
1003.000000,0.976915,1.125842,1.264936,2.002427,0.723312
1004.000000,0.990504,1.187609,1.258733,1.861422,1.123338
1005.000000,0.971590,1.176940,1.280414,1.777524,1.002216
1006.000000,1.046195,1.204540,1.295173,1.688566,0.829488
1007.000000,1.096318,1.180833,1.285038,1.603610,0.832474
1008.000000,0.960621,1.095239,1.293726,1.517670,0.169963
1009.000000,0.766518,1.005616,1.220483,1.434467,0.317396
1010.000000,0.229171,0.696073,1.117847,1.324475,-1.202398
1011.000000,-0.131757,0.529749,1.062976,1.235562,-0.625812
1012.000000,-0.907402,0.122056,0.886867,1.119961,-2.112214
1013.000000,-1.663912,-0.438182,0.689029,0.980603,-2.571640
1014.000000,-2.303634,-1.077389,0.482053,0.869116,-2.422565
1015.000000,-2.547493,-1.700717,0.155631,0.773068,-2.486659
1016.000000,-2.956152,-2.359955,-0.309252,0.626307,-3.020908
1017.000000,-3.042419,-2.854623,-0.994644,0.409146,-3.006190
1018.000000,-2.887945,-2.973872,-1.703558,0.226292,-2.364264
1019.000000,-2.738067,-2.980810,-2.320234,-0.092974,-2.232541
1020.000000,-2.622362,-2.873054,-2.719222,-0.486909,-2.259369
1021.000000,-2.431499,-2.795414,-2.839370,-0.923700,-2.130882
1022.000000,-2.194529,-2.621943,-2.802087,-1.426676,-1.858811
1023.000000,-2.098907,-2.472574,-2.752499,-1.897668,-1.907524
1024.000000,-1.971922,-2.328358,-2.675545,-2.230369,-1.635767
1025.000000,-1.688287,-2.119832,-2.513544,-2.375199,-0.859684
1026.000000,-1.504478,-1.947133,-2.412220,-2.441652,-1.176255
1027.000000,-1.468123,-1.832400,-2.369189,-2.501104,-1.630830
1028.000000,-1.432687,-1.777447,-2.318181,-2.500738,-1.690636
1029.000000,-1.457967,-1.736233,-2.278891,-2.469669,-1.724567
1030.000000,-1.511042,-1.627993,-2.170467,-2.377068,-1.160836
1031.000000,-1.454915,-1.506996,-2.076672,-2.264670,-0.915173
1032.000000,-1.331314,-1.422415,-1.977331,-2.181123,-1.001492
1033.000000,-1.225854,-1.349724,-1.891646,-2.125077,-1.159016
1034.000000,-1.011280,-1.254641,-1.791746,-2.053845,-0.668031
1035.000000,-0.922304,-1.243458,-1.707703,-1.996154,-0.714708
1036.000000,-0.834625,-1.179467,-1.601567,-1.932661,-0.439804
1037.000000,-0.654838,-1.036767,-1.478403,-1.864497,-0.042119
1038.000000,-0.367390,-0.858296,-1.372107,-1.788902,0.283122
1039.000000,-0.188329,-0.670839,-1.277922,-1.733223,0.237080
1040.000000,-0.033348,-0.568072,-1.194744,-1.678307,-0.103545
1041.000000,0.095973,-0.480842,-1.111493,-1.638203,0.051735
1042.000000,0.089905,-0.387538,-1.047281,-1.589720,-0.189113
1043.000000,0.150479,-0.188445,-0.949931,-1.518164,0.762095
1044.000000,0.326787,-0.010049,-0.854440,-1.448788,1.207078
1045.000000,0.645367,0.205880,-0.814036,-1.388898,1.096359
1046.000000,0.574683,0.276691,-0.795153,-1.345795,-0.648760
1047.000000,0.679012,0.323138,-0.718154,-1.282400,-0.078492
1048.000000,0.469734,0.305603,-0.620623,-1.236610,-0.042334
1049.000000,0.369993,0.416759,-0.465550,-1.171863,0.934241
1050.000000,0.123600,0.545383,-0.369305,-1.110567,0.271048
1051.000000,0.298508,0.577695,-0.297469,-1.053225,-0.063956
1052.000000,0.157430,0.562330,-0.219308,-1.013569,-0.560186
1053.000000,0.122182,0.383969,-0.071129,-0.952751,-0.162881
1054.000000,-0.242696,0.085056,0.019300,-0.905216,-0.309082
1055.000000,-0.327423,-0.126103,0.168565,-0.907277,-0.019687
1056.000000,-0.361716,-0.039170,0.294088,-0.891238,-0.192727
1057.000000,-0.365038,-0.130437,0.311747,-0.839257,-0.621853
1058.000000,-0.431870,-0.194708,0.244746,-0.757038,-0.450382
1059.000000,-0.174667,-0.262728,0.311362,-0.603923,0.771906
1060.000000,-0.324596,-0.407301,0.298399,-0.537300,-0.634379
1061.000000,-0.586373,-0.570637,0.122590,-0.512702,-1.167985
1062.000000,-0.927700,-0.742678,-0.108914,-0.493744,-1.779394
1063.000000,-1.167248,-0.891408,-0.469469,-0.392035,-1.090782
1064.000000,-1.760128,-1.038666,-0.936154,-0.381908,-1.227289
1065.000000,-1.749744,-1.197160,-1.273332,-0.314503,-0.667079
1066.000000,-1.525599,-1.313695,-1.227405,-0.287767,-0.459180
1067.000000,-1.513644,-1.559771,-1.517461,-0.551977,-1.903384
1068.000000,-1.539531,-1.664600,-1.690608,-0.989311,-1.358880
1069.000000,-1.384926,-1.813541,-1.914039,-1.469512,-0.743435
1070.000000,-1.575089,-1.824454,-2.052187,-2.029919,-1.415152
1071.000000,-1.740706,-1.717638,-2.050653,-2.469718,-1.084489
1072.000000,-1.767827,-1.686018,-2.081610,-2.750552,-2.041377
1073.000000,-1.644804,-1.624894,-2.015986,-2.884994,-0.931065
1074.000000,-1.577720,-1.509376,-1.887532,-2.887430,-0.449701
1075.000000,-1.316699,-1.474120,-1.791064,-2.760344,-0.168174
1076.000000,-0.868634,-1.355509,-1.617244,-2.296583,0.886844
1077.000000,-0.446392,-1.206669,-1.537245,-2.172512,-0.771917
1078.000000,-0.658199,-1.258956,-1.561198,-2.155403,-1.763744
1079.000000,-0.543207,-1.189040,-1.578466,-2.115497,0.027610
1080.000000,-0.626581,-1.070448,-1.519750,-2.032091,-0.418048
1081.000000,-0.930252,-0.943162,-1.404971,-1.901685,0.053094
1082.000000,-0.507734,-0.502693,-1.214634,-1.704217,0.736993
1083.000000,0.803837,-0.032013,-1.027015,-1.506763,1.988731
1084.000000,2.342681,0.887028,-0.630529,-1.142729,3.676141
1085.000000,3.055912,1.518063,-0.354531,-0.911291,2.379668
1086.000000,3.317281,2.004559,-0.021352,-0.636424,2.445006
1087.000000,3.296981,2.620612,0.563207,-0.295108,2.408601
1088.000000,3.033542,3.008325,1.102111,0.006309,2.036352
1089.000000,2.273725,2.758433,1.345471,0.020618,0.618023
1090.000000,1.883794,2.615359,1.683590,0.181288,0.747763
1091.000000,1.507416,2.459831,1.938603,0.406090,0.743016
1092.000000,1.215615,2.340882,2.285576,0.767030,1.110051
1093.000000,0.944234,2.139321,2.357903,1.046430,0.893218
1094.000000,1.100401,1.860774,2.377576,1.415810,1.310751
1095.000000,1.213333,1.714342,2.339700,1.717823,1.260222
1096.000000,1.207133,1.500306,2.187128,1.892026,0.764286
1097.000000,1.119999,1.287830,2.141336,2.127711,0.746671
1098.000000,1.015529,1.079723,2.115727,2.176179,0.435573
1099.000000,0.934411,1.114164,2.053039,2.197397,0.952344
1100.000000,0.775979,1.086699,1.984141,2.191120,0.555486
1101.000000,0.587654,0.985077,1.861405,2.085261,-0.117557
1102.000000,0.476030,0.885099,1.765128,2.088697,0.226543
1103.000000,0.452553,0.822276,1.648239,2.024841,0.307377
1104.000000,0.352330,0.733129,1.464394,1.966035,0.576289
1105.000000,0.278049,0.610435,1.331577,1.888024,0.249157
1106.000000,0.457599,0.590392,1.212522,1.802791,0.591612
1107.000000,0.406368,0.500754,1.050913,1.758349,-0.053119
1108.000000,0.480656,0.529697,0.948646,1.797787,0.639468
1109.000000,0.351338,0.408682,0.927029,1.746818,-0.025630
1110.000000,0.289806,0.337266,0.898426,1.722920,-0.126620
1111.000000,0.014016,0.353107,0.859044,1.684540,-0.566957
1112.000000,0.155135,0.411959,0.830861,1.667468,0.473988
1113.000000,-0.243760,0.371402,0.789244,1.593653,-0.421510
1114.000000,-0.158618,0.327120,0.722555,1.446045,0.354619
1115.000000,-0.118262,0.316282,0.631835,1.343673,-0.043007
1116.000000,0.965438,0.715283,0.709410,1.289467,2.290369
1117.000000,3.472695,3.458609,1.187105,1.420480,4.793124
1118.000000,4.538276,4.319356,1.894872,1.640647,4.145153
1119.000000,4.161848,4.132573,2.385791,1.895912,3.009375
1120.000000,3.669926,3.674305,2.630749,2.011841,1.861506
1121.000000,3.242664,3.373282,2.826099,2.096735,1.677350
1122.000000,2.496539,2.965140,2.727159,2.050487,0.771958
1123.000000,1.795745,2.717376,2.603518,2.013444,0.677453
1124.000000,1.092021,2.388124,2.348110,1.868734,-0.200104
1125.000000,0.580779,2.130059,2.132922,1.721655,-0.418568
1126.000000,0.117480,1.867718,1.947207,1.632453,-0.327268
1127.000000,0.153999,1.587172,1.988833,1.670317,0.915960
1128.000000,0.068340,1.154744,1.899101,1.665903,0.311662
1129.000000,0.178812,0.795809,1.844638,1.624041,0.263791
1130.000000,0.427710,0.629408,1.836259,1.643079,0.620829
1131.000000,0.562668,0.421502,1.796293,1.665061,0.228630
1132.000000,0.296381,0.281002,1.685804,1.622294,-0.208528
1133.000000,0.353645,0.262097,1.687889,1.646885,0.551441
1134.000000,0.384946,0.353738,1.658243,1.640024,0.384144
1135.000000,0.149582,0.375083,1.579078,1.587280,-0.353906
1136.000000,0.206305,0.504998,1.531369,1.595578,0.462300
1137.000000,0.075135,0.248898,1.224600,1.529610,-0.773060
1138.000000,-0.379184,0.007153,0.811952,1.395089,-1.229396
1139.000000,-0.688871,-0.169438,0.474535,1.335567,-0.788151
1140.000000,-0.847355,-0.451821,0.204417,1.269649,-0.932277
1141.000000,-1.278178,-0.724249,-0.102357,1.197730,-1.177136
1142.000000,-1.361544,-0.918355,-0.325266,1.103495,-1.102154
1143.000000,-1.340413,-1.278496,-0.568685,1.034190,-1.147926
1144.000000,-1.367691,-1.561047,-0.696640,0.979296,-0.903143
1145.000000,-1.376881,-1.708903,-0.831887,0.936887,-0.981799
1146.000000,-1.291327,-1.961253,-0.996120,0.840016,-0.872788
1147.000000,-1.225428,-1.922853,-1.385013,0.438537,-0.972691
1148.000000,-1.121153,-1.752228,-1.605045,-0.194554,-0.938620
1149.000000,-1.083548,-1.653911,-1.739804,-0.867959,-0.943263
1150.000000,-1.142718,-1.598907,-1.915948,-1.460859,-1.407439
1151.000000,-1.353759,-1.557667,-1.992812,-1.992156,-1.753812
1152.000000,-1.363788,-1.442669,-1.900161,-2.136843,-0.720869
1153.000000,-1.193392,-1.270798,-1.850726,-2.126107,0.080906
1154.000000,-1.034072,-1.180558,-1.807414,-1.999824,-0.215097
1155.000000,-0.711412,-1.083452,-1.689384,-1.857778,-0.179374
1156.000000,-0.241859,-0.977608,-1.655441,-1.725677,0.070936
1157.000000,-0.181156,-0.915589,-1.545360,-1.814746,-0.530186
1158.000000,-0.228023,-0.806638,-1.385109,-1.769918,-0.114785
1159.000000,-0.150976,-0.669367,-1.276177,-1.706818,0.117844
1160.000000,-0.046026,-0.436682,-1.161780,-1.682446,0.301227
1161.000000,-0.072696,-0.181847,-1.053067,-1.633783,-0.016678
1162.000000,0.132516,-0.042651,-0.944098,-1.533217,0.282716
1163.000000,0.210577,-0.039696,-0.847438,-1.533344,0.162142
1164.000000,0.287214,0.034606,-0.775518,-1.513829,0.428873
1165.000000,0.014689,-0.024558,-0.757159,-1.476825,-0.913676
1166.000000,-0.353553,-0.207438,-0.795452,-1.543291,-1.837897
1167.000000,-1.229635,-0.400110,-0.865503,-1.521057,-2.427664
1168.000000,-1.819871,-0.617087,-0.901110,-1.434723,-1.408153
1169.000000,-1.875448,-0.701069,-0.843807,-1.353673,0.322356
1170.000000,-1.647736,-0.952304,-0.747209,-1.290695,-0.347866
1171.000000,-0.454883,-0.611629,-0.390671,-1.135799,2.134708
1172.000000,1.158200,-0.095111,-0.075603,-0.967729,2.503145
1173.000000,1.602364,-0.070580,-0.066601,-0.882443,0.283981
1174.000000,1.501286,-0.156963,-0.018364,-0.833853,0.137213
1175.000000,1.309138,-0.127552,-0.081298,-0.826135,-0.759459
1176.000000,0.567654,0.165380,-0.175396,-0.827673,-0.392746
1177.000000,-0.452781,0.568242,-0.185049,-0.829089,-0.660672
1178.000000,-0.705890,0.763967,-0.306426,-0.823485,-0.512640
1179.000000,-0.712730,0.714065,-0.412418,-0.763411,0.099886
1180.000000,-0.085963,1.184720,-0.216469,-0.504416,1.203572
1181.000000,1.381240,1.881693,1.350963,0.148058,3.447658
1182.000000,2.638163,2.283024,2.574706,0.692000,2.867377
1183.000000,3.279950,3.000358,3.244855,1.150889,2.639854
1184.000000,3.350167,3.278300,3.357991,1.632398,2.273083
1185.000000,3.147030,3.382515,3.429807,2.049851,2.031696
1186.000000,2.681601,3.277365,3.405014,2.340349,1.845996
1187.000000,2.346374,3.144614,3.323974,2.529897,1.628957
1188.000000,1.995176,2.943493,3.094088,2.508997,1.187809
1189.000000,1.739864,2.749502,2.841532,2.440535,1.174047
1190.000000,1.375670,2.437893,2.594736,2.256044,0.401369
1191.000000,0.782001,1.877475,2.154115,1.977835,-0.856388
1192.000000,0.289109,1.457550,1.811507,1.766423,-0.595997
1193.000000,0.473117,1.418631,1.937427,1.892135,1.828893
1194.000000,0.436213,1.272902,1.935777,1.877235,0.929118
1195.000000,0.553370,1.137837,1.960951,1.909641,0.841474
1196.000000,1.162644,1.145446,2.051411,2.046141,1.681991
1197.000000,1.528304,1.082374,2.067918,2.113923,1.056781
1198.000000,1.322769,1.063073,2.064459,2.125256,0.966464
1199.000000,1.363227,1.061639,2.045454,2.093192,1.071454
1200.000000,1.367220,1.129509,1.969491,2.064415,0.805785
1201.000000,1.151765,1.360211,1.808148,1.970806,0.815689
1202.000000,1.084628,1.539379,1.671925,1.871123,0.802227
1203.000000,1.028325,1.383931,1.546453,1.847366,0.747209
1204.000000,0.927858,1.354119,1.438298,1.827134,0.664297
1205.000000,0.888543,1.340718,1.346562,1.835124,0.645038
1206.000000,0.839599,1.195433,1.266532,1.832510,0.594574
1207.000000,0.731559,1.108363,1.182897,1.824402,0.255930
1208.000000,0.477556,0.954589,1.095086,1.787847,-0.504338
1209.000000,0.128259,0.741069,0.996505,1.735013,-0.887954
1210.000000,-0.429222,0.500467,0.943259,1.647966,-1.318534
1211.000000,-1.366223,0.064396,0.942656,1.448996,-2.100911
1212.000000,-1.929681,-0.392126,0.961854,1.287109,-1.419717
1213.000000,-1.691523,-0.664253,0.832438,1.190007,0.039778
1214.000000,-1.266110,-0.870477,0.822281,1.117444,0.428512
1215.000000,-0.775656,-1.050710,0.818443,1.048403,0.433700
1216.000000,-0.810289,-1.792506,0.433925,0.850111,-2.021034
1217.000000,-0.683529,-2.000259,0.201594,0.712199,-0.924071
1218.000000,-1.061804,-2.020586,-0.080552,0.581619,-1.130393
1219.000000,-1.181634,-1.751279,-0.276696,0.510776,-0.038668
1220.000000,-1.498422,-1.614529,-0.549200,0.450941,-0.767379
1221.000000,-1.255476,-1.429116,-0.952678,0.468474,-1.344532
1222.000000,-1.643635,-1.573199,-1.617203,0.390416,-2.343659
1223.000000,-1.877626,-1.913094,-2.226892,0.012546,-2.174221
1224.000000,-2.261600,-2.187880,-2.629592,-0.320974,-1.892340
1225.000000,-2.416079,-2.405386,-2.837708,-0.765057,-2.036991
1226.000000,-2.292254,-2.167504,-2.783231,-1.344731,-1.475851
1227.000000,-2.036556,-2.094968,-2.646984,-1.805422,-1.370852
1228.000000,-1.784761,-1.977409,-2.448804,-2.129606,-1.129018
1229.000000,-1.540848,-1.954267,-2.252636,-2.310041,-0.812402
1230.000000,-1.249478,-1.852998,-2.076433,-2.344249,-0.725441
1231.000000,-0.883916,-1.631203,-1.802866,-2.242422,0.218577
1232.000000,-0.576236,-1.379268,-1.633320,-2.163706,0.026054
1233.000000,-0.455846,-1.218952,-1.632938,-2.132811,-0.632466
1234.000000,-0.404570,-1.084308,-1.655021,-2.085750,-0.617428
1235.000000,-0.419338,-0.942490,-1.687571,-2.052871,-0.831913
1236.000000,-0.528262,-0.789416,-1.519962,-1.977864,-0.092258
1237.000000,-0.486412,-0.588119,-1.413203,-1.875955,0.403443
1238.000000,-0.305282,-0.433578,-1.318599,-1.772921,0.127484
1239.000000,-0.164630,-0.341689,-1.316474,-1.690250,-0.113912
1240.000000,0.311116,-0.134698,-1.220634,-1.562181,0.812440
1241.000000,0.323109,-0.195061,-1.152546,-1.440803,-0.084106
1242.000000,0.162528,-0.234528,-1.030902,-1.364233,-0.165129
1243.000000,0.048604,-0.169398,-0.918740,-1.380051,-0.297020
1244.000000,-0.368529,-0.311161,-0.902333,-1.482283,-1.740306
1245.000000,-1.232359,-0.520850,-0.900928,-1.604741,-2.347302
