0.000000,5.385165,5.385165,5.385165,5.385165,-1.328007
1.000000,3.740584,3.741430,3.740902,3.741192,-2.107727
2.000000,2.997711,2.999424,2.998672,2.999334,-1.898703
3.000000,2.546094,2.548806,2.547745,2.548742,-1.631217
4.000000,2.232947,2.235206,2.234127,2.235287,-1.133007
5.000000,1.997542,1.999229,1.997903,1.999180,-0.814224
6.000000,1.811056,1.811683,1.810329,1.811633,-1.178876
7.000000,1.657874,1.657195,1.655997,1.657148,-0.657319
8.000000,1.527905,1.526109,1.525318,1.526202,-0.606973
9.000000,1.415136,1.412990,1.412081,1.412741,-0.283696
10.000000,1.315629,1.313430,1.312430,1.312723,0.015314
11.000000,1.226225,1.224303,1.223142,1.222992,-0.745837
12.000000,1.145045,1.143639,1.142142,1.141602,-0.247798
13.000000,1.070793,1.069677,1.067888,1.066937,0.090998
14.000000,1.001809,1.000967,0.998960,0.997785,0.304602
15.000000,0.936718,0.936399,0.934429,0.933003,-0.096156
16.000000,0.874876,0.875115,0.873233,0.871702,-2.047752
17.000000,0.815314,0.816404,0.814810,0.813373,-2.410372
18.000000,0.757799,0.760014,0.758639,0.757468,-2.336974
19.000000,0.702274,0.705441,0.704523,0.703373,-1.816821
20.000000,0.648432,0.652060,0.651785,0.650726,-1.619301
21.000000,0.596060,0.599580,0.599922,0.598880,-2.219098
22.000000,0.545448,0.547682,0.548603,0.547399,-0.702588
23.000000,0.493945,0.494893,0.496705,0.495429,-1.375173
24.000000,0.441602,0.441092,0.443651,0.442252,-0.622945
25.000000,0.387144,0.385181,0.388235,0.386795,-0.413303
26.000000,0.329712,0.326003,0.328907,0.327174,-0.334733
27.000000,0.262935,0.259325,0.261703,0.259636,-0.547555
28.000000,0.180450,0.175615,0.177451,0.174518,-0.909018
29.000000,-0.951507,-1.573375,-1.584507,-1.541851,-1.718458
30.000000,-0.990998,-1.407608,-1.729682,-1.511665,-0.507279
31.000000,-1.112645,-1.189884,-1.796115,-1.444668,-0.814132
32.000000,-1.241735,-1.243887,-1.918329,-1.398438,-1.136026
33.000000,-1.143378,-1.110180,-1.981296,-1.342106,-0.568499
34.000000,-0.716099,-1.007023,-1.978477,-1.295098,0.040239
35.000000,-0.513332,-0.897620,-1.898098,-1.261307,0.340774
36.000000,0.176069,-0.547434,-1.534503,-1.115850,1.949332
37.000000,0.890030,-0.191344,-1.183231,-1.018247,1.683842
38.000000,1.438891,0.223359,-0.832226,-0.919135,1.636600
39.000000,1.850654,0.808217,-0.492449,-0.824219,1.823448
40.000000,2.152322,1.220445,-0.135295,-0.739152,1.898396
41.000000,2.024321,1.593897,0.288922,-0.591417,1.564232
42.000000,1.880365,1.905054,0.539352,-0.503178,1.207704
43.000000,1.633071,2.007616,0.811302,-0.496433,0.625072
44.000000,1.184717,1.907300,0.901773,-0.608319,-0.195857
45.000000,0.538186,1.675183,0.863634,-0.807642,-0.975556
46.000000,-0.042173,1.266977,0.817449,-0.835943,-0.882395
47.000000,-0.437766,0.962664,0.855612,-0.735091,-0.430277
48.000000,-0.721642,0.631679,0.890276,-0.616304,-0.600961
49.000000,-0.787028,0.279047,1.041378,-0.513643,-0.502490
50.000000,-0.491954,0.033890,1.152259,-0.213241,0.323943
51.000000,-0.099263,-0.094232,1.361925,0.450272,0.833708
52.000000,0.310186,-0.094321,1.651424,1.041374,1.284494
53.000000,0.620329,-0.094743,1.736314,1.695600,0.666954
54.000000,0.963669,0.081757,1.766155,2.178393,0.914265
55.000000,1.088061,0.391505,1.749443,2.467506,0.862245
56.000000,1.102284,0.709248,1.576422,2.611395,0.918107
57.000000,1.072762,0.995581,1.478778,2.707604,1.167469
58.000000,1.323996,1.402563,1.465622,2.839594,1.731874
59.000000,1.412032,1.695820,1.387222,2.893526,1.343779
60.000000,1.504140,1.828919,1.310993,2.772944,1.317670
61.000000,1.522977,1.825345,1.244671,2.664635,1.037078
62.000000,1.665424,1.885470,1.323923,2.674169,1.802748
63.000000,1.771827,2.084830,1.544050,2.656977,2.165227
64.000000,1.942467,2.221392,1.877818,2.591490,2.086774
65.000000,1.973232,2.263054,2.230351,2.477223,1.542373
66.000000,2.049593,2.285509,2.508119,2.302266,1.630950
67.000000,1.812431,2.159003,2.559224,2.121593,0.911759
68.000000,1.562713,1.997226,2.585095,1.989444,1.060161
69.000000,1.448390,1.960456,2.606792,1.908246,1.545633
70.000000,1.472295,1.939384,2.541423,1.845532,1.637444
71.000000,1.387784,1.894364,2.400403,1.777522,1.249095
72.000000,1.458979,1.796675,2.264445,1.744966,1.309022
73.000000,1.465710,1.660215,2.176499,1.741141,1.175975
74.000000,1.338167,1.515821,2.075543,1.768527,0.988796
75.000000,1.222711,1.446450,2.007352,1.841651,1.131243
76.000000,1.165015,1.356246,1.939651,1.891276,1.010998
77.000000,1.100278,1.341695,1.870509,1.911586,1.016854
78.000000,1.050329,1.306509,1.775744,1.928179,0.926049
79.000000,1.131128,1.266234,1.736132,1.957945,1.411502
80.000000,1.205053,1.227694,1.706107,1.954068,1.519513
81.000000,1.301380,1.231899,1.687391,1.925248,1.438979
82.000000,1.428287,1.247384,1.639486,1.889387,1.574813
83.000000,1.590138,1.292009,1.576849,1.880876,1.640354
84.000000,1.313336,1.221106,1.445248,1.806811,-0.092419
85.000000,0.970129,1.112499,1.342351,1.740027,-0.342095
86.000000,0.576104,0.998505,1.234055,1.675703,-0.628874
87.000000,0.092487,0.884168,1.177735,1.613601,-0.587417
88.000000,-0.531092,0.758649,1.112445,1.530875,-0.729002
89.000000,-1.065109,0.397633,0.965769,1.428988,-2.224438
90.000000,-1.666033,-0.092322,0.791162,1.322263,-2.481825
91.000000,-2.305463,-0.760325,0.605901,1.211446,-2.850822
92.000000,-2.622919,-1.491095,0.416453,1.085470,-2.137302
93.000000,-2.531212,-2.037646,0.268316,0.974167,-1.075284
94.000000,-2.344919,-2.295701,0.051373,0.821471,-1.791238
95.000000,-2.136725,-2.409660,-0.232634,0.684288,-1.739528
96.000000,-1.779421,-2.349997,-0.511644,0.551594,-1.264779
97.000000,-1.844193,-2.452140,-0.981728,0.381499,-2.336987
98.000000,-2.012260,-2.456187,-1.453147,0.193545,-1.991449
99.000000,-1.990998,-2.317097,-1.922124,-0.056075,-1.805899
100.000000,-2.261001,-2.358459,-2.459934,-0.493354,-2.881368
101.000000,-2.401283,-2.277427,-2.706606,-0.919401,-2.242427
102.000000,-2.307003,-2.229278,-2.792013,-1.389194,-2.007702
103.000000,-2.286309,-2.265248,-2.797228,-1.865724,-2.026130
104.000000,-2.259073,-2.224336,-2.666792,-2.234081,-1.865111
105.000000,-2.065970,-2.197810,-2.556334,-2.484691,-1.893226
106.000000,-1.900415,-2.149890,-2.421847,-2.542030,-1.472649
107.000000,-1.752927,-2.025074,-2.306537,-2.513588,-1.309983
108.000000,-1.703389,-1.992678,-2.250168,-2.495107,-1.755023
109.000000,-1.698511,-1.983658,-2.176986,-2.478295,-1.822074
110.000000,-1.632975,-1.861831,-2.092772,-2.427207,-1.572336
111.000000,-1.692620,-1.816816,-2.029286,-2.388656,-1.775778
112.000000,-1.645708,-1.719059,-1.945170,-2.306256,-1.097679
113.000000,-1.465654,-1.597573,-1.883405,-2.221757,-0.807089
114.000000,-1.266241,-1.495090,-1.812083,-2.113422,-0.800148
115.000000,-1.121208,-1.395389,-1.754102,-2.025636,-0.844136
116.000000,-1.223382,-1.482966,-1.797173,-2.023844,-2.298516
117.000000,-1.510779,-1.597650,-1.812083,-2.029716,-2.327067
118.000000,-2.013889,-1.749029,-1.880459,-2.071432,-2.886406
119.000000,-2.423859,-1.881324,-1.944396,-2.086041,-2.669933
120.000000,-2.657464,-1.998797,-1.945372,-2.083226,-2.352344
121.000000,-2.520155,-2.023072,-1.934183,-2.050767,-1.885157
122.000000,-2.300571,-2.041475,-1.897631,-2.005671,-1.401842
123.000000,-2.007251,-2.073662,-1.861625,-1.981051,-1.377286
124.000000,-1.728405,-2.083445,-1.826812,-1.942575,-1.251574
125.000000,-1.485767,-2.075355,-1.787558,-1.905448,-1.156748
126.000000,-1.353426,-1.974297,-1.776066,-1.884885,-1.251447
127.000000,-1.507308,-1.969436,-1.827406,-1.890512,-2.105333
128.000000,-1.535833,-1.840737,-1.818390,-1.873337,-1.495374
129.000000,-1.555255,-1.706408,-1.796613,-1.853562,-1.327146
130.000000,-1.604280,-1.604400,-1.790021,-1.813770,-1.393560
131.000000,-1.477867,-1.470703,-1.729911,-1.756881,-0.637189
132.000000,-1.181541,-1.397968,-1.706358,-1.711502,-0.682122
133.000000,-0.963063,-1.304341,-1.682468,-1.659239,-0.434526
134.000000,-0.762048,-1.218767,-1.657579,-1.612105,-0.352968
135.000000,-0.449896,-1.103587,-1.613270,-1.552472,0.066025
136.000000,-0.338982,-0.998134,-1.527755,-1.516438,-0.110625
137.000000,-0.138885,-0.747126,-1.427392,-1.477807,0.257571
138.000000,0.030759,-0.550162,-1.291562,-1.427131,0.344958
139.000000,0.179794,-0.368454,-1.157887,-1.378763,0.290310
140.000000,0.145770,-0.203026,-1.051751,-1.354743,-0.126314
141.000000,0.203354,-0.109712,-0.956972,-1.317919,0.106636
142.000000,0.205350,0.014846,-0.885823,-1.303103,0.273722
143.000000,0.191691,0.115555,-0.815219,-1.302641,0.315100
144.000000,0.200278,0.219579,-0.752559,-1.308688,0.375757
145.000000,0.371633,0.283881,-0.691922,-1.318334,0.592337
146.000000,0.216978,0.257033,-0.673551,-1.312483,-0.893595
147.000000,0.334093,0.321610,-0.491902,-1.265871,0.772325
148.000000,0.343620,0.330468,-0.357147,-1.188482,0.370915
149.000000,0.294847,0.333429,-0.218066,-1.102246,0.271452
150.000000,0.268208,0.473272,-0.019775,-1.006816,0.545287
151.000000,0.668236,0.569270,0.112140,-0.924081,0.636673
152.000000,0.671695,0.640348,0.292970,-0.862574,0.797744
153.000000,0.711011,0.651045,0.450750,-0.802378,0.520685
154.000000,0.424994,0.440587,0.513560,-0.793066,-0.830732
155.000000,0.088666,0.221431,0.502920,-0.789655,-0.743131
156.000000,-0.439920,0.151035,0.448080,-0.804186,-1.347029
157.000000,-1.168325,-0.311886,0.164136,-0.726140,-2.128066
158.000000,-1.887972,-0.808881,-0.276854,-0.734557,-2.468929
159.000000,-2.048089,-1.165178,-0.628218,-0.712598,-1.659081
160.000000,-2.467314,-1.738994,-1.020816,-0.740088,-2.595481
161.000000,-2.702855,-2.278345,-1.498419,-0.953727,-2.633246
162.000000,-2.542870,-2.572822,-1.822050,-1.124740,-1.895857
163.000000,-2.223260,-2.629279,-1.997470,-1.310484,-1.365122
164.000000,-1.961873,-2.420867,-2.050240,-1.444332,-0.747573
165.000000,-1.668349,-2.304994,-2.162976,-1.740191,-1.138769
166.000000,-1.318099,-2.124443,-2.075454,-1.947539,-0.956572
167.000000,-1.154429,-1.939492,-2.160916,-2.213586,-1.132860
168.000000,-1.215793,-1.815201,-2.221731,-2.499505,-1.647890
169.000000,-1.504131,-1.832677,-2.281780,-2.727516,-2.048140
170.000000,-1.845635,-1.859791,-2.393611,-2.848266,-2.572605
171.000000,-1.980321,-1.753927,-2.376913,-2.806554,-1.671627
172.000000,-1.968437,-1.672206,-2.320283,-2.699460,-1.237011
173.000000,-1.935783,-1.690239,-2.281627,-2.618328,-1.555612
174.000000,-1.711328,-1.696782,-2.143929,-2.479304,-0.962388
175.000000,-1.369097,-1.663948,-2.035285,-2.363102,-0.931339
176.000000,-1.169702,-1.627279,-1.909594,-2.185204,-0.741896
177.000000,-0.955784,-1.522780,-1.755468,-2.078564,-0.199685
178.000000,-0.613270,-1.353362,-1.598276,-1.961560,0.063234
179.000000,-0.090428,-0.995631,-1.411150,-1.780104,1.510360
180.000000,0.385076,-0.585855,-1.224584,-1.661808,1.214765
181.000000,0.856733,-0.255359,-1.033244,-1.567958,1.257039
182.000000,1.298653,0.090868,-0.857324,-1.476388,1.655389
183.000000,1.744810,0.563983,-0.689615,-1.374243,1.937700
184.000000,1.886851,1.030599,-0.530350,-1.217868,2.095437
185.000000,2.010172,1.476487,-0.347034,-1.086461,1.791855
186.000000,2.115078,1.907944,-0.136072,-0.921561,1.882473
187.000000,2.103762,2.181921,0.124266,-0.730423,1.825665
188.000000,1.925594,2.261793,0.413327,-0.549591,1.306004
189.000000,1.774813,2.165887,0.806565,-0.373280,1.467910
190.000000,1.696000,2.103482,1.310639,-0.118389,1.481486
191.000000,1.526977,1.990590,1.660628,0.158549,1.124192
192.000000,1.370519,1.860382,1.908460,0.432308,1.100367
193.000000,1.268411,1.701638,2.093445,0.677316,0.853328
194.000000,1.123847,1.538058,2.156179,0.897154,0.788393
195.000000,0.965096,1.410094,2.169661,1.164168,0.731015
196.000000,0.898490,1.288939,2.156576,1.439635,0.808486
197.000000,0.767799,1.137582,2.063300,1.667548,0.478562
198.000000,0.706260,1.052988,1.969484,1.906227,0.562704
199.000000,0.723572,0.988398,1.829812,2.142685,0.886235
200.000000,0.812048,0.951822,1.750428,2.365031,1.225956
201.000000,0.881250,0.948603,1.681648,2.406784,1.202201
202.000000,1.005912,0.932564,1.600541,2.362411,1.061125
203.000000,1.216052,0.987827,1.547113,2.360784,1.574779
204.000000,1.374333,1.056846,1.491324,2.307907,1.614121
205.000000,1.434252,1.124867,1.448772,2.248460,1.489172
206.000000,1.546180,1.207854,1.410300,2.191927,1.718824
207.000000,1.703463,1.345787,1.370918,2.115786,1.659207
208.000000,1.781813,1.510863,1.370830,2.048870,1.892504
209.000000,1.755655,1.610904,1.347874,1.926041,1.433441
210.000000,1.732778,1.654717,1.321386,1.838777,1.350860
211.000000,1.421470,1.610004,1.280933,1.741027,0.179473
212.000000,1.182938,1.614466,1.255311,1.656983,0.522159
213.000000,0.786423,1.475466,1.233590,1.566245,-0.005502
214.000000,0.619668,1.375716,1.246954,1.492263,0.714288
215.000000,0.526976,1.315422,1.281552,1.442960,0.997937
216.000000,0.346031,1.030575,1.250806,1.352769,-0.665957
217.000000,0.066234,0.736745,1.251703,1.263303,-0.732226
218.000000,-0.171591,0.372413,1.234631,1.193224,-1.055315
219.000000,-0.386004,0.152650,1.220247,1.135893,-0.225344
220.000000,-0.440788,0.062440,1.212170,1.100266,0.753853
221.000000,-0.148383,0.120203,1.197392,1.080999,0.619091
222.000000,0.266942,0.191408,1.223226,1.074896,1.042887
223.000000,0.614299,0.249877,1.150036,1.069028,0.414056
224.000000,0.685375,0.161613,1.042115,1.061654,0.032642
225.000000,0.543588,0.037729,0.950422,1.065227,0.101101
226.000000,0.484920,0.180346,0.849170,1.076270,0.346213
227.000000,0.345357,0.367820,0.768015,1.129876,0.540332
228.000000,0.448891,0.666445,0.685564,1.199721,0.894130
229.000000,0.607305,0.815840,0.615415,1.242362,0.506778
230.000000,0.750853,0.804838,0.540441,1.256451,0.474690
231.000000,0.398442,0.604849,0.480319,1.224887,-1.056621
232.000000,0.068822,0.334931,0.404077,1.226645,-0.586089
233.000000,-0.621337,0.001274,0.296705,1.127517,-1.418766
234.000000,-1.318282,-0.404192,-0.042910,0.968734,-1.896855
235.000000,-1.938401,-0.881925,-0.561343,0.779802,-1.927754
236.000000,-2.052614,-1.343191,-0.798642,0.528520,-1.707142
237.000000,-2.065319,-1.585823,-0.896602,0.302741,-0.867794
238.000000,-2.042422,-1.947705,-0.999582,-0.036679,-1.423947
239.000000,-2.079991,-2.312936,-1.511953,-0.447825,-2.078550
240.000000,-2.083900,-2.574707,-2.216919,-0.880638,-1.959935
241.000000,-2.031118,-2.527248,-2.615580,-1.127968,-1.643465
242.000000,-1.985884,-2.447965,-2.764527,-1.325493,-0.946883
243.000000,-1.950089,-2.352389,-2.770225,-1.502790,-1.494290
244.000000,-1.982911,-2.335646,-2.790501,-1.837585,-2.261486
245.000000,-2.054965,-2.330673,-2.798013,-2.133075,-2.306441
246.000000,-2.183267,-2.341854,-2.810669,-2.201210,-2.309497
247.000000,-2.450957,-2.453434,-2.843368,-2.279768,-2.493324
248.000000,-2.535982,-2.465959,-2.845702,-2.299635,-2.339797
249.000000,-2.437532,-2.391595,-2.783316,-2.343342,-2.095194
250.000000,-2.250514,-2.276011,-2.676942,-2.370900,-1.641614
251.000000,-2.107442,-2.216036,-2.545599,-2.373293,-1.726621
252.000000,-1.882183,-2.170322,-2.436364,-2.351839,-1.421959
253.000000,-1.706592,-2.103723,-2.324361,-2.297742,-1.459558
254.000000,-1.499126,-1.952675,-2.185332,-2.204335,-1.070279
255.000000,-1.338606,-1.792090,-2.052894,-2.116485,-0.845705
256.000000,-1.291782,-1.713497,-1.997147,-2.098546,-1.486456
257.000000,-1.240532,-1.586114,-1.952782,-2.068332,-1.167258
258.000000,-0.975105,-1.371008,-1.831181,-1.992540,-0.095563
259.000000,-0.709857,-1.142393,-1.684218,-1.903868,0.355395
260.000000,-0.590369,-1.011587,-1.590605,-1.860417,-0.192433
261.000000,-0.333653,-0.880344,-1.526537,-1.801005,-0.368215
262.000000,-0.048994,-0.743299,-1.474370,-1.747897,0.043742
263.000000,0.050543,-0.560831,-1.396191,-1.671950,0.403915
264.000000,-0.020895,-0.441767,-1.306932,-1.605039,0.089652
265.000000,-0.047075,-0.383555,-1.233780,-1.558737,-0.361195
266.000000,0.231687,-0.101363,-1.105740,-1.478951,0.884575
267.000000,0.572257,0.234273,-0.933177,-1.406352,1.586254
268.000000,0.772728,0.398124,-0.770924,-1.338669,1.252418
269.000000,1.157243,0.555940,-0.584588,-1.241551,1.634386
270.000000,1.770770,0.892186,-0.377187,-1.125600,2.122691
271.000000,1.994555,1.251699,-0.138850,-1.026217,1.875583
272.000000,2.159137,1.625768,0.150823,-0.923276,2.329137
273.000000,2.413214,1.976806,0.538905,-0.773435,2.526550
274.000000,2.417683,2.223666,0.918191,-0.594842,2.011464
275.000000,2.216642,2.356459,1.272785,-0.414111,1.510816
276.000000,2.017047,2.265729,1.686240,-0.216801,1.199489
277.000000,1.839367,2.159158,2.044099,0.079389,1.517870
278.000000,1.602357,2.075652,2.161083,0.430777,1.375223
279.000000,1.356219,1.913533,2.107969,0.785055,0.835981
280.000000,1.147466,1.702159,2.046399,1.108220,0.491171
281.000000,1.105842,1.590243,2.029818,1.521643,0.982275
282.000000,0.969685,1.442168,1.964713,1.850568,0.868381
283.000000,0.923025,1.306743,1.907026,2.136051,1.182328
284.000000,0.933042,1.187035,1.851910,2.247156,0.866069
285.000000,0.956881,1.088719,1.806454,2.240193,0.542414
286.000000,0.874958,1.028956,1.713798,2.253929,0.557363
287.000000,0.789046,0.915438,1.603624,2.197825,0.391558
288.000000,0.694744,0.848479,1.546484,2.083215,0.814590
289.000000,0.749889,0.882824,1.499209,1.980115,1.192266
290.000000,0.902294,0.968850,1.436458,1.930152,1.221934
291.000000,0.992079,0.964714,1.378108,1.883882,0.926540
292.000000,1.212435,1.022196,1.322182,1.845564,1.401380
293.000000,1.089768,0.917474,1.199243,1.755665,0.110527
294.000000,0.895835,0.862666,1.107101,1.698484,0.158913
295.000000,0.527771,0.793752,1.021950,1.650376,-0.791934
296.000000,-0.096691,0.600368,0.916218,1.537881,-2.181800
297.000000,-1.015001,0.417618,0.782098,1.424156,-1.897680
298.000000,-1.636964,0.151492,0.655982,1.344995,-1.657950
299.000000,-2.133929,-0.194951,0.594166,1.276443,-0.968380
300.000000,-1.823095,-0.473873,0.621638,1.224280,0.466771
301.000000,-1.086721,-0.769872,0.600613,1.185314,0.474697
302.000000,-0.679766,-1.550833,0.533262,1.097903,-0.562163
303.000000,-0.097767,-1.769954,0.451508,1.006825,0.274271
304.000000,-0.716926,-2.573583,0.167639,0.838319,-2.795724
305.000000,-1.715436,-2.770795,-0.146019,0.683986,-2.519024
306.000000,-2.471211,-2.598527,-0.537269,0.535613,-2.244600
307.000000,-2.796680,-2.533171,-0.993749,0.317511,-2.277007
308.000000,-3.018950,-2.502340,-1.549183,0.074999,-2.058966
309.000000,-2.469661,-2.377870,-2.007962,-0.085872,-1.065683
310.000000,-2.083344,-2.434598,-2.379887,-0.245264,-1.121251
311.000000,-1.901441,-2.532663,-2.592035,-0.546585,-1.563108
312.000000,-1.631546,-2.435757,-2.665942,-0.851416,-1.176864
313.000000,-1.494554,-2.457351,-2.572997,-1.268992,-1.502374
314.000000,-1.707892,-2.307429,-2.544209,-1.714572,-2.037868
315.000000,-1.847584,-2.171954,-2.441419,-2.042946,-1.824937
316.000000,-1.644362,-1.936200,-2.198858,-2.136099,-0.763539
317.000000,-1.467433,-1.683340,-1.997362,-2.110624,-0.450230
318.000000,-1.182049,-1.440099,-1.830121,-2.072327,-0.175154
319.000000,-0.676231,-1.264766,-1.688865,-2.010990,0.316513
320.000000,-0.069054,-1.038179,-1.592202,-1.905523,0.881009
321.000000,0.372065,-0.734870,-1.495308,-1.772345,1.156504
322.000000,0.704061,-0.510456,-1.395412,-1.717005,0.896613
323.000000,0.988210,-0.227364,-1.338766,-1.596151,0.888847
324.000000,1.043657,0.111187,-1.181338,-1.532838,0.407045
325.000000,0.689413,0.328743,-1.104276,-1.513974,-0.671959
326.000000,0.301947,0.428465,-1.009405,-1.429849,-0.363413
327.000000,-0.093565,0.437622,-0.920072,-1.382921,-0.654083
328.000000,-0.371023,0.464362,-0.797939,-1.327187,-0.183316
329.000000,-0.537959,0.385261,-0.755979,-1.313778,-0.256204
330.000000,-0.340333,0.257212,-0.682681,-1.343366,0.131284
331.000000,-0.268189,0.033690,-0.580262,-1.397165,-0.060248
332.000000,-0.053698,-0.106806,-0.485619,-1.401193,0.203005
333.000000,0.283420,-0.100930,-0.255719,-1.394569,1.218689
334.000000,0.675023,0.009775,0.110105,-1.239397,1.170853
335.000000,0.881603,0.320298,0.520950,-1.090508,0.913494
336.000000,1.078283,0.552795,0.820798,-0.945117,0.763869
337.000000,1.190659,0.852752,1.121217,-0.761618,0.772905
338.000000,1.172523,1.100431,1.445153,-0.525872,1.155046
339.000000,1.271974,1.420865,1.734384,-0.313241,1.580566
340.000000,1.407307,1.606727,1.850788,-0.053468,1.489205
341.000000,1.434096,1.702903,1.755258,0.273251,0.938024
342.000000,1.579381,1.834021,1.769902,0.699673,1.460985
343.000000,1.782216,1.940559,1.862677,1.364108,2.075024
344.000000,1.962959,2.101368,2.042226,2.155935,2.410460
345.000000,2.078149,2.226194,2.259365,2.628778,2.056524
346.000000,2.268314,2.337263,2.357817,2.718776,1.929811
347.000000,2.402490,2.461301,2.484000,2.718767,2.213603
348.000000,2.300386,2.454820,2.477390,2.615761,1.816758
349.000000,2.031163,2.344002,2.428475,2.441857,1.382769
350.000000,1.895280,2.268861,2.373820,2.277685,1.534977
351.000000,1.799601,2.244384,2.346218,2.136704,1.562751
352.000000,1.754317,2.222193,2.344814,2.087477,1.969254
353.000000,1.710411,2.099890,2.268739,2.024821,1.636083
354.000000,1.675031,1.929844,2.179898,1.978441,1.316968
355.000000,1.435860,1.720696,2.052676,1.933037,0.450532
356.000000,1.102279,1.485634,1.915909,1.842388,-0.120850
357.000000,0.682171,1.240530,1.801801,1.781151,-0.162693
358.000000,0.337719,1.056876,1.698173,1.717872,-0.016791
359.000000,-0.025131,0.890619,1.573020,1.655480,-0.333402
360.000000,-0.287319,0.669782,1.441621,1.571481,-0.772653
361.000000,-0.505717,0.404449,1.329253,1.497580,-1.168339
362.000000,-0.689174,0.083816,1.212318,1.439590,-0.978381
363.000000,-0.792144,-0.171815,1.096669,1.386744,-0.362310
364.000000,-0.924127,-0.468027,0.930023,1.318287,-0.876178
365.000000,-0.981958,-0.670899,0.776060,1.259837,-1.011856
366.000000,-1.138028,-0.902286,0.566894,1.171961,-1.849984
367.000000,-1.126500,-1.025704,0.380904,1.134592,-0.891403
368.000000,-1.259055,-1.176323,0.200018,1.081469,-0.922875
369.000000,-1.282095,-1.280957,0.027624,1.004975,-0.977933
370.000000,-1.281036,-1.322144,-0.188125,0.925988,-1.025253
371.000000,-0.995391,-1.250372,-0.409421,0.902154,-0.602072
372.000000,-0.843436,-1.152341,-0.694623,0.872412,-0.220673
373.000000,-0.591432,-1.075907,-0.955182,0.820039,0.201144
374.000000,-0.279673,-0.902463,-1.184245,0.738739,0.418946
375.000000,0.083468,-0.692393,-1.265685,0.687011,0.593001
376.000000,0.167039,-0.478482,-1.335470,0.544085,-0.242375
377.000000,0.013694,-0.479899,-1.441589,0.240673,-0.944171
378.000000,-0.327942,-0.524771,-1.572648,-0.140410,-1.313950
379.000000,-0.682264,-0.535832,-1.605489,-0.524463,-1.093736
380.000000,-0.947500,-0.465744,-1.509107,-0.947137,-0.499131
381.000000,-0.967258,-0.423279,-1.351750,-1.432388,-0.238773
382.000000,-0.698110,-0.364662,-1.181701,-1.948913,0.422737
383.000000,-0.214412,-0.320633,-1.060564,-2.260035,0.981863
384.000000,0.191857,-0.371909,-0.941679,-2.423678,0.484173
385.000000,0.413462,-0.517542,-0.848070,-2.337961,-0.001698
386.000000,0.572061,-0.544220,-0.674773,-2.147561,-0.090149
387.000000,0.924959,-0.211625,-0.506861,-1.865026,1.539068
388.000000,0.788611,0.178081,-0.390678,-1.721422,0.567760
389.000000,0.770674,0.627348,-0.267093,-1.570261,0.412651
390.000000,1.081708,1.150588,-0.072325,-1.345451,1.031186
391.000000,1.404111,1.639055,0.098606,-1.095322,1.102627
392.000000,0.793317,1.426021,0.102145,-0.999048,-0.475730
393.000000,0.729751,1.217279,0.115794,-0.931309,0.359060
394.000000,0.609727,1.074659,0.046021,-0.831523,-0.004947
395.000000,0.348903,1.094913,-0.066803,-0.708687,0.161657
396.000000,-0.527988,0.715786,-0.285668,-0.608616,-1.854783
397.000000,-0.862875,-0.015862,-0.310545,-0.621510,-1.556847
398.000000,-0.901655,-0.079810,0.182597,-0.493168,0.340967
399.000000,-0.666146,0.027387,0.821916,-0.307356,0.844970
400.000000,-0.529055,-0.096871,1.211693,-0.108528,0.690058
401.000000,0.430738,-0.203868,1.488932,0.060518,0.895492
402.000000,1.682601,0.789905,1.726413,0.296961,1.932215
403.000000,2.000423,1.424858,1.733996,0.456752,1.535677
404.000000,2.121517,2.142550,1.889318,0.615234,1.588494
405.000000,2.230798,2.458444,2.050633,0.756087,1.414214
406.000000,2.485288,3.291615,2.323585,1.296111,2.188479
407.000000,2.424184,3.509626,2.323911,2.042283,2.205466
408.000000,2.488286,3.313426,2.509486,2.693290,2.430688
409.000000,2.394808,3.010855,2.576141,2.882525,1.808705
410.000000,2.350094,2.791890,2.524128,2.805152,1.599235
411.000000,1.957505,2.473403,2.320260,2.568520,0.512923
412.000000,1.622231,2.167935,2.319390,2.350808,0.725312
413.000000,1.145847,1.921983,2.193004,2.121897,0.352293
414.000000,0.761668,1.692068,2.090485,1.979537,0.113277
415.000000,0.483436,1.558660,2.022456,1.927439,0.396384
416.000000,0.534520,1.394192,2.128206,1.920414,0.745237
417.000000,0.625344,1.264953,2.211183,1.846386,1.127658
418.000000,0.851559,1.124441,2.163696,1.860277,1.318228
419.000000,0.700726,0.823293,1.936839,1.740189,-0.549305
420.000000,0.549974,0.582030,1.780045,1.620050,-0.267304
421.000000,0.189105,0.409371,1.590434,1.462801,-0.816451
422.000000,-0.192443,0.251048,1.390368,1.435554,-0.508316
423.000000,-0.767208,0.062791,1.188599,1.325730,-1.081121
424.000000,-1.054505,-0.195320,0.940776,1.191634,-1.730538
425.000000,-1.470541,-0.550004,0.681252,1.025068,-1.964498
426.000000,-1.773672,-0.974253,0.336115,0.965937,-2.070527
427.000000,-2.202857,-1.525563,-0.106169,0.855787,-2.443710
428.000000,-2.322966,-1.975905,-0.578672,0.668116,-1.871615
429.000000,-2.209518,-2.069976,-0.987247,0.463499,-1.520293
430.000000,-2.179621,-2.251374,-1.468712,0.160499,-2.044568
431.000000,-2.139089,-2.332466,-1.821268,-0.223314,-2.045629
432.000000,-1.927641,-2.324096,-2.062353,-0.677385,-1.539592
433.000000,-1.709834,-2.176966,-2.131936,-1.045252,-0.949446
434.000000,-1.522040,-1.966847,-2.113190,-1.406059,-0.689386
435.000000,-1.313481,-1.804842,-2.133057,-1.834267,-1.002178
436.000000,-0.939308,-1.573231,-2.066963,-2.154976,-0.233290
437.000000,-0.758778,-1.387862,-2.068644,-2.438390,-0.683517
438.000000,-0.606867,-1.213831,-2.026936,-2.519867,-0.207455
439.000000,-0.520516,-1.087308,-1.885499,-2.474588,-0.258344
440.000000,-0.124014,-0.792792,-1.703657,-2.283015,0.937399
441.000000,0.040662,-0.517631,-1.547243,-2.088056,0.561066
442.000000,0.267502,-0.316733,-1.451771,-1.978225,0.255197
443.000000,0.501015,-0.121616,-1.306480,-1.817621,0.809274
444.000000,0.979791,0.168852,-1.074042,-1.582826,1.806776
445.000000,1.431910,0.667322,-0.757170,-1.299775,2.668073
446.000000,1.815202,1.024628,-0.471313,-1.109146,2.118788
447.000000,2.248047,1.490899,-0.119492,-0.923654,2.305130
448.000000,2.660712,1.990528,0.324229,-0.644597,2.914559
449.000000,2.749557,2.367452,0.787152,-0.211150,2.604842
450.000000,2.772153,2.601616,1.422569,0.359308,2.899532
451.000000,2.704148,2.676638,1.962925,0.919507,2.270860
452.000000,2.516699,2.645794,2.296440,1.369576,1.770309
453.000000,2.284580,2.572943,2.482642,1.838495,1.767907
454.000000,2.059945,2.419598,2.525990,2.206033,1.490315
455.000000,1.760464,2.229309,2.520439,2.444948,1.351867
456.000000,1.497274,2.058957,2.404688,2.520446,0.962364
457.000000,1.325113,1.902415,2.313902,2.549242,0.910675
458.000000,1.161302,1.728471,2.215950,2.516633,0.946484
459.000000,1.006677,1.557632,2.116298,2.428832,0.723817
460.000000,0.775250,1.302899,1.958844,2.320562,0.196419
461.000000,0.639247,1.111033,1.849564,2.241001,0.273320
462.000000,0.474891,0.949577,1.757799,2.139729,0.082625
463.000000,0.225039,0.749986,1.647563,2.010363,-0.280086
464.000000,0.001608,0.568887,1.525971,1.895033,-0.330077
465.000000,-0.118577,0.390457,1.389439,1.812032,-0.383994
466.000000,-0.318505,0.223543,1.268334,1.703265,-0.666261
467.000000,-0.369049,0.107514,1.180006,1.660994,-0.080035
468.000000,-0.432916,-0.070436,1.042808,1.591150,-0.583987
469.000000,-0.508514,-0.242408,0.906439,1.534382,-0.686212
470.000000,-0.570101,-0.349345,0.732472,1.458766,-0.656251
471.000000,-0.549103,-0.468558,0.582002,1.410014,-0.573788
472.000000,-0.642412,-0.552873,0.460804,1.388394,-0.407247
473.000000,-0.655116,-0.610216,0.312352,1.354855,-0.614861
474.000000,-0.608768,-0.650621,0.172390,1.306579,-0.453600
475.000000,-0.637906,-0.721284,-0.000858,1.216914,-0.812181
476.000000,-0.634522,-0.720146,-0.149993,1.157220,-0.567629
477.000000,-0.604956,-0.778528,-0.308010,1.102692,-0.275198
478.000000,-0.480044,-0.713568,-0.495372,1.016872,-0.065175
479.000000,-0.323759,-0.580044,-0.665509,0.937642,0.262989
480.000000,-0.000751,-0.392555,-0.724790,0.814320,0.740235
481.000000,0.397319,-0.152063,-0.731991,0.733559,1.405498
482.000000,0.665355,0.005407,-0.724403,0.656949,0.948964
483.000000,0.724872,0.087521,-0.712338,0.502211,-0.011236
484.000000,0.700828,0.142419,-0.678966,0.338011,-0.098164
485.000000,0.665854,0.311801,-0.568883,0.180764,0.521477
486.000000,0.064134,0.292003,-0.549236,-0.056698,-1.301537
487.000000,-0.400353,0.272014,-0.603451,-0.320779,-0.888152
488.000000,-0.418967,0.318750,-0.496576,-0.591976,0.051699
489.000000,-0.063315,0.486174,-0.274458,-0.747178,1.494172
490.000000,-0.065921,0.468654,-0.127885,-0.844020,0.571854
491.000000,0.942148,0.581643,0.156275,-0.767507,2.249836
492.000000,1.442599,0.597264,0.318021,-0.733410,0.993531
493.000000,1.902405,1.009794,0.639246,-0.420290,2.015479
494.000000,1.524180,1.051042,0.767173,-0.318105,0.108109
495.000000,1.141835,0.780268,0.857457,-0.332852,-0.911076
496.000000,0.478979,0.914915,0.969793,-0.190678,-0.469659
497.000000,0.069898,0.948956,1.032899,-0.251261,-0.597783
498.000000,-1.069268,0.588718,0.845726,-0.367928,-1.960459
499.000000,-1.745066,-0.086055,0.478855,-0.522605,-2.205410
500.000000,-2.048036,-0.641038,-0.027640,-0.676107,-2.009947
501.000000,-2.171614,-1.396999,-0.546831,-0.738959,-1.247778
502.000000,-2.106516,-1.790437,-0.863362,-0.775855,-0.728578
503.000000,-1.667603,-2.228544,-0.909355,-0.717549,-0.325948
504.000000,-1.002171,-2.075227,-0.805286,-0.570095,0.433256
505.000000,-0.178720,-1.615933,-0.668690,-0.165194,1.156846
506.000000,0.721613,-1.044741,-0.072433,0.451894,1.996247
507.000000,1.491417,-0.395580,0.527486,1.142676,2.042666
508.000000,1.926313,0.440790,0.920272,1.697785,1.555027
509.000000,2.270854,1.528684,1.311597,2.305544,2.137562
510.000000,2.471819,2.465455,1.924549,2.699409,2.383424
511.000000,2.479111,2.923372,2.203966,2.814196,2.333828
512.000000,2.531913,3.122215,2.630181,2.975594,2.511551
513.000000,2.758085,3.235472,2.928844,3.227010,2.914701
514.000000,2.607186,3.044738,3.015561,3.128001,1.954013
515.000000,2.422484,2.841306,3.049294,2.977471,1.806609
516.000000,2.187859,2.581236,2.920040,2.880036,1.375712
517.000000,1.899772,2.347565,2.775307,2.740041,1.093678
518.000000,1.600390,2.236314,2.755720,2.638323,1.401944
519.000000,1.424787,2.074215,2.688966,2.478583,1.118001
520.000000,1.289988,1.925488,2.619955,2.388080,1.165202
521.000000,1.321657,1.840143,2.560520,2.298146,1.520757
522.000000,1.347227,1.710869,2.459611,2.232622,1.245743
523.000000,1.409881,1.590519,2.402784,2.188309,1.680012
524.000000,1.454866,1.523113,2.304988,2.170524,1.373357
525.000000,1.375768,1.408435,2.163795,2.127135,0.839478
526.000000,1.236943,1.342390,2.028004,2.076420,0.846034
527.000000,1.113482,1.283912,1.898643,2.019423,0.632827
528.000000,0.706443,1.097143,1.740187,1.931524,-0.385770
529.000000,0.325905,0.937445,1.582642,1.862472,-0.535700
530.000000,-0.003878,0.756074,1.422246,1.793869,-0.824356
531.000000,-0.391373,0.524533,1.272665,1.719984,-0.969562
532.000000,-0.755680,0.322038,1.125791,1.656561,-0.898522
533.000000,-0.945499,0.014264,0.934528,1.586855,-1.198688
534.000000,-1.253773,-0.360253,0.755847,1.484980,-1.869028
535.000000,-1.377360,-0.646096,0.605940,1.405343,-1.252672
536.000000,-1.517737,-1.008248,0.456743,1.297487,-1.525092
537.000000,-1.672468,-1.381952,0.308221,1.186259,-1.574794
538.000000,-1.650665,-1.543155,0.143261,1.112087,-1.151826
539.000000,-1.334273,-1.577848,0.024288,1.051683,-0.479447
540.000000,-1.141160,-1.530904,-0.112663,0.980127,-0.397326
541.000000,-1.028206,-1.525361,-0.364658,0.866746,-1.009449
542.000000,-0.822076,-1.467504,-0.600910,0.742881,-0.663717
543.000000,-0.853154,-1.445719,-0.992867,0.502878,-1.321078
544.000000,-1.054540,-1.359161,-1.385679,0.279329,-1.417327
545.000000,-1.216388,-1.322673,-1.662281,0.039103,-1.171722
546.000000,-1.205205,-1.235847,-1.876498,-0.187652,-0.970713
547.000000,-1.436137,-1.245953,-2.076274,-0.507606,-1.727102
548.000000,-1.417332,-1.250139,-2.045297,-0.870932,-1.253975
549.000000,-1.302712,-1.288819,-1.952960,-1.203679,-0.900987
550.000000,-1.212310,-1.320137,-1.830409,-1.539146,-0.757279
551.000000,-1.131758,-1.268452,-1.701802,-1.882102,-0.578318
552.000000,-0.886259,-1.259566,-1.601737,-2.110145,-0.567310
553.000000,-0.684892,-1.153619,-1.486652,-2.281400,-0.278129
554.000000,-0.519318,-1.022125,-1.340565,-2.305962,-0.039341
555.000000,-0.054651,-0.773779,-1.173296,-2.131287,1.773267
556.000000,0.306352,-0.612490,-1.041328,-2.027143,1.066752
557.000000,1.012776,-0.229092,-0.873118,-1.877277,2.189983
558.000000,1.794977,0.179138,-0.726912,-1.651765,2.181198
559.000000,2.472901,0.671831,-0.607486,-1.437299,2.333918
560.000000,2.337410,1.178391,-0.517884,-1.259322,1.641065
561.000000,2.194040,1.612480,-0.401063,-1.123466,0.998460
562.000000,1.963345,2.090918,-0.275650,-0.992079,1.332484
563.000000,1.769030,2.360678,-0.051162,-0.847105,1.384575
564.000000,1.612385,2.459998,0.255616,-0.638098,1.665546
565.000000,1.620746,2.285519,0.595441,-0.460444,1.717787
566.000000,1.691099,2.194848,0.928557,-0.262654,1.445689
567.000000,1.754587,2.076893,1.432505,-0.015260,1.704640
568.000000,1.735705,1.937689,1.813092,0.201358,1.400772
569.000000,1.630642,1.778605,2.076835,0.373360,1.263715
570.000000,1.423468,1.644793,2.204509,0.523381,0.823161
571.000000,1.259333,1.573987,2.225773,0.756689,0.716878
572.000000,1.092528,1.504310,2.224867,1.005323,0.917523
573.000000,1.027785,1.458184,2.178151,1.359873,1.106395
574.000000,0.992558,1.388685,2.108289,1.705493,1.122165
575.000000,1.086719,1.334245,1.963580,1.973382,1.287429
576.000000,1.174029,1.292704,1.884061,2.125834,1.150127
577.000000,1.204111,1.210617,1.775329,2.270450,1.064363
578.000000,1.161983,1.141707,1.668201,2.278362,0.880051
579.000000,0.990770,1.028561,1.524772,2.186798,0.158692
580.000000,0.824275,0.998427,1.442900,2.108200,0.453818
581.000000,0.780018,1.031218,1.426765,2.050167,1.039774
582.000000,0.692438,1.021396,1.383075,1.985174,0.694292
583.000000,0.491667,0.929672,1.311117,1.891656,-0.236300
584.000000,0.394779,0.801416,1.212790,1.800563,-0.875802
585.000000,0.121823,0.610303,1.105592,1.653047,-0.977016
586.000000,-0.951824,0.247220,0.957129,1.524623,-2.875983
587.000000,-2.055766,-0.208673,0.778141,1.380698,-2.591199
588.000000,-2.679639,-0.782766,0.596547,1.233340,-2.538057
589.000000,-2.952709,-1.381708,0.379821,1.055929,-2.720826
590.000000,-2.941061,-1.970494,0.200673,0.920617,-2.117412
591.000000,-2.462919,-2.382132,0.067569,0.854427,-1.146098
592.000000,-2.347954,-2.713571,-0.204130,0.714573,-2.152968
593.000000,-2.183983,-2.720634,-0.546353,0.567675,-1.861534
594.000000,-1.951503,-2.611538,-0.948967,0.387959,-1.683125
595.000000,-1.694706,-2.424098,-1.355950,0.218081,-1.027651
596.000000,-1.512984,-2.086278,-1.684336,0.086258,-0.415818
597.000000,-1.276195,-1.888902,-1.983823,-0.137104,-0.984950
598.000000,-1.234596,-1.788743,-2.220514,-0.422198,-1.613027
599.000000,-1.119564,-1.608976,-2.226402,-0.692042,-1.132876
600.000000,-1.010091,-1.420579,-2.162505,-0.890293,-0.521219
601.000000,-1.081127,-1.366886,-2.152096,-1.121644,-0.762750
602.000000,-0.953525,-1.175544,-2.068723,-1.355682,-0.385908
603.000000,-0.689646,-1.014796,-1.950391,-1.597184,-0.377428
604.000000,-0.463778,-0.838731,-1.815266,-1.761550,-0.073476
605.000000,-0.328717,-0.715981,-1.688351,-1.869595,0.141948
606.000000,-0.295248,-0.748121,-1.569186,-1.976429,-0.671725
607.000000,-0.478350,-0.778482,-1.503919,-2.053971,-1.310396
608.000000,-0.870835,-0.820765,-1.489442,-2.127890,-2.143452
609.000000,-1.238574,-0.862322,-1.419303,-2.083584,-1.526777
610.000000,-1.848911,-1.090501,-1.433717,-2.113720,-2.326950
611.000000,-2.122612,-1.244796,-1.475616,-2.132700,-1.853937
612.000000,-2.316109,-1.514280,-1.483254,-2.148551,-2.217894
613.000000,-2.370830,-1.837213,-1.529375,-2.147618,-2.422900
614.000000,-2.353128,-2.081114,-1.530410,-2.096618,-1.501561
615.000000,-2.168575,-2.324353,-1.581215,-2.053839,-1.508678
616.000000,-1.970534,-2.357020,-1.643643,-1.955350,-1.010185
617.000000,-1.605456,-2.244638,-1.636840,-1.854790,-0.582156
618.000000,-1.078925,-1.980542,-1.553295,-1.742291,-0.113037
619.000000,-0.769110,-1.801115,-1.506473,-1.624964,-0.147036
620.000000,-0.316377,-1.439202,-1.467509,-1.508562,0.480328
621.000000,-0.186012,-1.269881,-1.483401,-1.481668,-0.451573
622.000000,-0.218212,-1.083555,-1.548961,-1.425168,-0.727996
623.000000,-0.269838,-0.800800,-1.581661,-1.364018,-0.336524
624.000000,-0.405107,-0.695812,-1.660835,-1.327338,-0.728421
625.000000,-0.762352,-0.636854,-1.769938,-1.339322,-1.063337
626.000000,-0.563558,-0.443918,-1.700815,-1.318976,0.443865
627.000000,-0.333942,-0.327869,-1.598789,-1.278420,0.304242
628.000000,-0.412682,-0.405478,-1.501555,-1.246454,-0.679346
629.000000,-0.216679,-0.374130,-1.391509,-1.204701,0.116451
630.000000,0.288218,-0.309083,-1.138301,-1.159200,1.057903
631.000000,0.502940,-0.064246,-0.898273,-1.088886,1.343352
632.000000,0.863892,0.298055,-0.573865,-1.021892,1.762129
633.000000,1.261229,0.496161,-0.272148,-1.003541,0.919288
634.000000,1.280284,0.650448,-0.122972,-1.060505,0.061140
635.000000,0.980133,0.820622,-0.001356,-1.171572,-0.419107
636.000000,0.722106,0.826041,0.138421,-1.209230,0.205164
637.000000,0.439693,0.951612,0.306891,-1.173260,0.813668
638.000000,0.300474,1.220559,0.401205,-1.079723,0.491891
639.000000,0.358105,1.299747,0.493753,-1.045388,0.271539
640.000000,0.402207,1.063658,0.426491,-0.942401,-0.268507
641.000000,0.394720,0.820801,0.564381,-0.824100,0.176712
642.000000,0.206124,0.453279,0.754894,-0.610153,0.093412
643.000000,0.250345,0.365850,0.951000,-0.193250,0.748655
644.000000,0.411711,0.486029,1.235242,0.173242,0.914276
645.000000,1.013281,0.837871,1.641241,0.707107,1.786853
646.000000,1.441435,1.041635,1.651353,1.123603,1.330698
647.000000,1.757237,1.081648,1.618410,1.379590,0.811558
648.000000,1.763019,1.189436,1.731294,1.518464,0.772778
649.000000,2.078185,1.631634,1.837606,1.824558,2.059884
650.000000,2.009867,2.089737,1.778486,1.946893,1.782502
651.000000,1.685474,2.131335,1.560672,2.001656,0.412804
652.000000,1.345633,2.038598,1.254095,1.988279,-0.296432
653.000000,1.183866,1.896599,1.137965,1.955455,0.207660
654.000000,0.831625,1.846646,1.203830,2.024038,0.785164
655.000000,0.378403,1.562869,1.295697,2.050871,0.192467
656.000000,0.722181,1.597330,1.455998,1.987929,1.588327
657.000000,1.325627,1.724022,1.570017,1.959410,1.634218
658.000000,1.487355,1.695399,1.642275,1.962519,0.653258
659.000000,1.345080,1.376580,1.725887,1.860247,0.251509
660.000000,1.511014,1.209337,1.913987,1.728753,0.863514
661.000000,1.190961,1.257797,1.984602,1.574944,0.608882
662.000000,1.252367,1.662769,2.142486,1.488564,2.024534
663.000000,1.627030,1.922182,2.179572,1.502768,2.022221
664.000000,2.184780,2.137555,2.245530,1.643920,2.501242
665.000000,2.569354,2.446545,2.275318,1.859297,2.840469
666.000000,2.624093,2.341512,2.220881,1.941487,1.771829
667.000000,2.296901,2.126318,2.127772,1.920010,0.945304
668.000000,2.014106,2.039797,2.043832,1.912736,0.816454
669.000000,1.607842,1.973869,1.864756,1.909315,0.575182
670.000000,0.985441,1.807854,1.693419,1.904450,0.022386
671.000000,0.653868,1.741200,1.670414,1.894697,0.335757
672.000000,0.466159,1.551354,1.685192,1.876787,0.114093
673.000000,0.393761,1.419109,1.695946,1.843050,0.554598
674.000000,0.440262,1.235976,1.680348,1.814745,0.792350
675.000000,0.438887,0.853595,1.637006,1.698203,-0.050975
676.000000,0.384228,0.618752,1.523834,1.619510,0.102957
677.000000,0.318547,0.467568,1.397163,1.559362,-0.173123
678.000000,0.268968,0.398432,1.377541,1.536159,0.365467
679.000000,0.205917,0.393499,1.392539,1.454875,0.570742
680.000000,-0.053418,0.244251,1.262551,1.308110,-1.053716
681.000000,-0.376676,0.020484,1.158168,1.242031,-1.129434
682.000000,-0.098829,0.143768,1.117326,1.328764,0.952867
683.000000,0.235375,0.314221,1.127235,1.426579,1.686390
684.000000,0.241947,0.279897,1.002369,1.433110,0.590914
685.000000,1.024210,0.558685,0.882042,1.518493,1.557357
686.000000,1.743973,0.771407,0.831442,1.510991,1.175190
687.000000,1.861257,1.100179,0.906711,1.515192,1.454904
688.000000,1.627435,1.239061,0.962939,1.544670,0.947572
689.000000,1.930688,1.536984,1.164054,1.643951,1.799386
690.000000,2.071424,2.268169,1.527577,1.742134,2.190101
691.000000,2.299945,2.885248,1.892480,1.868157,2.200988
692.000000,2.298604,2.850817,2.198446,1.897697,1.705458
693.000000,2.571762,2.817639,2.520293,1.989525,2.466469
694.000000,2.402353,2.730461,2.582216,1.960287,1.624405
695.000000,2.225394,2.554182,2.672130,1.882066,1.766627
696.000000,1.971232,2.378594,2.614044,1.831137,1.241041
697.000000,1.745053,2.162776,2.518219,1.808710,0.828011
698.000000,1.346022,2.017273,2.372984,1.781710,0.678327
699.000000,1.224042,1.881771,2.291752,1.804407,1.105863
700.000000,1.097410,1.738200,2.340360,1.860003,1.190781
701.000000,1.264386,1.703938,2.434014,1.945926,1.957622
702.000000,1.359810,1.630294,2.314336,1.971236,1.274670
703.000000,1.431859,1.454701,2.159857,1.948906,1.044748
704.000000,1.404294,1.369121,2.080697,1.911401,0.995977
705.000000,1.255150,1.222368,1.933161,1.883309,0.478848
706.000000,0.974570,1.157767,1.839334,1.863301,0.647564
707.000000,0.892423,1.167800,1.764681,1.870941,0.901725
708.000000,0.675923,1.104401,1.666268,1.804707,-0.002957
709.000000,0.510837,1.022132,1.557781,1.756605,0.238060
710.000000,0.535747,0.966902,1.459770,1.800692,0.592798
711.000000,0.251128,0.688290,1.301192,1.788954,-0.965795
712.000000,-0.366453,0.386734,1.130300,1.663466,-2.017392
713.000000,-0.786653,0.097056,0.919200,1.528859,-1.735510
714.000000,-1.658115,-0.358226,0.701501,1.400411,-2.731997
715.000000,-2.553003,-0.831913,0.448496,1.228683,-2.651654
716.000000,-2.885664,-1.465007,0.176101,1.048014,-2.773549
717.000000,-2.869174,-2.115825,-0.099938,0.848617,-2.495617
718.000000,-2.980961,-2.621916,-0.482150,0.598745,-2.846842
719.000000,-2.863205,-2.928847,-0.966117,0.270988,-2.573447
720.000000,-2.642269,-2.962578,-1.426614,-0.078366,-1.997428
721.000000,-2.413839,-2.803583,-1.927979,-0.470328,-1.844553
722.000000,-2.216801,-2.599016,-2.243686,-0.852152,-1.641310
723.000000,-1.886600,-2.399044,-2.363285,-1.248879,-1.183788
724.000000,-1.577530,-2.175902,-2.390179,-1.547543,-1.014232
725.000000,-1.379613,-1.992490,-2.337493,-1.826961,-1.006659
726.000000,-1.225405,-1.829589,-2.291662,-2.023533,-1.079798
727.000000,-1.068862,-1.675234,-2.234430,-2.108409,-0.886153
728.000000,-1.011957,-1.496029,-2.139191,-2.146056,-0.910966
729.000000,-0.961200,-1.318720,-2.057420,-2.161847,-0.771160
730.000000,-0.882752,-1.178849,-1.989146,-2.140765,-0.623408
731.000000,-0.781169,-1.048826,-1.887930,-2.145747,-0.584935
732.000000,-0.684856,-0.919948,-1.769000,-2.087095,-0.403282
733.000000,-0.571394,-0.835519,-1.673828,-2.019671,-0.351342
734.000000,-0.425995,-0.741086,-1.549983,-1.941678,-0.034220
735.000000,-0.364480,-0.674302,-1.452529,-1.872227,-0.344945
736.000000,-0.463224,-0.668607,-1.391223,-1.861280,-1.157872
737.000000,-0.549671,-0.656368,-1.322446,-1.845284,-0.845432
738.000000,-0.590132,-0.610158,-1.214297,-1.788041,-0.486155
739.000000,-0.677118,-0.563256,-1.101356,-1.742936,-0.267420
740.000000,-0.627783,-0.502841,-1.001985,-1.708171,0.231769
741.000000,-0.404136,-0.472833,-0.919825,-1.661867,-0.181025
742.000000,0.091296,-0.344986,-0.794569,-1.566496,1.700871
743.000000,0.333251,-0.314259,-0.740684,-1.520659,0.230714
744.000000,0.400964,-0.402626,-0.718613,-1.471677,-0.588455
745.000000,0.037377,-0.525229,-0.717638,-1.436992,-1.371405
746.000000,-0.072369,-0.401549,-0.688002,-1.380516,-0.619344
747.000000,-0.609975,-0.169669,-0.640855,-1.308577,0.502896
748.000000,-0.497469,0.090752,-0.576899,-1.204509,0.617883
749.000000,-0.414334,0.161425,-0.554685,-1.112256,-0.387980
750.000000,-0.291069,-0.201189,-0.581025,-1.054329,-1.120434
751.000000,-0.571168,-0.525815,-0.636597,-1.002637,-1.508769
752.000000,-1.325825,-1.423829,-0.726925,-0.951943,-1.277374
753.000000,-2.559278,-2.045576,-0.949924,-0.964566,-2.463450
754.000000,-2.895771,-2.296327,-1.293534,-0.987544,-2.076109
755.000000,-2.706737,-2.215463,-1.590687,-0.995971,-1.444356
756.000000,-2.233845,-2.097124,-1.584339,-0.966045,-0.469887
757.000000,-1.875795,-2.157765,-1.602856,-0.948255,-0.257544
758.000000,-0.897297,-1.927914,-1.474105,-0.877011,1.065103
759.000000,0.295613,-1.352987,-1.130672,-0.772290,1.924740
760.000000,1.520924,-0.519197,-0.641294,-0.629699,2.443513
761.000000,2.129801,0.237902,-0.110105,-0.492447,1.812401
762.000000,2.638738,1.113061,0.152278,-0.303464,2.229726
763.000000,2.826994,2.233007,0.953702,-0.008347,2.514347
764.000000,2.742343,2.886373,1.774217,0.308549,2.204427
765.000000,2.681435,3.212080,2.635762,0.944041,2.533985
766.000000,2.597608,3.140918,2.933008,1.871300,2.057909
767.000000,2.536794,3.080811,3.035766,2.694513,2.327189
768.000000,2.352442,2.876413,2.966764,3.016231,1.912581
769.000000,2.164052,2.624335,2.872273,2.975210,1.501860
770.000000,1.955587,2.414779,2.822312,2.834319,1.566738
771.000000,1.850911,2.295487,2.775184,2.739475,1.586599
772.000000,1.697064,2.170922,2.705361,2.559428,1.577007
773.000000,1.637104,2.051621,2.685133,2.506871,1.629687
774.000000,1.727934,2.013429,2.674649,2.528213,1.952386
775.000000,1.677664,1.881117,2.573546,2.491647,1.398626
776.000000,1.720535,1.850414,2.502472,2.477275,1.828250
777.000000,1.740461,1.782422,2.425746,2.417030,1.701287
778.000000,1.745487,1.749794,2.330677,2.359113,1.676786
779.000000,1.664944,1.739001,2.225531,2.315790,1.557437
780.000000,1.758165,1.763661,2.152686,2.314544,1.880373
781.000000,1.730812,1.763736,2.094290,2.296065,1.702052
782.000000,1.729736,1.768960,2.035481,2.270723,1.710161
783.000000,1.748538,1.777747,1.980488,2.268312,1.782994
784.000000,1.695297,1.706328,1.909821,2.225992,1.299576
785.000000,1.543692,1.666961,1.823171,2.168519,1.091028
786.000000,1.385858,1.572479,1.746869,2.094932,0.853968
787.000000,1.270645,1.519007,1.680440,2.043472,1.133660
788.000000,1.094007,1.455100,1.624618,1.975922,0.954405
789.000000,1.003816,1.397233,1.584954,1.904110,0.864867
790.000000,0.971289,1.306674,1.549827,1.836268,0.937575
791.000000,0.994946,1.232427,1.516936,1.786670,0.944214
792.000000,1.001679,1.171662,1.498585,1.743682,1.198062
793.000000,0.946762,1.047479,1.458501,1.682504,0.644052
794.000000,0.916278,0.983987,1.404629,1.634059,0.671700
795.000000,0.640202,0.844274,1.337636,1.549811,-0.541272
796.000000,0.297530,0.709028,1.241866,1.476049,-0.801850
797.000000,-0.142498,0.522634,1.151604,1.397139,-0.819974
798.000000,-0.552956,0.312278,1.047962,1.324091,-1.188789
799.000000,-1.070420,0.055426,0.934322,1.258340,-1.601767
800.000000,-1.171770,-0.170733,0.814013,1.211362,-0.912687
801.000000,-1.311839,-0.473266,0.675699,1.154814,-1.393336
802.000000,-1.588593,-0.922947,0.487030,1.085189,-1.998054
803.000000,-1.825119,-1.352074,0.241756,1.004386,-2.166293
804.000000,-1.910220,-1.756640,0.004814,0.902646,-1.994838
805.000000,-2.083916,-1.947058,-0.249791,0.822171,-1.851971
806.000000,-1.930509,-1.937877,-0.453867,0.741391,-0.940395
807.000000,-1.647471,-1.885511,-0.709000,0.662493,-0.756697
808.000000,-1.256643,-1.725783,-0.930745,0.590147,-0.314286
809.000000,-0.986967,-1.581577,-1.198126,0.490749,-0.710623
810.000000,-0.777336,-1.537460,-1.485011,0.321652,-0.875035
811.000000,-0.648249,-1.388920,-1.670240,0.156088,-0.342939
812.000000,-0.573478,-1.203538,-1.828368,-0.071288,-0.409001
813.000000,-0.565772,-0.990414,-1.849071,-0.368602,-0.246409
814.000000,-0.263838,-0.686208,-1.761335,-0.573863,0.793233
815.000000,0.147461,-0.368605,-1.556063,-0.759200,1.011036
816.000000,0.564332,-0.096292,-1.316868,-0.864968,1.477842
817.000000,0.914181,0.117734,-1.134460,-1.065045,1.052514
818.000000,1.249331,0.308159,-0.925677,-1.183324,1.229041
819.000000,1.439078,0.624928,-0.663883,-1.176784,1.641469
820.000000,1.524183,0.954053,-0.481516,-1.174484,1.416988
821.000000,1.619345,1.282147,-0.219242,-1.047693,1.887722
822.000000,1.755920,1.584148,0.088379,-0.977806,1.707233
823.000000,1.828186,1.817361,0.439575,-0.806654,1.626836
824.000000,1.712115,1.841441,0.771580,-0.719739,1.165702
825.000000,1.601418,1.805365,1.107617,-0.458537,1.007629
826.000000,1.333559,1.676028,1.327876,-0.207561,0.722781
827.000000,1.173877,1.630362,1.554561,0.106306,0.993410
828.000000,1.001168,1.545604,1.694377,0.466490,0.841560
829.000000,0.872385,1.387729,1.812460,0.850725,0.557575
830.000000,0.680422,1.213501,1.861898,1.047094,0.087831
831.000000,0.484506,0.965198,1.802166,1.268751,-0.229990
832.000000,0.207808,0.739218,1.729094,1.575750,-0.334027
833.000000,-0.098859,0.497458,1.619390,1.847087,-0.621680
834.000000,-0.408086,0.282486,1.427466,1.999453,-0.927913
835.000000,-0.507435,0.142646,1.290745,2.176150,-0.289907
836.000000,-0.453643,0.072025,1.161683,2.199574,0.173918
837.000000,-0.367252,-0.043758,1.076638,2.168521,0.168977
838.000000,-0.342742,-0.221123,0.943980,2.006050,-0.572005
839.000000,-0.051254,-0.286280,0.836974,1.994046,0.315973
840.000000,0.144277,-0.262868,0.767302,2.013456,0.613873
841.000000,0.318102,-0.144964,0.679018,1.991301,1.005508
842.000000,0.407761,-0.042173,0.582782,1.953271,0.544249
843.000000,0.835819,0.193883,0.516298,1.944715,1.106219
844.000000,1.017505,0.514243,0.488616,1.854141,0.980780
845.000000,1.089482,0.728608,0.471328,1.762222,0.899186
846.000000,0.939728,0.800535,0.457077,1.622341,0.456002
847.000000,0.994511,0.924654,0.432064,1.557939,0.831367
848.000000,0.755980,1.073055,0.362153,1.453843,0.092713
849.000000,0.457562,0.974934,0.282446,1.301913,-0.313501
850.000000,-0.198165,0.575692,0.083259,1.093759,-1.829884
851.000000,-0.684896,0.156020,-0.083401,0.851398,-1.553740
852.000000,-1.160463,-0.116208,-0.231227,0.641235,-1.166859
853.000000,-1.449480,-0.464382,-0.325626,0.420753,-1.126866
854.000000,-1.714902,-0.869178,-0.445390,0.202564,-1.500711
855.000000,-1.626861,-1.268088,-0.916943,-0.032544,-1.490545
856.000000,-1.376490,-1.425023,-1.253184,-0.185744,-0.543199
857.000000,-1.373627,-1.733727,-1.727751,-0.465007,-1.177754
858.000000,-1.290797,-1.852127,-1.685464,-0.716128,-0.792766
859.000000,-1.239076,-1.964151,-2.120939,-0.982582,-1.276197
860.000000,-1.057492,-1.761472,-2.407258,-1.124073,-0.737995
861.000000,-0.650216,-1.317178,-2.245212,-1.000345,1.152401
862.000000,-0.207528,-1.017121,-2.144193,-0.894519,0.710191
863.000000,0.210984,-0.691376,-2.135323,-0.691011,0.983436
864.000000,0.746238,-0.317734,-2.066611,-0.426151,0.973710
865.000000,1.191753,0.088646,-1.931551,-0.236791,1.136707
866.000000,1.309436,0.446986,-1.536293,-0.032422,1.654481
867.000000,1.614392,0.975170,-1.110929,0.251628,2.004195
868.000000,1.778640,1.391654,-0.511717,0.630089,1.780023
869.000000,2.040912,1.918794,0.484038,0.970448,2.233786
870.000000,2.161651,2.222601,1.807424,1.224198,1.950437
871.000000,2.095390,2.184465,2.615238,1.361785,1.613194
872.000000,1.830678,2.091951,2.804259,1.428952,0.938178
873.000000,1.585120,1.952237,2.796134,1.401429,0.680595
874.000000,1.315109,1.873196,2.839713,1.432764,0.922159
875.000000,0.963823,1.713104,2.720034,1.368539,0.294070
876.000000,1.022495,1.724717,2.755847,1.604049,1.801830
877.000000,1.373497,1.784647,2.878207,1.890082,2.338112
878.000000,1.701861,1.830608,2.860344,2.149093,2.092644
879.000000,1.830732,1.755851,2.788125,2.282111,1.615134
880.000000,2.039750,1.712119,2.690984,2.451509,1.659680
881.000000,1.964743,1.693470,2.514160,2.513405,1.605065
882.000000,1.842145,1.759282,2.417325,2.532206,1.769560
883.000000,1.730448,1.814217,2.310791,2.504909,1.580306
884.000000,1.689800,1.826801,2.213358,2.473133,1.446040
885.000000,1.632490,1.881235,2.123508,2.434362,1.396567
886.000000,1.470149,1.755510,1.988501,2.319711,0.804455
887.000000,1.189175,1.552642,1.833150,2.221008,0.340361
888.000000,0.963612,1.392709,1.715839,2.140363,0.445634
889.000000,0.690603,1.257067,1.574898,2.074682,0.080256
890.000000,0.320706,1.081517,1.439337,1.988540,-0.392328
891.000000,0.059130,0.904112,1.332058,1.864375,-0.387828
892.000000,-0.055415,0.712155,1.278191,1.783570,-0.135110
893.000000,-0.280872,0.493170,1.230431,1.694313,-0.472350
894.000000,-0.345857,0.298567,1.194900,1.630353,-0.109581
895.000000,-0.351120,0.052271,1.185291,1.560458,-0.416459
896.000000,-0.425918,-0.161504,1.089371,1.473577,-0.726213
897.000000,-0.561242,-0.314628,0.955801,1.382680,-0.668687
898.000000,-0.462342,-0.430544,0.852310,1.323300,-0.022803
899.000000,-0.409774,-0.456509,0.780231,1.251095,0.143447
900.000000,-0.115786,-0.300940,0.726187,1.210877,0.804637
901.000000,0.077141,-0.236707,0.627040,1.160054,0.062948
902.000000,0.179493,-0.261728,0.473799,1.131130,-0.267981
903.000000,0.169669,-0.201671,0.326236,1.127257,-0.080555
904.000000,0.205789,-0.148909,0.189910,1.132027,0.299178
905.000000,-0.289427,-0.263630,-0.081461,1.128422,-1.317362
906.000000,-0.658560,-0.350918,-0.346861,1.044209,-1.394626
907.000000,-0.746840,-0.331889,-0.532689,0.939099,-0.625793
908.000000,-0.743995,-0.348063,-0.734980,0.849579,-0.094621
909.000000,-1.072483,-0.556168,-1.020895,0.738000,-1.153783
910.000000,-0.830392,-0.750622,-1.101813,0.636670,-0.262138
911.000000,-0.688049,-0.870859,-1.242166,0.481884,-0.793441
912.000000,-0.833998,-0.978534,-1.450643,0.220381,-1.269432
913.000000,-1.027191,-1.060671,-1.453675,-0.073186,-0.870957
914.000000,-0.843100,-1.142785,-1.416409,-0.394472,-0.236368
915.000000,-1.154878,-1.142462,-1.420404,-0.863521,-1.450090
916.000000,-1.212341,-1.063942,-1.297849,-1.216415,-0.591286
917.000000,-1.052154,-1.110629,-1.195024,-1.457851,-0.507276
918.000000,-0.988971,-1.275472,-1.217280,-1.675128,-0.460750
919.000000,-1.374503,-1.355597,-1.335023,-1.787789,-1.296858
920.000000,-1.746680,-1.883507,-1.669490,-1.860489,-2.602564
921.000000,-1.878478,-2.032462,-1.730257,-1.809438,-1.246627
922.000000,-1.989280,-1.994239,-1.743559,-1.789334,-1.207641
923.000000,-2.194201,-2.062289,-1.831978,-1.747656,-1.610841
924.000000,-2.131177,-2.165903,-1.961171,-1.746022,-1.420177
925.000000,-1.857313,-2.104281,-1.958898,-1.729912,-1.676938
926.000000,-1.544100,-1.921969,-1.818076,-1.585114,-0.192461
927.000000,-1.298371,-1.797912,-1.772701,-1.474115,-0.293692
928.000000,-1.239504,-1.854437,-1.879599,-1.514415,-1.357624
929.000000,-1.405942,-1.914734,-1.926515,-1.613577,-2.042565
930.000000,-1.387756,-1.752155,-2.030868,-1.733367,-1.671337
931.000000,-1.832418,-1.823754,-2.100675,-1.797786,-2.092134
932.000000,-2.065659,-1.801055,-2.041182,-1.793433,-1.380940
933.000000,-1.938990,-1.676615,-1.972122,-1.787186,-0.824146
934.000000,-1.675054,-1.589531,-1.953692,-1.823537,-0.826219
935.000000,-1.548506,-1.509969,-1.872004,-1.786634,-1.129290
936.000000,-1.228854,-1.584052,-1.824833,-1.737070,-0.854449
937.000000,-1.025248,-1.624590,-1.770862,-1.729658,-0.581615
938.000000,-0.871408,-1.499856,-1.701452,-1.739568,-0.134082
939.000000,-0.624536,-1.232020,-1.578379,-1.661664,0.257855
940.000000,-0.075408,-0.915303,-1.346577,-1.613207,1.228916
941.000000,0.552188,-0.455555,-1.188218,-1.514311,1.586916
942.000000,1.036690,-0.107222,-1.059029,-1.400155,1.149680
943.000000,1.468518,0.235586,-0.880129,-1.293761,1.513685
944.000000,1.622892,0.498962,-0.752850,-1.260731,0.864195
945.000000,1.236396,0.665931,-0.671057,-1.221802,-0.309772
946.000000,0.484499,0.638439,-0.789607,-1.281345,-1.404515
947.000000,-0.313588,0.480437,-0.952758,-1.368644,-1.794962
948.000000,-1.477286,0.056203,-1.104225,-1.498274,-2.409968
949.000000,-2.162379,-0.392697,-1.144963,-1.553278,-1.774848
950.000000,-2.530064,-1.196834,-1.285244,-1.568436,-2.203616
951.000000,-2.548758,-2.008838,-1.375515,-1.656345,-2.052485
952.000000,-2.432395,-2.533901,-1.535587,-1.730038,-1.805188
953.000000,-2.071763,-2.763652,-1.663636,-1.728669,-1.117872
954.000000,-1.941302,-2.815710,-1.815234,-1.758178,-1.384673
955.000000,-1.634422,-2.625383,-1.844551,-1.729412,-0.893088
956.000000,-1.271282,-2.318589,-1.855923,-1.770504,-0.434169
957.000000,-0.944374,-2.033199,-1.896643,-1.810492,-0.331496
958.000000,-0.824304,-1.757300,-2.002339,-1.800136,-0.584222
959.000000,-0.616016,-1.561050,-2.102866,-1.722612,-0.489721
960.000000,-0.581591,-1.364220,-2.276714,-1.688590,-0.771116
961.000000,-0.649500,-1.181171,-2.398247,-1.609391,-0.757163
962.000000,-0.804762,-1.067946,-2.461684,-1.602277,-1.039022
963.000000,-1.009579,-1.112617,-2.559083,-1.671943,-1.496617
964.000000,-1.136000,-1.064764,-2.509246,-1.695123,-1.100473
965.000000,-1.152306,-1.054403,-2.368204,-1.677322,-0.890200
966.000000,-1.176982,-1.106084,-2.194075,-1.679374,-0.910185
967.000000,-1.028020,-1.093479,-1.982742,-1.648058,-0.361571
968.000000,-0.767085,-1.040826,-1.759401,-1.633123,-0.270877
969.000000,-0.466651,-0.931238,-1.555412,-1.596094,0.323420
970.000000,-0.376350,-0.894199,-1.409024,-1.668971,-0.489661
971.000000,-0.430235,-0.952440,-1.335715,-1.805286,-1.300750
972.000000,-1.123233,-1.247929,-1.452517,-2.056523,-3.309539
973.000000,-2.034816,-1.567153,-1.664693,-2.316803,-3.472304
974.000000,-3.011939,-1.967927,-1.862929,-2.494320,-3.261273
975.000000,-3.526817,-2.442950,-2.128479,-2.611995,-3.258459
976.000000,-3.523186,-2.777454,-2.346653,-2.629009,-2.788919
977.000000,-3.181445,-2.989312,-2.476889,-2.591123,-2.409036
978.000000,-2.898985,-3.084987,-2.553643,-2.534263,-2.375313
979.000000,-2.702562,-3.130228,-2.612623,-2.506937,-2.371716
980.000000,-2.461521,-3.022944,-2.602215,-2.444877,-2.087465
981.000000,-2.246626,-2.848373,-2.553429,-2.366633,-1.785729
982.000000,-2.143235,-2.647540,-2.514450,-2.320276,-1.923375
983.000000,-2.011055,-2.455108,-2.444271,-2.282476,-1.736694
984.000000,-1.815454,-2.261029,-2.364497,-2.214181,-1.410412
985.000000,-1.645514,-2.064416,-2.289878,-2.156059,-1.251771
986.000000,-1.578261,-1.935464,-2.244861,-2.130680,-1.449195
987.000000,-1.517072,-1.857431,-2.232036,-2.119185,-1.597295
988.000000,-1.412130,-1.741029,-2.188457,-2.075611,-1.220590
989.000000,-1.370211,-1.626427,-2.160128,-2.039692,-1.207914
990.000000,-1.330505,-1.522453,-2.105196,-1.994657,-1.058328
991.000000,-1.205903,-1.424132,-2.027881,-1.943607,-0.819487
992.000000,-1.067055,-1.324037,-1.928982,-1.901204,-0.910294
993.000000,-1.039996,-1.259600,-1.843758,-1.866584,-1.089687
994.000000,-0.998492,-1.219770,-1.759990,-1.838810,-1.008348
995.000000,-0.981022,-1.193252,-1.670992,-1.816938,-0.973560
996.000000,-1.117225,-1.196466,-1.622839,-1.822307,-1.492183
997.000000,-1.263957,-1.195455,-1.592579,-1.841699,-1.635532
998.000000,-1.340660,-1.217694,-1.551139,-1.851804,-1.461632
999.000000,-1.380119,-1.211075,-1.490950,-1.855515,-1.148661
1000.000000,-1.453889,-1.230555,-1.446053,-1.850434,-1.267532
1001.000000,-1.404435,-1.273957,-1.411714,-1.833233,-1.202431
1002.000000,-1.338089,-1.322385,-1.374261,-1.793995,-1.369447
1003.000000,-1.277238,-1.340845,-1.339249,-1.745122,-1.169476
1004.000000,-1.335611,-1.390510,-1.329699,-1.700591,-1.378852
1005.000000,-1.270796,-1.417137,-1.316226,-1.639256,-0.885808
1006.000000,-1.113475,-1.328433,-1.274406,-1.574370,-0.322311
1007.000000,-0.829891,-1.176286,-1.210614,-1.511877,0.081572
1008.000000,-0.575363,-1.033340,-1.173183,-1.449833,0.080128
1009.000000,-0.200870,-0.908397,-1.129675,-1.381549,0.284380
1010.000000,0.248004,-0.672200,-1.073311,-1.308049,1.090176
1011.000000,0.431910,-0.494836,-1.056840,-1.258060,0.413295
1012.000000,0.634025,-0.213777,-1.014615,-1.190309,0.943193
1013.000000,0.846856,0.068432,-0.950570,-1.127127,0.979382
1014.000000,1.018759,0.410462,-0.888911,-1.078556,1.010666
1015.000000,1.069728,0.735671,-0.813820,-1.032358,1.315374
1016.000000,1.175697,0.928383,-0.681585,-0.980606,0.872905
1017.000000,1.342174,1.162534,-0.452293,-0.893846,1.685698
1018.000000,1.227781,1.230499,-0.268823,-0.852970,0.518226
1019.000000,1.020862,1.211275,-0.129117,-0.819339,0.117347
1020.000000,0.827914,1.123608,0.070226,-0.785891,0.440268
1021.000000,0.923614,1.240768,0.354723,-0.745815,1.284357
1022.000000,0.702402,1.210027,0.660336,-0.712719,0.716929
1023.000000,0.598685,1.085460,0.910178,-0.681891,0.053527
1024.000000,0.641721,0.989625,1.237812,-0.646786,0.297250
1025.000000,0.637335,0.871493,1.520735,-0.605643,0.421791
1026.000000,0.437859,0.808400,1.679466,-0.473250,0.439221
1027.000000,0.472332,0.687371,1.765663,-0.228634,0.948761
1028.000000,0.497292,0.629594,1.719385,0.026598,0.148335
1029.000000,0.488581,0.636002,1.644807,0.319068,0.232807
1030.000000,0.474119,0.610409,1.485392,0.766350,0.315486
1031.000000,0.661407,0.577529,1.491625,1.438062,1.312452
1032.000000,0.751060,0.632772,1.444461,2.204382,1.421156
1033.000000,1.231148,0.865339,1.450940,2.761357,2.160397
1034.000000,1.479298,0.966602,1.377372,2.861234,1.000950
1035.000000,1.695577,1.058772,1.277545,2.721636,0.751696
1036.000000,1.560696,1.124645,1.205472,2.483888,0.244489
1037.000000,0.988283,0.950646,0.979744,2.183347,-1.263583
1038.000000,-0.242433,0.838369,0.854225,1.933927,-1.720011
1039.000000,-0.760195,0.883963,0.850857,1.787377,-0.312310
1040.000000,-0.846951,1.050305,0.866965,1.633509,0.585913
1041.000000,-0.838309,0.937393,0.783934,1.558254,0.295627
1042.000000,-0.151117,0.829881,0.800534,1.467469,0.743915
1043.000000,0.981232,0.580217,0.970111,1.421569,1.494215
1044.000000,1.900521,1.090823,1.231064,1.436918,2.373718
1045.000000,2.017289,1.280737,1.422487,1.373930,1.218520
1046.000000,2.046253,1.443031,1.593059,1.333099,0.780656
1047.000000,1.301621,1.235206,1.378836,1.090498,-1.534064
1048.000000,0.170702,0.969647,1.183599,0.928045,-2.031118
1049.000000,-1.137817,0.449961,1.001471,0.829334,-1.632310
1050.000000,-1.928914,-0.279319,0.770931,0.709102,-1.482695
1051.000000,-2.488757,-1.062383,0.116436,0.472579,-1.794468
1052.000000,-2.502055,-2.016976,-0.850992,0.236729,-2.117514
1053.000000,-2.500541,-2.920058,-2.193664,-0.005114,-2.413585
1054.000000,-2.415727,-3.318901,-2.747607,-0.260514,-1.793695
1055.000000,-2.410585,-3.319212,-2.995503,-0.628805,-1.935403
1056.000000,-2.292837,-3.162416,-2.967223,-1.043410,-1.661715
1057.000000,-1.839148,-2.648351,-2.554787,-1.329706,-0.324720
1058.000000,-1.466367,-2.305106,-2.294694,-1.569021,-0.744799
1059.000000,-1.143671,-2.022546,-2.141785,-1.728437,-0.343962
1060.000000,-0.709068,-1.759239,-2.030961,-1.793280,0.004409
1061.000000,-0.203942,-1.430776,-1.846000,-1.834079,0.533748
1062.000000,0.038994,-1.063225,-1.698262,-1.796388,0.737595
1063.000000,0.370230,-0.669412,-1.638381,-1.826006,0.697281
1064.000000,0.622675,-0.339426,-1.657882,-1.710032,0.732954
1065.000000,0.875860,0.080447,-1.556795,-1.542294,1.066520
1066.000000,0.879219,0.408519,-1.502531,-1.438953,0.529852
1067.000000,0.925278,0.600647,-1.240105,-1.181885,0.953007
1068.000000,0.889726,0.800874,-0.995163,-0.959459,0.575651
1069.000000,0.937075,0.993928,-0.742206,-0.792328,0.961543
1070.000000,0.986991,1.179030,-0.458252,-0.640989,1.287997
1071.000000,1.100783,1.244770,-0.161961,-0.501116,1.067001
1072.000000,1.221143,1.341764,0.251343,-0.315360,1.494806
1073.000000,1.362930,1.402703,0.702311,-0.226829,1.260497
1074.000000,1.301689,1.377642,1.031161,-0.343833,0.717978
1075.000000,1.241484,1.354107,1.439746,-0.301490,1.025506
1076.000000,1.365545,1.479435,1.890010,-0.066280,1.627554
1077.000000,1.444789,1.580451,2.138461,0.615550,1.874016
1078.000000,1.602781,1.736848,2.380598,1.552269,2.039596
1079.000000,1.781681,1.786420,2.455997,2.337558,1.734116
1080.000000,1.987381,1.853233,2.502413,2.990468,2.150953
1081.000000,1.972238,1.863129,2.413725,3.187721,1.667602
1082.000000,1.858062,1.790549,2.285328,3.163108,1.381961
1083.000000,1.733686,1.756393,2.184207,3.098712,1.443982
1084.000000,1.605125,1.745289,2.069674,2.923073,1.093906
1085.000000,1.276074,1.660823,1.913229,2.737020,0.451719
1086.000000,1.091615,1.574799,1.832916,2.600644,0.729081
1087.000000,0.975380,1.479218,1.748771,2.420151,0.826826
1088.000000,0.834292,1.367175,1.695923,2.305483,0.843154
1089.000000,0.664692,1.240860,1.605941,2.165398,0.276860
1090.000000,0.707735,1.076491,1.527175,2.050747,0.588858
1091.000000,0.571081,0.911558,1.446166,1.912161,0.017258
1092.000000,0.319609,0.736756,1.337305,1.777512,-0.366097
1093.000000,0.054085,0.535158,1.254845,1.673205,-0.338393
1094.000000,-0.184283,0.320573,1.196813,1.568910,-0.826102
1095.000000,-0.546421,0.169935,1.124682,1.459610,-0.994138
1096.000000,-0.822852,-0.055466,1.018878,1.381711,-1.188095
1097.000000,-0.955031,-0.290272,0.903024,1.302360,-0.906284
1098.000000,-0.890458,-0.432054,0.805890,1.277631,0.077228
1099.000000,-0.746472,-0.513487,0.711629,1.234100,-0.115205
1100.000000,-0.508468,-0.622511,0.564493,1.185708,0.069105
1101.000000,0.157235,-0.452546,0.521654,1.200252,1.605550
1102.000000,0.690017,-0.252345,0.481393,1.183610,1.189846
1103.000000,0.953297,-0.045038,0.423128,1.182908,1.111630
1104.000000,1.201471,0.232295,0.390503,1.216905,0.912570
1105.000000,1.231188,0.456878,0.392889,1.223022,0.158152
1106.000000,1.056797,0.853836,0.424866,1.232153,0.896278
1107.000000,0.961046,1.196662,0.448074,1.223189,0.830739
1108.000000,0.900248,1.345602,0.493539,1.198355,0.946014
1109.000000,0.993256,1.563516,0.750463,1.212652,1.345763
1110.000000,1.261335,1.703937,1.000262,1.171852,1.390895
1111.000000,1.249320,1.516444,1.340741,1.141200,0.883021
1112.000000,1.434919,1.523550,1.993573,1.186041,1.656353
1113.000000,1.474709,1.472843,2.413818,1.182825,1.160899
1114.000000,1.559199,1.555061,2.853653,1.270838,1.733044
1115.000000,1.480874,1.642729,2.992295,1.406128,1.143424
1116.000000,1.431374,1.585592,2.948309,1.463482,0.792102
1117.000000,1.183416,1.511673,2.793689,1.478502,0.572722
1118.000000,1.040991,1.423476,2.539518,1.469930,0.523579
1119.000000,0.780928,1.294838,2.369556,1.524696,0.537378
1120.000000,0.806693,1.264500,2.291773,1.600785,1.245123
1121.000000,0.787697,1.225533,2.041825,1.675973,0.712033
1122.000000,0.854477,1.125799,1.893167,1.800284,0.894120
1123.000000,0.803256,1.016344,1.721241,1.841035,0.268996
1124.000000,0.811527,0.875792,1.616425,1.945114,0.560247
1125.000000,0.669420,0.808208,1.582536,2.053045,0.610908
1126.000000,0.683240,0.799103,1.509178,2.159920,0.816095
1127.000000,0.671294,0.828996,1.452875,2.222851,0.982211
1128.000000,0.898341,0.889454,1.405510,2.189610,1.201899
1129.000000,0.773198,0.834170,1.268307,2.101311,-0.700017
1130.000000,0.674267,0.693828,1.161646,2.027792,-0.429505
1131.000000,-0.034982,0.507650,1.050584,1.803321,-1.976168
1132.000000,-1.411200,0.122579,0.843527,1.594836,-2.743490
1133.000000,-3.231438,-0.503763,0.583266,1.325315,-3.668794
1134.000000,-3.464822,-1.347372,0.266526,1.096303,-2.814243
1135.000000,-3.503961,-2.361688,-0.051243,0.909564,-2.727094
1136.000000,-3.288538,-3.069225,-0.382460,0.659474,-2.486881
1137.000000,-2.936158,-3.212445,-0.688227,0.444021,-1.892897
1138.000000,-2.429469,-3.116406,-0.984727,0.244723,-1.440087
1139.000000,-1.979726,-2.769997,-1.223591,0.058208,-0.784490
1140.000000,-1.622411,-2.569880,-1.590397,-0.162850,-0.965326
1141.000000,-1.212933,-2.293080,-1.805988,-0.310025,-0.528730
1142.000000,-0.891013,-2.013611,-1.961614,-0.535057,-0.377655
1143.000000,-0.523629,-1.598910,-1.906561,-0.656760,0.271418
1144.000000,-0.301330,-1.272578,-1.853757,-0.861014,0.263277
1145.000000,-0.026384,-0.949347,-1.785027,-0.996199,0.290309
1146.000000,0.251187,-0.576852,-1.681448,-1.036441,0.722864
1147.000000,0.423363,-0.298442,-1.624825,-1.089120,0.378321
1148.000000,0.233149,-0.187142,-1.673909,-1.252656,-0.600056
1149.000000,0.243352,-0.044880,-1.550907,-1.292971,0.305837
1150.000000,0.200609,0.099964,-1.484312,-1.437203,0.092104
1151.000000,0.154251,0.244891,-1.335849,-1.438229,0.532067
1152.000000,0.166301,0.360865,-1.169591,-1.455796,0.448325
1153.000000,0.442644,0.407264,-0.907060,-1.376199,0.605058
1154.000000,-1234.000000,-1234.000000,-1234.000000,-1234.000000,-1234.000000
1155.000000,0.680155,0.492892,-0.500202,-1.410651,0.892455
1156.000000,0.669936,0.457566,-0.229714,-1.392638,0.485936
1157.000000,0.724609,0.495377,0.023103,-1.373420,0.622238
1158.000000,0.678198,0.672261,0.235923,-1.394672,0.447374
1159.000000,0.755537,0.768339,0.437593,-1.299269,0.888257
1160.000000,0.917580,1.026675,0.773017,-1.172270,1.607739
1161.000000,1.301489,1.292669,1.151188,-0.927735,2.044475
1162.000000,1.468792,1.455553,1.463589,-0.673836,1.348628
1163.000000,1.469164,1.441178,1.574180,-0.326127,0.598001
1164.000000,1.465174,1.423125,1.708932,0.125690,1.034847
1165.000000,1.440612,1.469118,1.851235,0.802695,1.605084
1166.000000,1.315416,1.539424,1.863676,1.572415,1.545127
1167.000000,1.363968,1.584157,1.885624,2.198246,1.627443
1168.000000,1.505790,1.595093,1.941249,2.499254,1.095467
1169.000000,1.727454,1.662607,1.943994,2.634514,1.996267
1170.000000,1.669347,1.592186,1.908552,2.621420,1.228366
1171.000000,1.696787,1.520662,1.858196,2.537303,1.579178
1172.000000,1.746405,1.573174,1.840408,2.453119,1.791152
1173.000000,2.030428,1.796186,1.848457,2.348107,2.265306
1174.000000,1.975401,1.904894,1.769342,2.241662,1.797316
1175.000000,2.119248,1.949781,1.758980,2.167465,1.965030
1176.000000,1.861076,1.828404,1.702290,1.997586,0.565750
1177.000000,1.955554,1.892564,1.749447,1.978421,2.188225
1178.000000,1.703487,1.872118,1.747268,1.962754,1.128185
1179.000000,1.837853,1.916795,1.811396,1.959870,2.353651
1180.000000,1.833912,1.979171,1.813874,1.950575,1.927865
1181.000000,1.863118,1.877588,1.734081,1.869061,0.870507
1182.000000,1.403528,1.674100,1.657406,1.768491,-0.005488
1183.000000,1.086811,1.393829,1.613442,1.659354,-0.479777
1184.000000,0.455295,1.165583,1.543166,1.512894,-0.519808
1185.000000,-0.211277,0.878698,1.411074,1.415723,-0.845605
1186.000000,-0.734630,0.697722,1.263244,1.335541,-1.260147
1187.000000,-1.099365,0.269365,1.101987,1.253902,-1.473530
1188.000000,-1.553362,-0.170756,0.919949,1.158112,-2.245936
1189.000000,-1.954610,-0.849915,0.674922,1.053139,-2.122693
1190.000000,-2.099660,-1.427343,0.496420,0.938308,-1.591106
1191.000000,-1.969261,-1.706817,0.331750,0.824033,-0.977953
1192.000000,-1.859093,-1.849697,0.110664,0.725256,-1.193195
1193.000000,-1.757684,-2.001323,-0.255781,0.618656,-1.822556
1194.000000,-1.615922,-2.074636,-0.609898,0.485481,-1.525294
1195.000000,-1.663205,-2.130698,-1.074176,0.247537,-1.830103
1196.000000,-1.904014,-2.174706,-1.489838,-0.081671,-2.143146
1197.000000,-1.948969,-2.112446,-1.965811,-0.419246,-1.619176
1198.000000,-1.886622,-1.996243,-2.241900,-0.776154,-1.634265
1199.000000,-1.880014,-1.904199,-2.509664,-1.251553,-1.617430
1200.000000,-1.829810,-1.875863,-2.626624,-1.682930,-1.651667
1201.000000,-1.665158,-1.866057,-2.568084,-2.042612,-1.384376
1202.000000,-1.578146,-1.823540,-2.438031,-2.293798,-1.253438
1203.000000,-1.466403,-1.723542,-2.293195,-2.449715,-1.120877
1204.000000,-1.332565,-1.643991,-2.165051,-2.473588,-0.978207
1205.000000,-1.103880,-1.498548,-2.013716,-2.417512,-0.524552
1206.000000,-0.995877,-1.366189,-1.900993,-2.317495,-0.862113
1207.000000,-0.926363,-1.293083,-1.805349,-2.310765,-0.932832
1208.000000,-0.931739,-1.244481,-1.711540,-2.257316,-1.175078
1209.000000,-0.915583,-1.169968,-1.618360,-2.242270,-0.923751
1210.000000,-1.125819,-1.147363,-1.590265,-2.242035,-1.648197
1211.000000,-1.231966,-1.128971,-1.575478,-2.178994,-1.366982
1212.000000,-1.396653,-1.155741,-1.570174,-2.110418,-1.727959
1213.000000,-1.544404,-1.212003,-1.547242,-2.044501,-1.825234
1214.000000,-1.798976,-1.311187,-1.549248,-1.995889,-2.002576
1215.000000,-1.727677,-1.413427,-1.507078,-1.921922,-1.240956
1216.000000,-1.582793,-1.423611,-1.421650,-1.830225,-0.516089
1217.000000,-1.416387,-1.452381,-1.378184,-1.758437,-0.837301
1218.000000,-1.298192,-1.485849,-1.350949,-1.688727,-1.277022
1219.000000,-1.043368,-1.513940,-1.309684,-1.620401,-0.898205
1220.000000,-0.904607,-1.412741,-1.255186,-1.567016,-0.598599
1221.000000,-0.875467,-1.325075,-1.210290,-1.531061,-0.276173
1222.000000,-0.794777,-1.201876,-1.181294,-1.497028,-0.388147
1223.000000,-0.662944,-1.085712,-1.175037,-1.455357,-0.759689
1224.000000,-0.602334,-0.919778,-1.180877,-1.426671,-0.669303
1225.000000,-0.884499,-0.967887,-1.268801,-1.409610,-1.868595
1226.000000,-1.366927,-1.169875,-1.349910,-1.383899,-2.126000
1227.000000,-1.680234,-1.280945,-1.410330,-1.370853,-1.607866
1228.000000,-1.682692,-1.234959,-1.417148,-1.340273,-0.776886
1229.000000,-1.828300,-1.328461,-1.473078,-1.323479,-1.401236
1230.000000,-1.628515,-1.422708,-1.444827,-1.295713,-1.044022
1231.000000,-1.528288,-1.638910,-1.473178,-1.300455,-1.691408
1232.000000,-1.612403,-1.847110,-1.487422,-1.323333,-1.941893
1233.000000,-1.531572,-1.791443,-1.409151,-1.315830,-0.505094
1234.000000,-1.398158,-1.785163,-1.329139,-1.328263,-0.805410
1235.000000,-1.285427,-1.615151,-1.297300,-1.365157,-0.434833
1236.000000,-1.033241,-1.429068,-1.332058,-1.387382,-0.488324
1237.000000,-0.871223,-1.410725,-1.390175,-1.431093,-1.441994
1238.000000,-1.372927,-1.620546,-1.473811,-1.490852,-2.399067
1239.000000,-1.782152,-1.725706,-1.586630,-1.564111,-2.118189
1240.000000,-2.277058,-1.911755,-1.741457,-1.597216,-2.272264
1241.000000,-2.563630,-1.973087,-1.891767,-1.640875,-2.000873
1242.000000,-2.402761,-1.878176,-1.952561,-1.630189,-1.265616
1243.000000,-2.162460,-2.030396,-1.995733,-1.623823,-1.618023
1244.000000,-1.977149,-2.074263,-2.010969,-1.592646,-1.474163
1245.000000,-1234.000000,-1234.000000,-1234.000000,-1234.000000,-1234.000000
