0.000000,5.385165,5.385165,5.385165,5.385165,0.996899
1.000000,3.759003,3.745449,3.744273,3.746403,1.267990
2.000000,3.032772,3.003746,3.003755,3.007353,0.739768
3.000000,2.592974,2.550805,2.552190,2.558251,0.128722
4.000000,2.266012,2.232184,2.234844,2.245246,-1.089232
5.000000,2.012718,1.995171,1.996833,2.009134,-0.411383
6.000000,1.807071,1.809464,1.805256,1.821547,-0.734789
7.000000,1.646875,1.662575,1.649381,1.666521,-0.220087
8.000000,1.517211,1.540591,1.518430,1.533066,-0.053400
9.000000,1.411616,1.428117,1.405403,1.417685,-0.345309
10.000000,1.308192,1.319972,1.303541,1.317136,-0.983694
11.000000,1.225767,1.225790,1.214790,1.227609,0.272161
12.000000,1.144572,1.141359,1.133578,1.146410,-0.137538
13.000000,1.068949,1.066270,1.058972,1.071546,-0.176269
14.000000,0.994004,0.997606,0.988619,1.000542,-1.160601
15.000000,0.933904,0.933356,0.923998,0.934650,-0.281828
16.000000,0.859270,0.868934,0.862200,0.869533,-1.588889
17.000000,0.795062,0.807804,0.806435,0.808866,-0.887232
18.000000,0.736402,0.750048,0.754723,0.751750,-0.399232
19.000000,0.684444,0.693949,0.701120,0.696762,-0.741221
20.000000,0.631263,0.643459,0.645980,0.642963,-0.108367
21.000000,0.589158,0.588742,0.590479,0.590172,-0.104768
22.000000,0.536995,0.532932,0.535005,0.536632,-0.809061
23.000000,0.490395,0.481302,0.482762,0.484097,0.501768
24.000000,0.442065,0.431040,0.431121,0.430011,-0.006088
25.000000,0.382167,0.372062,0.373854,0.372337,-0.466096
26.000000,0.323665,0.318882,0.314011,0.312491,0.150463
27.000000,0.261395,0.252479,0.242430,0.245974,-0.387751
28.000000,0.162953,0.164346,0.148255,0.163073,-0.575777
29.000000,-0.575015,-0.663803,-1.354997,-0.883041,-0.193842
30.000000,-0.232247,-0.500212,-1.139751,-1.044760,0.453501
31.000000,-0.411964,-0.548469,-1.263906,-1.299625,-0.389495
32.000000,-0.376409,-0.354838,-1.355536,-1.423722,-0.509255
33.000000,-0.804692,-0.957893,-1.625636,-1.527979,-2.089557
34.000000,-1.323087,-1.199076,-1.610670,-1.422286,-1.339042
35.000000,-1.835752,-1.095755,-1.691886,-1.383057,-0.419788
36.000000,-2.439062,-1.568757,-1.661961,-1.446114,-2.286647
37.000000,-2.530942,-1.698544,-1.673466,-1.532972,-1.450192
38.000000,-1.694779,-1.563924,-1.568258,-1.519472,0.289992
39.000000,-0.760364,-1.318348,-1.214583,-1.381537,1.605522
40.000000,0.661672,-0.620877,-0.680799,-1.024722,3.062940
41.000000,2.239347,0.156240,-0.294345,-0.923487,2.013054
42.000000,3.122121,1.116579,0.355369,-0.745437,2.057798
43.000000,3.278861,2.531674,0.808550,-0.480759,2.318130
44.000000,3.065493,3.239394,1.386467,0.053814,2.162001
45.000000,2.741449,3.451856,2.098071,0.647089,2.385535
46.000000,2.492938,3.440195,2.309816,1.463611,1.629634
47.000000,1.918051,3.001278,2.186386,1.670976,-0.154687
48.000000,1.420176,2.608969,2.176547,1.769567,0.067372
49.000000,1.197073,2.377416,2.285130,2.096527,1.077282
50.000000,0.683968,1.924673,2.107572,2.040059,0.207995
51.000000,0.288821,1.624963,1.997045,1.935819,-0.008353
52.000000,0.383423,1.388180,1.944564,1.983792,0.232895
53.000000,0.529574,1.185397,2.068662,1.895787,0.673025
54.000000,0.185238,0.848524,1.975084,1.738768,-0.340416
55.000000,0.090388,0.477844,1.861493,1.690840,-0.186227
56.000000,0.092858,0.235724,1.909025,1.597174,-0.000503
57.000000,0.051701,0.270167,1.901816,1.583633,0.063409
58.000000,0.104236,0.395700,1.880525,1.683876,0.899952
59.000000,0.406276,0.364424,1.788398,1.726223,0.873983
60.000000,0.413148,0.310073,1.495478,1.591681,-0.164481
61.000000,0.315684,0.252805,1.283222,1.512024,-0.406330
62.000000,0.083201,0.084169,1.031637,1.402443,-0.877236
63.000000,-0.283158,-0.107193,0.789720,1.436538,-0.569174
64.000000,-0.619315,-0.115777,0.559803,1.447607,-0.415367
65.000000,-0.480644,-0.015271,0.360101,1.499094,0.484166
66.000000,-0.727102,-0.219356,0.044452,1.509857,-1.385583
67.000000,-0.500863,-0.234030,0.077364,1.618642,0.100167
68.000000,-1.224080,-0.951135,-0.270013,1.372523,-2.862051
69.000000,-1.919360,-1.683375,-0.805418,1.066796,-2.367253
70.000000,-2.895424,-2.354122,-1.447396,0.410152,-3.094605
71.000000,-3.043352,-2.759913,-2.051763,-0.280427,-2.790695
72.000000,-3.147150,-2.791749,-2.450353,-1.024527,-2.176324
73.000000,-2.899715,-2.824640,-2.768902,-1.940185,-2.330102
74.000000,-2.661969,-2.729071,-2.719961,-2.546849,-1.731409
75.000000,-2.304168,-2.679752,-2.614073,-2.874124,-1.495604
76.000000,-1.985847,-2.500015,-2.505544,-2.881931,-1.311827
77.000000,-1.721318,-2.423506,-2.382298,-2.659973,-0.982139
78.000000,-1.418184,-2.190198,-2.332538,-2.505050,-0.975162
79.000000,-1.423838,-2.119732,-2.357668,-2.526667,-1.770221
80.000000,-1.441842,-1.962115,-2.294515,-2.452622,-1.585421
81.000000,-1.363815,-1.755367,-2.178854,-2.319919,-0.983359
82.000000,-1.507176,-1.695908,-2.122604,-2.285515,-1.660411
83.000000,-1.557453,-1.569053,-2.062346,-2.236530,-1.262092
84.000000,-1.245150,-1.397105,-1.951184,-2.078777,-0.294662
85.000000,-0.928630,-1.234738,-1.877839,-1.944787,-0.066577
86.000000,-0.897769,-1.181898,-1.811880,-1.891328,-0.809643
87.000000,-0.405047,-1.008499,-1.716399,-1.760568,0.638132
88.000000,-0.031586,-0.867952,-1.562972,-1.696556,0.442418
89.000000,0.158460,-0.623895,-1.432272,-1.638784,0.591667
90.000000,0.266116,-0.407759,-1.277017,-1.566373,0.401991
91.000000,0.730298,-0.175566,-1.083335,-1.463533,1.131833
92.000000,0.950905,0.228933,-0.886581,-1.336147,1.563306
93.000000,1.300398,0.649499,-0.642014,-1.218249,1.834969
94.000000,1.706777,1.020322,-0.384310,-1.090138,2.211374
95.000000,2.077478,1.363126,-0.129664,-1.005494,2.058354
96.000000,2.129802,1.738738,0.100859,-0.897785,1.553504
97.000000,2.021988,1.842422,0.302963,-0.866629,1.211101
98.000000,1.894003,1.962466,0.558111,-0.716468,1.393966
99.000000,1.648906,1.999128,0.913139,-0.570126,1.223301
100.000000,1.675352,2.158646,1.403248,-0.228702,2.197063
101.000000,1.583187,2.072023,1.698893,0.094146,1.273798
102.000000,1.611894,1.970618,2.031772,0.474066,1.420085
103.000000,1.533308,1.813062,2.185061,0.908984,1.073170
104.000000,1.588813,1.691223,2.231760,1.393325,1.506946
105.000000,1.391155,1.576152,2.200559,1.797041,1.260511
106.000000,1.284081,1.467358,2.167086,2.039766,0.776148
107.000000,1.198039,1.436309,2.051565,2.213080,1.013466
108.000000,1.162851,1.380368,1.958817,2.299750,0.907132
109.000000,1.078576,1.368218,1.887265,2.400234,1.116208
110.000000,1.032874,1.247049,1.832439,2.412913,1.062997
111.000000,0.931501,1.143112,1.706191,2.290092,0.230854
112.000000,0.902648,1.086183,1.615331,2.271709,0.882940
113.000000,0.703221,0.975150,1.474304,2.161322,-0.256726
114.000000,0.470187,0.830488,1.340892,2.029062,-0.008157
115.000000,0.458924,0.809894,1.280346,1.963000,1.250446
116.000000,0.520306,0.783491,1.217865,1.913779,0.372694
117.000000,0.261895,0.675372,1.164196,1.784890,-0.264262
118.000000,0.419422,0.612645,1.120393,1.706323,0.237807
119.000000,0.398154,0.456418,1.071977,1.624703,-0.393281
120.000000,0.135755,0.361527,0.981761,1.589284,0.612018
121.000000,-0.436854,0.218926,0.888521,1.487719,-1.834537
122.000000,-0.810187,-0.066789,0.791978,1.392013,-1.234392
123.000000,-1.565686,-0.159215,0.715867,1.293707,-1.170719
124.000000,-1.292508,-0.100235,0.644767,1.216848,0.603931
125.000000,-1.935852,-0.670858,0.525202,1.118130,-1.003596
126.000000,-1.396917,-0.977342,0.458729,1.054705,-0.612777
127.000000,-0.051164,-0.589099,0.475204,1.079986,1.971343
128.000000,1.217047,-0.261269,0.509888,1.095994,1.775766
129.000000,2.015492,0.646405,0.575982,1.148877,2.311806
130.000000,3.105556,1.476182,0.719233,1.145358,2.624319
131.000000,3.647166,2.951506,1.222337,1.253440,3.114054
132.000000,3.279512,3.357541,1.615237,1.327523,2.308109
133.000000,3.033804,3.401665,2.247253,1.431533,2.090816
134.000000,2.724049,3.136822,2.674798,1.479825,1.746612
135.000000,2.465141,3.073189,2.760114,1.556836,1.769631
136.000000,2.129267,2.952268,2.837937,1.682654,1.678443
137.000000,1.954947,2.688989,2.881922,1.784628,1.616421
138.000000,1.875017,2.536664,2.837275,1.915489,1.785013
139.000000,1.882307,2.397159,2.810335,2.015286,1.849012
140.000000,1.828193,2.236147,2.674601,2.072523,1.600706
141.000000,1.871305,2.096156,2.698566,2.223682,1.935119
142.000000,1.811712,1.968435,2.613471,2.225979,1.444702
143.000000,1.688153,1.848368,2.517835,2.266014,1.262868
144.000000,1.564289,1.772153,2.389784,2.269398,1.274781
145.000000,0.875287,1.360886,2.082124,1.941230,-1.674612
146.000000,0.344181,1.117217,1.922635,1.800098,-0.605290
147.000000,0.078857,0.986282,1.788778,1.774699,0.206675
148.000000,-0.141001,0.845109,1.684924,1.736329,0.275195
149.000000,-0.536745,0.604856,1.522651,1.665658,-0.451579
150.000000,-0.264816,0.367538,1.358367,1.564726,-0.556955
151.000000,-0.242309,0.074948,1.176068,1.542557,-0.539679
152.000000,-0.579765,-0.259334,0.983723,1.466398,-1.209608
153.000000,-0.913175,-0.567679,0.814497,1.415603,-1.040099
154.000000,-1.034520,-0.875524,0.670290,1.339861,-0.890730
155.000000,-1.243145,-0.821822,0.486621,1.291350,-1.323287
156.000000,-1.854730,-1.166983,0.154487,1.119589,-2.777546
157.000000,-2.166142,-1.612831,-0.201617,0.879815,-2.379964
158.000000,-2.311980,-1.960959,-0.578845,0.667372,-1.873971
159.000000,-2.337187,-2.084454,-0.972267,0.443373,-1.493355
160.000000,-2.317896,-2.185282,-1.407095,0.131212,-1.703051
161.000000,-1.976661,-2.183294,-1.810314,-0.244995,-1.360768
162.000000,-1.675300,-2.061892,-2.069281,-0.602425,-1.091253
163.000000,-1.514140,-1.986903,-2.236384,-1.015299,-1.181731
164.000000,-1.552630,-2.000621,-2.383334,-1.526735,-1.678329
165.000000,-1.489926,-1.950717,-2.220079,-1.976358,-1.428550
166.000000,-1.455934,-1.768240,-2.139399,-2.289383,-1.235772
167.000000,-1.529764,-1.659569,-2.138385,-2.514651,-1.467481
168.000000,-1.525109,-1.574387,-2.104443,-2.597602,-1.206017
169.000000,-1.394657,-1.517965,-2.018354,-2.597456,-1.078099
170.000000,-1.298518,-1.433637,-1.932764,-2.535590,-0.974607
171.000000,-1.246676,-1.387591,-1.863639,-2.483527,-0.972448
172.000000,-1.020758,-1.313108,-1.743018,-2.357980,-0.332919
173.000000,-0.810517,-1.219374,-1.644776,-2.236972,-0.118580
174.000000,-0.662862,-1.094446,-1.583232,-2.155598,-0.353275
175.000000,-0.626497,-1.036157,-1.540829,-1.972610,-0.949147
176.000000,-0.555802,-0.985101,-1.433584,-1.869778,-0.792432
177.000000,-0.666002,-0.900404,-1.346062,-1.823271,-0.828539
178.000000,-0.842171,-0.851484,-1.288822,-1.788940,-0.888280
179.000000,-0.919237,-0.801841,-1.247887,-1.727003,-0.703848
180.000000,-0.910545,-0.781806,-1.201674,-1.677306,-0.908146
181.000000,-0.951834,-0.759094,-1.176201,-1.639291,-0.903059
182.000000,-0.933372,-0.818811,-1.160708,-1.580928,-0.615363
183.000000,-0.683809,-0.827365,-1.109269,-1.518961,0.499642
184.000000,-0.513614,-0.819532,-1.028105,-1.479217,0.307316
185.000000,-0.506498,-0.833292,-0.996643,-1.457326,-1.092857
186.000000,-0.260074,-0.807857,-0.954919,-1.369779,-0.101629
187.000000,-0.117537,-0.780096,-0.887263,-1.296072,-0.348231
188.000000,-0.444374,-0.718351,-0.836901,-1.243071,-0.276682
189.000000,-1.055602,-0.849194,-0.833647,-1.228157,-1.520635
190.000000,-1.190759,-0.970552,-0.846690,-1.201791,-1.543976
191.000000,-1.365353,-0.982085,-0.830615,-1.180035,-0.680302
192.000000,-1.974888,-1.473849,-0.974568,-1.204561,-2.268512
193.000000,-2.582102,-2.534373,-1.179893,-1.230326,-2.313694
194.000000,-2.574368,-3.063888,-1.345903,-1.215041,-1.961929
195.000000,-2.526069,-2.957965,-1.472743,-1.218271,-1.898325
196.000000,-2.509150,-2.924267,-1.618667,-1.226461,-1.376574
197.000000,-2.322963,-2.912717,-1.801559,-1.229383,-1.934333
198.000000,-2.183504,-2.870870,-1.958584,-1.260834,-1.941944
199.000000,-2.063977,-2.648230,-2.087560,-1.298525,-1.666992
200.000000,-1.811808,-2.382532,-2.077862,-1.319995,-0.983988
201.000000,-1.809062,-2.331448,-2.093235,-1.362133,-1.508841
202.000000,-1.612633,-2.102271,-2.089150,-1.452392,-1.127688
203.000000,-1.226792,-1.792995,-2.088548,-1.514347,-0.149467
204.000000,-0.895652,-1.555125,-2.038875,-1.541352,-0.088365
205.000000,-0.650332,-1.309599,-1.871100,-1.513435,0.211445
206.000000,-0.198497,-1.107097,-1.773768,-1.493070,0.443499
207.000000,0.212626,-0.834129,-1.671268,-1.457769,0.562133
208.000000,0.594988,-0.434753,-1.514988,-1.359016,1.485401
209.000000,0.679595,-0.188882,-1.392050,-1.339904,0.261536
210.000000,0.288158,-0.240255,-1.403006,-1.397753,-1.461329
211.000000,-0.116130,-0.181692,-1.444336,-1.437443,-1.229005
212.000000,-0.553141,-0.184036,-1.390587,-1.495527,-1.211455
213.000000,-1.330986,-0.416218,-1.372408,-1.658585,-1.754159
214.000000,-1.606036,-0.551720,-1.317612,-1.731463,-0.977066
215.000000,-1.611756,-0.822717,-1.308284,-1.752527,-1.539757
216.000000,-1.427851,-0.967615,-1.252150,-1.756244,-0.374826
217.000000,-1.342900,-1.192439,-1.186926,-1.777433,-0.752863
218.000000,-1.200987,-1.625898,-1.148389,-1.824785,-1.158792
219.000000,-1.186513,-1.820395,-1.112036,-1.796947,-0.866160
220.000000,-1.091189,-1.793411,-1.174696,-1.786688,-1.180558
221.000000,-1.190420,-1.756185,-1.154176,-1.791959,-0.684858
222.000000,-1.247033,-1.756898,-1.204396,-1.733908,-0.985780
223.000000,-1.175526,-1.616537,-1.364763,-1.663980,-0.925628
224.000000,-1.210004,-1.621461,-1.543638,-1.621080,-1.061657
225.000000,-0.669142,-1.190635,-1.544305,-1.473828,0.927987
226.000000,-0.307929,-1.001081,-1.594813,-1.370236,0.750636
227.000000,0.194621,-0.694296,-1.621152,-1.217989,0.988776
228.000000,0.735939,-0.278936,-1.734034,-1.040800,1.184269
229.000000,1.357645,0.146005,-1.611395,-0.849087,1.448608
230.000000,1.542593,0.689984,-1.169633,-0.674694,1.711442
231.000000,1.424358,0.872309,-0.946315,-0.537218,0.397854
232.000000,1.388467,1.190306,-0.593451,-0.377949,0.907841
233.000000,1.034324,1.262535,-0.323489,-0.402529,-0.236185
234.000000,0.537192,1.283083,-0.274843,-0.468796,-0.614069
235.000000,0.270406,1.216780,0.180851,-0.448665,0.638524
236.000000,0.217877,1.105692,0.310386,-0.497425,0.181390
237.000000,-0.272279,0.766328,0.237501,-0.696662,-1.069130
238.000000,-0.479543,0.415543,0.257394,-1.031277,-1.105411
239.000000,-0.276719,0.216507,0.548332,-1.134555,0.245043
240.000000,-0.293148,0.019389,1.074708,-0.970263,0.729702
241.000000,-0.282807,-0.011291,1.340323,-0.866815,0.274574
242.000000,0.087872,-0.153457,1.642719,-0.740201,0.231866
243.000000,0.404804,-0.094722,1.835503,-0.456626,0.085512
244.000000,0.042277,-0.169961,1.749073,-0.536035,-1.177745
245.000000,0.155241,-0.101281,1.711431,0.089230,1.175647
246.000000,0.375767,0.048370,1.693930,0.488574,1.078260
247.000000,0.628765,0.450697,1.635130,1.041951,1.117158
248.000000,0.878679,0.816284,1.510146,1.596195,0.968917
249.000000,1.390045,0.917197,1.296947,1.913758,0.749963
250.000000,1.243566,0.921079,1.007704,2.175505,0.647872
251.000000,1.185620,1.046376,1.053484,2.294371,0.844920
252.000000,0.843574,1.005241,0.800916,2.258224,-0.244401
253.000000,0.477520,0.963399,0.778481,2.201705,-0.449017
254.000000,-0.141131,1.026746,0.694420,2.072440,-1.456368
255.000000,-0.730224,0.591825,0.369521,1.683797,-1.180680
256.000000,-1.416112,0.070902,0.113019,1.350954,-1.263614
257.000000,-1.579413,-0.489374,0.199460,1.031493,-0.941795
258.000000,-1.694210,-1.091968,0.258998,0.648838,-1.103453
259.000000,-1.569909,-1.565525,-0.048373,0.211351,-1.092023
260.000000,-1.312653,-1.699720,-0.343432,-0.156674,-0.184936
261.000000,-0.954576,-1.791747,-0.455037,-0.219335,0.120230
262.000000,-0.692296,-1.660698,-0.564003,-0.390317,0.089308
263.000000,-0.694017,-1.746883,-1.025728,-0.496509,-1.157773
264.000000,-0.808949,-1.731024,-1.141029,-0.583303,-1.541961
265.000000,-0.944479,-1.614310,-1.851897,-0.789528,-0.658971
266.000000,-1.351341,-1.612602,-2.537903,-0.990125,-1.320290
267.000000,-1.741221,-1.677791,-2.988809,-0.992381,-1.522701
268.000000,-1.813468,-1.701879,-3.148948,-1.049622,-1.670011
269.000000,-1.737664,-1.695869,-3.079213,-1.321900,-1.492070
270.000000,-2.072332,-1.984047,-3.066431,-1.760098,-2.251738
271.000000,-1.978280,-2.085489,-2.918565,-1.926190,-1.293512
272.000000,-1.953271,-2.206224,-2.736447,-2.089364,-1.660199
273.000000,-1.910219,-2.151289,-2.590183,-2.171944,-1.611852
274.000000,-2.073446,-2.179890,-2.489693,-2.195185,-2.319126
275.000000,-2.153023,-2.334362,-2.476816,-2.456370,-2.603649
276.000000,-2.350512,-2.374943,-2.451866,-2.592803,-2.456294
277.000000,-2.429695,-2.384020,-2.443786,-2.652839,-2.346683
278.000000,-2.433262,-2.348946,-2.391536,-2.631470,-2.025679
279.000000,-2.221712,-2.250741,-2.282961,-2.531071,-1.365095
280.000000,-1.868818,-2.049584,-2.185359,-2.403255,-0.791847
281.000000,-1.550765,-1.954693,-2.118395,-2.314948,-0.784479
282.000000,-1.246552,-1.854320,-2.061061,-2.206893,-0.840021
283.000000,-0.915656,-1.735276,-1.943889,-2.097060,-0.466622
284.000000,-0.734352,-1.577620,-1.838257,-1.983431,-0.543128
285.000000,-0.536914,-1.314125,-1.737148,-1.859208,0.157782
286.000000,-0.352007,-1.056336,-1.630171,-1.753854,0.089226
287.000000,-0.165667,-0.796618,-1.538407,-1.677584,0.015962
288.000000,-0.071632,-0.560781,-1.458771,-1.606769,-0.037189
289.000000,0.161041,-0.338602,-1.361660,-1.516337,0.525434
290.000000,0.217542,-0.197370,-1.243365,-1.469914,0.430384
291.000000,0.348974,-0.024704,-1.161254,-1.429170,0.719945
292.000000,0.437111,0.127649,-1.085434,-1.408240,0.387695
293.000000,0.987245,0.468626,-0.898982,-1.268132,2.390545
294.000000,1.290115,0.774495,-0.690925,-1.149891,1.736796
295.000000,1.671566,1.034449,-0.407275,-1.049949,1.967423
296.000000,1.968975,1.331492,-0.065801,-0.918820,2.023659
297.000000,2.255062,1.635706,0.343541,-0.773801,2.001192
298.000000,1.941052,1.786468,0.701200,-0.674459,1.105714
299.000000,1.929742,1.940621,1.103377,-0.518348,1.774413
300.000000,1.620097,1.899876,1.319727,-0.390606,0.617282
301.000000,1.294792,1.809153,1.507235,-0.306242,0.497751
302.000000,1.111980,1.831933,1.748765,-0.115374,1.113909
303.000000,1.089542,1.652202,1.894890,0.111997,1.001247
304.000000,0.670347,1.404535,1.877258,0.338423,-0.161411
305.000000,0.581887,1.199074,1.811705,0.755721,0.205907
306.000000,0.588950,1.030023,1.772768,1.335716,0.535998
307.000000,0.476267,0.869555,1.737050,1.956861,0.641179
308.000000,0.369083,0.805819,1.696632,2.383937,0.598115
309.000000,0.523797,0.642868,1.608811,2.503393,0.434321
310.000000,0.625042,0.633596,1.550016,2.456752,0.575608
311.000000,0.612308,0.629887,1.477663,2.360449,0.416844
312.000000,0.752776,0.620900,1.483762,2.329232,1.287398
313.000000,1.086452,0.704422,1.415680,2.301218,1.983756
314.000000,1.477007,0.995432,1.391223,2.272116,1.946135
315.000000,1.864148,1.278881,1.368389,2.202371,2.044109
316.000000,1.767670,1.270380,1.231352,2.040310,-0.071723
317.000000,1.491125,1.248535,1.100297,1.921647,-0.029964
318.000000,1.325129,1.386368,1.103619,1.883709,1.173995
319.000000,1.245250,1.603649,1.075317,1.838849,1.536307
320.000000,0.632436,1.563965,1.052912,1.738648,-0.299624
321.000000,0.560006,1.526709,1.040643,1.640154,-0.520128
322.000000,0.437036,1.341751,0.972352,1.577609,-0.661056
323.000000,-0.134867,0.959382,0.910146,1.425601,-0.654606
324.000000,-0.813097,0.538022,1.008598,1.322820,-0.426897
325.000000,-0.708928,0.067749,1.104454,1.228890,0.012257
326.000000,-0.269531,0.275353,1.230522,1.160608,0.860443
327.000000,0.230691,0.496931,1.343649,1.089491,0.946546
328.000000,0.338967,0.139964,1.334525,1.029782,-0.315797
329.000000,0.233447,-0.422432,1.269865,0.894190,-0.783691
330.000000,-0.049840,-0.540876,1.167431,0.842689,-0.882820
331.000000,-0.254535,-0.367397,1.221539,0.856070,0.232737
332.000000,-0.746055,-0.354479,1.009058,0.773736,-0.618209
333.000000,-0.746762,-0.284209,0.667321,0.708619,-0.345835
334.000000,-0.669328,-0.297351,0.257633,0.760946,-0.543008
335.000000,-0.725117,-0.518565,-0.372988,0.749025,-1.115627
336.000000,-1.274615,-1.021031,-0.688805,0.661479,-1.560405
337.000000,-2.063360,-1.870293,-1.442666,0.391409,-2.960483
338.000000,-2.701994,-2.309380,-2.392252,0.057904,-2.606856
339.000000,-2.965286,-2.551448,-3.052389,-0.345439,-2.359230
340.000000,-2.864284,-2.576078,-2.994368,-0.817170,-1.804594
341.000000,-2.486757,-2.503101,-2.706696,-1.188280,-0.755443
342.000000,-2.172724,-2.492774,-2.615100,-1.981669,-1.693796
343.000000,-2.044449,-2.547932,-2.593707,-2.828017,-2.107719
344.000000,-1.965307,-2.548924,-2.574243,-3.188853,-2.081013
345.000000,-1.798727,-2.385285,-2.458772,-3.124522,-1.158745
346.000000,-1.835622,-2.220591,-2.404513,-2.825815,-1.053495
347.000000,-1.853916,-2.069911,-2.432302,-2.701765,-1.830808
348.000000,-1.796533,-1.968325,-2.379320,-2.677911,-1.884702
349.000000,-1.546126,-1.792503,-2.230184,-2.578460,-0.994891
350.000000,-1.521276,-1.697502,-2.119032,-2.411590,-1.099489
351.000000,-1.369388,-1.635286,-2.023748,-2.222540,-0.365897
352.000000,-1.086848,-1.503274,-1.922290,-2.087831,-0.528062
353.000000,-0.879072,-1.377725,-1.878789,-2.008742,-0.985123
354.000000,-0.465672,-1.044309,-1.719648,-1.829714,0.903029
355.000000,-0.024521,-0.825517,-1.572486,-1.700202,0.882536
356.000000,0.155021,-0.674383,-1.462049,-1.652104,0.434016
357.000000,0.354412,-0.435429,-1.309784,-1.623681,0.306442
358.000000,1.093950,0.047504,-1.060980,-1.457889,2.092157
359.000000,1.381843,0.440556,-0.813495,-1.288717,2.001501
360.000000,1.692168,0.891099,-0.572942,-1.119359,2.034443
361.000000,1.988623,1.212146,-0.409436,-1.020279,1.716155
362.000000,2.129944,1.485336,-0.196184,-0.923243,1.259908
363.000000,1.877174,1.774383,0.068737,-0.850972,1.088091
364.000000,1.705877,1.822673,0.396893,-0.760965,1.289749
365.000000,1.580269,1.892772,0.701001,-0.627469,1.508482
366.000000,1.462737,1.951662,1.004196,-0.485092,1.242088
367.000000,1.431562,1.982489,1.408233,-0.233800,1.211972
368.000000,1.426200,1.820314,1.785826,0.057579,1.175221
369.000000,1.425467,1.701232,2.009261,0.428967,1.362127
370.000000,1.392660,1.588896,2.176939,0.835602,1.390847
371.000000,1.358462,1.489750,2.198904,1.175036,1.123540
372.000000,1.325027,1.442305,2.199292,1.649274,1.091269
373.000000,1.194260,1.360161,2.161486,2.047352,0.584646
374.000000,1.066609,1.288943,2.009542,2.341193,0.766694
375.000000,0.971197,1.223380,1.900238,2.424576,0.963837
376.000000,0.987650,1.216820,1.853128,2.460634,1.210558
377.000000,1.033843,1.224099,1.825949,2.512740,1.325437
378.000000,1.211994,1.241455,1.719995,2.515661,1.421922
379.000000,1.174850,1.151127,1.580215,2.372049,0.483367
380.000000,1.109246,1.061918,1.454603,2.267114,0.515882
381.000000,0.958310,0.998337,1.356080,2.136733,0.385668
382.000000,0.566476,0.858817,1.253681,2.002283,-0.660246
383.000000,0.088029,0.794301,1.178238,1.924196,-0.777527
384.000000,-0.089836,0.737649,1.117046,1.787959,-0.170031
385.000000,-0.449679,0.593860,1.025715,1.661241,-0.808890
386.000000,-0.957559,0.342295,0.943147,1.570333,-1.285411
387.000000,-1.559374,-0.134143,0.820873,1.474365,-2.714026
388.000000,-1.326675,-0.461792,0.787027,1.381734,0.348609
389.000000,-1.478814,-0.747471,0.698995,1.274654,-0.556155
390.000000,-1.155195,-0.961529,0.623125,1.184436,0.255418
391.000000,-0.741651,-1.171919,0.557405,1.110599,0.072129
392.000000,-0.392676,-1.342453,0.414022,1.026532,-1.456415
393.000000,-1.382546,-1.758307,0.218833,0.910093,-2.791425
394.000000,-2.031671,-2.226183,-0.061053,0.774064,-2.597918
395.000000,-2.692174,-2.477601,-0.478584,0.599351,-2.572029
396.000000,-3.126765,-2.661189,-1.141076,0.388096,-2.823468
397.000000,-3.117116,-2.628810,-1.921676,0.135342,-2.605548
398.000000,-2.655547,-2.622395,-2.415989,-0.068006,-1.347672
399.000000,-2.301851,-2.505897,-2.565559,-0.320594,-1.204776
400.000000,-1.983525,-2.448245,-2.566941,-0.616808,-1.105515
401.000000,-1.669410,-2.406353,-2.519561,-0.957133,-1.291210
402.000000,-1.462033,-2.326947,-2.410400,-1.374613,-1.635647
403.000000,-1.447532,-2.136414,-2.289082,-1.689871,-1.311322
404.000000,-1.327703,-1.908772,-2.163686,-1.905107,-0.700884
405.000000,-1.261744,-1.717639,-2.047056,-2.091907,-0.823339
406.000000,-1.091434,-1.465696,-1.913828,-2.188334,-0.489665
407.000000,-0.874032,-1.244067,-1.775608,-2.228728,-0.627654
408.000000,-0.687640,-1.147604,-1.752825,-2.208470,-0.453831
409.000000,-0.492758,-0.995787,-1.658655,-2.058552,0.287005
410.000000,-0.227960,-0.846411,-1.599041,-1.933056,0.405389
411.000000,0.011607,-0.653199,-1.534792,-1.816362,0.592188
412.000000,0.304294,-0.398179,-1.432487,-1.673873,0.562475
413.000000,0.572786,-0.156056,-1.282081,-1.559149,0.631696
414.000000,0.655281,0.012552,-1.139832,-1.487149,0.609202
415.000000,0.765807,0.251273,-0.974367,-1.393471,0.859280
416.000000,0.904413,0.497492,-0.750263,-1.284999,1.171066
417.000000,0.944873,0.720350,-0.531882,-1.168657,0.736688
418.000000,1.159180,1.022122,-0.344216,-1.113779,1.555955
419.000000,1.517900,1.302129,-0.100240,-0.997808,2.128930
420.000000,1.818280,1.573702,0.177384,-0.903536,2.176132
421.000000,2.078001,1.836933,0.548883,-0.784089,2.335486
422.000000,2.324985,2.037585,1.008993,-0.610723,2.049332
423.000000,2.334417,2.170402,1.486165,-0.338118,1.975026
424.000000,2.148173,2.198567,1.844634,-0.042220,1.595389
425.000000,1.990687,2.180405,2.159993,0.343710,1.621289
426.000000,1.784558,2.091927,2.292010,0.830579,1.396782
427.000000,1.522828,1.972517,2.274883,1.292092,0.756142
428.000000,1.175386,1.760195,2.163546,1.555830,0.217149
429.000000,0.889591,1.528927,2.005380,1.772405,0.158648
430.000000,0.490836,1.277025,1.831152,1.875479,-0.296184
431.000000,0.128230,1.027639,1.678317,1.958940,-0.278984
432.000000,-0.192825,0.757203,1.519364,1.985655,-0.792065
433.000000,-0.496941,0.432287,1.352063,1.913078,-1.264556
434.000000,-0.838347,0.106233,1.197435,1.762355,-1.412415
435.000000,-1.033504,-0.230816,1.062940,1.665972,-1.140588
436.000000,-1.382498,-0.646931,0.873289,1.487076,-1.812902
437.000000,-1.489162,-0.924649,0.750479,1.388701,-1.268316
438.000000,-1.260463,-1.007057,0.661422,1.379120,-0.150448
439.000000,-1.097793,-1.137954,0.498319,1.279404,-0.631742
440.000000,-1.247867,-1.350054,0.230488,1.088576,-1.776753
441.000000,-1.296490,-1.581694,-0.109973,0.871967,-1.944032
442.000000,-1.510428,-1.752145,-0.511465,0.629976,-2.094886
443.000000,-1.849661,-1.811147,-0.949579,0.393015,-1.827820
444.000000,-2.092128,-1.873568,-1.420541,0.108206,-2.004144
445.000000,-1.933240,-1.838698,-1.795085,-0.122608,-1.218015
446.000000,-1.930098,-1.845783,-2.171837,-0.528908,-1.952660
447.000000,-1.904056,-1.908032,-2.380226,-0.954349,-1.963684
448.000000,-1.756820,-1.943356,-2.374488,-1.354017,-1.215679
449.000000,-1.391649,-1.815486,-2.237637,-1.644443,-0.269517
450.000000,-1.070843,-1.550957,-2.026327,-1.821183,0.362428
451.000000,-0.632808,-1.316510,-1.861688,-2.011826,0.247088
452.000000,-0.181223,-1.094498,-1.705279,-2.144117,0.134739
453.000000,0.173887,-0.880947,-1.536148,-2.187299,0.356599
454.000000,0.322396,-0.643714,-1.385214,-2.159638,0.363431
455.000000,0.363096,-0.469746,-1.259271,-2.106541,0.571406
456.000000,0.549799,-0.133822,-1.081747,-1.994567,1.126951
457.000000,0.796594,0.260180,-0.947632,-1.851483,1.147756
458.000000,0.923022,0.555777,-0.904070,-1.722492,0.775591
459.000000,1.184830,0.796673,-0.804712,-1.574639,1.352094
460.000000,1.377714,0.954672,-0.637502,-1.418703,1.316883
461.000000,1.622474,1.263014,-0.383702,-1.222370,2.094834
462.000000,2.015677,1.710542,-0.014692,-0.940360,2.656183
463.000000,2.324185,2.031325,0.371898,-0.643927,2.309018
464.000000,2.277814,2.150753,0.756237,-0.397119,1.567640
465.000000,2.364639,2.278969,1.170932,-0.080820,2.084094
466.000000,2.551031,2.471068,1.821984,0.490032,2.952996
467.000000,2.615816,2.617265,2.415103,1.114053,2.876868
468.000000,2.567101,2.647911,2.692649,1.592346,2.290838
469.000000,2.528995,2.567554,2.715651,2.002839,1.888923
470.000000,2.435450,2.507643,2.650917,2.400571,1.905864
471.000000,2.157213,2.375214,2.544941,2.608423,1.581047
472.000000,1.864256,2.213253,2.436125,2.685903,1.413670
473.000000,1.589747,2.040006,2.290082,2.622573,0.939517
474.000000,1.422779,1.951189,2.183445,2.568803,1.048244
475.000000,1.208812,1.821972,2.076189,2.452386,0.841612
476.000000,1.075852,1.644033,1.983470,2.392020,0.931038
477.000000,0.981704,1.466280,1.912540,2.338805,0.975501
478.000000,0.930071,1.308895,1.845834,2.238519,0.659915
479.000000,0.802785,1.166227,1.764176,2.107365,0.401613
480.000000,0.720573,1.016254,1.697769,1.983229,0.423624
481.000000,0.591820,0.886619,1.616337,1.882982,0.317820
482.000000,0.371662,0.734818,1.505471,1.787880,-0.078360
483.000000,0.232528,0.643720,1.415026,1.709108,-0.005490
484.000000,0.203092,0.560048,1.368980,1.657369,0.280949
485.000000,0.231849,0.530327,1.321595,1.625358,0.623461
486.000000,0.294435,0.489121,1.228933,1.592014,0.657508
487.000000,0.337296,0.381991,1.097286,1.546397,0.025000
488.000000,0.520658,0.384731,1.020455,1.541706,0.830624
489.000000,0.467683,0.341581,0.928382,1.505445,-0.133315
490.000000,0.378135,0.320066,0.837730,1.486396,0.182940
491.000000,0.203320,0.288848,0.753991,1.449387,-0.141092
492.000000,0.187101,0.320329,0.673771,1.397453,-0.184375
493.000000,-0.183072,0.316483,0.620923,1.348106,-0.507672
494.000000,0.248838,0.482261,0.631091,1.369260,1.722728
495.000000,0.632977,0.610701,0.665887,1.370794,1.521505
496.000000,1.352640,0.886037,0.729314,1.337873,2.107059
497.000000,2.131565,1.531725,0.834458,1.300923,2.630682
498.000000,2.742648,1.976309,1.024454,1.292630,2.630901
499.000000,2.648226,2.417564,1.260715,1.293814,2.101904
500.000000,2.859278,2.762361,1.632350,1.326909,2.875227
501.000000,2.784898,2.880331,1.996404,1.367915,2.317050
502.000000,2.585692,2.877567,2.356458,1.413621,2.040854
503.000000,2.300988,2.791398,2.558842,1.477838,1.530181
504.000000,1.975262,2.464292,2.534557,1.484420,0.729881
505.000000,1.523094,2.227626,2.423323,1.503681,0.619007
506.000000,1.044291,1.922019,2.231448,1.469284,-0.030940
507.000000,0.595409,1.620538,2.110533,1.419228,-0.101254
508.000000,0.286171,1.365076,1.943772,1.407627,0.094653
509.000000,0.086394,1.131686,1.847699,1.400117,-0.194492
510.000000,-0.107245,0.803743,1.729865,1.387575,-0.268664
511.000000,-0.161559,0.514988,1.644470,1.385486,-0.283945
512.000000,-0.255659,0.209200,1.552196,1.405367,-0.549132
513.000000,-0.505868,-0.106824,1.447073,1.386277,-1.061328
514.000000,-0.643908,-0.300054,1.267134,1.359643,-0.802992
515.000000,-0.821964,-0.516260,1.090053,1.278936,-1.045735
516.000000,-1.020713,-0.664838,0.879970,1.180237,-1.148501
517.000000,-1.144751,-0.805657,0.645599,1.139859,-1.107135
518.000000,-1.175650,-0.991518,0.379608,1.005413,-1.214405
519.000000,-1.204880,-1.103881,0.151435,0.971224,-0.965012
520.000000,-1.250819,-1.244642,-0.214674,0.868383,-1.274625
521.000000,-1.365908,-1.432828,-0.628726,0.728337,-1.671872
522.000000,-1.351364,-1.491228,-0.999904,0.654037,-1.071368
523.000000,-1.444728,-1.558359,-1.405776,0.512029,-1.636421
524.000000,-1.518551,-1.608671,-1.683740,0.188754,-1.381320
525.000000,-1.444715,-1.574497,-1.875918,-0.113000,-1.021432
526.000000,-1.446006,-1.616952,-2.036043,-0.690552,-1.704916
527.000000,-1.301420,-1.497671,-2.004713,-1.170955,-0.478757
528.000000,-1.198487,-1.452938,-2.034016,-1.860056,-1.131069
529.000000,-1.139383,-1.432862,-2.004162,-2.407586,-1.094060
530.000000,-1.154882,-1.381484,-1.949317,-2.852692,-1.104588
531.000000,-0.989142,-1.279114,-1.876884,-2.955621,-0.949970
532.000000,-1.089756,-1.243010,-1.788862,-2.900882,-0.899091
533.000000,-1.072094,-1.169584,-1.690463,-2.769697,-1.066679
534.000000,-1.044507,-1.113913,-1.617729,-2.574959,-0.918394
535.000000,-0.981485,-1.093269,-1.534191,-2.407206,-0.743731
536.000000,-0.990099,-0.993617,-1.463558,-2.237852,-0.959691
537.000000,-0.994271,-1.058689,-1.403979,-2.096979,-0.870373
538.000000,-0.956488,-1.033781,-1.344059,-1.997508,-0.879309
539.000000,-1.010731,-1.036675,-1.317768,-1.907449,-1.157756
540.000000,-1.007842,-0.996309,-1.262020,-1.814778,-0.618011
541.000000,-0.848838,-0.937286,-1.171849,-1.725643,-0.051270
542.000000,-0.698476,-0.881262,-1.130454,-1.641118,-0.022384
543.000000,-0.356964,-0.727629,-1.035644,-1.531883,0.743415
544.000000,-0.035796,-0.650155,-0.978677,-1.467787,-0.034986
545.000000,-0.046509,-0.670842,-0.974911,-1.415243,-0.911512
546.000000,-0.199266,-0.632374,-0.896358,-1.358535,-0.632797
547.000000,-0.841207,-0.772462,-0.986550,-1.339176,-2.118088
548.000000,-1.707831,-0.888267,-1.002473,-1.308268,-1.599733
549.000000,-2.745696,-1.206993,-1.091588,-1.328006,-2.942333
550.000000,-3.197531,-1.701168,-1.194905,-1.334108,-2.589632
551.000000,-2.975027,-1.973631,-1.238105,-1.281696,-0.831597
552.000000,-2.416629,-2.155894,-1.270674,-1.264603,-0.414650
553.000000,-2.136809,-2.472636,-1.301361,-1.227127,-0.795094
554.000000,-1.480689,-2.494450,-1.332748,-1.201123,-0.554943
555.000000,-0.727586,-2.278318,-1.344774,-1.191155,0.052774
556.000000,-0.435638,-2.061875,-1.307365,-1.114724,0.187104
557.000000,-0.193047,-1.641654,-1.271554,-1.143068,0.532064
558.000000,-0.007676,-1.419563,-1.278842,-1.131341,-0.177678
559.000000,0.414466,-0.747947,-1.144491,-1.085906,1.015047
560.000000,0.507955,-0.167786,-1.113140,-1.050846,0.424560
561.000000,0.477661,0.012226,-1.176774,-1.041164,0.061844
562.000000,0.070338,-0.089622,-1.350917,-1.080927,-1.044219
563.000000,0.043318,0.024390,-1.529533,-1.071697,-0.276487
564.000000,-0.431772,-0.005086,-1.653427,-1.100923,-0.796935
565.000000,-0.275071,0.175372,-1.473870,-1.055214,1.012663
566.000000,-0.234315,0.183174,-1.413981,-1.027360,0.219045
567.000000,0.685358,0.547710,-0.906521,-0.872261,2.177980
568.000000,1.489374,1.131969,-0.350772,-0.655849,2.379411
569.000000,2.522134,1.710877,0.686288,-0.252244,3.010585
570.000000,2.688019,2.114771,1.577934,0.087614,2.192809
571.000000,2.885630,2.471646,2.135378,0.451501,2.195902
572.000000,2.669582,2.738486,2.428650,0.833895,1.864598
573.000000,2.544613,2.858669,2.716001,1.277898,2.149223
574.000000,2.283151,2.897643,2.813279,1.806560,1.935348
575.000000,2.104048,2.713941,2.729426,2.274732,1.564209
576.000000,1.844275,2.558896,2.583434,2.488331,1.109495
577.000000,1.761452,2.378744,2.492221,2.746857,1.551254
578.000000,1.573650,2.184276,2.411257,2.766173,1.274180
579.000000,1.467730,1.980703,2.304609,2.813969,1.450642
580.000000,1.396223,1.839131,2.219579,2.765131,1.256475
581.000000,1.517309,1.763567,2.203519,2.664179,1.710449
582.000000,1.400415,1.647742,2.164219,2.498308,1.003213
583.000000,1.405995,1.549269,2.126087,2.409430,1.301657
584.000000,1.230984,1.402521,2.058529,2.274729,0.593144
585.000000,0.912442,1.204350,1.892162,2.087003,-0.358166
586.000000,0.582253,1.110521,1.808387,1.963607,0.122972
587.000000,0.503904,1.018552,1.710728,1.889412,0.640827
588.000000,0.264316,0.915029,1.592332,1.823538,0.225536
589.000000,0.215685,0.803747,1.457994,1.746667,0.392133
590.000000,0.343021,0.693040,1.351793,1.686202,0.181381
591.000000,0.308576,0.490262,1.236238,1.633187,-0.085276
592.000000,0.063127,0.327750,1.123212,1.601133,-0.538892
593.000000,-0.164313,0.078791,0.982089,1.547210,-0.918746
594.000000,-0.416468,-0.062132,0.864947,1.530254,-0.715239
595.000000,-0.439556,0.027016,0.813125,1.513612,0.468084
596.000000,-0.329120,0.079278,0.808883,1.533545,0.909063
597.000000,-0.028784,0.036040,0.762998,1.501053,0.778265
598.000000,0.471752,0.039100,0.725603,1.454428,0.468570
599.000000,1.042743,0.048382,0.678190,1.381234,0.861695
600.000000,1.195514,0.132375,0.648769,1.338646,0.947373
601.000000,0.999445,0.232102,0.525995,1.275907,0.313052
602.000000,0.412407,0.227269,0.389240,1.187988,-1.158187
603.000000,0.481491,0.691573,0.288016,1.130634,0.679548
604.000000,0.412647,1.043205,0.270969,1.076462,0.608961
605.000000,0.237309,0.995617,0.396251,1.034461,0.348165
606.000000,-0.144549,0.594674,0.348435,0.984263,-0.939414
607.000000,0.014567,0.296918,0.194992,0.895947,-0.638368
608.000000,-0.451497,0.024407,0.066771,0.812616,-0.825724
609.000000,-1.054440,-0.453479,-0.272687,0.663887,-1.365146
610.000000,-1.249491,-0.734681,-0.509722,0.560893,-0.369439
611.000000,-1.318416,-1.054748,-0.901517,0.323330,-1.180268
612.000000,-1.433160,-1.042563,-1.062197,0.147042,-1.026801
613.000000,-0.693340,-0.842464,-0.088072,0.072289,1.827984
614.000000,0.129315,-0.759372,0.567955,0.061101,1.135516
615.000000,0.386880,-0.775930,0.495096,0.164200,0.377351
616.000000,1.533378,0.039903,0.944448,0.376848,2.300476
617.000000,2.882346,1.379237,2.120303,0.758813,3.480257
618.000000,2.987223,2.414943,2.947849,1.262052,2.714098
619.000000,3.051657,3.045740,3.214119,1.758212,2.345903
620.000000,3.125278,3.182098,3.264069,2.305986,2.284062
621.000000,2.725343,3.080160,3.057297,2.587534,1.301601
622.000000,2.153478,2.912890,2.952725,2.724941,0.934740
623.000000,1.589198,2.480855,2.543166,2.673964,0.086527
624.000000,1.187179,2.278002,2.325529,2.591597,0.443251
625.000000,0.735926,2.148374,2.166276,2.370485,0.330000
626.000000,0.214283,1.736431,1.962484,2.000936,-0.912071
627.000000,-0.178738,1.239282,1.806150,1.740807,-0.688701
628.000000,-0.335406,0.820632,1.708006,1.557828,-0.565702
629.000000,-0.688262,0.342732,1.601182,1.310540,-1.041810
630.000000,-1.144007,-0.267513,1.348534,0.996937,-1.598422
631.000000,-1.259254,-0.709602,1.201065,0.763257,-1.402671
632.000000,-1.404295,-1.077850,1.060296,0.642634,-1.366148
633.000000,-1.651806,-1.361792,0.641104,0.322801,-1.741254
634.000000,-1.586599,-1.522035,0.403621,0.135353,-0.908906
635.000000,-1.419670,-1.643315,0.213649,-0.038583,-0.916897
636.000000,-1.291843,-1.593972,-0.144036,-0.113473,-0.871687
637.000000,-1.195586,-1.586451,-0.730211,-0.226869,-0.946286
638.000000,-0.938530,-1.542622,-1.211870,-0.267225,-0.586371
639.000000,-0.970405,-1.516419,-1.744064,-0.351582,-1.060114
640.000000,-1.032800,-1.449278,-2.226661,-0.550678,-1.198115
641.000000,-1.226448,-1.482013,-2.535191,-0.819001,-1.715485
642.000000,-1.553961,-1.610935,-2.761968,-1.279624,-2.298987
643.000000,-2.054877,-1.779968,-2.862040,-2.102856,-2.750494
644.000000,-2.473565,-2.085381,-2.961896,-2.797962,-2.960122
645.000000,-2.564927,-2.201968,-2.880645,-2.983575,-2.142773
646.000000,-2.478649,-2.230724,-2.699115,-3.028464,-1.774111
647.000000,-2.355606,-2.249967,-2.579820,-3.060164,-1.863468
648.000000,-2.097263,-2.229759,-2.448254,-2.949208,-1.472689
649.000000,-1.744181,-2.148453,-2.299296,-2.803874,-1.184682
650.000000,-1.465753,-2.028066,-2.122809,-2.647550,-0.725423
651.000000,-1.250534,-1.897695,-1.985683,-2.487370,-0.663516
652.000000,-0.937980,-1.716652,-1.853910,-2.329823,-0.317274
653.000000,-0.655905,-1.483109,-1.715857,-2.170702,-0.115671
654.000000,-0.483489,-1.236203,-1.649290,-2.077616,-0.413689
655.000000,-0.361159,-1.039045,-1.577987,-1.985882,-0.145379
656.000000,-0.296138,-0.894773,-1.533126,-1.888916,-0.395115
657.000000,-0.389895,-0.759888,-1.513368,-1.832987,-0.778348
658.000000,-0.435039,-0.616520,-1.487335,-1.766873,-0.279324
659.000000,-0.318203,-0.457595,-1.429499,-1.679278,0.167976
660.000000,-0.308171,-0.380721,-1.384893,-1.596927,-0.067621
661.000000,-0.360546,-0.371276,-1.353152,-1.552857,-0.646221
662.000000,-0.360433,-0.434095,-1.304003,-1.523375,-0.818848
663.000000,-0.490983,-0.536854,-1.219559,-1.485975,-0.855984
664.000000,-0.636547,-0.549954,-1.075087,-1.462036,-0.441833
665.000000,-0.774350,-0.628439,-0.986067,-1.449591,-0.646249
666.000000,-0.968841,-0.782910,-0.965310,-1.474970,-1.517221
667.000000,-1.003517,-0.815713,-0.898449,-1.479809,-0.939042
668.000000,-0.886517,-0.843526,-0.824165,-1.477688,-0.199133
669.000000,-0.758317,-0.885634,-0.744234,-1.452055,0.403187
670.000000,-0.398492,-0.817482,-0.669972,-1.410178,1.186832
671.000000,0.234627,-0.688762,-0.619606,-1.370780,0.791612
672.000000,0.996946,-0.363701,-0.552864,-1.285353,1.533203
673.000000,1.363387,0.007592,-0.534001,-1.173372,1.052027
674.000000,1.419819,0.317785,-0.469151,-1.014995,0.896342
675.000000,1.356767,0.787156,-0.398019,-0.876170,1.200716
676.000000,1.321888,1.389039,-0.305036,-0.761139,0.687136
677.000000,1.164482,1.731335,-0.067315,-0.602459,0.853072
678.000000,1.150323,1.828501,0.112562,-0.453855,0.895387
679.000000,1.096958,1.773330,0.161934,-0.326147,0.577974
680.000000,1.003439,1.665132,0.344307,-0.223334,0.860140
681.000000,1.099341,1.710999,0.804697,-0.099420,1.080289
682.000000,1.140721,1.615549,1.394428,-0.002327,1.087795
683.000000,1.016892,1.487204,1.909972,0.043211,0.467822
684.000000,1.030985,1.409744,2.207023,0.155915,0.673476
685.000000,0.896547,1.219633,2.370562,0.217048,0.325382
686.000000,0.713985,1.131142,2.620950,0.331026,0.340218
687.000000,0.723280,1.151564,2.685514,0.596428,1.148816
688.000000,0.828583,1.135145,2.541672,0.772799,0.916415
689.000000,0.717822,1.068080,2.282691,0.811286,0.237944
690.000000,0.810275,1.037808,2.055875,0.944275,0.732344
691.000000,0.978085,1.025879,1.980578,1.214183,1.084533
692.000000,0.887172,0.968776,1.809932,1.451787,0.809070
693.000000,0.898564,1.029787,1.741499,1.667760,1.036394
694.000000,1.344022,1.224360,1.808107,1.865027,2.163906
695.000000,1.603093,1.411921,1.799387,2.000790,1.817134
696.000000,2.088911,1.759868,1.962203,2.287565,3.152025
697.000000,2.685898,2.038459,2.119031,2.452987,3.346003
698.000000,3.009483,2.273799,2.207222,2.487510,2.799179
699.000000,2.977533,2.518478,2.266736,2.462411,2.405771
700.000000,2.850365,2.594464,2.245919,2.375173,1.873081
701.000000,2.531089,2.602981,2.211579,2.340534,1.813172
702.000000,2.223006,2.608297,2.189043,2.274283,1.842985
703.000000,2.025076,2.572447,2.207995,2.240676,1.825164
704.000000,1.815893,2.404648,2.176467,2.182079,1.417052
705.000000,1.669866,2.263356,2.149869,2.099234,1.207259
706.000000,1.541868,2.056118,2.125654,2.047420,1.199286
707.000000,1.509204,1.903798,2.103547,2.023374,1.653657
708.000000,1.542705,1.831302,2.118618,2.018545,1.932470
709.000000,1.641594,1.783571,2.156957,2.019376,1.873418
710.000000,1.524794,1.645084,2.083010,1.938076,0.695129
711.000000,1.405487,1.515310,2.002140,1.859400,0.627932
712.000000,1.252705,1.415568,1.956691,1.806693,0.862432
713.000000,1.031375,1.316275,1.907164,1.779552,0.830078
714.000000,0.839269,1.274794,1.835362,1.759731,0.984475
715.000000,0.893547,1.252213,1.781294,1.752558,0.953836
716.000000,0.888560,1.194108,1.668614,1.730585,0.564004
717.000000,0.831257,1.088964,1.549653,1.691406,0.555882
718.000000,0.768940,0.941016,1.447423,1.662600,0.496854
719.000000,0.576686,0.745516,1.339721,1.642465,0.003746
720.000000,0.238004,0.628645,1.229187,1.595072,-0.768432
721.000000,-0.084509,0.497017,1.115828,1.540892,-1.054491
722.000000,-0.649031,0.243821,0.967228,1.477081,-2.044171
723.000000,-1.492721,-0.118244,0.782985,1.393759,-2.775950
724.000000,-2.243176,-0.595385,0.606767,1.280636,-2.605322
725.000000,-2.618380,-1.129107,0.442562,1.189687,-2.189902
726.000000,-2.558878,-1.518150,0.310135,1.090706,-1.218475
727.000000,-2.293744,-1.911012,0.104764,0.960800,-1.327507
728.000000,-1.798204,-2.119463,-0.125894,0.858980,-0.686618
729.000000,-1.335131,-2.134930,-0.388518,0.762134,-0.555695
730.000000,-0.798203,-1.907999,-0.486103,0.719624,0.235985
731.000000,-0.417781,-1.637591,-0.567054,0.685507,0.487907
732.000000,-0.083182,-1.338965,-0.725843,0.619308,0.150644
733.000000,0.135363,-0.967610,-0.879743,0.545155,0.270977
734.000000,0.523751,-0.484916,-0.964377,0.552163,1.125774
735.000000,0.626454,-0.103999,-1.086119,0.545573,0.679794
736.000000,0.575646,0.097516,-1.179594,0.501777,0.267660
737.000000,0.610037,0.324809,-1.242544,0.385746,0.303404
738.000000,0.506372,0.395285,-1.326628,0.119951,-0.207319
739.000000,0.076476,0.373147,-1.381604,-0.299672,-0.823763
740.000000,-0.239439,0.253005,-1.330024,-0.578065,-0.695180
741.000000,-0.475821,0.086684,-1.266247,-0.925440,-0.727917
742.000000,-1.035676,-0.227472,-1.273592,-1.631593,-1.995890
743.000000,-1.489192,-0.603059,-1.246110,-2.330029,-2.072936
744.000000,-1.701869,-1.080678,-1.196248,-2.759618,-1.773130
745.000000,-1.872118,-1.459880,-1.173166,-2.869843,-1.573215
746.000000,-2.052493,-1.794346,-1.287925,-2.816289,-1.731065
747.000000,-2.366345,-2.379516,-1.657274,-2.928010,-3.178981
748.000000,-2.386009,-2.598639,-1.961604,-2.854311,-2.219872
749.000000,-2.413755,-2.649563,-2.245796,-2.746057,-2.076669
750.000000,-2.387823,-2.636028,-2.515429,-2.599335,-1.778535
751.000000,-2.264031,-2.559313,-2.678179,-2.454670,-1.438180
752.000000,-1.826801,-2.345966,-2.688185,-2.282721,-1.109083
753.000000,-1.557824,-2.140255,-2.641986,-2.109498,-0.968310
754.000000,-1.357833,-2.007888,-2.647205,-1.980682,-1.120666
755.000000,-1.280920,-1.944909,-2.622408,-1.914070,-1.397841
756.000000,-1.392728,-1.945360,-2.616381,-1.947450,-1.905636
757.000000,-1.489178,-1.772897,-2.557815,-1.940291,-1.581677
758.000000,-1.584374,-1.685088,-2.467087,-1.952045,-1.498117
759.000000,-1.675749,-1.632571,-2.378482,-1.977532,-1.636378
760.000000,-1.620187,-1.553882,-2.273790,-1.989960,-1.205207
761.000000,-1.522088,-1.537747,-2.207121,-2.023995,-1.434559
762.000000,-1.449550,-1.529486,-2.094218,-2.023400,-1.240586
763.000000,-1.389158,-1.532211,-1.993598,-2.020936,-1.206793
764.000000,-1.244064,-1.494738,-1.898379,-2.023932,-0.916517
765.000000,-1.219462,-1.454775,-1.832821,-2.021680,-1.074053
766.000000,-1.134839,-1.363506,-1.766868,-2.005216,-1.025962
767.000000,-1.003413,-1.265306,-1.618801,-1.968556,-0.537124
768.000000,-0.904993,-1.192849,-1.527000,-1.930527,-0.718567
769.000000,-0.777967,-1.061079,-1.422442,-1.863221,-0.187067
770.000000,-0.740036,-1.038737,-1.368294,-1.836290,-0.973438
771.000000,-0.523550,-0.908419,-1.295983,-1.783484,0.087249
772.000000,-0.559204,-0.851407,-1.271963,-1.729481,-0.712078
773.000000,-0.418582,-0.741698,-1.238585,-1.660200,-0.025494
774.000000,-0.029995,-0.518978,-1.146460,-1.560862,1.852324
775.000000,0.580427,-0.273010,-1.059371,-1.488254,1.420941
776.000000,0.720916,-0.079122,-0.968310,-1.440386,0.417240
777.000000,1.278451,0.139059,-0.865080,-1.318347,1.200424
778.000000,1.441586,0.357277,-0.780802,-1.241949,0.479995
779.000000,0.784663,0.365227,-0.707844,-1.190033,-0.555109
780.000000,0.409208,0.607407,-0.643203,-1.133886,0.043895
781.000000,0.335896,0.649457,-0.539412,-1.090493,0.125559
782.000000,-0.249833,0.669727,-0.496178,-1.093347,-1.078131
783.000000,-0.759687,0.492107,-0.470473,-1.117760,-1.476378
784.000000,-0.880521,-0.011920,-0.458013,-1.128112,-0.962834
785.000000,-1.035471,-0.367666,-0.384850,-1.113155,-0.376286
786.000000,-1.306728,-0.604115,-0.333113,-1.072749,-0.832680
787.000000,-1.631258,-1.297530,-0.520832,-1.100220,-2.305529
788.000000,-1.908439,-1.874159,-0.804701,-1.153294,-2.482483
789.000000,-2.170728,-2.115092,-1.286277,-1.188467,-2.128974
790.000000,-2.520043,-2.414846,-1.775294,-1.290239,-2.279333
791.000000,-2.587938,-2.540334,-2.416924,-1.358455,-1.883521
792.000000,-2.519263,-2.561596,-2.857355,-1.496654,-2.306424
793.000000,-2.327199,-2.470041,-3.068103,-1.619888,-1.862808
794.000000,-2.086672,-2.352651,-3.181804,-1.728349,-1.258215
795.000000,-1.824949,-2.285280,-3.066818,-1.794750,-1.144015
796.000000,-1.594771,-2.158731,-2.818225,-1.820185,-0.852597
797.000000,-1.125097,-1.857915,-2.603625,-1.809506,-0.086849
798.000000,-0.874245,-1.650158,-2.460727,-1.821869,-0.675037
799.000000,-0.592745,-1.401807,-2.213453,-1.801986,0.053657
800.000000,-0.341434,-1.153872,-2.058533,-1.698237,0.013989
801.000000,-0.129573,-0.938959,-1.928949,-1.673619,0.115501
802.000000,-0.135926,-0.696828,-1.779313,-1.606745,-0.114856
803.000000,0.081755,-0.445378,-1.598262,-1.550395,0.308766
804.000000,0.182306,-0.237643,-1.453173,-1.603332,0.552621
805.000000,0.263263,-0.056411,-1.367876,-1.632794,0.402416
806.000000,0.341720,0.104296,-1.269233,-1.591221,0.492441
807.000000,0.603070,0.228453,-1.070141,-1.569662,1.094977
808.000000,0.979626,0.540896,-0.795502,-1.454249,1.989419
809.000000,1.201728,0.715047,-0.567452,-1.328570,1.458447
810.000000,1.383251,0.874467,-0.332005,-1.272847,1.138103
811.000000,1.458288,0.986231,-0.134050,-1.259590,0.772999
812.000000,1.463659,1.187043,0.167722,-1.141567,1.138174
813.000000,1.233752,1.304760,0.456413,-1.003067,0.993749
814.000000,1.280093,1.462506,0.777944,-0.818070,1.671080
815.000000,1.389006,1.619542,1.119643,-0.657070,1.629043
816.000000,1.538390,1.727979,1.440538,-0.456135,1.511578
817.000000,1.707493,1.805527,1.710936,-0.001688,1.962511
818.000000,1.797376,1.722275,1.968015,0.539198,1.613140
819.000000,1.667000,1.643353,2.030212,1.076613,1.191758
820.000000,1.576936,1.612903,2.062817,1.697165,1.260809
821.000000,1.522600,1.623059,2.048806,2.209231,1.253684
822.000000,1.494884,1.664118,2.079464,2.686827,1.855786
823.000000,1.559727,1.724796,2.056381,2.876338,1.959126
824.000000,1.793059,1.762474,2.040255,2.889840,2.278978
825.000000,2.015856,1.816990,2.038884,2.834819,2.278096
826.000000,2.240405,1.899389,2.039227,2.743823,2.303538
827.000000,2.240480,1.896746,1.997561,2.585308,1.942209
828.000000,2.212736,1.927938,1.927664,2.494658,1.904609
829.000000,2.036353,1.951316,1.869506,2.351586,1.473257
830.000000,1.818492,1.935838,1.824475,2.226546,1.215900
831.000000,1.652228,1.947468,1.822432,2.137068,1.471082
832.000000,1.538472,1.892954,1.804632,2.069243,1.384415
833.000000,1.386162,1.809892,1.784629,1.984865,1.159690
834.000000,1.393970,1.736082,1.761405,1.927172,1.510391
835.000000,1.427341,1.648652,1.739998,1.882783,1.377009
836.000000,1.252933,1.479441,1.689852,1.813214,0.582836
837.000000,1.152188,1.373826,1.636190,1.753187,0.870955
838.000000,1.089653,1.265725,1.598898,1.678064,0.841502
839.000000,0.914241,1.187130,1.576893,1.622546,0.679799
840.000000,0.746772,1.129904,1.549957,1.583640,0.599102
841.000000,0.745954,1.040391,1.525306,1.562924,0.556545
842.000000,0.644294,0.942044,1.466009,1.531995,0.355550
843.000000,0.676325,0.929359,1.434135,1.530142,1.090008
844.000000,0.674565,0.833710,1.367375,1.500510,0.660395
845.000000,0.599989,0.705712,1.279104,1.465502,0.139854
846.000000,0.403543,0.624404,1.161718,1.425574,-0.560843
847.000000,0.318965,0.531860,1.074653,1.380421,-0.123322
848.000000,0.087054,0.460266,0.995264,1.356479,0.173740
849.000000,-0.303308,0.305385,0.902987,1.328652,-1.130293
850.000000,-0.571445,0.157645,0.833885,1.306744,-1.037433
851.000000,-0.685718,-0.005708,0.742789,1.291403,-1.152384
852.000000,-0.904883,-0.128412,0.663396,1.260404,-0.659789
853.000000,-1.280747,-0.419172,0.602083,1.229029,-0.417397
854.000000,-0.402320,-0.413590,0.572085,1.218996,2.171575
855.000000,0.690137,-0.244728,0.549540,1.202094,1.994716
856.000000,1.358504,0.023970,0.573953,1.151649,0.865468
857.000000,1.714366,0.215518,0.557140,1.110238,0.710803
858.000000,1.732952,0.167916,0.499605,1.044708,-0.069757
859.000000,1.395801,0.824014,0.523743,1.029168,1.042230
860.000000,2.432809,2.476900,0.946614,1.165281,4.091835
861.000000,3.301798,3.401676,1.556734,1.312591,3.532318
862.000000,3.522828,3.559352,2.234020,1.464659,2.879438
863.000000,3.558124,3.492130,2.702538,1.649010,2.646843
864.000000,3.372598,3.225794,3.001080,1.787509,2.362068
865.000000,2.890690,3.006074,3.100055,1.904434,2.058913
866.000000,2.532037,2.884231,3.120621,2.071969,1.951489
867.000000,2.216746,2.725611,2.976344,2.141596,1.499236
868.000000,1.943575,2.615305,2.812061,2.186797,1.382203
869.000000,1.702657,2.470226,2.708042,2.210957,1.220306
870.000000,1.464215,2.170775,2.567765,2.193754,0.917658
871.000000,1.209117,1.894443,2.428367,2.149096,0.720353
872.000000,1.054817,1.682431,2.306875,2.116060,0.754824
873.000000,0.902378,1.480688,2.192862,2.031357,0.653466
874.000000,0.744562,1.285789,2.035076,1.959843,0.470825
875.000000,0.706321,1.150136,1.930774,1.938535,0.738755
876.000000,0.638997,0.984670,1.843387,1.914116,0.394441
877.000000,0.469195,0.817340,1.742702,1.843853,-0.078804
878.000000,0.294705,0.649058,1.666688,1.765870,-0.198642
879.000000,0.264698,0.551931,1.617521,1.766154,0.343215
880.000000,0.243537,0.525579,1.505578,1.780200,0.727639
881.000000,0.292617,0.516740,1.389538,1.784342,0.679389
882.000000,0.380310,0.462799,1.269077,1.758242,0.255394
883.000000,0.511074,0.419767,1.151462,1.733014,0.247911
884.000000,0.444653,0.370958,1.026956,1.661076,-0.071092
885.000000,0.387212,0.333517,0.941696,1.624055,0.525686
886.000000,0.404719,0.377330,0.869364,1.625468,0.842011
887.000000,0.638242,0.550134,0.844808,1.648287,1.285896
888.000000,0.941306,0.797127,0.834646,1.692633,1.554305
889.000000,1.395639,0.983390,0.832564,1.715948,1.497584
890.000000,1.726059,1.134706,0.862472,1.654107,1.451764
891.000000,1.794849,1.270847,0.901672,1.572715,1.023674
892.000000,1.555449,1.462068,0.926870,1.491996,0.667654
893.000000,1.268020,1.622079,0.975254,1.408549,0.730069
894.000000,1.014561,1.760654,1.042475,1.320447,0.421476
895.000000,0.772359,1.699617,1.077413,1.240816,0.411417
896.000000,0.645469,1.541988,1.174503,1.157606,0.480773
897.000000,0.495705,1.248297,1.339700,1.086853,0.018814
898.000000,0.471437,1.054581,1.600648,1.037477,0.637250
899.000000,0.358036,0.838009,1.684635,0.974507,-0.056682
900.000000,0.110969,0.545006,1.610497,0.915848,-0.614981
901.000000,-0.305206,0.217398,1.446549,0.849855,-1.234809
902.000000,-0.580980,-0.045465,1.350213,0.778501,-1.105524
903.000000,-1.001173,-0.323664,1.212002,0.711016,-1.125377
904.000000,-0.987975,-0.388612,1.286027,0.709382,-0.025777
905.000000,-0.701148,-0.360247,1.290561,0.703593,0.591114
906.000000,-0.257962,-0.337038,1.215665,0.745632,0.629479
907.000000,0.221384,-0.219621,1.085265,0.878393,0.895973
908.000000,0.756398,-0.186316,0.945129,1.065638,1.048986
909.000000,0.883576,-0.134239,0.767644,1.159647,0.395796
910.000000,0.696414,-0.078568,0.508158,1.155577,-0.279231
911.000000,0.509658,0.111335,0.332115,1.161232,-0.133601
912.000000,0.150288,0.250792,0.168607,1.217834,-0.476225
913.000000,-0.340056,0.355915,-0.059360,1.242140,-0.860265
914.000000,-0.452871,0.384536,-0.136838,1.441424,-0.015050
915.000000,-0.244548,0.381807,-0.141299,1.612842,0.576698
916.000000,-0.015072,0.402060,-0.130244,1.724363,0.773530
917.000000,0.296025,0.344644,-0.024855,1.643496,0.733062
918.000000,0.762453,0.309498,0.001360,1.461686,1.005317
919.000000,1.082747,0.468190,0.296657,1.337423,1.321810
920.000000,1.089582,0.619798,0.657428,1.109704,0.556791
921.000000,1.207219,0.849910,1.429590,1.054091,1.196575
922.000000,1.321646,1.137103,2.126437,1.064256,1.155481
923.000000,1.097501,1.311644,2.428633,0.928834,0.091401
924.000000,0.886091,1.407278,2.373434,0.911915,0.498723
925.000000,0.899016,1.421090,2.179620,0.917809,0.616861
926.000000,0.593885,1.289501,1.886108,0.837460,-0.017741
927.000000,0.377045,1.207513,1.634780,0.887538,0.302439
928.000000,0.380611,1.041019,1.379588,0.801509,0.108716
929.000000,-0.349112,0.373020,0.852140,0.499743,-2.206758
930.000000,-0.913758,-0.023213,0.605964,0.401370,-1.507232
931.000000,-1.656536,-0.802130,0.055845,0.193306,-2.702955
932.000000,-2.186952,-1.405518,-0.277288,0.069512,-1.980265
933.000000,-2.529698,-1.741099,-0.466105,-0.000317,-1.685944
934.000000,-2.372778,-2.116754,-0.851916,-0.535505,-1.761447
935.000000,-2.328828,-2.404918,-1.324992,-1.606304,-1.718950
936.000000,-2.135423,-2.587170,-1.875129,-3.092402,-2.140918
937.000000,-1.872243,-2.544301,-2.083958,-3.486427,-1.104332
938.000000,-1.601538,-2.394328,-2.158702,-3.272175,-0.554765
939.000000,-1.394255,-2.084385,-2.266518,-3.017485,-0.794766
940.000000,-1.200523,-1.903930,-2.253128,-2.739148,-0.806725
941.000000,-0.823089,-1.586706,-2.238904,-2.500309,-0.449176
942.000000,-0.639403,-1.362900,-2.194711,-2.258368,-0.287168
943.000000,-0.675114,-1.247285,-2.120406,-2.098106,-0.720671
944.000000,-0.456211,-1.016460,-1.989306,-1.938613,0.198273
945.000000,-0.290641,-0.823741,-1.912499,-1.912444,-0.053310
946.000000,-0.331679,-0.640672,-1.858354,-1.988461,-0.647925
947.000000,-0.415791,-0.586898,-1.831301,-2.038429,-0.682778
948.000000,-0.335814,-0.563610,-1.769143,-2.052596,-0.365161
949.000000,-0.545192,-0.550493,-1.605819,-2.113654,-0.731746
950.000000,-0.496703,-0.426539,-1.440340,-2.006318,0.276797
951.000000,-0.539537,-0.468781,-1.291288,-2.051377,-0.870191
952.000000,-0.496304,-0.494903,-1.181089,-2.053431,-0.486604
953.000000,-0.898689,-0.641005,-1.204807,-2.091800,-2.078744
954.000000,-1.199630,-0.920606,-1.213361,-2.128480,-1.878952
955.000000,-1.694958,-1.141169,-1.197330,-2.134648,-1.476416
956.000000,-1.946178,-1.325229,-1.156902,-2.117826,-1.722105
957.000000,-2.099885,-1.438971,-1.159233,-2.081458,-0.959084
958.000000,-1.889015,-1.647076,-1.218310,-2.042639,-1.004950
959.000000,-1.809888,-1.866422,-1.297613,-1.926539,-1.637115
960.000000,-1.665355,-2.170949,-1.344690,-1.839008,-1.003736
961.000000,-1.610552,-2.289992,-1.483534,-1.736321,-1.778154
962.000000,-1.967151,-2.505964,-1.717762,-1.729941,-2.508998
963.000000,-2.256578,-2.437410,-1.921349,-1.754684,-2.400762
964.000000,-2.372056,-2.394823,-2.214423,-1.779560,-2.349196
965.000000,-2.367146,-2.280368,-2.348607,-1.755348,-1.561118
966.000000,-2.385277,-2.250499,-2.433577,-1.740379,-2.149131
967.000000,-2.226161,-2.264388,-2.455414,-1.771261,-1.893699
968.000000,-2.018855,-2.220272,-2.444048,-1.804674,-1.538461
969.000000,-1.811073,-2.123692,-2.380007,-1.813310,-1.424360
970.000000,-1.506313,-1.936941,-2.269516,-1.741513,-0.183064
971.000000,-1.131189,-1.746854,-2.116610,-1.704617,-0.271483
972.000000,-0.581888,-1.406096,-1.928050,-1.622122,0.789973
973.000000,0.125676,-0.975558,-1.610795,-1.471521,1.703550
974.000000,1.149525,-0.368074,-1.221486,-1.295076,2.794659
975.000000,1.815572,0.167556,-0.884873,-1.120584,2.444289
976.000000,2.460797,0.897612,-0.469251,-0.858649,2.647392
977.000000,2.497985,1.421318,-0.217838,-0.686046,1.557875
978.000000,2.448800,1.915204,0.099044,-0.470567,1.857378
979.000000,2.278943,2.333433,0.518936,-0.156256,2.057212
980.000000,2.203289,2.526085,0.952759,0.172634,2.121545
981.000000,2.213190,2.719302,1.550763,0.775673,2.577894
982.000000,2.302709,2.701085,2.076855,1.360512,2.184001
983.000000,2.242920,2.564816,2.409416,1.954135,1.817137
984.000000,2.202085,2.414618,2.647269,2.450953,1.995336
985.000000,2.105803,2.282467,2.699912,2.684144,1.751710
986.000000,1.922130,2.143486,2.715429,2.773219,1.663208
987.000000,1.781810,2.079209,2.667755,2.730705,1.504493
988.000000,1.672779,1.982910,2.577439,2.640598,1.312765
989.000000,1.615438,1.930958,2.528476,2.617803,1.680972
990.000000,1.652179,1.908228,2.463974,2.594360,1.894088
991.000000,1.730102,1.864882,2.421170,2.587679,2.006194
992.000000,1.811548,1.841791,2.351204,2.571061,1.914920
993.000000,1.938698,1.859619,2.283234,2.553062,2.001059
994.000000,1.962417,1.843487,2.192509,2.514459,1.856738
995.000000,1.862144,1.798118,2.093686,2.426792,1.433831
996.000000,1.713488,1.744515,1.990789,2.350723,1.256516
997.000000,1.600813,1.717377,1.936670,2.288209,1.331658
998.000000,1.412986,1.681040,1.865579,2.212024,1.039788
999.000000,1.283894,1.637063,1.809268,2.157506,1.231816
1000.000000,1.248580,1.579963,1.759995,2.094760,1.269699
1001.000000,1.251670,1.511390,1.697894,2.043485,1.270498
1002.000000,1.214748,1.438811,1.646142,1.982314,1.147111
1003.000000,1.248488,1.354020,1.611527,1.920653,1.173729
1004.000000,1.243853,1.281590,1.572439,1.854087,1.203479
1005.000000,1.217082,1.250842,1.541764,1.798228,1.136772
1006.000000,1.184756,1.238534,1.515057,1.742427,1.113863
1007.000000,1.152974,1.204314,1.491726,1.706922,0.975260
1008.000000,1.094471,1.196931,1.475421,1.667733,0.863824
1009.000000,1.035951,1.169534,1.445038,1.629745,0.910419
1010.000000,0.961207,1.123528,1.398500,1.590158,0.749631
1011.000000,0.871940,1.069016,1.340698,1.538486,0.676390
1012.000000,0.733629,0.994419,1.271591,1.488627,0.255076
1013.000000,0.639061,0.924995,1.196887,1.453812,0.381831
1014.000000,0.543533,0.854973,1.129553,1.416595,0.478923
1015.000000,0.467143,0.783274,1.088248,1.386758,0.397725
1016.000000,0.446007,0.727834,1.066947,1.365403,0.651256
1017.000000,0.323861,0.600275,1.007283,1.333453,-0.631538
1018.000000,0.285776,0.536552,0.992608,1.323906,0.163113
1019.000000,-0.011351,0.376838,0.936752,1.288414,-1.496012
1020.000000,-0.341712,0.240879,0.882278,1.247719,-1.063621
1021.000000,-1.095955,0.054041,0.814463,1.194113,-1.436467
1022.000000,-0.925681,0.053880,0.788301,1.157290,0.710829
1023.000000,-0.468533,0.137724,0.779217,1.118732,1.932132
1024.000000,0.385465,0.117434,0.738764,1.070760,0.912718
1025.000000,0.928249,0.089862,0.692697,1.044810,0.637597
1026.000000,0.952575,-0.379098,0.588350,1.008881,-1.296749
1027.000000,0.813373,-0.130489,0.531917,0.981846,0.300007
1028.000000,0.159581,-0.224385,0.470575,0.973496,-0.087095
1029.000000,-0.938958,-0.410971,0.292616,0.915471,-2.320468
1030.000000,-1.730218,-0.600408,0.119608,0.854438,-1.640665
1031.000000,-2.026712,-0.895243,-0.148920,0.768898,-2.212256
1032.000000,-3.013768,-2.126624,-0.578320,0.639823,-3.247848
1033.000000,-3.428730,-3.187054,-1.276048,0.463285,-3.110299
1034.000000,-3.090569,-3.286992,-2.013357,0.277176,-2.073377
1035.000000,-2.763995,-3.074894,-2.486004,0.094429,-1.209461
1036.000000,-2.477520,-2.773037,-2.742493,-0.144608,-1.278707
1037.000000,-2.119501,-2.728086,-2.618312,-0.445580,-1.548501
1038.000000,-1.652523,-2.595186,-2.504433,-0.756097,-1.047192
1039.000000,-1.489062,-2.401104,-2.339973,-1.153720,-1.369879
1040.000000,-1.599338,-2.339740,-2.299188,-1.571633,-1.707178
1041.000000,-1.574030,-2.186701,-2.194830,-1.890111,-1.214982
1042.000000,-1.411581,-1.907933,-2.176399,-2.025547,-0.870962
1043.000000,-1.440225,-1.676321,-2.239640,-2.129275,-1.214508
1044.000000,-1.454988,-1.594182,-2.251904,-2.196569,-1.452559
1045.000000,-1.422937,-1.625859,-2.254231,-2.211636,-1.563417
1046.000000,-1.485064,-1.642473,-2.185000,-2.214321,-1.520184
1047.000000,-1.351850,-1.480451,-2.087430,-2.033451,-0.323171
1048.000000,-1.288827,-1.456679,-2.045078,-1.982962,-0.930246
1049.000000,-1.188849,-1.406701,-1.946609,-1.896706,-1.000742
1050.000000,-1.158903,-1.372211,-1.912180,-1.874636,-1.420811
1051.000000,-1.110569,-1.376326,-1.851461,-1.839341,-1.291162
1052.000000,-1.380275,-1.451717,-1.764132,-1.881039,-1.569625
1053.000000,-1.544437,-1.506902,-1.682792,-1.952013,-1.764013
1054.000000,-1.720469,-1.548166,-1.663562,-1.988121,-1.890353
1055.000000,-1.669599,-1.496681,-1.646391,-1.975382,-1.170476
1056.000000,-1.667143,-1.454162,-1.628916,-1.928191,-1.203940
1057.000000,-1.588660,-1.543458,-1.593477,-1.917268,-1.106545
1058.000000,-1.490274,-1.579039,-1.594992,-1.910260,-1.260724
1059.000000,-1.214457,-1.558813,-1.549499,-1.841559,-0.588605
1060.000000,-1.112349,-1.498033,-1.488552,-1.796120,-0.587692
1061.000000,-1.132608,-1.523528,-1.487428,-1.762062,-1.275839
1062.000000,-1.421074,-1.607617,-1.556115,-1.725936,-2.290311
1063.000000,-1.383457,-1.528173,-1.546853,-1.642332,-1.144603
1064.000000,-1.591589,-1.461066,-1.540439,-1.608273,-1.521655
1065.000000,-1.627527,-1.427824,-1.496236,-1.587124,-0.886548
1066.000000,-1.401031,-1.323374,-1.427656,-1.546476,-0.280214
1067.000000,-1.074486,-1.294456,-1.471123,-1.514771,-0.849145
1068.000000,-0.870374,-1.173358,-1.443853,-1.485296,-0.150313
1069.000000,-0.567044,-1.145394,-1.420270,-1.446816,-0.203995
1070.000000,-0.573732,-1.193695,-1.399864,-1.415361,-0.957593
1071.000000,-0.848370,-1.211291,-1.414666,-1.419188,-1.415438
1072.000000,-1.150062,-1.166942,-1.439804,-1.459699,-2.062784
1073.000000,-1.619306,-1.276762,-1.445878,-1.483874,-1.953111
1074.000000,-2.005697,-1.325506,-1.432279,-1.493132,-1.788819
1075.000000,-2.212481,-1.489332,-1.488813,-1.501777,-1.903690
1076.000000,-2.161118,-1.662194,-1.511145,-1.494379,-1.392582
1077.000000,-2.243217,-1.912787,-1.614501,-1.592059,-2.525968
1078.000000,-2.458694,-2.302819,-1.747703,-1.682895,-2.940096
1079.000000,-2.509434,-2.518646,-1.872822,-1.746931,-2.214937
1080.000000,-2.465218,-2.571632,-1.962440,-1.778624,-1.925727
1081.000000,-2.400612,-2.487699,-1.960501,-1.795426,-1.377742
1082.000000,-1.802245,-2.149719,-1.779361,-1.720934,0.276192
1083.000000,-1.050192,-1.825102,-1.665396,-1.620607,0.589317
1084.000000,-0.235150,-1.434581,-1.468366,-1.472534,1.378616
1085.000000,0.972674,-0.793844,-1.178809,-1.279771,2.749579
1086.000000,2.011561,-0.120180,-0.890488,-1.061780,2.697785
1087.000000,2.362256,0.630393,-0.599975,-0.876027,2.063918
1088.000000,2.421010,1.348363,-0.404206,-0.715227,1.497252
1089.000000,2.267416,1.832438,-0.235409,-0.610768,1.143239
1090.000000,1.886756,2.164782,-0.003402,-0.508311,1.033496
1091.000000,1.541592,2.346197,0.318240,-0.347943,1.125105
1092.000000,1.258444,2.254162,0.668568,-0.134822,0.823690
1093.000000,1.077898,2.133441,1.010913,0.020244,0.716980
1094.000000,0.938802,1.942589,1.303138,0.202706,0.538508
1095.000000,0.853537,1.656650,1.614552,0.374396,0.655457
1096.000000,0.729159,1.368636,1.826167,0.505823,0.568094
1097.000000,0.656139,1.152450,2.051854,0.684230,0.497054
1098.000000,0.507549,0.952115,2.190421,0.744794,0.046375
1099.000000,0.471240,0.846376,2.267056,0.871486,0.373427
1100.000000,0.445361,0.778814,2.305438,1.096204,0.536386
1101.000000,0.298912,0.615818,2.204760,1.233331,-0.097333
1102.000000,0.198512,0.512199,2.027547,1.421592,0.040383
1103.000000,0.293104,0.480372,1.909719,1.643967,0.482259
1104.000000,0.105942,0.346660,1.669293,1.648123,-0.494678
1105.000000,-0.054087,0.238018,1.388140,1.702401,-0.184935
1106.000000,-0.207296,0.062047,1.054703,1.613673,-0.804590
1107.000000,-0.413041,-0.115038,0.776107,1.607240,-0.890264
1108.000000,-0.800957,-0.272335,0.526172,1.625990,-1.250296
1109.000000,-1.008861,-0.504328,0.297947,1.597996,-1.433669
1110.000000,-1.306057,-0.777124,0.078308,1.589075,-1.426266
1111.000000,-1.439653,-0.956646,-0.150120,1.590804,-1.234781
1112.000000,-1.457146,-1.128430,-0.329428,1.513238,-0.803561
1113.000000,-1.428613,-1.432849,-0.551503,1.386792,-1.131026
1114.000000,-1.351538,-1.577716,-0.786314,1.168434,-1.214361
1115.000000,-1.188535,-1.680566,-1.013829,0.778171,-0.905385
1116.000000,-0.885735,-1.503089,-1.121897,0.419318,0.117391
1117.000000,-0.592766,-1.244864,-1.156924,0.157352,0.708182
1118.000000,-0.251964,-0.973930,-1.135071,-0.069737,0.536404
1119.000000,0.118707,-0.723555,-1.177168,-0.285768,0.329478
1120.000000,0.233020,-0.598860,-1.318855,-0.653465,-0.710065
1121.000000,0.068428,-0.514423,-1.342109,-1.078271,-0.703256
1122.000000,-0.172753,-0.449808,-1.340665,-1.361556,-0.280629
1123.000000,-0.350563,-0.319046,-1.381405,-1.574459,-0.136667
1124.000000,-0.726741,-0.269599,-1.353087,-1.826157,-1.202962
1125.000000,-1.089615,-0.393738,-1.428073,-2.141978,-2.129414
1126.000000,-1.397540,-0.687711,-1.404065,-2.308279,-1.828308
1127.000000,-1.671469,-1.031001,-1.348478,-2.337699,-1.320736
1128.000000,-1.783346,-1.258476,-1.236013,-2.214948,-0.663387
1129.000000,-1.726286,-1.498925,-1.150322,-2.181490,-0.975522
1130.000000,-1.220554,-1.442484,-1.030340,-2.094189,0.045811
1131.000000,-1.000860,-1.522068,-1.012012,-1.998229,-0.958329
1132.000000,-1.022810,-1.731760,-1.080790,-1.962239,-1.407371
1133.000000,-0.859085,-1.751424,-1.036367,-1.897978,0.119920
1134.000000,-0.792507,-1.713980,-1.045335,-1.780941,-0.711020
1135.000000,-1.201584,-1.626294,-1.170649,-1.757114,-1.463599
1136.000000,-1.113376,-1.432613,-1.371802,-1.639759,-0.640259
1137.000000,-1.001782,-1.385808,-1.691858,-1.559772,-1.061934
1138.000000,-1.267520,-1.434298,-1.959119,-1.469509,-0.982791
1139.000000,-1.222129,-1.343647,-2.115638,-1.369415,-0.626264
1140.000000,-0.978323,-1.403615,-2.091945,-1.288397,-0.521444
1141.000000,-0.986204,-1.321419,-2.062193,-1.252019,-0.696761
1142.000000,-0.826974,-1.133610,-2.044082,-1.247464,-0.456316
1143.000000,-0.672248,-1.185775,-2.016450,-1.218849,-0.385677
1144.000000,-0.667125,-1.150917,-1.895147,-1.195458,-0.617803
1145.000000,-0.680274,-1.006032,-1.678151,-1.194396,-0.583477
1146.000000,-0.849887,-1.102913,-1.589193,-1.329833,-1.413850
1147.000000,-1.217418,-1.215290,-1.619596,-1.542527,-2.085196
1148.000000,-1.320194,-1.163195,-1.606548,-1.657588,-0.811929
1149.000000,-1.602748,-1.281404,-1.634508,-1.798400,-1.789213
1150.000000,-2.162808,-1.544120,-1.823850,-1.904821,-2.630460
1151.000000,-2.341751,-1.711026,-1.855049,-1.965613,-1.955012
1152.000000,-2.303806,-1.905738,-1.837603,-2.041866,-1.883085
1153.000000,-2.495349,-2.092730,-1.920326,-2.101571,-1.639149
1154.000000,-2.541990,-2.334826,-1.973863,-2.118239,-2.196902
1155.000000,-2.428591,-2.578160,-1.982378,-2.082176,-2.436470
1156.000000,-2.470641,-2.641450,-2.061382,-2.069043,-2.477992
1157.000000,-2.491623,-2.573896,-2.097355,-2.079804,-2.344119
1158.000000,-2.650224,-2.692182,-2.186193,-2.161829,-2.712883
1159.000000,-2.709802,-2.709845,-2.303517,-2.223935,-2.733625
1160.000000,-2.695680,-2.646988,-2.403203,-2.310419,-2.594791
1161.000000,-2.669830,-2.637045,-2.472021,-2.336344,-2.527311
1162.000000,-2.586380,-2.581329,-2.494492,-2.309652,-2.183956
1163.000000,-2.435785,-2.531308,-2.498013,-2.323423,-2.051304
1164.000000,-2.281441,-2.453843,-2.481770,-2.300900,-1.982003
1165.000000,-2.230457,-2.421463,-2.495068,-2.285519,-2.287526
1166.000000,-2.189128,-2.391594,-2.473076,-2.296722,-2.275390
1167.000000,-2.194965,-2.365756,-2.429928,-2.292227,-2.219497
1168.000000,-2.159162,-2.283974,-2.398591,-2.269152,-1.943816
1169.000000,-2.130812,-2.203103,-2.348402,-2.256157,-1.911742
1170.000000,-2.032258,-2.123491,-2.278999,-2.238501,-1.800137
1171.000000,-1.910410,-2.036007,-2.221766,-2.208767,-1.658097
1172.000000,-1.791708,-1.973656,-2.170849,-2.182823,-1.610261
1173.000000,-1.715476,-1.919883,-2.127836,-2.157551,-1.559516
1174.000000,-1.634876,-1.868933,-2.077039,-2.128399,-1.503502
1175.000000,-1.543135,-1.780230,-2.017513,-2.093658,-1.338566
1176.000000,-1.432193,-1.669670,-1.948507,-2.037150,-1.095714
1177.000000,-1.329501,-1.564110,-1.888861,-1.979069,-1.090058
1178.000000,-1.180024,-1.456474,-1.808727,-1.930434,-0.794583
1179.000000,-1.057429,-1.361592,-1.737395,-1.883201,-0.892782
1180.000000,-0.944497,-1.265885,-1.666521,-1.827226,-0.779667
1181.000000,-0.851716,-1.169626,-1.592057,-1.779164,-0.623953
1182.000000,-0.709232,-1.054735,-1.520883,-1.729151,-0.365656
1183.000000,-0.606432,-0.932464,-1.453620,-1.685305,-0.236888
1184.000000,-0.457422,-0.803562,-1.388859,-1.638930,-0.132925
1185.000000,-0.225324,-0.645339,-1.293116,-1.580670,0.444488
1186.000000,0.039963,-0.488690,-1.188438,-1.521966,0.739977
1187.000000,0.252413,-0.327773,-1.087446,-1.474274,0.660369
1188.000000,0.447592,-0.197842,-0.999488,-1.424336,0.611956
1189.000000,0.592181,-0.055635,-0.915313,-1.378950,0.348568
1190.000000,0.602213,0.094482,-0.829824,-1.334577,0.402014
1191.000000,0.599778,0.271392,-0.735367,-1.282735,0.779599
1192.000000,0.665861,0.449964,-0.627788,-1.236183,1.011744
1193.000000,0.777401,0.644084,-0.506987,-1.191738,1.136588
1194.000000,1.314710,1.011298,-0.315744,-1.117990,2.637004
1195.000000,1.763612,1.289321,-0.111492,-1.028986,2.221063
1196.000000,2.077328,1.535462,0.120121,-0.922085,2.219780
1197.000000,2.306693,1.796002,0.429775,-0.788255,2.352556
1198.000000,2.321229,1.921586,0.727487,-0.665265,1.738609
1199.000000,2.070556,1.996367,1.076681,-0.525554,1.507619
1200.000000,1.889689,2.013034,1.433128,-0.367059,1.377177
1201.000000,1.664499,1.949966,1.724053,-0.196146,1.099414
1202.000000,1.428503,1.890480,1.918080,0.019141,1.173011
1203.000000,1.260925,1.812475,1.985834,0.268149,0.911468
1204.000000,1.134955,1.640072,1.977931,0.568170,0.885286
1205.000000,1.034340,1.512626,1.887588,0.900313,0.887862
1206.000000,1.008433,1.393573,1.786010,1.240635,0.971429
1207.000000,0.927062,1.233942,1.696242,1.569070,0.775316
1208.000000,0.886966,1.127767,1.623556,1.794738,0.691352
1209.000000,0.855311,1.046551,1.581913,1.958950,0.708928
1210.000000,0.780885,0.959100,1.538793,2.019419,0.485911
1211.000000,0.580027,0.859385,1.467662,1.982672,-0.074140
1212.000000,0.407394,0.741927,1.403072,1.900797,-0.100483
1213.000000,0.208034,0.640978,1.344557,1.805002,-0.258321
1214.000000,-0.043458,0.525787,1.223538,1.710972,-0.384521
1215.000000,-0.244752,0.400723,1.122104,1.594169,-0.313899
1216.000000,-0.918266,-0.040344,0.904111,1.391477,-2.772943
1217.000000,-1.305249,-0.371599,0.703179,1.265838,-1.575888
1218.000000,-1.832060,-0.853959,0.478516,1.126130,-2.320355
1219.000000,-2.165424,-1.327499,0.258490,1.025362,-1.985616
1220.000000,-2.485007,-1.798342,-0.009185,0.916102,-2.214243
1221.000000,-2.399558,-2.182084,-0.334874,0.771113,-2.444817
1222.000000,-2.574397,-2.511583,-0.779116,0.587382,-2.606712
1223.000000,-2.505930,-2.654695,-1.243265,0.399095,-2.240770
1224.000000,-2.406042,-2.647025,-1.686213,0.116846,-1.907286
1225.000000,-2.218923,-2.570958,-2.036082,-0.175371,-1.578374
1226.000000,-1.991173,-2.319623,-2.272397,-0.524225,-1.420937
1227.000000,-1.623433,-2.120418,-2.299322,-0.883919,-0.781718
1228.000000,-1.416819,-1.952067,-2.312406,-1.277465,-1.181639
1229.000000,-1.177580,-1.785434,-2.244203,-1.597045,-0.715635
1230.000000,-0.888904,-1.568829,-2.110826,-1.800623,-0.140208
1231.000000,-0.458757,-1.267202,-1.907346,-1.834855,0.688022
1232.000000,-0.142332,-0.943583,-1.737375,-1.833253,0.764246
1233.000000,0.272121,-0.646120,-1.593921,-1.781438,0.734309
1234.000000,0.672170,-0.324398,-1.442846,-1.676010,1.104342
1235.000000,0.746937,-0.125230,-1.382123,-1.662624,0.155675
1236.000000,0.721699,0.113735,-1.203098,-1.615133,0.551449
1237.000000,0.686764,0.284472,-1.084812,-1.553646,0.589011
1238.000000,0.568575,0.469521,-0.965128,-1.529304,0.155816
1239.000000,0.294277,0.566771,-0.885487,-1.532896,-0.150303
1240.000000,0.258864,0.601950,-0.786570,-1.520450,-0.045053
1241.000000,0.034311,0.475134,-0.689970,-1.515382,-0.469021
1242.000000,-0.189002,0.342249,-0.552272,-1.510926,-0.363172
1243.000000,-0.257982,0.235188,-0.399946,-1.494484,-0.104167
1244.000000,-0.420704,-0.036745,-0.305070,-1.530912,-0.865374
1245.000000,-1234.000000,-1234.000000,-1234.000000,-1234.000000,-1234.000000
