0.000000,5.385165,5.385165,5.385165,5.385165,2.183664
1.000000,3.747015,3.750871,3.750891,3.750539,1.522363
2.000000,3.016396,3.015281,3.016911,3.014491,1.647229
3.000000,2.573845,2.566518,2.571947,2.568167,1.496457
4.000000,2.253782,2.245262,2.262592,2.255922,1.173273
5.000000,2.009486,2.011089,2.031506,2.022618,1.376936
6.000000,1.825704,1.827038,1.847477,1.838702,1.318653
7.000000,1.658942,1.671147,1.693519,1.685420,0.579388
8.000000,1.517374,1.539120,1.564574,1.554757,0.462862
9.000000,1.405911,1.424643,1.454950,1.443656,0.876031
10.000000,1.303978,1.320146,1.356458,1.346783,0.904254
11.000000,1.214705,1.232160,1.268120,1.260479,1.018874
12.000000,1.141043,1.148783,1.186573,1.182148,0.730221
13.000000,1.081756,1.076256,1.112805,1.111745,1.181671
14.000000,1.016018,1.009100,1.040468,1.046424,0.868102
15.000000,0.939529,0.937041,0.971656,0.983158,-0.282079
16.000000,0.868485,0.870670,0.908612,0.923642,-0.027380
17.000000,0.808607,0.815230,0.850661,0.868196,0.290171
18.000000,0.743841,0.762885,0.795680,0.816390,0.260799
19.000000,0.683946,0.708017,0.740488,0.766494,0.075758
20.000000,0.639390,0.653206,0.684254,0.716399,-0.176086
21.000000,0.597414,0.600707,0.633055,0.667871,0.676761
22.000000,0.545605,0.547856,0.579989,0.618776,-0.235666
23.000000,0.498012,0.492448,0.528356,0.570205,0.537880
24.000000,0.450171,0.437716,0.477206,0.518647,0.488515
25.000000,0.404892,0.392067,0.423531,0.469019,0.812698
26.000000,0.352392,0.342846,0.367786,0.420078,1.185082
27.000000,0.305542,0.286005,0.313447,0.372373,1.199033
28.000000,0.258417,0.226238,0.259687,0.334789,1.882391
29.000000,2.740402,2.542524,0.963202,1.267656,2.456197
30.000000,2.768699,3.099251,1.031955,1.224739,1.714134
31.000000,2.658694,3.067292,1.102258,1.221285,1.669794
32.000000,2.664358,3.145103,1.272301,1.218467,2.069378
33.000000,2.097564,2.684910,1.237689,1.168996,0.174026
34.000000,1.249213,2.232583,1.171977,1.114462,-0.759340
35.000000,0.914676,2.025012,1.438372,1.071144,0.342772
36.000000,0.144187,1.524427,1.466342,0.969412,-1.253923
37.000000,-0.604223,1.189988,1.487910,0.955011,-0.692462
38.000000,-0.762534,0.838648,1.531576,0.968614,-0.427435
39.000000,-0.727258,0.336921,1.512528,0.929395,-0.653588
40.000000,-1.113791,-0.145552,1.404830,0.856266,-1.133617
41.000000,-0.820084,-0.465108,1.279562,0.801661,-0.193539
42.000000,-0.465828,-0.728401,1.413198,0.828793,0.629787
43.000000,-0.259718,-0.691950,1.369795,0.762454,0.360297
44.000000,0.149491,-0.389465,1.425291,0.772825,0.896202
45.000000,0.742735,-0.252044,1.480457,1.015207,1.176147
46.000000,1.077274,0.194487,1.491071,1.259155,1.206932
47.000000,1.227804,0.569384,1.519680,1.491917,1.350406
48.000000,1.612074,1.012161,1.561705,1.798307,1.963266
49.000000,1.952659,1.545212,1.574547,2.127888,2.253468
50.000000,2.141602,2.059097,1.678844,2.390131,2.058522
51.000000,2.035712,2.158606,1.609369,2.360053,1.012099
52.000000,1.978133,2.168355,1.534922,2.411939,1.264598
53.000000,1.956761,2.327036,1.864030,2.444054,1.906519
54.000000,1.528277,2.177984,2.039137,2.329586,0.398124
55.000000,1.150722,2.007746,2.063915,2.212941,0.392334
56.000000,0.945835,1.811794,2.269506,2.059346,0.106616
57.000000,0.726016,1.644189,2.359102,1.936877,0.276543
58.000000,0.381742,1.435664,2.371041,1.797159,0.455948
59.000000,0.372422,1.171441,2.353625,1.612225,0.366436
60.000000,0.053948,0.742859,2.204649,1.376382,-0.965339
61.000000,-0.357795,0.362720,1.902012,1.089851,-1.579076
62.000000,-0.980779,-0.164227,1.453616,0.697192,-2.158446
63.000000,-1.413071,-0.670877,1.187332,0.534758,-1.381109
64.000000,-1.868532,-1.027837,0.795811,0.386856,-1.828008
65.000000,-1.880529,-1.275585,0.447297,0.201739,-1.302686
66.000000,-1.819768,-1.488929,0.047079,0.123148,-1.492739
67.000000,-1.504121,-1.581511,-0.256006,0.085009,-0.768724
68.000000,-1.399895,-1.701655,-0.695630,-0.007403,-0.941781
69.000000,-1.283117,-1.839071,-1.269123,-0.141570,-1.299106
70.000000,-1.612060,-2.017813,-2.059442,-0.492625,-2.606050
71.000000,-1.705860,-2.010886,-2.421747,-0.858625,-1.857454
72.000000,-1.998909,-2.000857,-2.715063,-1.420967,-2.165661
73.000000,-2.026153,-1.949953,-2.797015,-1.792188,-1.377861
74.000000,-1.934439,-1.824977,-2.662915,-2.119806,-1.131378
75.000000,-1.605844,-1.747846,-2.534502,-2.332196,-1.031438
76.000000,-1.317631,-1.593797,-2.351499,-2.349402,-0.483565
77.000000,-0.921267,-1.495882,-2.196485,-2.304842,-0.267813
78.000000,-0.604582,-1.350276,-2.045403,-2.233586,0.139730
79.000000,-0.384079,-1.217352,-1.938785,-2.218630,-0.087408
80.000000,-0.137675,-0.944309,-1.773491,-2.170755,0.106950
81.000000,0.064798,-0.707999,-1.579280,-2.035885,0.462619
82.000000,-0.050897,-0.558919,-1.470719,-2.066580,-0.907859
83.000000,-0.047149,-0.383076,-1.342898,-2.043741,0.219118
84.000000,0.152411,-0.162419,-1.164944,-1.903912,0.879250
85.000000,0.437769,0.119746,-0.997475,-1.760106,1.407359
86.000000,0.900689,0.464909,-0.764892,-1.557859,2.302366
87.000000,1.553185,0.721545,-0.632680,-1.450263,1.481340
88.000000,1.782935,0.894516,-0.516216,-1.396406,1.106693
89.000000,1.909754,1.164765,-0.352627,-1.326471,1.389929
90.000000,1.944203,1.448136,-0.037232,-1.165544,1.609832
91.000000,1.832195,1.723165,0.301927,-0.925032,1.945759
92.000000,1.864205,2.115788,0.728048,-0.626460,1.815199
93.000000,1.897036,2.199299,1.089302,-0.387402,1.514632
94.000000,1.933265,2.197583,1.465057,-0.054328,1.732862
95.000000,1.951752,2.147664,1.825815,0.291251,1.817289
96.000000,1.911385,2.016755,2.071153,0.702533,1.825407
97.000000,1.644745,1.842483,2.108231,0.915820,0.694170
98.000000,1.464218,1.739005,2.075881,1.168787,0.722036
99.000000,1.284746,1.651556,2.057598,1.493261,0.876030
100.000000,1.203960,1.621311,2.048408,2.016993,1.440336
101.000000,1.056546,1.531814,1.979409,2.309584,1.182375
102.000000,1.233850,1.496929,2.023313,2.544711,1.581315
103.000000,1.193517,1.378546,1.914175,2.485006,0.428026
104.000000,1.210301,1.281943,1.819887,2.421357,0.846221
105.000000,0.890181,1.081595,1.665855,2.277217,-0.218415
106.000000,0.371171,0.770115,1.434585,2.055207,-1.350471
107.000000,-0.023596,0.720801,1.341823,1.942140,0.046662
108.000000,-0.105473,0.678957,1.287569,1.829051,0.167811
109.000000,-0.183567,0.667618,1.256444,1.776644,0.705543
110.000000,-0.183253,0.471611,1.175986,1.684278,-0.206332
111.000000,-0.060092,0.201751,1.038765,1.556852,-1.001523
112.000000,-0.131658,-0.075036,0.947739,1.555205,-0.233259
113.000000,-0.640859,-0.359590,0.808483,1.456905,-1.796820
114.000000,-1.430279,-0.777362,0.638144,1.344022,-1.788871
115.000000,-1.681563,-0.910645,0.486254,1.257087,-0.771251
116.000000,-1.759503,-0.902332,0.273134,1.110011,-1.296233
117.000000,-2.131159,-1.250777,0.110522,0.986900,-1.776432
118.000000,-1.902293,-1.540085,-0.049713,0.911754,-1.215028
119.000000,-1.844138,-1.978932,-0.318407,0.799695,-1.718237
120.000000,-1.702655,-1.975849,-0.618047,0.728649,-0.487110
121.000000,-1.482665,-1.829007,-0.945555,0.617568,-0.559293
122.000000,-0.861942,-1.616763,-1.227749,0.563599,0.632253
123.000000,-0.456610,-1.267500,-1.344033,0.506971,0.389726
124.000000,0.500293,-0.705982,-1.300325,0.519616,1.848194
125.000000,1.372026,-0.142411,-0.913705,0.587041,2.520064
126.000000,2.264187,0.591972,-0.228272,0.697757,2.700303
127.000000,2.865454,1.589941,0.471555,1.143393,3.148177
128.000000,3.103007,2.272374,1.102274,1.642966,2.582547
129.000000,3.041856,2.802555,1.666449,2.238085,2.557820
130.000000,2.829536,2.924474,2.161560,2.607210,2.172245
131.000000,2.568117,2.897343,2.496641,2.805153,1.784120
132.000000,2.301884,2.796619,2.654564,2.827332,1.889995
133.000000,2.147140,2.720443,2.811423,2.908263,1.883159
134.000000,1.930802,2.538792,2.817477,2.811677,1.552376
135.000000,1.767509,2.347687,2.724170,2.766101,1.428900
136.000000,1.707971,2.197491,2.668549,2.786353,1.553357
137.000000,1.624239,2.021474,2.619281,2.689391,1.496585
138.000000,1.608928,1.934651,2.579429,2.636211,1.789678
139.000000,1.667024,1.858021,2.554990,2.567870,1.830537
140.000000,1.705072,1.795019,2.472668,2.516019,1.652843
141.000000,1.682116,1.748072,2.389143,2.469892,1.484326
142.000000,1.642765,1.682495,2.282656,2.386487,1.349689
143.000000,1.497713,1.590418,2.181026,2.320430,1.075214
144.000000,1.335639,1.527006,2.065435,2.256590,1.010611
145.000000,1.211714,1.480925,1.957306,2.184259,1.031533
146.000000,1.215272,1.475487,1.891059,2.165013,1.510097
147.000000,1.232794,1.467775,1.806975,2.148350,1.445555
148.000000,1.293203,1.424464,1.737944,2.115894,1.368620
149.000000,1.322996,1.353487,1.657768,2.081387,1.133537
150.000000,1.313652,1.280693,1.585966,2.022238,0.915601
151.000000,1.212239,1.231222,1.537778,1.976579,0.989290
152.000000,1.072371,1.176162,1.478826,1.912661,0.718906
153.000000,0.994260,1.178266,1.434325,1.872282,1.050938
154.000000,0.878072,1.152655,1.389500,1.804474,0.498357
155.000000,0.768916,1.112279,1.346552,1.730996,0.259393
156.000000,0.495127,0.954221,1.278665,1.647615,-0.509714
157.000000,0.297770,0.801666,1.221973,1.560458,-0.249169
158.000000,-0.114324,0.602043,1.134467,1.477974,-0.743666
159.000000,-0.228324,0.481631,1.063557,1.412343,0.153727
160.000000,-0.362463,0.348388,0.988530,1.351509,-0.251544
161.000000,-0.182541,0.237548,0.938042,1.315966,0.356040
162.000000,-0.108899,0.140027,0.887801,1.274213,0.101858
163.000000,-0.007097,-0.075791,0.843283,1.223425,-0.421857
164.000000,-0.633006,-0.445036,0.736076,1.151096,-2.486951
165.000000,-1.133882,-0.779864,0.626835,1.091299,-2.070444
166.000000,-1.743453,-0.989846,0.451419,1.028460,-1.768217
167.000000,-2.499347,-1.450536,0.180842,0.937480,-2.741956
168.000000,-2.892457,-1.848058,-0.169975,0.812849,-2.622837
169.000000,-2.643031,-2.217442,-0.542645,0.678876,-2.062778
170.000000,-2.421595,-2.338754,-0.925531,0.547994,-1.617893
171.000000,-2.328940,-2.463881,-1.381257,0.397084,-1.734540
172.000000,-2.011105,-2.433462,-1.738620,0.245600,-1.304298
173.000000,-1.604584,-2.280349,-1.993992,0.120555,-0.732369
174.000000,-1.346783,-2.021557,-2.107160,-0.036736,-0.855510
175.000000,-1.235259,-1.875933,-2.154269,-0.262502,-1.088770
176.000000,-1.064877,-1.760766,-2.073693,-0.618500,-0.950265
177.000000,-0.954853,-1.561060,-1.995283,-1.037857,-0.816518
178.000000,-0.808882,-1.283210,-1.823918,-1.417491,0.005458
179.000000,-0.651885,-1.070969,-1.740762,-1.730212,-0.053214
180.000000,-0.580067,-0.980795,-1.698882,-1.991830,-0.801780
181.000000,-0.443994,-0.826102,-1.666136,-2.100455,-0.342757
182.000000,-0.370727,-0.736479,-1.639646,-2.107714,-0.533994
183.000000,-0.380098,-0.662788,-1.567508,-2.061781,0.075080
184.000000,-0.370511,-0.569883,-1.420284,-1.959409,0.101402
185.000000,-0.138144,-0.425252,-1.306460,-1.851480,0.206762
186.000000,0.078187,-0.243965,-1.197415,-1.698231,0.601884
187.000000,0.466228,-0.016255,-1.013707,-1.567501,1.035122
188.000000,0.945469,0.224385,-0.761366,-1.380608,1.972015
189.000000,1.329659,0.461361,-0.545308,-1.281849,1.630978
190.000000,1.492814,0.752422,-0.386036,-1.211609,0.920615
191.000000,1.649020,1.035276,-0.174691,-1.167983,1.290924
192.000000,1.544515,1.261863,-0.025840,-1.162236,0.528656
193.000000,1.191578,1.365558,0.077665,-1.149934,0.397355
194.000000,0.868831,1.431423,0.215751,-1.045725,0.348336
195.000000,0.969204,1.606527,0.513386,-0.910388,1.407241
196.000000,1.141876,1.797345,0.928722,-0.743541,2.007258
197.000000,1.508843,1.891305,1.392004,-0.461314,2.078042
198.000000,1.746161,1.740739,1.648992,-0.147830,1.563603
199.000000,2.086634,1.727395,1.923325,0.240870,2.118240
200.000000,2.161394,1.787200,2.189671,0.648644,1.942200
201.000000,2.192634,1.846461,2.314912,1.166337,2.187746
202.000000,2.194954,1.993808,2.385032,1.647491,2.130259
203.000000,2.447429,2.249093,2.441426,2.121433,2.770178
204.000000,2.480919,2.413419,2.441610,2.471227,2.406681
205.000000,2.467959,2.428497,2.402606,2.665848,2.113500
206.000000,2.367134,2.370371,2.329257,2.690047,1.880609
207.000000,2.288635,2.313302,2.254175,2.643250,1.874941
208.000000,1.960988,2.213427,2.096691,2.471196,1.188412
209.000000,1.685472,2.072569,1.981191,2.329753,1.065742
210.000000,1.379064,1.913594,1.887281,2.220251,0.590930
211.000000,1.088077,1.738646,1.791661,2.099461,0.423406
212.000000,0.826515,1.603153,1.760385,2.022542,0.617371
213.000000,0.701290,1.403517,1.744054,1.937352,0.598147
214.000000,0.627738,1.243587,1.741907,1.876262,0.751378
215.000000,0.498419,1.025851,1.663147,1.786578,-0.079978
216.000000,0.685768,0.961564,1.646182,1.762234,1.315273
217.000000,0.750086,0.846003,1.602881,1.713165,0.898776
218.000000,0.711209,0.757248,1.553605,1.620524,0.386739
219.000000,0.718468,0.721266,1.503234,1.567867,0.777455
220.000000,0.918716,0.752618,1.463299,1.546897,0.817523
221.000000,0.800868,0.804224,1.410338,1.523008,0.786083
222.000000,0.766784,0.827534,1.357709,1.528048,0.753914
223.000000,0.824423,0.839751,1.254876,1.538808,0.604947
224.000000,0.801235,0.834380,1.163937,1.554776,0.625253
225.000000,0.983309,1.046802,1.129769,1.577522,1.799741
226.000000,1.324694,1.126313,1.129246,1.598815,2.252171
227.000000,1.765685,1.300019,1.136070,1.622469,2.349356
228.000000,2.424274,1.675585,1.249073,1.688594,2.956663
229.000000,2.941686,2.061582,1.409190,1.746822,2.968437
230.000000,3.009159,2.399326,1.612350,1.801113,2.598207
231.000000,2.807685,2.587697,1.783478,1.813108,1.873307
232.000000,2.429973,2.569686,1.854726,1.780872,0.903482
233.000000,1.913062,2.452248,1.880356,1.694469,0.484978
234.000000,1.399011,2.314403,1.879446,1.616925,0.490186
235.000000,1.002850,2.127812,1.950981,1.560684,0.762072
236.000000,0.699410,1.897315,1.875258,1.500398,0.512715
237.000000,0.515357,1.627143,1.793355,1.414591,0.074417
238.000000,0.272157,1.230492,1.704062,1.336481,-0.610951
239.000000,0.056397,0.831702,1.602967,1.273807,-0.485401
240.000000,-0.235167,0.444848,1.502454,1.238407,-0.552685
241.000000,-0.347325,0.209644,1.461664,1.245394,0.032118
242.000000,-0.421085,0.065010,1.404177,1.229040,-0.232780
243.000000,-0.175216,0.065119,1.419426,1.253946,0.523050
244.000000,-0.062018,0.000051,1.389913,1.244731,0.000424
245.000000,0.215113,-0.029509,1.352118,1.319763,0.664537
246.000000,0.517145,0.061187,1.337502,1.349498,1.348978
247.000000,0.876925,0.214694,1.303696,1.401077,1.257186
248.000000,1.018242,0.465510,1.201986,1.480778,1.099515
249.000000,1.279927,0.716187,1.067499,1.540876,1.079925
250.000000,1.341699,0.975222,0.928458,1.593754,0.947974
251.000000,1.182239,1.102001,0.820391,1.634945,0.638723
252.000000,0.854198,1.156697,0.736906,1.632107,-0.221870
253.000000,0.546551,1.084804,0.698354,1.639026,-0.275245
254.000000,0.135097,1.055218,0.630707,1.627031,-0.671772
255.000000,-0.170274,0.959436,0.566925,1.584054,-0.224592
256.000000,-0.363104,0.743775,0.552931,1.522307,-0.054603
257.000000,-0.300289,0.524684,0.636002,1.448280,0.030946
258.000000,-0.274029,0.267586,0.862325,1.289304,-0.187223
259.000000,-0.239472,-0.071152,1.067460,1.052059,-0.583782
260.000000,-0.230075,-0.310179,1.389796,0.825302,-0.191836
261.000000,-0.261383,-0.469630,1.537036,0.645092,-0.151156
262.000000,-0.641598,-0.656369,1.468339,0.469549,-1.514587
263.000000,-0.912801,-0.796807,1.133971,0.348719,-1.213426
264.000000,-0.835115,-0.727388,1.188687,0.283722,-0.297903
265.000000,-0.859541,-0.755661,0.872373,0.177773,-0.310929
266.000000,-1.252233,-1.078614,-0.353163,-0.025666,-1.752260
267.000000,-1.545997,-1.578724,-1.947691,-0.281075,-2.497120
268.000000,-2.088853,-2.112174,-3.244221,-0.581089,-3.067502
269.000000,-2.620279,-2.420616,-3.671286,-0.949559,-2.764795
270.000000,-3.018498,-2.729675,-3.717760,-1.427924,-2.898390
271.000000,-2.843000,-2.736390,-3.417626,-1.807189,-1.845282
272.000000,-2.643319,-2.646582,-3.147504,-2.128818,-1.959054
273.000000,-2.468989,-2.646101,-3.011097,-2.504028,-2.282975
274.000000,-2.209645,-2.585646,-2.795267,-2.571993,-1.617353
275.000000,-1.929887,-2.514988,-2.659037,-2.609478,-1.545307
276.000000,-1.801992,-2.349348,-2.535967,-2.612279,-1.317076
277.000000,-1.636014,-2.156060,-2.426364,-2.557443,-1.164705
278.000000,-1.430407,-1.965935,-2.335906,-2.497906,-1.270144
279.000000,-1.306762,-1.784534,-2.221022,-2.415981,-1.012214
280.000000,-1.143164,-1.568669,-2.117287,-2.318917,-0.732076
281.000000,-0.980408,-1.430950,-2.015222,-2.212417,-0.495231
282.000000,-0.818882,-1.275993,-1.883814,-2.087161,-0.355443
283.000000,-0.589305,-1.064555,-1.771702,-1.977344,-0.165669
284.000000,-0.491869,-0.959699,-1.727354,-1.903494,-0.579186
285.000000,-0.469139,-0.864629,-1.692546,-1.862351,-0.646115
286.000000,-0.427993,-0.758057,-1.605283,-1.815435,-0.288030
287.000000,-0.291506,-0.605369,-1.472408,-1.748821,0.366300
288.000000,-0.216406,-0.442537,-1.331476,-1.691718,0.258908
289.000000,0.014593,-0.279617,-1.190305,-1.619658,0.524986
290.000000,0.397210,-0.090959,-1.008968,-1.543907,1.110905
291.000000,0.775858,0.103537,-0.869770,-1.469703,1.389708
292.000000,0.918180,0.252190,-0.737240,-1.390260,0.926239
293.000000,1.294220,0.490541,-0.517159,-1.289446,1.841002
294.000000,1.499784,0.764461,-0.352826,-1.244518,1.329626
295.000000,1.613854,1.108296,-0.159640,-1.199917,1.560183
296.000000,1.744492,1.473653,0.074258,-1.100816,1.946231
297.000000,1.916934,1.711430,0.333011,-0.976576,1.757484
298.000000,1.782808,1.882376,0.638065,-0.821933,1.474159
299.000000,1.778225,1.972877,0.968738,-0.643932,1.561808
300.000000,1.659530,1.889685,1.244640,-0.433550,1.176748
301.000000,1.452738,1.757172,1.468136,-0.267667,0.988971
302.000000,1.369255,1.729716,1.683976,-0.020661,1.356235
303.000000,1.359570,1.616492,1.825528,0.339150,1.451658
304.000000,1.286263,1.556790,1.942447,0.687617,1.228416
305.000000,1.351558,1.529354,2.032158,1.122563,1.515885
306.000000,1.408781,1.450492,2.023273,1.532123,1.257817
307.000000,1.322681,1.361838,1.924458,1.855247,0.911108
308.000000,1.188499,1.291147,1.836964,2.092792,0.758273
309.000000,0.986356,1.157280,1.713935,2.150771,0.120923
310.000000,0.565607,1.004345,1.544818,2.073863,-0.633628
311.000000,0.084245,0.836595,1.371549,1.939664,-1.049353
312.000000,-0.167827,0.697238,1.289852,1.858354,-0.112356
313.000000,-0.059766,0.682751,1.235289,1.846136,1.442639
314.000000,0.138474,0.659754,1.208076,1.844599,1.085831
315.000000,0.562229,0.598968,1.186491,1.844554,1.214481
316.000000,0.797134,0.408608,1.084385,1.757055,-0.534281
317.000000,0.627913,0.168482,0.963544,1.619695,-1.324808
318.000000,0.028860,-0.028662,0.877869,1.532120,-0.818527
319.000000,-0.443068,-0.077110,0.802318,1.463811,-0.208347
320.000000,-1.558969,-0.217134,0.676669,1.327609,-1.930978
321.000000,-2.153035,-0.394826,0.523235,1.177067,-2.283366
322.000000,-2.449746,-0.906533,0.289807,1.055232,-2.317232
323.000000,-2.642073,-1.874609,0.005448,0.888592,-2.035716
324.000000,-2.651893,-2.481215,-0.256024,0.788204,-1.280262
325.000000,-2.431686,-2.871112,-0.656806,0.659650,-1.612437
326.000000,-2.268878,-2.829542,-1.139633,0.467090,-1.935477
327.000000,-1.994556,-2.584621,-1.543113,0.285004,-1.377814
328.000000,-1.729508,-2.406903,-1.846886,0.110157,-1.052651
329.000000,-1.689513,-2.349929,-2.012227,-0.130256,-1.227765
330.000000,-1.632731,-2.187398,-2.054482,-0.398956,-1.416835
331.000000,-1.536582,-2.037674,-2.037995,-0.726388,-1.538205
332.000000,-1.633864,-1.948982,-2.123853,-1.204707,-1.820507
333.000000,-1.731508,-1.861757,-2.265721,-1.678708,-1.573555
334.000000,-1.782221,-1.859513,-2.309639,-2.065794,-1.557561
335.000000,-1.744694,-1.799970,-2.302778,-2.326013,-1.326184
336.000000,-1.703933,-1.718958,-2.207380,-2.431756,-1.375243
337.000000,-1.689045,-1.748027,-2.130370,-2.458559,-1.757133
338.000000,-1.632705,-1.758884,-2.064978,-2.392511,-1.320068
339.000000,-1.549148,-1.736360,-2.028464,-2.275981,-1.186926
340.000000,-1.436448,-1.657104,-1.914399,-2.118055,-0.847015
341.000000,-1.142146,-1.480649,-1.748842,-1.922965,-0.055830
342.000000,-0.869798,-1.331566,-1.630713,-1.840284,-0.521572
343.000000,-0.697725,-1.219040,-1.536632,-1.842922,-0.547706
344.000000,-0.637636,-1.155670,-1.512515,-1.848949,-1.028266
345.000000,-0.731337,-1.159265,-1.497115,-1.873756,-1.517499
346.000000,-0.872724,-1.070081,-1.421362,-1.807195,-0.521943
347.000000,-1.038836,-0.980649,-1.405075,-1.752764,-1.175668
348.000000,-1.120783,-0.901826,-1.389713,-1.711160,-0.699770
349.000000,-1.001798,-0.803528,-1.353200,-1.685548,-0.262709
350.000000,-0.635548,-0.718101,-1.294017,-1.610524,0.208553
351.000000,-0.242682,-0.663602,-1.187435,-1.501352,1.445080
352.000000,0.294892,-0.573209,-1.077250,-1.412244,0.778209
353.000000,0.661666,-0.485913,-0.988516,-1.340072,0.474697
354.000000,0.912356,-0.274880,-0.891530,-1.299414,0.613699
355.000000,1.101539,0.096251,-0.796548,-1.242244,0.893099
356.000000,1.120739,0.419249,-0.657651,-1.151306,1.538258
357.000000,1.385107,0.982205,-0.449845,-1.079060,1.736708
358.000000,2.225400,1.810827,-0.150270,-0.964882,3.257568
359.000000,2.874988,2.494029,0.227272,-0.814478,3.155287
360.000000,3.335973,3.024739,0.750734,-0.577813,3.425222
361.000000,3.262685,3.032873,1.204356,-0.329001,2.550437
362.000000,3.019326,2.924052,1.699833,-0.048224,1.906121
363.000000,2.561886,2.741348,2.051767,0.215100,1.295894
364.000000,2.222976,2.606026,2.352810,0.549314,1.416306
365.000000,1.773202,2.451136,2.498831,0.881824,1.160353
366.000000,1.589294,2.360234,2.528171,1.311241,1.632383
367.000000,1.482116,2.251849,2.519584,1.735958,1.408698
368.000000,1.453470,2.055062,2.433135,2.010517,1.191998
369.000000,1.390778,1.869725,2.328540,2.179646,1.134570
370.000000,1.327586,1.614395,2.205432,2.223508,0.869260
371.000000,1.112727,1.407155,2.048815,2.151342,0.626024
372.000000,0.965481,1.276698,1.951500,2.118230,0.717887
373.000000,0.837291,1.198326,1.871701,2.058905,0.588179
374.000000,0.752305,1.126063,1.814949,2.033688,0.741541
375.000000,0.701229,1.072360,1.756494,2.013517,0.638530
376.000000,0.809978,1.017503,1.721612,1.982319,1.164437
377.000000,0.826643,0.947616,1.667951,1.955880,0.786371
378.000000,1.018233,0.970114,1.610205,1.951499,1.498516
379.000000,1.051404,0.933811,1.513922,1.904246,0.818418
380.000000,0.983480,0.869423,1.355121,1.829049,0.142927
381.000000,0.805110,0.850774,1.238659,1.745508,0.280395
382.000000,0.630101,0.785704,1.139248,1.676726,-0.142948
383.000000,0.221203,0.730625,1.074933,1.624243,-0.286596
384.000000,-0.043869,0.655149,1.005951,1.583927,-0.297026
385.000000,0.022856,0.670226,0.988316,1.572177,0.620895
386.000000,-0.015897,0.570689,0.923490,1.545042,0.281289
387.000000,-0.159762,0.435838,0.839983,1.501130,-0.987517
388.000000,-0.085108,0.166091,0.792932,1.435842,-0.051780
389.000000,-0.058735,-0.062219,0.735708,1.357026,-0.339788
390.000000,-0.322955,-0.086919,0.713115,1.247155,0.303357
391.000000,0.261125,0.097113,0.768227,1.187960,1.980528
392.000000,1.668707,0.779106,0.849250,1.169145,2.472586
393.000000,2.035829,1.493065,0.909217,1.158267,1.076887
394.000000,2.209579,2.089605,0.933260,1.126614,0.511683
395.000000,2.100199,2.029124,0.978761,1.111383,0.466410
396.000000,1.644734,2.005645,0.945843,1.059617,0.643012
397.000000,0.702227,2.045013,0.894343,0.990728,-0.475696
398.000000,0.105037,1.734774,0.631920,0.923657,-0.809784
399.000000,-0.614477,1.276930,0.358606,0.825778,-1.690642
400.000000,-1.369394,0.554068,0.140111,0.733501,-1.871402
401.000000,-1.918918,-0.477665,-0.143824,0.675237,-1.412962
402.000000,-2.346842,-2.000353,-0.612972,0.552705,-2.270438
403.000000,-2.374622,-2.557271,-1.028940,0.463814,-1.449312
404.000000,-2.207210,-2.758436,-1.510912,0.328367,-1.404411
405.000000,-2.103682,-2.883356,-2.301069,0.141899,-1.697184
406.000000,-1.877347,-2.763308,-2.406471,-0.130431,-0.795538
407.000000,-1.505354,-2.539542,-2.223724,-0.416555,-0.838267
408.000000,-1.398531,-2.366108,-2.299662,-0.974522,-1.094452
409.000000,-0.957697,-1.917696,-2.008912,-1.235831,0.522135
410.000000,-0.401820,-1.505640,-1.815828,-1.307447,0.623009
411.000000,-0.149020,-1.252368,-1.928820,-1.447597,0.238172
412.000000,0.351228,-0.745456,-1.939523,-1.293174,1.159915
413.000000,0.939424,-0.323458,-1.737110,-1.023134,1.334639
414.000000,1.155055,0.124292,-1.476048,-0.700772,1.417979
415.000000,1.377061,0.670962,-1.204662,-0.507729,1.584943
416.000000,1.506212,0.954982,-1.084253,-0.361733,0.958051
417.000000,1.379169,1.185322,-0.879038,-0.081424,0.710349
418.000000,1.262660,1.441287,-0.608237,0.106359,0.873317
419.000000,1.440584,1.662225,0.053145,0.636342,2.125721
420.000000,1.400356,1.728422,0.613126,0.917898,1.401733
421.000000,1.423663,1.781959,1.047210,0.928824,1.134713
422.000000,1.527585,1.746981,1.628418,0.884832,1.294307
423.000000,1.622808,1.719185,2.055830,1.072951,1.429981
424.000000,1.305318,1.590810,2.262412,1.169845,0.706023
425.000000,1.319228,1.558654,2.554582,1.462507,1.476799
426.000000,1.452666,1.634735,2.660616,1.780249,1.747176
427.000000,1.523134,1.713145,2.681270,2.134765,1.633799
428.000000,1.394635,1.666178,2.581375,2.264110,0.891844
429.000000,1.336388,1.450999,2.348912,2.344120,0.541755
430.000000,1.067076,1.281988,2.131305,2.339647,0.178605
431.000000,0.927759,1.255220,2.060459,2.398392,1.068455
432.000000,0.701851,1.165480,1.907270,2.427565,0.586988
433.000000,0.441451,0.970217,1.699216,2.279016,-0.412570
434.000000,0.074426,0.776191,1.459147,2.090237,-1.295833
435.000000,-0.162274,0.537529,1.264285,2.003643,-0.992965
436.000000,-0.925813,0.132213,1.052179,1.792902,-2.105181
437.000000,-1.512363,-0.263378,0.896190,1.660934,-1.669533
438.000000,-1.887595,-0.619795,0.729244,1.569447,-1.814277
439.000000,-2.178444,-1.070896,0.405743,1.326862,-2.439734
440.000000,-2.541426,-1.571868,0.071330,1.034529,-2.682183
441.000000,-2.472192,-2.112764,-0.224047,0.812828,-2.099067
442.000000,-2.355908,-2.378492,-0.511483,0.559110,-1.592090
443.000000,-2.237525,-2.422009,-0.841377,0.259124,-1.579431
444.000000,-2.202810,-2.441199,-1.226519,-0.215690,-2.291879
445.000000,-1.918694,-2.341118,-1.568326,-0.616156,-1.416397
446.000000,-1.885216,-2.243087,-1.980670,-1.088717,-1.933120
447.000000,-1.887350,-2.168935,-2.273987,-1.498067,-1.688830
448.000000,-1.843733,-2.079057,-2.386677,-1.848616,-1.474164
449.000000,-1.585302,-1.907862,-2.356987,-2.157534,-1.065789
450.000000,-1.605162,-1.789775,-2.330242,-2.376074,-1.554770
451.000000,-1.407281,-1.661669,-2.287309,-2.406959,-0.983149
452.000000,-1.182337,-1.543703,-2.180102,-2.367619,-0.591420
453.000000,-1.045972,-1.460046,-2.061793,-2.347538,-0.803600
454.000000,-0.807939,-1.217372,-1.867949,-2.184792,0.129607
455.000000,-0.624281,-1.148370,-1.780787,-2.167114,-0.693825
456.000000,-0.475427,-0.985832,-1.645245,-2.125306,-0.269787
457.000000,-0.373460,-0.828296,-1.539121,-2.069186,-0.069633
458.000000,-0.148182,-0.658631,-1.431747,-1.964628,0.285590
459.000000,0.088584,-0.427741,-1.254768,-1.804312,1.447908
460.000000,0.572820,-0.115059,-1.070204,-1.659867,1.411665
461.000000,0.975202,0.141200,-0.920958,-1.587566,1.390232
462.000000,1.566007,0.475137,-0.746939,-1.464176,2.384068
463.000000,2.006266,0.867672,-0.573477,-1.327784,2.092371
464.000000,2.058564,1.124858,-0.345773,-1.186009,1.731332
465.000000,2.107358,1.537487,-0.147686,-1.066762,1.747869
466.000000,2.103055,1.838092,0.123417,-0.911694,1.626486
467.000000,1.904646,2.041290,0.420610,-0.774813,1.567918
468.000000,1.824991,2.171004,0.772994,-0.610822,1.766374
469.000000,1.791435,2.118831,1.113074,-0.395682,1.662124
470.000000,1.824499,2.102473,1.555335,-0.085442,1.949323
471.000000,1.767675,2.028615,1.851103,0.201796,1.466736
472.000000,1.618544,1.827462,1.993824,0.448917,0.945309
473.000000,1.382314,1.640821,2.070924,0.705125,0.630870
474.000000,1.161392,1.495914,2.011531,1.067898,0.558327
475.000000,0.740437,1.292572,1.950267,1.280090,-0.119727
476.000000,0.444874,1.131709,1.862111,1.574743,0.041387
477.000000,0.221690,0.968563,1.755900,1.794370,-0.124127
478.000000,0.167804,0.840991,1.681899,1.996294,0.435254
479.000000,0.133598,0.720248,1.559784,2.076240,0.463802
480.000000,0.232547,0.539365,1.450956,2.142115,0.323574
481.000000,0.101974,0.311038,1.314989,2.042746,-0.721698
482.000000,-0.211151,0.037987,1.097262,1.853063,-1.728101
483.000000,-0.663702,-0.196075,0.917108,1.730973,-1.512881
484.000000,-1.031817,-0.384076,0.786512,1.586269,-0.900836
485.000000,-1.384984,-0.503430,0.649274,1.526103,-1.044924
486.000000,-1.367353,-0.607621,0.539995,1.475535,-0.519890
487.000000,-1.191419,-0.749097,0.402647,1.404478,-0.970425
488.000000,-0.860802,-0.898475,0.279583,1.371187,-0.062576
489.000000,-1.045482,-1.264811,0.041340,1.197653,-1.666754
490.000000,-1.141044,-1.557858,-0.268128,1.045926,-1.448419
491.000000,-1.548949,-1.765853,-0.649063,0.861023,-2.147539
492.000000,-1.875624,-1.824196,-1.056665,0.582287,-2.330875
493.000000,-2.254952,-1.865448,-1.449859,0.296890,-2.100950
494.000000,-2.029464,-1.798121,-1.695285,0.094700,-0.959024
495.000000,-1.689386,-1.599945,-1.721653,-0.060101,-0.052235
496.000000,-1.426186,-1.594890,-1.816855,-0.320680,-0.852935
497.000000,-0.986062,-1.481478,-1.788793,-0.568439,-0.285565
498.000000,-0.503164,-1.438939,-1.766335,-0.863949,0.018563
499.000000,-0.237571,-1.234715,-1.714547,-1.170296,0.208781
500.000000,-0.134207,-1.042062,-1.624720,-1.501202,0.494072
501.000000,0.342536,-0.694301,-1.420175,-1.653400,1.202158
502.000000,0.695344,-0.289834,-1.174395,-1.701664,1.067401
503.000000,0.849681,0.073165,-1.016699,-1.734246,0.413095
504.000000,0.842678,0.236962,-0.947549,-1.762044,-0.060105
505.000000,0.431538,0.115395,-0.949728,-1.765269,-1.126776
506.000000,-0.485871,-0.003785,-1.061239,-1.847141,-1.942499
507.000000,-1.253850,-0.211935,-1.124331,-1.856946,-1.540482
508.000000,-1.549007,-0.373196,-1.200356,-1.853131,-0.725457
509.000000,-2.004196,-0.868791,-1.263466,-1.935169,-1.919257
510.000000,-2.216214,-1.539613,-1.373051,-2.005880,-2.088107
511.000000,-2.148787,-2.250785,-1.410606,-1.982846,-1.830241
512.000000,-2.310552,-2.822740,-1.480823,-1.949648,-2.371066
513.000000,-2.566708,-3.027395,-1.576179,-1.955147,-2.327391
514.000000,-2.350868,-2.907031,-1.703490,-1.936537,-1.489280
515.000000,-2.192314,-2.734412,-1.951141,-1.939242,-1.645151
516.000000,-2.038398,-2.489018,-2.059745,-1.957671,-1.364330
517.000000,-1.425698,-2.092825,-1.989146,-1.833452,0.422151
518.000000,-0.960307,-1.934627,-2.038508,-1.820641,-0.136355
519.000000,-0.577270,-1.632627,-2.033688,-1.709437,0.266665
520.000000,-0.206753,-1.382597,-2.063426,-1.641268,-0.042054
521.000000,-0.086584,-1.281583,-2.206927,-1.595959,-0.890580
522.000000,-0.234213,-1.014355,-2.195196,-1.473840,-0.196741
523.000000,-0.404861,-0.825012,-2.185502,-1.406489,-0.865044
524.000000,-0.393704,-0.581339,-2.020067,-1.327475,0.306893
525.000000,-0.149207,-0.212447,-1.757010,-1.261848,1.009458
526.000000,0.218285,0.079025,-1.503716,-1.167569,0.684182
527.000000,0.588841,0.214349,-1.228502,-1.057006,1.365457
528.000000,1.186531,0.479213,-0.990055,-0.936488,1.662620
529.000000,1.370885,0.608750,-0.727234,-0.875841,1.125720
530.000000,1.407485,0.789412,-0.434984,-0.821811,1.193580
531.000000,1.424719,1.021703,-0.199261,-0.856262,0.774316
532.000000,1.412900,1.232891,0.184164,-0.834710,1.304927
533.000000,1.429649,1.594186,0.682932,-0.718920,1.727570
534.000000,1.572091,1.782431,1.133734,-0.548966,1.720434
535.000000,1.537620,1.770291,1.534869,-0.349048,1.108598
536.000000,1.515585,1.748735,1.820866,-0.061239,0.828779
537.000000,1.431949,1.663718,1.869185,0.306521,1.029884
538.000000,1.233153,1.522279,1.931577,0.642614,0.861759
539.000000,1.074465,1.469567,1.941384,1.283289,1.010799
540.000000,0.976005,1.367117,1.922469,1.920536,0.678954
541.000000,0.983065,1.346236,1.990379,2.480805,0.880460
542.000000,0.932657,1.267548,1.961860,2.885207,0.819684
543.000000,1.034795,1.208408,2.018902,3.090598,1.372792
544.000000,1.038616,1.116748,1.939155,2.972703,1.023408
545.000000,1.100666,1.084350,1.810333,2.844254,0.881345
546.000000,1.161088,1.102312,1.731361,2.713454,1.057806
547.000000,1.305316,1.130410,1.639755,2.485282,1.415110
548.000000,1.428511,1.246001,1.572475,2.399512,1.951625
549.000000,1.474526,1.274635,1.513967,2.257692,1.209506
550.000000,1.659084,1.407056,1.489464,2.196078,1.705286
551.000000,1.985825,1.622961,1.550465,2.240569,2.592959
552.000000,2.095614,1.781886,1.555353,2.194789,1.966017
553.000000,2.183027,1.910497,1.563408,2.202200,2.405375
554.000000,2.450358,2.095471,1.588941,2.153258,2.467946
555.000000,2.455261,2.197701,1.630095,2.060570,1.862892
556.000000,2.207857,2.221943,1.676820,1.988510,1.572942
557.000000,2.193967,2.263092,1.740966,1.922679,2.046783
558.000000,2.006468,2.181499,1.791738,1.838302,1.599348
559.000000,1.758648,2.145125,1.812628,1.781166,1.313727
560.000000,1.609361,2.047728,1.845321,1.727901,1.183056
561.000000,1.568257,1.900610,1.876339,1.714317,1.398981
562.000000,1.382211,1.795165,1.888145,1.679125,1.147064
563.000000,1.391816,1.719645,1.889533,1.655743,1.638892
564.000000,1.460309,1.638432,1.906478,1.638450,1.642099
565.000000,1.500054,1.586113,1.908942,1.640135,1.401963
566.000000,1.528323,1.579549,1.909720,1.661549,1.555229
567.000000,1.563213,1.506757,1.884287,1.667166,1.367054
568.000000,1.493555,1.473071,1.833187,1.680897,1.308639
569.000000,1.449249,1.480823,1.826490,1.693589,1.426128
570.000000,1.419461,1.483068,1.788462,1.712690,1.248929
571.000000,1.327073,1.449288,1.704941,1.716803,1.091813
572.000000,1.344776,1.476061,1.672610,1.735826,1.462191
573.000000,1.288405,1.413115,1.603105,1.714951,1.006514
574.000000,1.263346,1.378964,1.544878,1.718337,1.315285
575.000000,1.266422,1.365828,1.510848,1.722898,1.257640
576.000000,1.183144,1.278025,1.462762,1.700981,0.555727
577.000000,1.089828,1.248695,1.410113,1.685319,1.027352
578.000000,1.050593,1.202635,1.371118,1.646440,0.729215
579.000000,0.954165,1.151455,1.354145,1.637553,0.881290
580.000000,0.982654,1.170471,1.366298,1.627719,1.563055
581.000000,1.097689,1.169348,1.347743,1.575165,0.976253
582.000000,0.946471,1.054479,1.322577,1.528846,0.193790
583.000000,1.098660,1.094737,1.302442,1.493205,1.393714
584.000000,1.222434,1.090853,1.282225,1.452086,1.422930
585.000000,0.969055,1.000587,1.245463,1.410330,0.377111
586.000000,0.744789,0.969921,1.180160,1.370643,-0.167950
587.000000,0.835662,0.922702,1.146920,1.323233,0.528901
588.000000,0.510462,0.860321,1.097483,1.283996,-0.096353
589.000000,0.294070,0.846070,1.059250,1.271519,0.656555
590.000000,0.323611,0.726553,1.033046,1.265114,0.560325
591.000000,0.609475,0.723467,1.034815,1.255453,1.047085
592.000000,1.120714,0.988460,1.049378,1.282734,2.810422
593.000000,2.185553,1.172007,1.141652,1.296801,3.099426
594.000000,3.035425,1.442868,1.232661,1.320690,3.071801
595.000000,3.559532,2.014877,1.371960,1.374091,3.114466
596.000000,3.280786,2.363911,1.502853,1.379322,1.544600
597.000000,3.169156,2.806936,1.701110,1.448653,2.892135
598.000000,2.988512,3.122015,1.926920,1.526719,2.641599
599.000000,2.726141,3.091282,2.073428,1.582737,2.150292
600.000000,2.455941,2.993509,2.129478,1.646815,1.975565
601.000000,2.411170,2.839306,2.196392,1.711344,1.742907
602.000000,2.042355,2.562531,2.229306,1.712977,1.177003
603.000000,1.914076,2.430713,2.254585,1.792729,1.968631
604.000000,1.853341,2.296851,2.257568,1.838313,1.857368
605.000000,1.684766,2.086088,2.243634,1.838929,1.223264
606.000000,1.579716,2.015094,2.248900,1.878233,1.269453
607.000000,1.641403,1.882545,2.238980,1.899883,1.528933
608.000000,1.596817,1.795542,2.263139,1.944177,1.736980
609.000000,1.627643,1.781296,2.267918,1.988115,1.968698
610.000000,1.883082,1.839098,2.304003,2.030974,2.375488
611.000000,2.102635,1.913155,2.318026,2.088909,2.337991
612.000000,2.271442,2.041047,2.305448,2.166869,2.409104
613.000000,2.376201,2.092522,2.284506,2.198875,2.371767
614.000000,2.342371,2.096022,2.228833,2.195492,1.986996
615.000000,2.200220,2.115703,2.154044,2.196470,1.747127
616.000000,2.030437,2.099190,2.109883,2.186173,1.517940
617.000000,1.908947,2.096977,2.053568,2.178347,1.770523
618.000000,1.686980,2.023091,1.969559,2.145945,1.250067
619.000000,1.559127,1.952468,1.915470,2.109348,1.343739
620.000000,1.438894,1.836455,1.859343,2.066265,1.138757
621.000000,1.409699,1.749314,1.830278,2.034598,1.367141
622.000000,1.349417,1.665792,1.830417,1.996598,1.495086
623.000000,1.402342,1.580397,1.805485,1.957373,1.502809
624.000000,1.407936,1.517177,1.778527,1.912480,1.367187
625.000000,1.468607,1.484277,1.779299,1.869707,1.432860
626.000000,1.303218,1.387319,1.731632,1.815699,0.513179
627.000000,1.126879,1.268755,1.684463,1.748099,0.590901
628.000000,0.980766,1.226015,1.642931,1.694597,0.779373
629.000000,0.736943,1.114012,1.567117,1.631689,0.151476
630.000000,0.426522,1.008875,1.469776,1.571671,-0.040479
631.000000,0.254307,0.848291,1.360899,1.512185,-0.374866
632.000000,0.023130,0.653924,1.241486,1.468219,-0.566203
633.000000,-0.144508,0.506238,1.144870,1.430446,0.114350
634.000000,-0.091886,0.399133,1.081109,1.409165,0.524940
635.000000,0.130278,0.322041,1.053090,1.423207,1.158566
636.000000,0.452362,0.363679,1.036165,1.435622,1.113401
637.000000,0.882745,0.404454,1.001490,1.444791,1.232529
638.000000,1.175629,0.411259,1.001584,1.447290,1.163641
639.000000,1.298842,0.482352,0.975850,1.432027,0.543274
640.000000,1.389474,0.687896,0.991683,1.414919,1.329264
641.000000,1.345865,0.966515,0.969068,1.383410,0.711035
642.000000,1.749643,1.606015,1.011380,1.383462,2.602789
643.000000,1.745866,1.963759,0.995368,1.346530,1.254409
644.000000,1.602336,2.046675,0.937167,1.298560,0.196225
645.000000,1.073719,1.773801,0.811937,1.237921,-0.671783
646.000000,0.675047,1.436754,0.777844,1.183597,-0.820106
647.000000,-0.216184,1.049217,0.730283,1.106642,-0.724091
648.000000,-0.701100,0.716484,0.660724,1.067475,-0.534636
649.000000,-1.033040,0.391884,0.635993,0.998986,-1.054921
650.000000,-1.034883,-0.006907,0.680783,0.952688,-0.714384
651.000000,-0.883282,-0.198823,0.871782,0.896808,-0.282791
652.000000,-0.713493,-0.753932,1.183696,0.825565,-0.101900
653.000000,-0.655004,-1.067175,1.345514,0.727550,-0.325528
654.000000,-0.583638,-1.242321,1.278507,0.600362,-0.800317
655.000000,-0.299477,-1.012787,1.158654,0.501707,0.395028
656.000000,-0.382674,-0.955367,0.704818,0.447260,-0.606086
657.000000,-0.802697,-1.125542,-0.250605,0.300608,-1.658443
658.000000,-1.087875,-1.277588,-1.113627,0.112428,-1.395929
659.000000,-1.033069,-1.173702,-1.444604,0.048243,-0.631944
660.000000,-1.273148,-1.136372,-1.901379,0.001377,-0.637582
661.000000,-1.347583,-1.230351,-2.193940,-0.032130,-0.974763
662.000000,-1.354960,-1.471720,-2.905202,-0.136782,-1.735730
663.000000,-1.820684,-1.911902,-3.286511,-0.687284,-2.958092
664.000000,-2.369872,-2.214629,-3.273168,-1.561614,-2.741006
665.000000,-3.124770,-2.867467,-3.368825,-2.961020,-3.766785
666.000000,-3.381103,-3.100514,-3.321783,-3.569319,-3.251789
667.000000,-3.169798,-2.929182,-3.091448,-3.459839,-2.116014
668.000000,-2.800535,-2.729615,-2.865305,-3.210612,-1.576839
669.000000,-2.522171,-2.611257,-2.666228,-2.978816,-1.463139
670.000000,-2.054957,-2.492371,-2.512990,-2.815435,-1.266689
671.000000,-1.781217,-2.467458,-2.480590,-2.738391,-1.861551
672.000000,-1.617515,-2.358848,-2.399355,-2.678862,-1.362966
673.000000,-1.528293,-2.192111,-2.306126,-2.561890,-1.179390
674.000000,-1.475686,-2.060169,-2.218866,-2.441572,-1.224811
675.000000,-1.361118,-1.776905,-2.137771,-2.284655,-0.727845
676.000000,-1.133917,-1.522806,-2.051488,-2.164893,-0.809865
677.000000,-0.962472,-1.353385,-1.934652,-2.052492,-0.553064
678.000000,-0.783604,-1.219250,-1.828578,-1.951964,-0.323239
679.000000,-0.556074,-1.081201,-1.749533,-1.846664,-0.151924
680.000000,-0.372970,-0.934924,-1.666725,-1.750365,0.147814
681.000000,-0.136872,-0.698195,-1.584389,-1.671925,0.293441
682.000000,-0.044539,-0.565117,-1.526491,-1.633720,-0.155401
683.000000,-0.116727,-0.508545,-1.469041,-1.624356,-0.713863
684.000000,-0.107421,-0.378261,-1.381395,-1.578067,-0.109644
685.000000,-0.192254,-0.317399,-1.229144,-1.567244,-0.210440
686.000000,-0.287273,-0.224383,-1.062822,-1.535529,-0.043753
687.000000,-0.182039,-0.116379,-0.933538,-1.471319,0.393732
688.000000,0.089669,-0.030420,-0.834011,-1.419136,0.429363
689.000000,0.078634,-0.032130,-0.772239,-1.417512,-0.228379
690.000000,0.100198,-0.081121,-0.722746,-1.423385,-0.213202
691.000000,0.174490,-0.117978,-0.591630,-1.419343,0.244930
692.000000,0.108781,-0.084847,-0.498478,-1.414389,0.178802
693.000000,-0.129567,0.011681,-0.438375,-1.395245,-0.400926
694.000000,0.140018,0.138875,-0.301613,-1.345562,0.712706
695.000000,0.362305,0.289662,-0.211385,-1.216203,0.507369
696.000000,0.562676,0.492025,-0.049664,-1.043658,1.231865
697.000000,0.886976,0.631740,0.132552,-0.908932,1.603351
698.000000,1.239330,0.653300,0.270621,-0.818808,0.867983
699.000000,1.433142,0.905671,0.453573,-0.705903,1.357011
700.000000,1.473663,1.025554,0.552950,-0.619574,0.613212
701.000000,0.891892,0.817986,0.437428,-0.508323,-1.263628
702.000000,0.383013,0.761389,0.498303,-0.401517,-0.437349
703.000000,0.003507,0.824403,0.713443,-0.301474,-0.578154
704.000000,-0.598658,0.716077,0.737365,-0.166642,-0.504097
705.000000,-0.942715,0.699092,0.812109,-0.066055,-0.039566
706.000000,-0.748184,0.394036,0.756877,0.042464,-0.617537
707.000000,-0.163267,0.291909,0.781629,0.221946,1.325551
708.000000,1.251229,0.893655,0.995438,0.492287,2.757251
709.000000,2.162177,1.299786,1.284876,0.723134,1.958476
710.000000,2.404470,1.844241,1.463635,0.856995,1.197502
711.000000,3.277798,3.539335,1.862517,1.207887,3.207964
712.000000,3.245627,3.729517,2.198596,1.622003,2.525106
713.000000,2.647796,3.426285,2.420741,1.925812,1.271258
714.000000,2.514498,3.303659,2.581266,2.102528,1.955690
715.000000,2.528187,3.136576,2.684104,2.214888,1.922637
716.000000,2.238015,3.053223,2.656916,2.265855,2.010798
717.000000,2.209663,2.920561,2.645142,2.296722,2.424413
718.000000,2.560351,2.833600,2.770717,2.400347,2.951234
719.000000,2.593315,2.740851,2.745623,2.481350,2.401604
720.000000,2.529136,2.662283,2.707819,2.497759,2.013077
721.000000,2.390589,2.435643,2.692018,2.452707,1.670405
722.000000,2.129687,2.238195,2.577988,2.388177,1.238967
723.000000,1.752042,2.135896,2.467269,2.348362,1.039807
724.000000,1.518478,2.031767,2.387562,2.288919,1.241963
725.000000,1.366837,1.947888,2.311215,2.243120,1.279211
726.000000,1.339927,1.895827,2.278218,2.195634,1.536267
727.000000,1.355259,1.790346,2.189253,2.125699,1.323057
728.000000,1.438918,1.647449,2.091306,2.095307,1.457679
729.000000,1.472795,1.546954,2.025655,2.052849,1.425427
730.000000,1.481619,1.475022,1.984942,2.028639,1.350203
731.000000,1.420897,1.427637,1.891459,2.035175,1.264861
732.000000,1.397082,1.420492,1.821465,2.016971,1.225491
733.000000,1.311590,1.413951,1.784803,1.990106,1.042201
734.000000,1.237733,1.390727,1.733498,1.962845,1.058689
735.000000,1.067187,1.310426,1.657431,1.905619,0.444176
736.000000,0.823749,1.168086,1.565225,1.846876,-0.065369
737.000000,0.656890,1.091715,1.484642,1.790716,0.428308
738.000000,0.394606,0.944057,1.347474,1.698617,-0.235138
739.000000,-0.031210,0.740175,1.208119,1.611732,-0.898670
740.000000,-0.519923,0.453980,1.055951,1.527575,-1.821191
741.000000,-0.893464,0.146412,0.922815,1.415085,-1.639725
742.000000,-1.574044,-0.295480,0.775520,1.293313,-2.306507
743.000000,-2.031936,-0.764697,0.640569,1.211939,-2.126446
744.000000,-2.113283,-1.198350,0.518550,1.141966,-1.360709
745.000000,-1.898982,-1.486543,0.404096,1.088688,-0.923197
746.000000,-1.870935,-1.758920,0.208266,1.005407,-1.549454
747.000000,-1.716487,-2.066446,-0.019237,0.889119,-1.666197
748.000000,-1.515911,-2.148516,-0.286033,0.733608,-1.338314
749.000000,-1.467073,-2.093632,-0.600912,0.578525,-1.261999
750.000000,-1.427302,-1.893191,-0.923061,0.440300,-0.865987
751.000000,-1.249899,-1.720395,-1.242663,0.308376,-0.734528
752.000000,-1.048785,-1.492057,-1.553564,0.187874,-0.722204
753.000000,-0.832606,-1.259489,-1.761641,0.091930,-0.326754
754.000000,-0.729751,-1.179099,-1.954787,-0.081026,-0.776849
755.000000,-0.788925,-1.194422,-2.042031,-0.331432,-1.133475
756.000000,-1.054306,-1.245310,-2.101965,-0.760191,-1.915290
757.000000,-1.286763,-1.265549,-2.149929,-1.232755,-1.763801
758.000000,-1.604083,-1.331573,-2.134354,-1.770021,-1.843631
759.000000,-1.939144,-1.478758,-2.126277,-2.313780,-2.370154
760.000000,-2.235328,-1.697979,-2.103905,-2.691164,-2.573156
761.000000,-2.258275,-1.850058,-2.058943,-2.788986,-2.097870
762.000000,-2.224826,-1.938819,-1.959445,-2.737622,-1.708548
763.000000,-2.281702,-2.114720,-1.931802,-2.683052,-2.177527
764.000000,-2.167163,-2.189610,-1.923828,-2.589625,-1.820591
765.000000,-2.017449,-2.231927,-1.946143,-2.479895,-1.847601
766.000000,-1.956164,-2.202431,-1.943860,-2.373495,-1.820809
767.000000,-1.974514,-2.191658,-1.941244,-2.310541,-1.828808
768.000000,-1.945646,-2.199186,-1.970129,-2.253125,-2.039122
769.000000,-1.944982,-2.135825,-1.986310,-2.182258,-1.848770
770.000000,-1.963358,-2.064990,-2.025710,-2.116987,-1.968113
771.000000,-1.888607,-1.987097,-2.032428,-2.045383,-1.528070
772.000000,-1.757170,-1.913827,-2.016958,-1.953424,-1.243900
773.000000,-1.540327,-1.771991,-1.998587,-1.869447,-0.975354
774.000000,-1.284696,-1.629707,-1.940953,-1.798378,-0.561103
775.000000,-1.019668,-1.504668,-1.885381,-1.754495,-0.636056
776.000000,-0.904478,-1.421541,-1.826984,-1.718810,-0.966452
777.000000,-0.820875,-1.327857,-1.771889,-1.679039,-0.845962
778.000000,-0.740329,-1.187216,-1.703610,-1.639793,-0.582011
779.000000,-0.790388,-1.084298,-1.628879,-1.615501,-0.793141
780.000000,-0.805808,-0.952493,-1.539877,-1.600445,-0.696866
781.000000,-0.707203,-0.842856,-1.464267,-1.583770,-0.472946
782.000000,-0.648825,-0.770390,-1.415521,-1.575413,-0.563424
783.000000,-0.676047,-0.739723,-1.351600,-1.586235,-0.719223
784.000000,-0.640410,-0.753592,-1.303598,-1.586995,-0.644453
785.000000,-0.530036,-0.718001,-1.234570,-1.569025,-0.012316
786.000000,-0.478039,-0.640432,-1.168424,-1.535198,-0.065318
787.000000,-0.445662,-0.595454,-1.109782,-1.515488,-0.410046
788.000000,-0.301716,-0.572095,-1.025686,-1.490912,-0.078904
789.000000,-0.082271,-0.488749,-0.938839,-1.443404,0.279902
790.000000,-0.291211,-0.484132,-0.857109,-1.399459,-0.970364
791.000000,-0.530016,-0.531355,-0.800557,-1.370396,-0.948133
792.000000,-0.461109,-0.500194,-0.742670,-1.344622,0.017706
793.000000,-0.305984,-0.350923,-0.689811,-1.286198,0.698924
794.000000,-0.601250,-0.322780,-0.708745,-1.259537,-0.655705
795.000000,0.094650,-0.209709,-0.672087,-1.202201,1.364390
796.000000,1.207639,0.176789,-0.561208,-1.128673,2.098719
797.000000,2.063282,1.144557,-0.420034,-1.037808,2.399375
798.000000,2.534758,2.261518,-0.264439,-0.913537,2.466570
799.000000,3.025933,2.915642,-0.001921,-0.780959,2.364984
800.000000,2.734242,3.064205,0.246074,-0.644990,1.200099
801.000000,2.345552,2.953776,0.488951,-0.536250,0.737732
802.000000,2.090617,2.829365,0.905353,-0.419762,1.325604
803.000000,1.974977,2.774483,1.541663,-0.285155,2.045056
804.000000,1.673353,2.761132,2.058543,-0.195885,1.415927
805.000000,1.531128,2.472467,2.194515,-0.103578,0.793359
806.000000,1.397863,2.132629,2.158633,0.036291,0.320618
807.000000,1.241120,1.859382,2.157603,0.212287,0.696285
808.000000,1.071342,1.672111,2.157126,0.428356,1.335168
809.000000,0.988201,1.462945,2.086915,0.726035,1.075335
810.000000,1.050008,1.422918,2.126224,1.060212,1.058684
811.000000,1.047752,1.346289,2.083080,1.313176,0.334994
812.000000,0.915080,1.183688,1.971119,1.533831,0.115481
813.000000,0.625522,0.929936,1.842404,1.687198,0.051900
814.000000,0.486403,0.812889,1.849047,1.772968,0.481021
815.000000,0.460853,0.839886,1.789608,1.764940,0.988632
816.000000,0.538818,0.886132,1.674061,1.728797,0.651468
817.000000,0.749832,0.923886,1.567115,1.743117,0.970779
818.000000,0.911882,0.844171,1.431949,1.715629,0.699200
819.000000,0.676897,0.642926,1.212272,1.603897,-0.559492
820.000000,0.666465,0.625226,1.195006,1.664352,0.965705
821.000000,0.651347,0.666604,1.185290,1.699956,0.541760
822.000000,0.678644,0.818380,1.168740,1.721491,1.162119
823.000000,0.982835,1.078991,1.133003,1.746890,1.851454
824.000000,2.110333,1.407815,1.207217,1.873232,2.821979
825.000000,3.147156,1.903458,1.443747,1.976776,3.579702
826.000000,3.681977,2.468242,1.725151,2.040322,3.060160
827.000000,3.494274,2.748433,1.904639,2.039031,2.269090
828.000000,3.219521,2.941312,2.024918,2.024620,2.265665
829.000000,2.978552,3.156251,2.166051,2.018683,2.400451
830.000000,2.661211,3.053432,2.277057,2.064686,2.264319
831.000000,2.385007,2.932464,2.386201,2.097984,1.936834
832.000000,2.280635,2.796965,2.477862,2.101949,1.965446
833.000000,2.112772,2.605908,2.486357,2.042718,1.606092
834.000000,1.949027,2.430247,2.454152,2.024601,1.640346
835.000000,1.773275,2.205669,2.378086,2.021349,1.437011
836.000000,1.575045,1.979433,2.290591,2.003051,0.999401
837.000000,1.347141,1.815940,2.188692,1.961503,0.844871
838.000000,1.226387,1.685641,2.125461,1.912694,1.007730
839.000000,0.951728,1.473780,2.062077,1.833005,0.289528
840.000000,0.616325,1.227775,1.915552,1.734446,-0.202714
841.000000,0.333698,0.999132,1.794742,1.665456,-0.393494
842.000000,0.087406,0.770290,1.680550,1.617626,-0.355943
843.000000,-0.256247,0.549521,1.550443,1.566616,-0.608895
844.000000,-0.372164,0.352953,1.438235,1.530427,-0.205504
845.000000,-0.450317,0.130967,1.273839,1.466872,-0.559856
846.000000,-0.500313,-0.054085,1.115398,1.419913,-0.626160
847.000000,-0.674529,-0.287558,0.955467,1.340966,-1.169451
848.000000,-0.712834,-0.516823,0.814484,1.298711,-0.773184
849.000000,-0.965707,-0.722904,0.622921,1.279957,-1.380860
850.000000,-0.888843,-0.739292,0.494022,1.278628,-0.091881
851.000000,-0.866316,-0.767743,0.351351,1.279932,-0.440602
852.000000,-0.602928,-0.748918,0.214504,1.295362,0.089106
853.000000,-0.543357,-0.754267,0.047238,1.268152,-0.507752
854.000000,-0.123067,-0.713272,-0.096127,1.262603,0.424097
855.000000,0.097285,-0.547692,-0.211471,1.230189,0.890807
856.000000,0.310842,-0.404745,-0.323756,1.170178,0.486925
857.000000,0.458621,-0.125145,-0.410123,1.154394,0.750038
858.000000,0.761936,0.116211,-0.529549,1.137669,0.866393
859.000000,0.903910,0.473430,-0.517119,1.109663,1.069841
860.000000,0.977559,0.649582,-0.375743,1.080939,1.226937
861.000000,1.018092,0.794837,-0.233079,1.020716,0.685255
862.000000,1.110911,0.929728,0.006880,0.969256,1.177162
863.000000,1.111684,1.099195,0.277288,0.917383,0.857152
864.000000,1.084331,1.162604,0.474876,0.837920,0.932198
865.000000,0.909813,1.105652,0.657323,0.699337,0.408421
866.000000,0.725114,1.029012,0.748148,0.535589,-0.210029
867.000000,0.235202,0.821127,0.821946,0.250772,-1.012741
868.000000,-0.374915,0.493198,0.702845,-0.265915,-1.719155
869.000000,-1.044158,0.083702,0.665721,-0.709058,-1.798836
870.000000,-1.563998,-0.399001,0.363971,-1.105108,-1.849431
871.000000,-1.811942,-0.762489,0.159566,-1.415674,-1.538012
872.000000,-1.792056,-1.121034,-0.089047,-1.640219,-1.172119
873.000000,-1.670462,-1.410165,-0.270621,-1.776369,-1.240966
874.000000,-1.535862,-1.660356,-0.656666,-1.962839,-1.215546
875.000000,-1.151192,-1.645952,-0.890843,-1.774758,-0.097049
876.000000,-1.233690,-1.810543,-1.471535,-1.965907,-1.831122
877.000000,-1.677941,-2.045657,-2.306359,-2.271425,-2.843185
878.000000,-1.866357,-2.061330,-2.702075,-2.390670,-2.003973
879.000000,-1.909242,-1.989875,-2.814475,-2.283631,-1.485023
880.000000,-1.991986,-1.839173,-2.764685,-2.260694,-0.944023
881.000000,-1.875573,-1.795464,-2.713258,-2.275687,-1.381299
882.000000,-1.644774,-1.835668,-2.730429,-2.390430,-1.726440
883.000000,-1.532700,-1.832613,-2.664115,-2.384467,-1.504934
884.000000,-1.449596,-1.780375,-2.558520,-2.390010,-1.142007
885.000000,-1.278356,-1.707369,-2.350139,-2.297652,-0.203563
886.000000,-0.970024,-1.474652,-2.134843,-2.160609,0.114526
887.000000,-0.490187,-1.106173,-1.892766,-2.022887,0.577079
888.000000,-0.036834,-0.828546,-1.664319,-1.924190,0.576435
889.000000,0.422215,-0.577002,-1.440831,-1.829430,0.884598
890.000000,0.689883,-0.375882,-1.234391,-1.757507,0.966632
891.000000,0.852169,-0.135059,-1.076183,-1.685715,0.777680
892.000000,0.950801,0.194312,-0.937008,-1.639761,0.973161
893.000000,1.100098,0.553081,-0.788597,-1.571080,1.177837
894.000000,1.133150,0.866771,-0.661605,-1.536571,0.964499
895.000000,1.251631,1.114922,-0.569440,-1.442778,1.435097
896.000000,1.348286,1.291300,-0.384924,-1.350222,1.119694
897.000000,1.422438,1.418570,-0.072135,-1.201437,1.285397
898.000000,1.432498,1.533609,0.217412,-1.002531,1.290806
899.000000,1.443587,1.556097,0.481619,-0.800441,1.124639
900.000000,1.294820,1.511647,0.693649,-0.603933,0.865087
901.000000,1.177008,1.456856,0.954957,-0.437585,0.647497
902.000000,0.975773,1.344710,1.251871,-0.314193,0.399801
903.000000,0.844832,1.255539,1.559785,-0.131624,0.705407
904.000000,0.715574,1.182752,1.776503,0.056355,0.551825
905.000000,0.821578,1.162887,1.922808,0.269231,1.320562
906.000000,0.910365,1.147156,1.957518,0.702126,1.053759
907.000000,1.073019,1.127314,1.912472,1.393942,1.221028
908.000000,1.084704,1.059548,1.820874,1.898532,0.824891
909.000000,1.157292,1.025053,1.716607,2.264065,0.944020
910.000000,1.044392,1.006833,1.610913,2.414120,0.796008
911.000000,1.063448,1.051087,1.557526,2.556108,1.143818
912.000000,0.989519,1.099857,1.482437,2.601271,0.882658
913.000000,1.046080,1.131404,1.415559,2.569024,1.132808
914.000000,1.157635,1.221963,1.394090,2.491515,1.760770
915.000000,1.342952,1.220419,1.344886,2.327163,1.599631
916.000000,1.449341,1.260505,1.321012,2.167756,1.395432
917.000000,1.636438,1.266679,1.287453,2.006923,1.282263
918.000000,1.671900,1.333345,1.250006,1.877399,1.100732
919.000000,1.577989,1.411291,1.236554,1.762468,1.433108
920.000000,1.546922,1.547633,1.249075,1.669554,1.521402
921.000000,1.597803,1.634862,1.288768,1.610238,1.643654
922.000000,1.717492,1.785384,1.365196,1.560938,1.837679
923.000000,1.817803,1.837266,1.414150,1.509865,1.647373
924.000000,1.756853,1.753864,1.469708,1.475176,1.242558
925.000000,1.768911,1.743345,1.481724,1.435788,1.636107
926.000000,1.465625,1.595114,1.466049,1.387540,0.270100
927.000000,1.291178,1.556454,1.459855,1.354059,1.021281
928.000000,1.147797,1.533331,1.490410,1.320822,0.991876
929.000000,1.092613,1.477818,1.503859,1.298644,0.980763
930.000000,1.011402,1.450460,1.552370,1.302520,1.276990
931.000000,0.916206,1.249721,1.477519,1.283471,-0.252335
932.000000,0.446985,0.929953,1.378837,1.262633,-1.423616
933.000000,0.101146,0.703269,1.300298,1.246566,-0.651585
934.000000,-0.450765,0.461281,1.163501,1.236958,-1.413005
935.000000,-1.082014,0.192640,1.068293,1.190931,-0.660229
936.000000,-1.317904,0.078691,0.975484,1.162680,-0.880949
937.000000,-1.007192,-0.115435,0.912821,1.128798,-0.289877
938.000000,-0.694470,-0.237252,0.906498,1.153996,0.637720
939.000000,-0.249050,-0.425571,0.861008,1.162959,0.317039
940.000000,-0.627868,-1.047679,0.679008,1.122428,-2.042142
941.000000,-0.799039,-1.301886,0.494570,1.055381,-1.427013
942.000000,-0.792573,-1.112966,0.341633,1.055362,-0.193735
943.000000,-1.451624,-1.309272,0.069882,0.970925,-1.645539
944.000000,-1.612356,-1.151798,-0.106346,0.892828,-0.455518
945.000000,-1.443630,-1.296694,-0.467205,0.768433,-1.448227
946.000000,-1.262056,-1.281018,-0.631619,0.680102,-0.812863
947.000000,-1.002351,-1.100633,-0.781143,0.679021,0.665840
948.000000,-0.411384,-1.089118,-0.976250,0.685178,0.530862
949.000000,-0.120094,-1.013253,-1.192553,0.666853,0.597276
950.000000,0.677689,-0.436837,-1.355540,0.700836,1.375527
951.000000,1.034618,-0.111303,-1.298526,0.637615,0.513528
952.000000,0.963132,-0.004451,-0.992295,0.504555,0.425226
953.000000,0.305502,-0.066355,-1.177013,0.064503,-1.830291
954.000000,-0.140556,-0.166527,-1.104887,-0.306451,-0.939435
955.000000,-0.948084,-0.132858,-1.173767,-0.929659,-1.208394
956.000000,-1.397034,-0.153373,-1.162539,-1.297245,-0.874625
957.000000,-1.503720,-0.272608,-1.089002,-1.714096,0.106268
958.000000,-1.346641,-0.686770,-1.342797,-2.352621,-1.327147
959.000000,-1.620931,-1.285659,-1.611040,-2.816926,-1.766391
960.000000,-1.537047,-1.962217,-1.491813,-2.886107,-0.884602
961.000000,-1.677744,-2.500468,-1.501836,-2.655704,-1.246617
962.000000,-2.147130,-2.870786,-1.725457,-2.391049,-1.683654
963.000000,-1.960015,-2.526992,-1.672742,-2.232710,-1.072783
964.000000,-1.889497,-2.530353,-1.875857,-2.142714,-1.817830
965.000000,-1.987226,-2.404221,-1.892030,-2.104905,-1.522397
966.000000,-2.174129,-2.483805,-2.097945,-2.136356,-2.187568
967.000000,-2.470132,-2.798981,-2.577342,-2.305426,-2.908398
968.000000,-2.606676,-2.720467,-2.808294,-2.418233,-2.216251
969.000000,-2.581872,-2.608900,-2.941123,-2.476381,-2.154479
970.000000,-2.321756,-2.410731,-2.872673,-2.274475,-0.911516
971.000000,-1.916860,-2.170319,-2.680644,-2.101225,-0.466510
972.000000,-0.788390,-1.585737,-2.242271,-1.783176,2.077517
973.000000,0.664175,-0.847622,-1.527640,-1.255679,3.108303
974.000000,2.353175,0.268506,-0.681489,-0.609169,3.523204
975.000000,3.251597,1.478907,0.336985,0.232285,3.278535
976.000000,3.449277,2.446031,1.270693,1.013638,2.698555
977.000000,3.184700,2.994500,1.924222,1.586013,2.192495
978.000000,2.879966,3.168788,2.477288,2.081737,2.073909
979.000000,2.576924,3.194475,2.834564,2.462561,2.073545
980.000000,2.293028,3.073119,2.934070,2.642413,1.907819
981.000000,2.095037,2.929768,2.935718,2.733963,1.781814
982.000000,1.984426,2.719993,2.897480,2.749280,1.720146
983.000000,1.894121,2.511365,2.818990,2.770198,1.685546
984.000000,1.724235,2.256146,2.702837,2.671271,1.292262
985.000000,1.551954,2.012185,2.574424,2.558887,1.088987
986.000000,1.386959,1.816675,2.471473,2.444646,0.975004
987.000000,1.265571,1.692960,2.418939,2.351406,1.111432
988.000000,1.119434,1.570034,2.343730,2.278086,0.965454
989.000000,1.090938,1.473528,2.295772,2.239406,1.151138
990.000000,1.138503,1.413353,2.241932,2.206957,1.317412
991.000000,1.242816,1.384031,2.199275,2.193886,1.478653
992.000000,1.321343,1.361491,2.121014,2.182450,1.488147
993.000000,1.404438,1.329471,2.023140,2.153583,1.383036
994.000000,1.380744,1.300250,1.893899,2.109301,1.048186
995.000000,1.313695,1.285966,1.769421,2.063788,0.982132
996.000000,1.183594,1.268177,1.660308,2.022441,0.817526
997.000000,1.084914,1.257971,1.588377,2.009015,1.011894
998.000000,0.976814,1.251635,1.517557,1.983931,0.868722
999.000000,0.960274,1.237250,1.454515,1.968336,0.992279
1000.000000,1.022965,1.233586,1.415374,1.952425,1.382592
1001.000000,1.156152,1.214516,1.383940,1.934311,1.516555
1002.000000,1.260849,1.190510,1.354214,1.888998,1.525846
1003.000000,1.422412,1.174990,1.322357,1.828400,1.447076
1004.000000,1.579330,1.220200,1.317413,1.757797,1.543670
1005.000000,1.554851,1.263931,1.317673,1.679110,1.242072
1006.000000,1.450100,1.329100,1.321703,1.609607,1.064603
1007.000000,1.314262,1.349714,1.314141,1.552858,0.893433
1008.000000,1.211610,1.398094,1.320165,1.502065,0.944737
1009.000000,1.202222,1.471208,1.331505,1.462486,1.511091
1010.000000,1.053948,1.378207,1.299902,1.410018,0.512432
1011.000000,0.919755,1.255937,1.249695,1.360915,0.394120
1012.000000,0.664248,1.059142,1.169349,1.300296,-0.379367
1013.000000,0.539141,0.945533,1.117058,1.253648,0.344020
1014.000000,0.317921,0.840555,1.104715,1.230945,0.575851
1015.000000,0.107705,0.664548,1.063481,1.201232,-0.509895
1016.000000,-0.000996,0.548727,1.057932,1.188384,-0.090137
1017.000000,-0.250727,0.292264,0.972288,1.144228,-1.839621
1018.000000,-0.737270,0.019685,0.905891,1.114984,-1.768008
1019.000000,-1.505540,-0.430093,0.805947,1.070488,-2.082643
1020.000000,-1.945231,-0.759554,0.657607,1.016968,-1.746604
1021.000000,-2.406460,-1.143555,0.467717,0.940207,-1.866537
1022.000000,-2.109369,-1.312855,0.291616,0.865321,-1.142424
1023.000000,-1.676082,-1.490813,0.155305,0.807938,-0.254613
1024.000000,-1.125591,-1.613191,0.018591,0.789175,0.243359
1025.000000,-0.859924,-1.611698,-0.167793,0.752843,-0.572669
1026.000000,-0.814475,-1.801595,-0.456577,0.695329,-1.633227
1027.000000,-0.864846,-1.671462,-0.743331,0.609993,-1.313193
1028.000000,-1.119065,-1.580977,-1.076239,0.523784,-1.298409
1029.000000,-1.541368,-1.518623,-1.557890,0.374799,-1.624351
1030.000000,-1.307514,-1.233545,-1.657226,0.255983,0.269339
1031.000000,-0.907282,-0.966765,-1.715034,0.091762,0.123456
1032.000000,-0.618246,-0.818788,-1.648377,-0.117648,-0.025554
1033.000000,-0.382991,-0.817012,-1.685571,-0.384768,-0.277415
1034.000000,0.213885,-0.746100,-1.620338,-0.619432,0.808260
1035.000000,0.468818,-0.516464,-1.384989,-0.789756,1.326267
1036.000000,0.892292,-0.084897,-1.179891,-0.886422,1.719699
1037.000000,1.464543,0.392294,-0.799278,-0.859117,2.028532
1038.000000,2.042598,0.910218,-0.450118,-0.791241,1.970188
1039.000000,2.280159,1.512076,-0.073736,-0.835837,1.940883
1040.000000,2.406750,1.848648,0.341693,-0.511856,2.135758
1041.000000,2.520987,2.236164,0.884135,0.023343,2.495466
1042.000000,2.432938,2.456041,1.313478,0.700990,2.063327
1043.000000,2.358772,2.601798,1.637569,1.192344,2.005185
1044.000000,2.210496,2.518070,1.823826,1.473600,1.550433
1045.000000,2.050118,2.395717,2.039378,1.924802,1.534573
1046.000000,1.733935,2.202136,2.218474,2.098548,1.042101
1047.000000,1.708161,2.131853,2.412395,2.604637,1.929414
1048.000000,1.474944,1.952173,2.406115,2.688895,0.938312
1049.000000,1.337708,1.807255,2.391011,2.712452,0.904613
1050.000000,1.155671,1.636870,2.229343,2.631061,0.646942
1051.000000,1.040486,1.423805,2.088476,2.532226,0.437314
1052.000000,0.654489,1.221101,1.956306,2.367860,0.092732
1053.000000,0.475320,1.024772,1.859387,2.190483,0.085010
1054.000000,0.280259,0.868202,1.731114,2.018659,0.009967
1055.000000,0.210786,0.744589,1.627118,1.949821,0.352540
1056.000000,0.176046,0.670259,1.520681,1.938339,0.296613
1057.000000,0.169051,0.453390,1.400463,1.896379,0.044691
1058.000000,0.249129,0.394890,1.318035,1.887399,0.495761
1059.000000,0.353631,0.334677,1.249827,1.895452,0.506263
1060.000000,0.243048,0.240314,1.140816,1.787350,-0.267907
1061.000000,-0.346778,-0.044505,0.903784,1.609005,-2.515619
1062.000000,-1.103527,-0.372764,0.650740,1.438601,-2.831596
1063.000000,-1.919980,-0.696573,0.403675,1.322183,-2.308369
1064.000000,-2.542582,-1.061426,0.162514,1.176593,-2.155350
1065.000000,-2.813333,-1.540355,-0.124821,1.011739,-2.106746
1066.000000,-2.476004,-1.894108,-0.366251,0.866670,-1.472624
1067.000000,-2.133990,-2.146589,-0.762625,0.688791,-1.537754
1068.000000,-1.700557,-2.192213,-0.982622,0.580439,-0.460011
1069.000000,-1.394271,-2.210620,-1.244020,0.442240,-0.745836
1070.000000,-1.171510,-2.171719,-1.506024,0.232320,-1.062170
1071.000000,-1.027139,-1.903562,-1.674357,-0.038036,-0.816250
1072.000000,-1.023664,-1.721208,-1.835071,-0.409749,-1.517561
1073.000000,-1.153637,-1.558394,-1.895861,-0.796679,-1.065264
1074.000000,-1.230344,-1.426466,-1.920903,-1.190875,-1.094314
1075.000000,-1.250567,-1.308101,-1.953222,-1.605163,-1.140251
1076.000000,-1.231161,-1.214991,-1.920125,-1.881937,-0.707929
1077.000000,-1.136212,-1.158930,-1.888922,-2.217825,-1.101752
1078.000000,-1.277635,-1.303231,-1.928995,-2.368695,-1.721983
1079.000000,-1.261448,-1.338100,-1.909947,-2.363217,-0.992238
1080.000000,-1.257455,-1.350219,-1.866499,-2.309394,-1.100619
1081.000000,-1.215414,-1.320641,-1.696062,-2.184975,-0.409378
1082.000000,-0.823578,-1.074639,-1.466149,-1.985209,0.765494
1083.000000,-0.260507,-0.887336,-1.290150,-1.827817,0.723133
1084.000000,0.339846,-0.590114,-1.086002,-1.648497,1.490681
1085.000000,1.028709,-0.239395,-0.875072,-1.512635,1.624999
1086.000000,1.622929,0.143175,-0.676428,-1.371503,1.963000
1087.000000,1.762949,0.538610,-0.498989,-1.268893,1.355645
1088.000000,1.738795,0.968166,-0.449001,-1.250155,0.616088
1089.000000,1.703528,1.413672,-0.327222,-1.207832,1.284773
1090.000000,1.553377,1.834850,-0.184964,-1.161566,0.928261
1091.000000,1.318700,2.101478,-0.022048,-1.000371,1.118549
1092.000000,1.234052,2.110203,0.268608,-0.802804,1.201088
1093.000000,1.314180,2.075632,0.549207,-0.627292,1.130846
1094.000000,1.276591,1.926665,0.888648,-0.429279,1.234116
1095.000000,1.286868,1.733154,1.224639,-0.216403,0.994911
1096.000000,1.252015,1.510550,1.494461,-0.023653,0.976939
1097.000000,1.022853,1.293727,1.659724,0.143721,0.168769
1098.000000,0.777440,1.187268,1.853182,0.211615,0.040704
1099.000000,0.565227,1.047425,1.931783,0.357420,0.306172
1100.000000,0.416791,0.971746,1.984487,0.585568,0.342303
1101.000000,-0.143431,0.640492,1.775737,0.594516,-1.447029
1102.000000,-0.494806,0.310201,1.493398,0.731442,-1.343670
1103.000000,-0.792254,-0.006279,1.258189,0.808106,-1.221768
1104.000000,-1.082732,-0.310177,0.995683,0.929331,-0.954522
1105.000000,-1.286452,-0.533683,0.770864,1.107223,-0.592568
1106.000000,-1.155422,-0.797018,0.487855,1.127598,-0.875473
1107.000000,-1.051329,-0.946661,0.267024,1.174614,-0.887169
1108.000000,-1.018890,-1.108848,0.108498,1.293742,-1.095447
1109.000000,-1.277989,-1.445273,-0.228019,1.097873,-2.055638
1110.000000,-1.652986,-1.791902,-0.585401,0.908532,-2.145077
1111.000000,-1.805882,-1.802975,-0.944533,0.706562,-1.533999
1112.000000,-1.900502,-1.800459,-1.331560,0.290771,-1.475719
1113.000000,-1.931259,-1.805395,-1.710677,-0.158046,-1.505155
1114.000000,-1.810434,-1.846717,-2.059277,-0.835529,-1.680082
1115.000000,-1.492620,-1.782555,-2.160363,-1.332023,-0.748639
1116.000000,-1.091783,-1.552010,-2.078692,-1.620477,0.429728
1117.000000,-0.475759,-1.226243,-1.815840,-1.556718,1.512453
1118.000000,0.201701,-0.909747,-1.580571,-1.364135,1.494901
1119.000000,0.939218,-0.513251,-1.407628,-1.328315,1.364449
1120.000000,1.410570,-0.105606,-1.264105,-1.255631,1.246630
1121.000000,1.564027,0.244875,-0.980851,-1.212492,1.182092
1122.000000,1.445646,0.591941,-0.737805,-1.196376,1.028419
1123.000000,1.327446,0.960332,-0.516199,-1.164037,0.989267
1124.000000,1.157975,1.305062,-0.364014,-1.233624,0.613884
1125.000000,0.912204,1.435853,-0.298814,-1.353576,0.131396
1126.000000,0.619561,1.361967,-0.235957,-1.515799,-0.140310
1127.000000,0.303239,1.114857,-0.195007,-1.570792,-0.354837
1128.000000,0.004237,0.878705,-0.129477,-1.581360,-0.263416
1129.000000,-0.206306,0.654925,0.042530,-1.634388,-0.257243
1130.000000,-0.205720,0.498128,0.306986,-1.630356,0.151206
1131.000000,-0.012617,0.417859,0.614161,-1.259677,0.688184
1132.000000,0.193465,0.331857,0.937051,-0.953679,0.525304
1133.000000,0.484832,0.319911,1.360930,-0.578818,0.988719
1134.000000,0.676964,0.308108,1.739314,-0.314862,0.578403
1135.000000,0.637594,0.283244,1.842472,-0.224518,-0.023603
1136.000000,0.591818,0.378125,1.805901,0.037386,0.486776
1137.000000,0.458963,0.424012,1.543940,0.209549,-0.056099
1138.000000,0.218532,0.457224,1.296311,0.452559,-0.050670
1139.000000,0.072299,0.492694,1.071841,0.990251,-0.053969
1140.000000,0.071407,0.475197,0.871951,1.656475,-0.039515
1141.000000,-0.147757,0.315801,0.639879,2.077702,-0.468949
1142.000000,-0.231425,0.184377,0.443820,2.376091,-0.424611
1143.000000,-0.401844,-0.082240,0.223861,2.471450,-0.771237
1144.000000,-0.545271,-0.268892,0.088057,2.544264,-0.553832
1145.000000,-0.462194,-0.214467,0.128993,2.510278,0.620321
1146.000000,-0.267680,-0.312432,0.196174,2.253771,0.352217
1147.000000,0.006517,-0.243052,0.334859,1.902996,0.598812
1148.000000,0.641835,0.052697,0.591431,1.707690,1.675505
1149.000000,0.842096,0.120271,0.721123,1.425195,0.238500
1150.000000,0.695037,0.118385,0.749883,1.158498,-0.095847
1151.000000,0.559840,0.186808,0.600479,0.893264,-0.427238
1152.000000,0.305180,0.217996,0.443190,0.657884,-0.554050
1153.000000,-0.226393,0.433548,0.194304,0.474831,-0.022605
1154.000000,-0.230749,0.684321,0.084155,0.393322,0.384213
1155.000000,-0.479272,0.441345,-0.021184,0.307527,-0.897744
1156.000000,-0.428356,0.349016,-0.214358,0.317748,-0.286279
1157.000000,-0.561367,-0.153281,-0.358599,0.312272,-1.084161
1158.000000,-0.891769,-1.287325,-0.534624,0.286708,-1.177103
1159.000000,-1.705758,-2.050895,-0.904565,0.158763,-2.308404
1160.000000,-2.469907,-2.784387,-1.490424,-0.232621,-3.169379
1161.000000,-3.088063,-3.144993,-1.924999,-0.887253,-3.042452
1162.000000,-2.918364,-2.989552,-2.029516,-1.358503,-1.677028
1163.000000,-2.803298,-2.945989,-2.095424,-1.923809,-1.814849
1164.000000,-2.574471,-2.902264,-2.248908,-2.264235,-1.727145
1165.000000,-2.422008,-2.862287,-2.704126,-2.510232,-2.461959
1166.000000,-2.200736,-2.810353,-2.926806,-2.672443,-2.105461
1167.000000,-2.227348,-2.702564,-3.005163,-2.658854,-2.008563
1168.000000,-2.117521,-2.555803,-2.999299,-2.565031,-1.532044
1169.000000,-2.015351,-2.374472,-2.831096,-2.466002,-1.426539
1170.000000,-1.740125,-2.130712,-2.645363,-2.358477,-1.169235
1171.000000,-1.521378,-1.898343,-2.472450,-2.230573,-1.066163
1172.000000,-1.300539,-1.788065,-2.321294,-2.128433,-0.954195
1173.000000,-1.236855,-1.711805,-2.244928,-2.056748,-1.225957
1174.000000,-1.178763,-1.640442,-2.185886,-2.018831,-1.152567
1175.000000,-1.135397,-1.486686,-2.080890,-2.036373,-0.985316
1176.000000,-1.051978,-1.334442,-1.992726,-2.014991,-0.680000
1177.000000,-1.116118,-1.256774,-1.942439,-2.043486,-1.288925
1178.000000,-1.086254,-1.203942,-1.888127,-2.085709,-1.109116
1179.000000,-1.170326,-1.209367,-1.843075,-2.087542,-1.593774
1180.000000,-1.202278,-1.195112,-1.740544,-2.044775,-1.109005
1181.000000,-1.133926,-1.111871,-1.590852,-1.951073,-0.200684
1182.000000,-0.747159,-0.966936,-1.464555,-1.828760,0.692115
1183.000000,-0.334692,-0.769974,-1.332390,-1.728562,0.968243
1184.000000,0.221034,-0.585883,-1.219672,-1.659978,0.898023
1185.000000,0.753476,-0.390958,-1.062230,-1.568568,1.098930
1186.000000,1.231099,-0.157751,-0.892752,-1.485687,1.763657
1187.000000,1.579409,0.249688,-0.705518,-1.389404,2.036957
1188.000000,2.028341,0.781943,-0.500340,-1.277354,2.609153
1189.000000,2.368014,1.455089,-0.288194,-1.151563,2.263040
1190.000000,2.548633,2.053973,-0.056597,-0.978185,2.219592
1191.000000,2.522718,2.398638,0.212843,-0.770580,2.182984
1192.000000,2.466872,2.527332,0.532752,-0.589327,2.188174
1193.000000,2.513322,2.671585,1.045116,-0.297938,2.818477
1194.000000,2.546261,2.719650,1.600492,0.038976,2.547099
1195.000000,2.499922,2.668627,2.066172,0.472011,2.231863
1196.000000,2.495777,2.607526,2.415881,0.981366,2.354691
1197.000000,2.437100,2.516054,2.633157,1.492758,2.103988
1198.000000,2.167290,2.342033,2.632209,1.852463,1.513266
1199.000000,1.986401,2.237864,2.627065,2.151037,1.625063
1200.000000,1.847211,2.140468,2.558275,2.325785,1.528890
1201.000000,1.653540,2.038916,2.437981,2.397503,1.367357
1202.000000,1.525170,1.959978,2.316636,2.420730,1.450246
1203.000000,1.471600,1.819692,2.198665,2.404179,1.262912
1204.000000,1.353581,1.678663,2.093945,2.344657,1.042814
1205.000000,1.229655,1.552901,1.997360,2.263670,0.909665
1206.000000,1.159778,1.426561,1.914048,2.186324,1.016514
1207.000000,1.021391,1.295505,1.825727,2.122771,0.759755
1208.000000,0.951305,1.238267,1.748718,2.069419,0.927162
1209.000000,0.923582,1.168089,1.688637,2.036059,0.919418
1210.000000,0.946343,1.116165,1.639945,1.998111,1.045316
1211.000000,0.896615,1.056350,1.581769,1.931632,0.759484
1212.000000,0.943337,1.001102,1.535671,1.865410,0.969510
1213.000000,0.944673,0.961343,1.461721,1.805417,0.924805
1214.000000,1.033853,0.984171,1.411203,1.774664,1.386947
1215.000000,1.154322,1.050357,1.380766,1.755946,1.683056
1216.000000,1.196319,1.041862,1.307996,1.710088,0.849072
1217.000000,1.268989,1.103165,1.257160,1.678862,1.270191
1218.000000,1.341646,1.138412,1.235070,1.640443,1.161709
1219.000000,1.389716,1.214331,1.218617,1.621275,1.632591
1220.000000,1.277845,1.241297,1.192667,1.592890,1.156286
1221.000000,1.355555,1.302038,1.172454,1.561917,0.981657
1222.000000,1.014353,1.219243,1.101200,1.504792,-1.081596
1223.000000,0.484823,1.089268,1.026008,1.417963,-1.699657
1224.000000,-0.492116,0.809543,0.953131,1.328576,-2.018134
1225.000000,-1.527261,0.361636,0.877738,1.241522,-2.147907
1226.000000,-2.082326,0.089608,0.813322,1.156822,-1.125857
1227.000000,-1.974643,-0.329030,0.770900,1.076799,-0.974083
1228.000000,-1.747808,-0.798546,0.704890,1.023955,-0.922600
1229.000000,-1.298040,-1.275758,0.663031,0.974877,-0.180903
1230.000000,-0.643459,-1.456070,0.637658,0.942575,0.562503
1231.000000,0.008937,-1.354478,0.707188,0.940526,1.486052
1232.000000,0.678002,-0.858582,0.776141,0.935642,1.611659
1233.000000,1.278570,-0.281469,0.863104,0.942439,1.481886
1234.000000,1.542994,0.280516,0.856227,0.956565,1.047812
1235.000000,1.635873,0.900497,0.808757,0.990089,1.119143
1236.000000,1.892942,1.643297,1.134999,1.085159,2.509505
1237.000000,2.260514,2.387608,1.609090,1.267376,2.959238
1238.000000,2.242424,2.618009,1.911760,1.380888,1.635204
1239.000000,2.288464,2.663883,2.129662,1.507486,1.613417
1240.000000,2.362067,2.648545,2.445899,1.650464,1.865803
1241.000000,1.985891,2.399613,2.473395,1.747561,0.881838
1242.000000,1.510061,2.185808,2.618142,1.813746,0.781376
1243.000000,1.353632,2.047116,2.755647,1.893685,0.935091
1244.000000,1.185207,1.953693,2.804788,1.901678,0.851351
1245.000000,-1234.000000,-1234.000000,-1234.000000,-1234.000000,-1234.000000
