0.000000,5.385165,5.385165,5.385165,5.385165,1.932062
1.000000,3.734366,3.747654,3.745379,3.748148,1.350120
2.000000,2.997282,3.014506,3.005844,3.010030,1.150581
3.000000,2.553575,2.568962,2.557492,2.562641,1.212200
4.000000,2.238102,2.248539,2.243964,2.250359,0.496568
5.000000,1.990043,2.011658,2.007794,2.013553,0.594964
6.000000,1.794649,1.813422,1.818045,1.824867,-0.048596
7.000000,1.646242,1.661060,1.666562,1.671950,1.445155
8.000000,1.522760,1.535274,1.539971,1.541778,1.751846
9.000000,1.408900,1.420002,1.426749,1.427571,0.046646
10.000000,1.308298,1.313542,1.327136,1.327102,0.152763
11.000000,1.230877,1.225273,1.239745,1.239032,1.314523
12.000000,1.151164,1.146463,1.163160,1.159511,1.358096
13.000000,1.081734,1.077263,1.094092,1.087948,2.084795
14.000000,1.022143,1.012274,1.024882,1.020357,1.071892
15.000000,0.974010,0.955269,0.963862,0.958347,1.965143
16.000000,0.923402,0.905340,0.903397,0.899694,2.098004
17.000000,0.870211,0.850545,0.847440,0.844551,1.473835
18.000000,0.819388,0.800076,0.796639,0.793688,2.019355
19.000000,0.766180,0.751870,0.744669,0.742381,0.712863
20.000000,0.704595,0.704336,0.691151,0.692446,0.548160
21.000000,0.649678,0.657795,0.642640,0.644906,1.367160
22.000000,0.589898,0.606302,0.592697,0.598290,0.263247
23.000000,0.530976,0.555590,0.545233,0.553259,1.190627
24.000000,0.490152,0.511476,0.500521,0.505870,1.466874
25.000000,0.450321,0.461008,0.455187,0.459471,1.315452
26.000000,0.405552,0.410756,0.413368,0.409687,1.792081
27.000000,0.371288,0.359991,0.366082,0.361173,1.155734
28.000000,0.328511,0.302982,0.323268,0.319926,0.923933
29.000000,1.604428,1.516445,1.812593,1.704714,1.500876
30.000000,1.558442,1.597890,1.854034,1.662000,1.237662
31.000000,1.482274,1.593367,1.843345,1.664013,1.506801
32.000000,1.329047,1.601643,1.769027,1.629359,0.544110
33.000000,1.042314,1.395656,1.603998,1.554413,-0.323750
34.000000,0.789754,1.258504,1.555536,1.545274,0.362104
35.000000,0.992390,1.351761,1.559238,1.608583,2.058795
36.000000,0.930991,1.287939,1.500653,1.654923,1.234075
37.000000,1.387245,1.434593,1.553483,1.688401,2.245946
38.000000,2.040820,1.604872,1.561491,1.708596,2.160978
39.000000,2.521603,1.746873,1.692784,1.810072,2.466713
40.000000,2.748655,2.037665,1.889071,1.940045,3.062207
41.000000,2.968554,2.254640,2.004954,2.009828,2.726485
42.000000,2.974340,2.560959,2.181476,2.080730,2.722474
43.000000,3.031688,2.893903,2.308033,2.140725,2.898732
44.000000,2.813166,2.897682,2.310516,2.165106,1.973032
45.000000,2.516749,2.732223,2.294392,2.139576,1.785590
46.000000,2.239956,2.602750,2.229526,2.086396,1.461536
47.000000,1.965077,2.424889,2.188603,2.051805,1.345491
48.000000,1.673716,2.295670,2.165919,2.003942,1.451233
49.000000,1.599286,2.190070,2.136475,2.016300,1.608995
50.000000,1.532912,2.041342,2.111872,2.020938,1.481052
51.000000,1.541035,1.927543,2.083062,2.000473,1.523440
52.000000,1.545146,1.800726,2.080700,2.002281,1.402323
53.000000,1.576985,1.674479,2.117433,1.991301,1.615582
54.000000,1.493520,1.589232,2.093194,1.951252,1.216364
55.000000,1.445856,1.528959,2.025983,1.920968,1.257112
56.000000,1.353129,1.482643,1.977376,1.875175,1.075506
57.000000,1.310924,1.462567,1.915747,1.854834,1.194087
58.000000,1.235388,1.440572,1.865611,1.844060,1.249998
59.000000,1.281170,1.422991,1.822406,1.831582,1.440248
60.000000,1.198315,1.357215,1.726756,1.798751,0.841590
61.000000,1.115813,1.268991,1.632622,1.755861,0.639055
62.000000,0.921509,1.152814,1.516442,1.720028,0.163546
63.000000,0.715097,1.017824,1.391309,1.709425,0.162747
64.000000,0.511163,0.959991,1.327916,1.702621,0.572077
65.000000,0.438450,0.896641,1.275008,1.666933,0.597497
66.000000,0.327842,0.820520,1.225392,1.640101,0.098336
67.000000,0.587895,0.818261,1.226539,1.629052,1.544411
68.000000,0.858138,0.789029,1.215281,1.614028,1.332459
69.000000,1.018076,0.707655,1.187643,1.588387,1.155780
70.000000,0.723558,0.551384,1.105283,1.504047,-1.394739
71.000000,0.983400,0.563303,1.069666,1.459519,0.744782
72.000000,0.303338,0.535533,0.994205,1.379803,-1.032557
73.000000,-0.358138,0.506540,0.897989,1.284876,-0.747573
74.000000,-0.544517,0.530797,0.869028,1.246570,0.683512
75.000000,0.194040,0.601262,0.843033,1.219615,0.998588
76.000000,0.540650,0.946304,0.863586,1.223389,1.828205
77.000000,1.403165,0.983998,0.869842,1.230822,1.639639
78.000000,2.078428,1.024510,0.856084,1.227023,1.220420
79.000000,1.799583,0.777448,0.742803,1.181432,-0.387892
80.000000,1.644098,1.309110,0.734050,1.155664,0.336955
81.000000,1.243275,1.376939,0.778910,1.130815,0.617953
82.000000,-0.094160,1.229633,0.747053,1.049743,-1.924309
83.000000,-0.676105,1.501480,0.823317,0.983504,-0.320544
84.000000,-0.230463,1.682898,0.940457,0.974584,0.763400
85.000000,-0.328313,1.464854,1.006274,0.938384,0.065405
86.000000,-0.367919,1.003648,1.253095,0.930629,0.473545
87.000000,0.613605,0.589306,1.215397,0.911529,0.570220
88.000000,0.889251,0.260577,1.155343,0.872637,0.412092
89.000000,0.747817,0.596467,1.064086,0.792040,0.404897
90.000000,1.000484,0.780916,1.608112,0.799653,0.742794
91.000000,1.944381,1.856808,2.135553,0.987438,2.816146
92.000000,2.874194,3.499012,3.018367,1.381964,3.286264
93.000000,3.525222,3.877588,3.576833,1.910464,3.454121
94.000000,3.703870,3.746980,3.585125,2.366466,3.092226
95.000000,3.415193,3.437577,3.288651,2.572883,1.906154
96.000000,2.953139,3.136271,2.969289,2.680156,1.530946
97.000000,2.512743,2.903600,2.732126,2.580831,1.403347
98.000000,2.022554,2.708877,2.542589,2.459866,1.143981
99.000000,1.661757,2.611987,2.515203,2.397336,1.448899
100.000000,1.653365,2.578158,2.505480,2.499634,1.892731
101.000000,1.616563,2.380133,2.423399,2.424079,1.440513
102.000000,1.621299,2.182699,2.452017,2.424107,1.494714
103.000000,1.753532,2.011491,2.439912,2.438964,1.825904
104.000000,1.841919,1.872907,2.397355,2.405890,1.902136
105.000000,1.759326,1.810386,2.347671,2.334673,1.550348
106.000000,1.661215,1.727366,2.249865,2.211438,1.060853
107.000000,1.583783,1.679594,2.176764,2.123038,1.175595
108.000000,1.396343,1.632784,2.101811,2.039748,0.931748
109.000000,1.197802,1.566238,2.044161,2.003769,0.945952
110.000000,0.984709,1.415932,1.961429,1.930693,0.528460
111.000000,0.801378,1.278852,1.819585,1.842446,0.160230
112.000000,0.574848,1.136871,1.670174,1.813700,0.060384
113.000000,0.303574,0.917934,1.485763,1.739802,-0.416105
114.000000,0.069584,0.711546,1.326653,1.673545,-0.109459
115.000000,0.018667,0.583619,1.254112,1.654085,0.400488
116.000000,-0.043954,0.462538,1.178580,1.612152,-0.112511
117.000000,-0.285600,0.224638,1.069250,1.540938,-1.129234
118.000000,-0.254880,0.077366,1.019444,1.517836,-0.289423
119.000000,-0.399340,-0.131424,0.938546,1.493614,-0.766818
120.000000,-0.987998,-0.416750,0.779462,1.439548,-2.064781
121.000000,-1.557906,-0.716951,0.632166,1.342504,-2.105709
122.000000,-1.694846,-0.990336,0.486817,1.239000,-1.489322
123.000000,-1.981105,-1.196273,0.284590,1.100513,-1.486421
124.000000,-1.936023,-1.389668,0.059835,0.960601,-1.045883
125.000000,-1.765855,-1.715227,-0.200554,0.843919,-1.523415
126.000000,-1.597138,-1.880669,-0.446640,0.737529,-1.448932
127.000000,-1.372259,-1.726206,-0.687473,0.668757,-0.590027
128.000000,-1.336704,-1.803442,-1.003480,0.568899,-1.364592
129.000000,-1.081204,-1.622746,-1.225363,0.511262,0.058936
130.000000,-0.711465,-1.327924,-1.372699,0.403679,0.165245
131.000000,-0.194307,-0.959732,-1.381220,0.364277,0.877263
132.000000,0.151351,-0.661130,-1.330211,0.311400,0.944559
133.000000,0.830611,-0.277409,-1.113382,0.248731,1.586995
134.000000,1.127773,0.018630,-0.957127,0.110339,1.351974
135.000000,1.341912,0.350868,-0.891868,-0.044217,1.103488
136.000000,1.374398,0.676111,-0.769839,-0.156960,0.994787
137.000000,1.418893,0.908777,-0.526090,-0.324411,1.093753
138.000000,1.421902,1.328767,-0.335329,-0.385119,1.608077
139.000000,1.484516,1.555029,-0.098666,-0.441378,1.612571
140.000000,1.535195,1.716031,0.236664,-0.391225,1.349737
141.000000,1.639939,1.790289,0.637918,-0.116176,1.534418
142.000000,1.485652,1.706445,0.885999,-0.003180,0.544174
143.000000,1.155174,1.482379,1.091904,0.195093,0.173345
144.000000,1.045723,1.422212,1.350040,0.539906,1.095136
145.000000,1.315318,1.583919,1.819223,1.112901,2.370957
146.000000,1.701948,1.838342,2.291613,1.994555,2.816637
147.000000,2.158968,2.011403,2.515182,2.768377,2.505652
148.000000,2.542417,2.110136,2.701163,3.063604,2.413750
149.000000,2.693372,2.207784,2.708981,3.233264,2.429580
150.000000,2.529322,2.227589,2.618931,3.237930,1.916387
151.000000,2.377641,2.263358,2.527568,3.194854,2.141689
152.000000,2.204054,2.299976,2.410611,3.030145,1.747848
153.000000,2.095041,2.361497,2.308619,2.908475,1.897478
154.000000,1.905079,2.307787,2.208576,2.746962,1.514952
155.000000,1.799728,2.183580,2.133141,2.629559,1.419797
156.000000,1.495635,1.956969,2.015773,2.467637,0.608302
157.000000,1.265253,1.767861,1.918346,2.312168,0.560840
158.000000,0.912818,1.556055,1.798593,2.188557,0.113842
159.000000,0.661445,1.360388,1.712687,2.059450,0.308210
160.000000,0.387675,1.202079,1.641883,1.947930,0.183036
161.000000,0.351317,1.035642,1.589887,1.851625,0.465799
162.000000,0.340762,0.911318,1.580373,1.773919,0.544170
163.000000,0.392060,0.732211,1.572054,1.683610,0.332236
164.000000,0.190568,0.485687,1.487162,1.572743,-0.666993
165.000000,-0.032905,0.211776,1.355919,1.477122,-0.878458
166.000000,-0.205337,0.101922,1.233190,1.422017,-0.303683
167.000000,-0.582217,-0.102458,1.073548,1.340273,-1.147913
168.000000,-0.934034,-0.262412,0.902632,1.252641,-1.201535
169.000000,-1.037275,-0.448230,0.714773,1.176671,-1.101072
170.000000,-1.053528,-0.603324,0.554260,1.120648,-0.926495
171.000000,-1.239583,-0.829154,0.337490,1.053601,-1.117057
172.000000,-1.124004,-1.006754,0.160581,1.044600,-0.606304
173.000000,-0.940240,-1.129190,-0.044367,1.067917,-0.319198
174.000000,-0.789379,-1.122402,-0.254115,1.068613,-0.388720
175.000000,-0.749609,-1.124932,-0.527809,1.007457,-0.766492
176.000000,-0.515188,-1.124886,-0.683320,0.936246,-0.164789
177.000000,-0.428723,-1.000506,-0.864884,0.853097,-0.275371
178.000000,-0.446916,-0.876340,-1.002159,0.738265,-0.426259
179.000000,-0.287373,-0.662652,-1.078743,0.627323,0.360912
180.000000,-0.092852,-0.506444,-1.145752,0.513021,0.117772
181.000000,0.119105,-0.238236,-1.156502,0.373991,0.859013
182.000000,0.469297,-0.001659,-1.111793,0.277212,1.325318
183.000000,0.937109,0.215736,-1.000649,0.116588,1.601541
184.000000,1.152711,0.407667,-0.777892,-0.080988,1.214013
185.000000,1.592104,0.745932,-0.471053,-0.247512,1.849680
186.000000,1.676211,0.946292,-0.317905,-0.304044,1.144386
187.000000,1.662001,1.203244,-0.026024,-0.312517,1.310758
188.000000,1.522582,1.459855,0.261447,-0.148448,1.140979
189.000000,1.390475,1.523356,0.497922,-0.108352,0.750874
190.000000,0.980957,1.513708,0.637489,-0.202683,0.032488
191.000000,0.909684,1.488408,0.887596,-0.192224,0.819766
192.000000,0.836482,1.416730,1.085998,-0.151832,0.973836
193.000000,0.863279,1.350589,1.290178,0.117922,1.239790
194.000000,0.995660,1.347607,1.520072,0.967217,1.352396
195.000000,1.459012,1.387867,1.866395,2.098861,2.168090
196.000000,1.881180,1.600301,2.159938,2.838223,2.674097
197.000000,2.253351,1.799100,2.384564,3.378902,2.714739
198.000000,2.444116,1.937181,2.480725,3.450126,2.331859
199.000000,2.514104,2.050940,2.427624,3.327881,2.044840
200.000000,2.516815,2.247413,2.421224,3.212219,2.341559
201.000000,2.539614,2.413652,2.413532,3.160690,2.738185
202.000000,2.401060,2.458611,2.330166,2.979004,2.099283
203.000000,2.311391,2.466760,2.255844,2.809516,1.983385
204.000000,2.265346,2.454635,2.218397,2.678459,1.930652
205.000000,2.163449,2.385309,2.169959,2.585265,1.872228
206.000000,1.933470,2.255272,2.132729,2.460165,1.586185
207.000000,1.798994,2.116548,2.087182,2.355642,1.448348
208.000000,1.681848,2.014288,2.051367,2.273707,1.403813
209.000000,1.500135,1.901711,2.006842,2.159609,1.027621
210.000000,1.289132,1.752576,1.976755,2.064024,0.813839
211.000000,1.029899,1.516603,1.897589,1.940970,0.278477
212.000000,0.837678,1.363972,1.842054,1.842082,0.497769
213.000000,0.489904,1.142011,1.742676,1.719001,-0.301582
214.000000,0.178618,0.905282,1.643756,1.619095,-0.480532
215.000000,-0.196321,0.614400,1.501131,1.499809,-0.972673
216.000000,-0.338353,0.406305,1.380967,1.437517,-0.377398
217.000000,-0.615181,0.159296,1.233857,1.361708,-0.786444
218.000000,-0.661556,-0.063716,1.119431,1.310638,-0.495640
219.000000,-0.656093,-0.242744,1.022341,1.278983,-0.427557
220.000000,-0.538925,-0.400563,0.907990,1.272215,-0.426394
221.000000,-0.527217,-0.480480,0.764694,1.261037,-0.274396
222.000000,-0.313058,-0.543498,0.676522,1.275096,0.270665
223.000000,-0.099954,-0.475399,0.598711,1.300447,0.557034
224.000000,0.094278,-0.390475,0.504146,1.324721,0.446699
225.000000,0.378471,-0.180809,0.416618,1.341541,0.798219
226.000000,0.720453,0.001655,0.363725,1.352198,1.158639
227.000000,0.844047,0.239341,0.288915,1.338693,0.792418
228.000000,0.845571,0.422775,0.186673,1.327961,0.579407
229.000000,1.005605,0.690658,0.169247,1.357546,1.171364
230.000000,1.077061,0.950764,0.181824,1.365040,1.133010
231.000000,0.843143,1.014753,0.172147,1.271906,0.122751
232.000000,0.765845,1.026305,0.159555,1.223797,0.455359
233.000000,0.817534,1.044255,0.386478,1.191717,0.828376
234.000000,0.748278,1.081665,0.733881,1.148404,0.853764
235.000000,0.734714,1.105757,1.352990,1.104536,1.076791
236.000000,0.864186,1.036433,1.748435,1.047091,0.699685
237.000000,0.842390,0.971947,2.105317,0.957760,0.334712
238.000000,0.630807,0.878182,2.145288,0.806797,-0.170006
239.000000,0.461541,0.739948,2.136547,0.709503,0.078040
240.000000,0.272509,0.624737,2.113168,0.645890,0.250692
241.000000,0.227747,0.682660,2.090030,0.689660,0.521178
242.000000,0.166859,0.632724,1.920514,0.648309,0.068966
243.000000,0.406958,0.636791,1.855747,0.840522,0.920393
244.000000,0.489573,0.573056,1.760845,1.026217,0.467260
245.000000,0.565768,0.492015,1.644831,1.341267,0.634266
246.000000,0.555144,0.447263,1.479871,1.537287,0.483461
247.000000,0.694246,0.466777,1.384029,1.834638,0.641802
248.000000,0.792716,0.640944,1.387069,2.140361,1.553442
249.000000,0.998542,0.767813,1.294279,2.360614,1.311815
250.000000,1.179402,0.882954,1.204158,2.491254,1.280852
251.000000,1.394464,0.945023,1.219000,2.505919,0.879571
252.000000,1.216338,0.980463,1.114108,2.316741,-0.930612
253.000000,0.805205,0.928612,1.014465,2.139291,-0.127213
254.000000,-0.014375,0.836991,0.857839,1.927309,-1.409274
255.000000,-0.888024,0.667681,0.686817,1.708048,-1.196546
256.000000,-1.618079,0.390070,0.540167,1.453004,-1.489523
257.000000,-1.796081,-0.143695,0.418302,1.245792,-1.680886
258.000000,-2.014139,-1.063046,0.386804,1.095844,-1.249423
259.000000,-1.928473,-1.856276,0.306585,0.873776,-1.346286
260.000000,-1.603922,-2.080137,0.290756,0.728442,-0.082497
261.000000,-1.409237,-2.263541,0.147295,0.669967,-0.857807
262.000000,-1.080358,-2.032460,0.101731,0.592133,-0.511074
263.000000,-0.950200,-2.034046,-0.260892,0.452251,-0.811117
264.000000,-0.567338,-1.708565,-0.489108,0.358490,0.086540
265.000000,-0.565199,-1.494974,-0.866102,0.225676,-0.071708
266.000000,-0.521794,-1.344627,-1.404175,0.101512,-0.698705
267.000000,-1.089315,-1.496087,-2.375734,-0.105488,-2.495497
268.000000,-1.572659,-1.715206,-3.179237,-0.277719,-2.461430
269.000000,-2.105318,-1.838410,-3.329685,-0.499317,-2.146803
270.000000,-2.540804,-2.175495,-3.311879,-0.830855,-2.373112
271.000000,-2.565889,-2.207751,-3.101896,-1.174867,-1.653706
272.000000,-2.316091,-2.268418,-2.827889,-1.499090,-1.683137
273.000000,-2.425263,-2.508539,-2.859513,-2.134052,-2.915055
274.000000,-2.474972,-2.680872,-2.762079,-2.506326,-2.510490
275.000000,-2.439077,-2.738660,-2.684093,-2.688623,-2.328358
276.000000,-2.469308,-2.697794,-2.588182,-2.719441,-2.133188
277.000000,-2.445688,-2.531978,-2.482927,-2.681325,-1.922232
278.000000,-2.224583,-2.399183,-2.412753,-2.664259,-1.852744
279.000000,-2.022377,-2.276440,-2.320592,-2.588461,-1.550658
280.000000,-1.886469,-2.175627,-2.298250,-2.529565,-1.666987
281.000000,-1.749192,-2.114597,-2.237480,-2.451084,-1.464720
282.000000,-1.671104,-2.073877,-2.204237,-2.351486,-1.551662
283.000000,-1.532366,-1.905062,-2.137797,-2.266659,-1.188401
284.000000,-1.508283,-1.799531,-2.121706,-2.188225,-1.443341
285.000000,-1.464608,-1.711106,-2.100174,-2.129080,-1.458575
286.000000,-1.467536,-1.642712,-2.067165,-2.073522,-1.482013
287.000000,-1.428302,-1.581464,-1.988706,-2.014674,-1.365836
288.000000,-1.423477,-1.508325,-1.910956,-1.963125,-1.186441
289.000000,-1.339071,-1.450915,-1.842000,-1.907564,-1.034346
290.000000,-1.210673,-1.362286,-1.761247,-1.870954,-0.816830
291.000000,-1.084976,-1.300626,-1.712812,-1.829532,-0.856454
292.000000,-1.036037,-1.259211,-1.685391,-1.813157,-1.144995
293.000000,-0.780513,-1.135889,-1.549506,-1.741018,0.157514
294.000000,-0.536691,-0.985395,-1.431168,-1.692850,0.262772
295.000000,-0.268105,-0.806548,-1.310638,-1.640517,0.643527
296.000000,0.061913,-0.611012,-1.198750,-1.587174,0.790997
297.000000,0.641778,-0.364337,-1.074610,-1.495832,1.393458
298.000000,0.906640,-0.123089,-0.956651,-1.417706,1.245883
299.000000,1.248970,0.168250,-0.838290,-1.341953,1.633851
300.000000,1.482647,0.467893,-0.706507,-1.264784,1.557365
301.000000,1.782151,0.886011,-0.555921,-1.194817,2.056108
302.000000,1.978335,1.447299,-0.369006,-1.121063,2.214879
303.000000,2.163548,1.806260,-0.174214,-0.989537,2.189918
304.000000,2.128714,2.038253,0.057609,-0.867196,1.751606
305.000000,2.059025,2.114872,0.326007,-0.737537,1.562562
306.000000,1.933838,2.134888,0.657188,-0.587759,1.624024
307.000000,1.726895,2.023659,0.992662,-0.441795,1.235090
308.000000,1.432761,1.880438,1.287774,-0.299927,0.759418
309.000000,1.045865,1.622273,1.477474,-0.214518,-0.143880
310.000000,0.655778,1.381141,1.586430,-0.115339,-0.366121
311.000000,0.171786,1.085964,1.634604,-0.040857,-0.694819
312.000000,-0.149872,0.842003,1.720591,0.104729,-0.263454
313.000000,0.837311,1.233936,2.124589,0.805445,3.842430
314.000000,1.799847,1.549475,2.327820,1.575915,2.894890
315.000000,2.394191,1.724528,2.343751,2.200290,2.093092
316.000000,2.693554,1.775316,2.276942,2.566629,1.530085
317.000000,2.758003,1.818706,2.171956,2.703911,1.296894
318.000000,2.220594,1.929919,2.116729,2.726827,1.471560
319.000000,1.943741,2.141697,2.088742,2.703793,1.734911
320.000000,1.811090,2.298724,2.058062,2.617503,1.570452
321.000000,1.804522,2.430927,2.020633,2.533467,1.545587
322.000000,1.860675,2.498924,1.995139,2.473967,1.591739
323.000000,1.830144,2.197545,1.955864,2.350857,1.402870
324.000000,1.738796,1.994388,1.936393,2.253747,1.385164
325.000000,1.680728,1.886406,1.924609,2.168551,1.362913
326.000000,1.604353,1.834158,1.903038,2.095135,1.252764
327.000000,1.508161,1.802606,1.894318,2.020678,1.197827
328.000000,1.405378,1.726145,1.887178,1.952270,0.970809
329.000000,1.313000,1.626160,1.913405,1.891199,0.986563
330.000000,1.169782,1.518434,1.923573,1.829295,0.727059
331.000000,1.050206,1.416260,1.940026,1.769307,0.718227
332.000000,0.901695,1.290374,1.925693,1.707032,0.534959
333.000000,0.821947,1.197688,1.746101,1.653833,0.613448
334.000000,0.696168,1.086643,1.596604,1.606408,0.428879
335.000000,0.623298,0.974773,1.493136,1.566843,0.396861
336.000000,0.526603,0.862803,1.419804,1.524703,0.285682
337.000000,0.280004,0.656964,1.313571,1.459345,-0.581258
338.000000,0.018104,0.484754,1.207020,1.417453,-0.529359
339.000000,-0.420112,0.199435,1.036037,1.370049,-1.474268
340.000000,-0.878817,-0.057328,0.883110,1.343285,-1.465312
341.000000,-1.368795,-0.328280,0.737660,1.342748,-1.500539
342.000000,-1.905040,-0.699067,0.544154,1.319422,-2.411392
343.000000,-2.403661,-1.154831,0.328044,1.133106,-2.372714
344.000000,-2.479469,-1.633064,0.057123,0.940187,-2.471485
345.000000,-2.371716,-2.002208,-0.223560,0.784153,-1.912206
346.000000,-2.239445,-2.238628,-0.514323,0.655389,-1.597812
347.000000,-2.096599,-2.302224,-0.867407,0.504878,-1.815599
348.000000,-1.924866,-2.294943,-1.203867,0.325599,-1.577233
349.000000,-1.702108,-2.128762,-1.523236,0.096651,-1.380788
350.000000,-1.548836,-1.977184,-1.758884,-0.154502,-1.192751
351.000000,-1.392230,-1.832511,-1.908726,-0.426168,-0.859523
352.000000,-1.197298,-1.667718,-1.984806,-0.749681,-0.841071
353.000000,-1.051972,-1.516661,-2.029379,-1.098317,-0.852402
354.000000,-0.930456,-1.349797,-2.017427,-1.453701,-0.782196
355.000000,-0.848434,-1.236103,-1.986780,-1.780446,-0.795866
356.000000,-0.879526,-1.176374,-1.955492,-2.043103,-1.018298
357.000000,-0.924511,-1.099038,-1.863762,-2.209253,-1.067639
358.000000,-0.872810,-0.996748,-1.762140,-2.225630,-0.570279
359.000000,-0.783081,-0.887865,-1.610815,-2.186368,-0.278873
360.000000,-0.712064,-0.809933,-1.500948,-2.120170,-0.406240
361.000000,-0.622216,-0.787419,-1.431384,-2.066542,-0.607024
362.000000,-0.497016,-0.760318,-1.345993,-1.997350,-0.526382
363.000000,-0.538979,-0.755644,-1.271999,-1.955377,-0.828502
364.000000,-0.635392,-0.749831,-1.180294,-1.899831,-0.695455
365.000000,-0.775234,-0.768708,-1.126612,-1.861669,-1.092907
366.000000,-0.676357,-0.671081,-1.053964,-1.792121,0.337638
367.000000,-0.637082,-0.570601,-0.973362,-1.693892,0.017076
368.000000,-0.741690,-0.629854,-0.936779,-1.642260,-1.639981
369.000000,-0.799678,-0.714619,-0.894829,-1.546579,-0.763448
370.000000,-0.756344,-0.818392,-0.871259,-1.479743,-1.036856
371.000000,-1.731716,-1.016020,-0.905321,-1.454504,-2.293334
372.000000,-2.135111,-1.167091,-0.907182,-1.393986,-0.431538
373.000000,-2.065466,-1.409499,-0.935340,-1.340878,-1.437013
374.000000,-1.898451,-1.610545,-0.948765,-1.257658,-0.488786
375.000000,-1.744853,-1.690783,-0.973733,-1.201502,-0.851657
376.000000,-0.714108,-1.761387,-0.913333,-1.135265,0.940056
377.000000,-0.437581,-1.701123,-0.845565,-1.057912,0.459628
378.000000,0.437502,-1.022992,-0.808063,-0.976264,1.275000
379.000000,0.516090,-0.889201,-0.885668,-0.927024,-0.230663
380.000000,0.519111,-0.829217,-0.987968,-0.899022,-0.813653
381.000000,-0.831926,-1.038343,-1.238845,-0.947585,-2.844496
382.000000,-2.099753,-1.720463,-1.630228,-1.020660,-2.986454
383.000000,-3.189583,-2.181019,-2.046705,-1.117268,-2.947530
384.000000,-3.360846,-2.554762,-2.414960,-1.221849,-2.391645
385.000000,-3.328792,-2.762807,-2.612538,-1.345655,-2.357519
386.000000,-2.947721,-2.956433,-2.780939,-1.441211,-1.998288
387.000000,-2.692438,-3.034696,-2.831081,-1.556231,-2.225254
388.000000,-2.306696,-2.973822,-2.627050,-1.682447,-1.444795
389.000000,-2.051209,-2.813255,-2.512830,-1.833960,-1.356828
390.000000,-1.833298,-2.668824,-2.411278,-1.965546,-1.398635
391.000000,-1.490611,-2.315410,-2.170776,-1.981052,-0.405803
392.000000,-1.152451,-2.035831,-2.080924,-2.007972,-0.637516
393.000000,-1.163863,-1.876602,-2.045773,-2.047720,-1.477369
394.000000,-1.147312,-1.745146,-2.036214,-2.059548,-1.263864
395.000000,-1.042258,-1.574979,-1.982334,-2.000100,-0.917363
396.000000,-1.069187,-1.404828,-1.966791,-1.983910,-0.539354
397.000000,-1.141011,-1.260135,-1.974299,-1.977457,-0.984895
398.000000,-0.986127,-1.181028,-1.988799,-1.898645,-0.775499
399.000000,-0.797167,-1.070381,-1.930797,-1.833176,-0.401822
400.000000,-0.539825,-0.877122,-1.822195,-1.729171,0.283858
401.000000,-0.309225,-0.775040,-1.640473,-1.590213,0.529934
402.000000,-0.061776,-0.694034,-1.485531,-1.537988,0.123025
403.000000,0.471317,-0.326994,-1.231069,-1.386391,1.554087
404.000000,0.756094,-0.061337,-1.053641,-1.318047,0.825316
405.000000,0.838258,0.146615,-0.883282,-1.259934,0.625417
406.000000,0.932394,0.343216,-0.710872,-1.242070,0.920673
407.000000,1.124481,0.613165,-0.505129,-1.222365,0.939774
408.000000,1.072076,0.921668,-0.321032,-1.219035,1.388600
409.000000,1.221947,1.196906,-0.121928,-1.183722,1.441931
410.000000,1.492690,1.408174,0.127144,-1.129950,1.637868
411.000000,1.522013,1.509551,0.263736,-1.031726,1.015017
412.000000,1.498862,1.643738,0.445341,-0.901292,0.966263
413.000000,1.259930,1.464567,0.716939,-0.760679,0.505514
414.000000,0.999067,1.369610,0.978550,-0.629915,0.347150
415.000000,0.874963,1.386522,1.284132,-0.399602,1.085413
416.000000,0.734159,1.262109,1.438097,-0.204920,0.366815
417.000000,0.399810,1.037111,1.516702,-0.002659,-0.612190
418.000000,0.215280,0.812868,1.569697,0.172512,-0.358765
419.000000,0.274353,0.706449,1.634871,0.486295,0.623942
420.000000,0.211238,0.613651,1.617043,0.903993,0.918369
421.000000,0.429730,0.643480,1.600724,1.249115,1.293750
422.000000,0.916527,0.690939,1.629687,1.670730,1.350222
423.000000,1.507431,0.902838,1.556288,2.286480,2.095257
424.000000,1.770008,1.112045,1.543866,2.609734,1.812425
425.000000,1.988779,1.256023,1.570071,2.724428,2.004706
426.000000,2.049577,1.462021,1.554085,2.650649,1.643390
427.000000,2.101526,1.773687,1.545584,2.596457,1.574179
428.000000,1.971475,2.020439,1.522221,2.505710,1.495097
429.000000,2.079196,2.223698,1.572063,2.443840,2.277990
430.000000,2.090011,2.337393,1.618839,2.332306,2.083836
431.000000,2.386421,2.521282,1.799674,2.291012,2.874069
432.000000,2.465264,2.574730,1.927925,2.246361,2.143232
433.000000,2.435410,2.458730,2.042081,2.104139,1.824157
434.000000,2.234005,2.343971,2.125576,2.024244,1.562093
435.000000,2.129985,2.248204,2.158233,1.985111,1.727046
436.000000,1.826184,2.159241,2.197735,1.929568,1.443563
437.000000,1.669624,2.086364,2.265042,1.889802,1.422252
438.000000,1.595672,2.037299,2.295394,1.853660,1.479938
439.000000,1.416597,1.851416,2.203434,1.785762,0.735618
440.000000,1.082276,1.629678,2.061623,1.689308,0.102642
441.000000,0.828060,1.357452,1.935689,1.634127,0.185891
442.000000,0.538635,1.139683,1.814232,1.578160,0.005413
443.000000,0.197199,0.943295,1.666154,1.540238,-0.132472
444.000000,-0.099619,0.717742,1.513736,1.488058,-0.680433
445.000000,-0.165734,0.518207,1.394692,1.436740,-0.196050
446.000000,-0.534146,0.198084,1.215671,1.352761,-1.534976
447.000000,-0.939790,-0.167177,1.035440,1.299622,-1.844836
448.000000,-1.242911,-0.521270,0.895025,1.267809,-1.454591
449.000000,-1.188132,-0.673384,0.789962,1.263412,-0.275954
450.000000,-1.044709,-0.641075,0.751579,1.301743,0.756078
451.000000,-0.466097,-0.581793,0.664817,1.348178,1.083264
452.000000,0.189167,-0.525323,0.592890,1.383317,0.788107
453.000000,0.923634,-0.346275,0.582993,1.421101,1.424798
454.000000,1.510301,0.062467,0.651920,1.514496,2.047477
455.000000,1.699067,0.377273,0.673174,1.572427,1.598813
456.000000,1.893979,1.051093,0.775006,1.678492,1.969782
457.000000,2.045185,1.705960,0.869812,1.769107,1.695388
458.000000,1.956625,2.099179,0.920631,1.827391,1.259530
459.000000,1.959406,2.368790,1.236216,1.910696,2.089418
460.000000,1.971813,2.389411,1.668948,1.967390,1.784592
461.000000,2.001801,2.417392,2.182168,1.991083,2.154642
462.000000,2.140453,2.496431,2.707310,2.070970,2.376783
463.000000,2.145561,2.383227,2.914145,2.078544,1.602837
464.000000,2.006431,2.237665,3.016132,2.088982,1.555163
465.000000,1.946428,2.162774,2.976885,2.083747,1.610009
466.000000,1.797320,2.051394,2.961434,2.073233,1.461057
467.000000,1.612684,1.979992,2.903654,2.059020,1.470531
468.000000,1.646313,1.990753,2.829425,2.068609,1.765318
469.000000,1.775029,1.989916,2.743833,2.157078,2.135705
470.000000,1.843242,1.987043,2.616237,2.240357,1.958804
471.000000,1.785965,1.872265,2.444431,2.229596,1.304749
472.000000,1.671876,1.711347,2.295132,2.192990,0.997168
473.000000,1.496632,1.615837,2.150056,2.152250,0.885713
474.000000,1.244659,1.529993,2.010759,2.129160,0.852113
475.000000,0.956245,1.415303,1.887511,2.067879,0.541224
476.000000,0.825228,1.335854,1.780043,2.064486,0.672025
477.000000,0.715473,1.241601,1.683111,2.050591,0.442313
478.000000,0.676695,1.147046,1.628205,2.036955,0.736703
479.000000,0.653560,1.008132,1.552929,1.995911,0.804713
480.000000,0.747012,0.887286,1.501893,1.943275,0.996331
481.000000,0.752068,0.812188,1.425491,1.877587,0.644488
482.000000,0.713314,0.730301,1.318303,1.809197,0.049429
483.000000,0.632071,0.675836,1.259234,1.744460,0.274406
484.000000,0.610289,0.655561,1.219218,1.684213,0.732062
485.000000,0.472863,0.663008,1.167898,1.632596,0.421820
486.000000,0.432591,0.654987,1.127864,1.576965,0.491394
487.000000,0.412777,0.628166,1.067936,1.517147,-0.234390
488.000000,0.317897,0.545339,0.987189,1.474805,-0.327572
489.000000,-0.142356,0.355787,0.840914,1.394006,-1.275631
490.000000,-0.477116,0.140236,0.702929,1.336288,-0.763935
491.000000,-1.048347,-0.113720,0.592933,1.257115,-1.295544
492.000000,-1.273768,-0.245298,0.511183,1.170888,-0.852666
493.000000,-1.082493,-0.278168,0.476865,1.142000,0.477794
494.000000,-0.325107,-0.292913,0.477943,1.132588,1.358253
495.000000,0.198326,-0.273988,0.513355,1.113442,0.979734
496.000000,0.952666,-0.225334,0.551173,1.106733,1.121899
497.000000,1.767885,0.329253,0.694986,1.117874,1.759707
498.000000,2.184393,1.222107,0.873486,1.121627,2.094248
499.000000,2.010709,1.985493,0.985153,1.055634,1.188832
500.000000,2.145582,2.514078,1.139100,1.005638,1.976050
501.000000,2.120958,2.794570,1.328442,0.995343,1.390872
502.000000,1.807325,2.725626,1.560303,0.993049,0.661614
503.000000,1.483398,2.520916,1.771015,1.018289,0.974065
504.000000,1.021138,2.009610,1.609308,0.981420,-0.652690
505.000000,0.102221,1.453163,1.279740,0.926025,-1.822464
506.000000,-0.938126,0.754373,0.680785,0.776041,-2.510791
507.000000,-1.663700,0.004901,0.230147,0.642714,-2.091279
508.000000,-2.095442,-0.643552,-0.038415,0.495613,-1.225786
509.000000,-2.245575,-1.217901,-0.290586,0.227178,-1.716448
510.000000,-2.105182,-1.785607,-0.608064,-0.137226,-1.493799
511.000000,-1.832146,-2.144395,-0.803318,-0.525664,-1.422081
512.000000,-1.619999,-2.279612,-1.022732,-0.845911,-1.233314
513.000000,-1.719236,-2.471846,-1.635978,-1.383837,-1.751937
514.000000,-1.518784,-2.317144,-2.028993,-1.818885,-0.905919
515.000000,-1.767599,-2.336856,-2.668539,-2.451016,-2.489548
516.000000,-2.241783,-2.438143,-3.240397,-3.028704,-3.175325
517.000000,-2.379266,-2.376337,-3.303675,-3.021970,-2.089976
518.000000,-2.439856,-2.420698,-3.306457,-2.987557,-2.215257
519.000000,-2.530851,-2.377092,-3.152865,-2.851278,-1.975134
520.000000,-2.366877,-2.339083,-3.034035,-2.755493,-1.858490
521.000000,-2.076798,-2.296237,-2.895013,-2.642156,-1.756810
522.000000,-1.915180,-2.223172,-2.720061,-2.520975,-1.406770
523.000000,-1.783767,-2.155170,-2.614300,-2.489101,-1.591242
524.000000,-1.669827,-2.127589,-2.470654,-2.461165,-1.450048
525.000000,-1.506168,-1.965541,-2.298504,-2.381883,-1.089121
526.000000,-1.388464,-1.767794,-2.150976,-2.327933,-1.186934
527.000000,-1.272516,-1.628236,-2.015592,-2.266386,-0.836061
528.000000,-1.087980,-1.468332,-1.917213,-2.211160,-0.666279
529.000000,-0.974850,-1.359687,-1.836866,-2.155649,-0.905578
530.000000,-0.936156,-1.262441,-1.773723,-2.118664,-0.903245
531.000000,-0.829833,-1.154520,-1.708581,-2.062671,-0.673820
532.000000,-0.686859,-1.031626,-1.628339,-1.974139,-0.047362
533.000000,-0.526261,-0.862769,-1.532466,-1.897860,0.261128
534.000000,-0.290873,-0.703061,-1.475316,-1.810276,0.252640
535.000000,0.013348,-0.561296,-1.361720,-1.710696,0.464997
536.000000,0.301298,-0.383099,-1.205682,-1.606189,0.532994
537.000000,0.474375,-0.223097,-1.090684,-1.516208,0.689858
538.000000,0.621696,-0.052101,-0.956605,-1.448978,0.920689
539.000000,0.669790,0.130028,-0.850504,-1.394345,0.408437
540.000000,0.808235,0.400168,-0.717050,-1.329668,1.082875
541.000000,1.089108,0.734885,-0.549017,-1.251137,1.759472
542.000000,1.173592,0.903993,-0.428063,-1.211501,0.961064
543.000000,1.233006,1.046600,-0.263158,-1.156099,1.107145
544.000000,1.375274,1.172036,-0.095632,-1.140963,0.877757
545.000000,1.271326,1.228528,0.052477,-1.078244,0.580452
546.000000,0.910003,1.226096,0.238109,-0.965181,0.373762
547.000000,0.641687,1.123062,0.382978,-0.909285,-0.148603
548.000000,0.365644,0.981563,0.537716,-0.826261,-0.042475
549.000000,0.090835,0.872064,0.736451,-0.755426,-0.384032
550.000000,-0.038659,0.710252,0.987889,-0.659350,0.013451
551.000000,-0.130963,0.447982,1.191001,-0.550474,-0.028949
552.000000,-0.119125,0.304481,1.252010,-0.457278,-0.092426
553.000000,-0.194154,0.112528,1.194149,-0.323263,-0.397779
554.000000,-0.233988,-0.063849,1.099352,-0.176592,-0.627210
555.000000,-0.424365,-0.234581,0.951043,-0.059003,-0.850813
556.000000,-0.640406,-0.395901,0.789399,0.119968,-0.970258
557.000000,-0.874569,-0.503966,0.606722,0.271707,-1.033701
558.000000,-0.972775,-0.607850,0.422360,0.453851,-0.760492
559.000000,-0.946280,-0.633642,0.337325,0.824073,-0.452768
560.000000,-0.880889,-0.736270,0.167060,1.255157,-0.517390
561.000000,-0.747211,-0.822877,-0.085161,1.586458,-0.346702
562.000000,-0.650640,-0.940712,-0.264265,1.560112,-0.663734
563.000000,-0.645175,-1.013044,-0.494054,1.349442,-0.806517
564.000000,-0.814950,-1.091571,-0.760809,1.076741,-1.231824
565.000000,-0.885057,-1.074676,-0.997322,0.802207,-0.874251
566.000000,-0.918643,-0.987127,-1.177155,0.568257,-0.518854
567.000000,-0.946979,-0.923047,-1.306582,0.260203,-0.796600
568.000000,-0.939231,-0.892575,-1.425491,-0.095001,-0.772073
569.000000,-0.810573,-0.898456,-1.459308,-0.293345,-0.661448
570.000000,-0.751330,-0.897603,-1.512482,-0.658831,-0.604987
571.000000,-0.877278,-0.978679,-1.548811,-1.232938,-1.230805
572.000000,-1.175422,-1.138414,-1.634484,-1.670275,-2.463222
573.000000,-1.392327,-1.226880,-1.613547,-2.001691,-1.852955
574.000000,-1.285647,-1.070131,-1.449532,-2.066683,0.778664
575.000000,-0.964092,-0.876518,-1.240376,-1.994922,1.897500
576.000000,-0.279381,-0.736791,-1.056377,-1.873487,1.708626
577.000000,1.308519,-0.488231,-0.871352,-1.675177,1.729353
578.000000,2.308651,-0.284332,-0.763728,-1.560662,0.806915
579.000000,1.827471,-0.233668,-0.760093,-1.471524,-0.473902
580.000000,0.702541,-0.407043,-0.822206,-1.500875,-1.523217
581.000000,-0.312688,-0.458589,-0.913736,-1.509399,-1.334555
582.000000,-1.407231,-0.126867,-1.001251,-1.517963,-1.491723
583.000000,-1.969938,0.124764,-1.064032,-1.479801,-1.142106
584.000000,-2.385358,-1.159525,-1.172092,-1.487616,-2.126927
585.000000,-2.714255,-3.052935,-1.459845,-1.545289,-2.922867
586.000000,-2.816261,-3.653421,-1.783682,-1.579734,-2.376475
587.000000,-2.718072,-3.640549,-2.004831,-1.584721,-1.879291
588.000000,-2.411662,-3.224765,-2.038278,-1.536185,-0.670431
589.000000,-1.523545,-2.477079,-1.806752,-1.389092,1.438378
590.000000,-0.383323,-1.748941,-1.518657,-1.237623,1.715983
591.000000,0.537508,-1.269432,-1.224872,-1.162356,1.140419
592.000000,1.263025,-0.865551,-0.794785,-1.091431,0.828248
593.000000,1.510300,-0.620454,-0.521959,-1.047210,0.372360
594.000000,1.223843,-0.197681,-0.537885,-0.954327,0.415058
595.000000,1.062028,0.622335,-0.506998,-0.812797,1.135196
596.000000,1.106240,1.415986,-0.401587,-0.670495,1.304827
597.000000,1.440277,2.193749,-0.087270,-0.348535,2.009615
598.000000,1.693717,2.441870,0.226226,-0.036822,1.450174
599.000000,1.878207,2.285126,0.725727,0.339332,1.381767
600.000000,1.939608,2.157913,1.448982,0.866990,1.598515
601.000000,1.821317,2.032468,1.888531,1.363961,1.042234
602.000000,1.520020,1.933408,2.164919,1.895618,0.839271
603.000000,1.360571,1.906762,2.305194,2.173867,0.834953
604.000000,1.147887,1.828244,2.422667,2.072433,0.514789
605.000000,0.772326,1.610914,2.509095,1.815136,0.034627
606.000000,0.580167,1.431564,2.545492,1.652543,0.255469
607.000000,0.520365,1.221235,2.553398,1.567796,0.597655
608.000000,0.630408,1.187965,2.513868,1.680346,1.284216
609.000000,0.650489,1.067216,2.232129,1.743322,0.601503
610.000000,0.862585,0.969305,2.029251,1.908186,0.972547
611.000000,1.019500,0.950184,1.912506,2.015744,0.983689
612.000000,1.136293,0.981818,1.855460,2.116767,1.146119
613.000000,1.241064,1.095228,1.895526,2.234033,1.723734
614.000000,1.524895,1.260407,1.934513,2.371197,1.844976
615.000000,1.747049,1.487202,1.929928,2.515203,2.001208
616.000000,1.978807,1.681629,1.920720,2.580313,2.090580
617.000000,2.303377,1.907079,1.911619,2.626391,2.679115
618.000000,2.476858,2.042274,1.932868,2.580833,2.466082
619.000000,2.575435,2.249077,1.962981,2.459052,2.412537
620.000000,2.546079,2.360362,1.967003,2.347393,2.220979
621.000000,2.438356,2.412385,1.987338,2.270681,1.950107
622.000000,2.221010,2.408457,1.999597,2.210860,1.755259
623.000000,1.630571,2.101434,1.844424,2.050190,-0.454950
624.000000,1.030555,1.801456,1.720087,1.907949,-0.695330
625.000000,0.486752,1.538999,1.661116,1.778730,-0.459777
626.000000,-0.266746,1.165292,1.533849,1.611016,-1.407596
627.000000,-1.042946,0.708057,1.388146,1.421812,-1.508742
628.000000,-1.173569,0.313708,1.246369,1.293561,-1.032639
629.000000,-1.268837,-0.137280,1.139467,1.166131,-1.142068
630.000000,-1.408476,-0.612277,1.000336,1.027211,-1.166846
631.000000,-1.403332,-1.105679,0.827887,0.896312,-1.405404
632.000000,-1.501049,-1.629530,0.564848,0.730010,-1.908994
633.000000,-1.618365,-1.761044,0.250359,0.575971,-1.613556
634.000000,-1.582118,-1.763362,-0.047502,0.475383,-1.082219
635.000000,-1.569930,-1.802482,-0.408886,0.385422,-1.192175
636.000000,-1.481493,-1.716364,-0.782617,0.290833,-1.042103
637.000000,-1.276514,-1.617617,-1.208839,0.174523,-0.958570
638.000000,-1.092605,-1.552642,-1.572492,0.015684,-0.777305
639.000000,-1.042961,-1.494529,-1.925494,-0.133738,-0.869828
640.000000,-0.940644,-1.420422,-2.183213,-0.323227,-0.727903
641.000000,-0.923230,-1.355818,-2.369091,-0.592550,-0.963520
642.000000,-0.852929,-1.196347,-2.420822,-0.881716,-0.640327
643.000000,-0.854984,-1.091274,-2.274511,-1.314776,-0.799735
644.000000,-0.856953,-1.058538,-2.140732,-1.791915,-0.888903
645.000000,-0.827052,-0.979892,-2.015764,-2.130924,-0.598021
646.000000,-0.690990,-0.888875,-1.827368,-2.283172,-0.313568
647.000000,-0.636623,-0.816825,-1.665373,-2.377691,-0.364808
648.000000,-0.595520,-0.793161,-1.574583,-2.418512,-0.615803
649.000000,-0.418743,-0.703623,-1.449288,-2.376305,-0.013736
650.000000,-0.328508,-0.648412,-1.347517,-2.344772,-0.156968
651.000000,-0.088636,-0.467209,-1.181524,-2.234601,1.250938
652.000000,0.554513,-0.190089,-0.916346,-2.070098,3.484790
653.000000,1.530390,0.164036,-0.670964,-1.799059,2.991787
654.000000,2.430897,0.617457,-0.459802,-1.559148,2.658934
655.000000,3.049851,1.093389,-0.241655,-1.379903,2.227197
656.000000,3.023486,1.620336,-0.001943,-1.132150,2.244328
657.000000,2.555707,2.066746,0.220733,-0.909331,1.672601
658.000000,2.207183,2.429037,0.444000,-0.726303,1.520259
659.000000,1.886470,2.491064,0.683166,-0.546754,1.227530
660.000000,1.702813,2.494516,0.950217,-0.333742,1.361863
661.000000,1.473449,2.311673,1.249167,-0.093301,1.158531
662.000000,1.330445,2.021434,1.487879,0.218746,1.024643
663.000000,1.100456,1.728911,1.655637,0.464446,0.420716
664.000000,0.835351,1.430823,1.751001,0.610511,-0.079081
665.000000,0.451415,1.146049,1.736933,0.737371,-0.501789
666.000000,-0.034280,0.789815,1.618921,0.786279,-1.101695
667.000000,-0.382514,0.553347,1.555253,0.893877,-0.525192
668.000000,-0.511324,0.369228,1.544801,1.022162,-0.131264
669.000000,-0.498411,0.227852,1.487138,1.181286,0.014052
670.000000,-0.370918,0.068015,1.453628,1.321200,0.102991
671.000000,-0.183242,-0.121032,1.325411,1.439384,-0.278382
672.000000,-0.039523,-0.252503,1.155715,1.530519,0.117244
673.000000,-0.137937,-0.388777,0.951771,1.549462,-0.600897
674.000000,-0.267013,-0.457286,0.758527,1.569377,-0.572293
675.000000,-0.416189,-0.464263,0.586755,1.542759,-0.531769
676.000000,-0.503256,-0.396390,0.381187,1.470703,-0.649764
677.000000,-0.723304,-0.428850,0.191918,1.404519,-0.781426
678.000000,-0.743934,-0.511315,0.002188,1.389112,-0.660630
679.000000,-0.892894,-0.696129,-0.233651,1.287414,-1.197507
680.000000,-0.846970,-0.790362,-0.455793,1.290400,-0.267146
681.000000,-0.535459,-0.681826,-0.608255,1.288131,0.722541
682.000000,-0.154206,-0.611939,-0.752989,1.193570,0.810096
683.000000,0.180314,-0.406571,-0.811708,1.095039,0.772352
684.000000,0.677297,-0.178033,-0.756370,1.000527,0.942630
685.000000,0.814787,-0.049521,-0.681672,0.869015,0.288905
686.000000,0.694067,0.071792,-0.480840,0.664986,0.106147
687.000000,0.714663,0.312502,-0.270804,0.563382,0.899357
688.000000,0.924214,0.632331,-0.022917,0.535391,1.652619
689.000000,0.923489,0.953346,0.097532,0.459380,0.893907
690.000000,1.064817,1.132898,0.176517,0.295290,0.748365
691.000000,1.415050,1.273782,0.429901,0.234389,1.451719
692.000000,1.495006,1.374913,0.561134,0.148708,1.176933
693.000000,1.561963,1.596649,0.945522,0.390368,1.914241
694.000000,1.909048,1.841606,1.385841,0.951908,2.325273
695.000000,2.168801,2.096487,1.757048,1.663647,2.160071
696.000000,2.227482,2.254050,2.052990,2.483953,2.118067
697.000000,2.431061,2.324151,2.332068,3.001180,2.457468
698.000000,2.562441,2.357615,2.549192,3.243976,2.696770
699.000000,2.522445,2.410993,2.684373,3.228747,2.333256
700.000000,2.458066,2.437188,2.657690,3.115133,2.105149
701.000000,2.338926,2.369197,2.517934,2.990800,1.764221
702.000000,2.219916,2.362535,2.419533,2.860736,1.921000
703.000000,2.102176,2.335395,2.358476,2.822838,2.077136
704.000000,2.024997,2.270666,2.292277,2.751265,1.961607
705.000000,1.854559,2.146810,2.210930,2.613525,1.316565
706.000000,1.697149,2.011883,2.129500,2.480988,1.012198
707.000000,1.539497,1.879278,2.045815,2.384772,1.105326
708.000000,1.386028,1.752133,1.969691,2.307488,1.298323
709.000000,1.228225,1.646281,1.927143,2.252356,1.209486
710.000000,1.138941,1.528537,1.880066,2.148108,0.867961
711.000000,1.261256,1.515320,1.867080,2.070763,1.602043
712.000000,1.389341,1.497379,1.874819,2.013608,1.708969
713.000000,1.370230,1.407288,1.833503,1.944019,1.211539
714.000000,1.388340,1.334017,1.786519,1.888342,1.295933
715.000000,1.289425,1.238984,1.698209,1.817659,0.370168
716.000000,0.933966,1.123262,1.591068,1.741093,-0.262905
717.000000,0.556891,1.009995,1.484105,1.666950,-0.171696
718.000000,0.279801,0.880277,1.369824,1.592740,-0.102491
719.000000,-0.065508,0.753759,1.267473,1.544584,-0.195392
720.000000,-0.201627,0.668126,1.177373,1.512043,-0.191004
721.000000,-0.254517,0.454911,1.091565,1.465087,-0.566185
722.000000,-0.555179,0.103815,0.954742,1.406499,-1.714191
723.000000,-0.924396,-0.222047,0.799607,1.341360,-1.675707
724.000000,-1.279933,-0.607488,0.641765,1.272553,-1.482097
725.000000,-1.503289,-0.821978,0.545741,1.226162,-0.835697
726.000000,-1.486538,-0.886300,0.491774,1.198189,-0.246561
727.000000,-1.295318,-1.052719,0.390384,1.136717,-0.902316
728.000000,-0.991658,-1.189525,0.273587,1.065559,-0.475359
729.000000,-0.719871,-1.288954,0.148637,0.998466,-0.442860
730.000000,-0.286640,-1.169402,0.125488,0.976304,0.887657
731.000000,-0.027705,-0.975472,-0.005395,0.965780,0.783208
732.000000,0.424001,-0.556374,-0.181801,0.944272,0.900644
733.000000,0.868751,-0.073909,-0.282232,0.915896,1.303023
734.000000,1.195802,0.317479,-0.461145,0.864356,0.940642
735.000000,1.205899,0.604789,-0.474670,0.867607,0.975640
736.000000,1.267496,0.815199,-0.325855,0.913691,1.093839
737.000000,1.354844,1.153897,-0.116205,0.976576,1.328957
738.000000,1.022598,1.195348,-0.109444,0.923840,-0.035195
739.000000,0.665923,1.151032,-0.172447,0.825010,-0.553710
740.000000,0.226661,0.875274,-0.303002,0.724414,-0.862015
741.000000,-0.397117,0.527857,-0.475430,0.376446,-1.466103
742.000000,-1.078527,0.163370,-0.430910,-0.141728,-1.477705
743.000000,-1.558387,-0.384736,-0.530240,-0.826237,-2.034132
744.000000,-1.813570,-0.830405,-0.611677,-1.629001,-1.692233
745.000000,-1.893815,-1.216732,-0.762480,-2.089429,-1.291033
746.000000,-1.846826,-1.626981,-1.102116,-2.308928,-1.456272
747.000000,-1.831000,-2.035520,-1.402409,-2.464830,-1.602241
748.000000,-1.625860,-2.119020,-1.724836,-2.479317,-1.257674
749.000000,-1.495659,-2.097816,-2.035883,-2.411320,-1.160507
750.000000,-1.369869,-1.989379,-2.484831,-2.284955,-0.785647
751.000000,-1.231475,-1.831656,-2.824414,-2.149808,-0.840408
752.000000,-1.033340,-1.674487,-2.942922,-1.918436,-0.700534
753.000000,-0.873844,-1.451407,-2.929425,-1.721495,-0.534960
754.000000,-0.824777,-1.344586,-2.857698,-1.623927,-0.942902
755.000000,-0.960917,-1.349469,-2.837999,-1.658734,-1.403218
756.000000,-1.271456,-1.445297,-2.904513,-1.842498,-2.163708
757.000000,-1.428635,-1.420298,-2.839215,-1.865658,-1.449674
758.000000,-1.557751,-1.407726,-2.651223,-1.890975,-1.258909
759.000000,-1.660165,-1.442621,-2.503228,-1.942160,-1.521380
760.000000,-1.648303,-1.495699,-2.362534,-2.051422,-1.421283
761.000000,-1.494220,-1.537802,-2.218751,-2.130324,-1.442836
762.000000,-1.537414,-1.620104,-2.126073,-2.214759,-1.688300
763.000000,-1.680347,-1.745251,-2.043004,-2.313966,-1.979167
764.000000,-1.646419,-1.755289,-1.941042,-2.309018,-1.359484
765.000000,-1.631226,-1.726122,-1.871777,-2.297616,-1.334746
766.000000,-1.796884,-1.722512,-1.868445,-2.348154,-2.237459
767.000000,-1.820715,-1.744108,-1.824932,-2.360303,-1.783331
768.000000,-1.837404,-1.820126,-1.822949,-2.328593,-2.063666
769.000000,-1.918294,-1.839503,-1.806381,-2.263185,-1.695099
770.000000,-2.072510,-1.909151,-1.833837,-2.218409,-2.058440
771.000000,-1.908822,-1.918395,-1.827316,-2.132510,-1.524383
772.000000,-1.911988,-1.930795,-1.851605,-2.072505,-1.826998
773.000000,-1.777381,-1.862505,-1.863402,-1.984146,-1.456572
774.000000,-1.579240,-1.787205,-1.822274,-1.885399,-0.770099
775.000000,-1.282037,-1.698679,-1.758732,-1.803691,-0.582268
776.000000,-0.675154,-1.304737,-1.556383,-1.644579,1.456771
777.000000,0.148414,-0.906940,-1.372462,-1.475076,1.922073
778.000000,0.745123,-0.563840,-1.253261,-1.366173,1.145181
779.000000,1.116096,-0.284566,-1.140866,-1.282834,0.845304
780.000000,1.461462,0.081050,-1.023309,-1.210877,1.023583
781.000000,1.410244,0.434622,-0.887236,-1.133350,1.224768
782.000000,1.216799,0.827240,-0.737559,-1.075293,1.073257
783.000000,1.186778,1.175066,-0.558476,-1.033976,1.003562
784.000000,1.314430,1.478915,-0.375837,-0.963122,1.391217
785.000000,1.458747,1.767034,-0.141457,-0.856712,1.647680
786.000000,1.446220,1.716142,0.173620,-0.724894,1.231469
787.000000,1.445923,1.591514,0.473320,-0.619606,1.152252
788.000000,1.429222,1.552119,0.820810,-0.521077,1.016958
789.000000,1.281991,1.513850,1.125077,-0.407266,0.768979
790.000000,1.017648,1.411705,1.430054,-0.305421,0.453299
791.000000,0.940122,1.346328,1.714403,-0.133715,0.878366
792.000000,0.862060,1.291210,1.969592,0.103552,0.800979
793.000000,0.831067,1.257888,2.128705,0.457830,0.882250
794.000000,0.854312,1.186791,2.168070,0.838941,0.883480
795.000000,0.908036,1.069053,2.142728,1.283598,0.715621
796.000000,0.904326,1.018299,1.966628,1.908938,0.871764
797.000000,0.902083,0.969201,1.770416,2.325457,0.796068
798.000000,0.953780,0.976922,1.686330,2.624546,1.143369
799.000000,0.989837,1.004571,1.627283,2.685837,1.056312
800.000000,0.708699,0.882733,1.441297,2.515639,-0.806496
801.000000,0.422179,0.740753,1.283981,2.356221,-0.600368
802.000000,0.040474,0.572260,1.136788,2.234500,-1.110469
803.000000,-0.442203,0.425777,1.037849,2.147384,-0.768032
804.000000,-1.243892,0.187061,0.884831,1.993122,-1.733964
805.000000,-1.720430,-0.109071,0.699405,1.851717,-2.176057
806.000000,-2.441000,-0.598206,0.506742,1.566266,-2.469699
807.000000,-2.288006,-1.011817,0.379514,1.340132,-0.949679
808.000000,-1.950942,-1.462524,0.300566,1.234895,-0.021312
809.000000,-1.651250,-2.046956,0.188019,1.122614,-0.898226
810.000000,-1.360112,-2.076697,0.089221,1.000304,-0.979254
811.000000,-0.990536,-2.083137,-0.087763,0.861328,-1.056847
812.000000,-0.893013,-1.865167,-0.252975,0.762414,-0.574926
813.000000,-1.015459,-1.735181,-0.464025,0.672998,-0.563096
814.000000,-0.827988,-1.445115,-0.682840,0.568375,-0.153370
815.000000,-0.566291,-1.125995,-0.884420,0.438898,0.098553
816.000000,-0.215124,-0.708629,-1.098679,0.352088,0.373005
817.000000,-0.008844,-0.537340,-1.307198,0.253753,0.251652
818.000000,0.241859,-0.480054,-1.532090,0.168189,0.406215
819.000000,0.323408,-0.330486,-1.713439,0.083451,0.139857
820.000000,0.452848,-0.093620,-1.467397,0.069994,0.603099
821.000000,0.237412,0.003209,-1.379159,-0.120679,-0.475204
822.000000,0.123627,0.067715,-1.209015,-0.318041,-0.196782
823.000000,0.022115,0.165787,-1.099049,-0.559678,0.010657
824.000000,0.080062,0.253806,-0.881915,-0.818484,0.377400
825.000000,0.172054,0.396364,-0.588332,-1.004160,0.987634
826.000000,0.522749,0.472099,-0.239835,-1.246857,0.833231
827.000000,0.799172,0.562880,-0.057505,-1.439052,0.777636
828.000000,1.220780,0.742623,0.097306,-1.554957,1.518651
829.000000,1.584930,0.997164,0.391889,-1.593946,1.590530
830.000000,1.795426,1.231700,0.790685,-1.108516,1.896422
831.000000,1.871018,1.591926,1.201025,-0.772498,1.434879
832.000000,1.921412,1.848229,1.556020,-0.349672,1.496092
833.000000,1.750376,1.960930,1.865464,-0.049471,1.201782
834.000000,1.752116,2.023445,2.092457,0.530209,1.656768
835.000000,1.500348,1.852331,2.077020,1.129638,0.790521
836.000000,1.242279,1.657745,1.916464,1.732457,0.108775
837.000000,0.859601,1.463047,1.747000,1.865935,-0.407640
838.000000,0.746751,1.331938,1.676920,1.940405,0.764869
839.000000,0.232516,1.127751,1.555265,2.004262,-0.408516
840.000000,0.019248,0.918747,1.426792,2.085897,0.002271
841.000000,0.152505,0.836327,1.478987,2.193255,0.772575
842.000000,0.571765,0.801423,1.533067,2.227174,1.438144
843.000000,0.675887,0.790884,1.548498,2.213796,1.226846
844.000000,1.262242,0.756961,1.562393,2.173068,1.755253
845.000000,1.526706,0.780118,1.479779,2.056656,0.886407
846.000000,1.259675,0.756938,1.364709,1.867827,-0.357044
847.000000,0.689264,0.747332,1.248252,1.701848,-0.850318
848.000000,0.311704,0.617345,1.125139,1.579164,-0.270308
849.000000,-1.204490,0.104370,0.814244,1.308287,-3.244567
850.000000,-2.075301,-0.396410,0.500016,1.066687,-2.215337
851.000000,-2.755529,-1.366076,0.077314,0.856395,-3.006761
852.000000,-3.001577,-2.310532,-0.408452,0.636486,-2.565312
853.000000,-3.043576,-2.800995,-0.883915,0.441776,-1.960956
854.000000,-2.464864,-2.923546,-1.347297,0.297824,-1.072641
855.000000,-2.102061,-2.810399,-1.647983,0.109613,-0.821583
856.000000,-1.687233,-2.644724,-1.847666,-0.108808,-1.091398
857.000000,-1.318970,-2.448342,-1.924200,-0.319346,-0.903345
858.000000,-1.059741,-2.319802,-2.061424,-0.624768,-0.814046
859.000000,-1.040953,-2.005596,-2.066790,-1.013512,-1.000806
860.000000,-1.016278,-1.784836,-2.036968,-1.425571,-0.731484
861.000000,-0.951947,-1.509102,-2.049918,-1.784628,-0.809973
862.000000,-0.781474,-1.199060,-2.007726,-1.976400,-0.110783
863.000000,-0.526878,-0.908167,-1.908076,-2.013471,0.374693
864.000000,-0.120876,-0.680007,-1.815558,-1.994721,0.842667
865.000000,0.235731,-0.484763,-1.701196,-1.864752,0.815865
866.000000,0.490740,-0.320017,-1.597510,-1.748453,0.212804
867.000000,0.524957,-0.199403,-1.503041,-1.633457,0.001239
868.000000,0.504948,-0.048593,-1.426538,-1.588893,0.280477
869.000000,0.228129,0.056069,-1.243771,-1.531856,-0.345845
870.000000,-0.069489,0.108033,-1.128630,-1.519449,-0.451001
871.000000,-0.362287,0.092410,-0.995020,-1.605375,-1.034873
872.000000,-0.485961,0.041029,-0.837431,-1.670521,-0.516184
873.000000,-0.710713,-0.109555,-0.733996,-1.732166,-0.664351
874.000000,-0.790668,-0.335664,-0.709765,-1.816901,-0.647120
875.000000,-0.644280,-0.440281,-0.636517,-1.797561,0.411469
876.000000,-0.545138,-0.594143,-0.610992,-1.796169,-0.669643
877.000000,-0.787827,-0.847287,-0.676829,-1.826429,-1.447817
878.000000,-1.118612,-1.254277,-0.813471,-1.908157,-1.787429
879.000000,-1.228372,-1.443107,-0.873668,-1.780974,-1.060484
880.000000,-1.341938,-1.453116,-0.884487,-1.653257,-0.112179
881.000000,-0.913897,-1.096260,-0.723113,-1.398749,0.945772
882.000000,-0.504740,-0.959085,-0.780964,-1.204838,0.156862
883.000000,-0.139925,-0.873488,-1.052253,-1.083075,-0.435802
884.000000,0.117167,-0.761239,-1.421469,-1.027808,-0.170612
885.000000,0.544084,-0.592520,-1.508128,-0.891304,1.456014
886.000000,0.598337,-0.277604,-1.463506,-0.731412,1.154107
887.000000,1.191801,0.401774,-1.050158,-0.484438,2.180525
888.000000,1.883122,1.194689,-0.554896,-0.197843,2.175481
889.000000,2.188704,1.676179,0.148067,0.090334,1.482883
890.000000,2.146032,1.957831,1.172846,0.390289,1.578492
891.000000,2.060504,1.940001,2.235947,0.674199,1.139696
892.000000,1.778266,2.005260,2.683063,0.857696,1.099119
893.000000,1.582608,2.154637,2.996557,1.016616,1.414048
894.000000,1.476293,2.180362,3.008447,1.066808,1.131743
895.000000,1.429368,2.079117,2.856408,1.168519,1.440972
896.000000,1.324160,1.930312,2.754958,1.257490,0.737010
897.000000,1.194822,1.677861,2.730133,1.349657,0.567122
898.000000,1.180170,1.550090,2.828719,1.504700,1.350767
899.000000,1.182313,1.484586,2.753351,1.697719,1.164899
900.000000,1.154667,1.432022,2.618832,1.882011,1.314587
901.000000,1.323761,1.457666,2.458390,2.098456,1.538766
902.000000,1.441243,1.440779,2.349512,2.144376,1.202470
903.000000,1.434523,1.409338,2.304012,2.190245,1.349525
904.000000,1.438411,1.396335,2.234840,2.197564,1.212340
905.000000,1.469517,1.390244,2.121080,2.159062,1.475690
906.000000,1.436702,1.449337,2.036730,2.183317,1.402022
907.000000,1.484811,1.527585,1.916526,2.244520,1.463163
908.000000,1.512994,1.533959,1.811245,2.312933,1.548172
909.000000,1.574998,1.562999,1.753565,2.320566,1.572175
910.000000,1.614110,1.588810,1.701787,2.284461,1.667973
911.000000,1.692511,1.599286,1.684818,2.209539,1.757882
912.000000,1.769461,1.656399,1.676920,2.173447,1.814761
913.000000,1.812894,1.692057,1.652358,2.151829,1.754948
914.000000,1.959993,1.799410,1.679344,2.145777,2.302635
915.000000,2.030480,1.862927,1.686277,2.083643,2.042581
916.000000,2.075568,1.934861,1.734343,2.038555,1.993122
917.000000,2.132668,2.009948,1.803081,1.976274,2.163651
918.000000,2.134318,2.033374,1.818676,1.910335,1.918521
919.000000,2.070388,2.061494,1.853121,1.880768,2.020290
920.000000,1.939521,2.010845,1.846099,1.827595,1.480183
921.000000,1.873281,1.979926,1.839258,1.803887,1.682379
922.000000,1.777324,1.945375,1.851579,1.785591,1.674129
923.000000,1.732615,1.922878,1.855890,1.763046,1.690629
924.000000,1.625014,1.838947,1.854245,1.747677,1.484325
925.000000,1.618808,1.778147,1.839051,1.727634,1.465304
926.000000,1.526342,1.699758,1.814895,1.724325,1.224667
927.000000,1.457930,1.620136,1.795669,1.733246,1.338633
928.000000,1.289900,1.515967,1.747116,1.701578,0.831314
929.000000,0.945410,1.298226,1.644818,1.640388,-0.379675
930.000000,0.681608,1.184028,1.573386,1.599060,0.130526
931.000000,0.294272,0.975328,1.465340,1.527535,-0.717975
932.000000,-0.149822,0.760558,1.362902,1.475219,-0.741725
933.000000,-0.452191,0.551510,1.282724,1.431275,-0.474516
934.000000,-0.528505,0.326386,1.172566,1.390106,-0.746016
935.000000,-0.726540,0.077886,1.074519,1.344547,-0.712434
936.000000,-0.607728,-0.104689,1.002612,1.322630,-0.094455
937.000000,-0.344851,-0.258574,0.941659,1.318701,0.560964
938.000000,0.053423,-0.262779,0.924919,1.338627,1.416522
939.000000,0.592747,-0.050475,0.903560,1.365322,1.573730
940.000000,0.923957,-0.012673,0.871690,1.360129,0.552185
941.000000,1.397167,0.344390,0.884562,1.392121,1.826167
942.000000,2.433759,1.263678,1.099780,1.540303,3.940768
943.000000,2.903226,2.090481,1.317153,1.677661,3.108330
944.000000,3.112628,2.772915,1.589852,1.793930,2.852809
945.000000,3.255222,3.140873,1.887777,1.913422,2.651306
946.000000,3.119022,3.180524,2.168810,2.004727,2.305876
947.000000,2.728352,3.080132,2.377435,2.065952,2.126490
948.000000,2.496056,2.934203,2.569981,2.125272,2.067039
949.000000,2.227301,2.747903,2.697055,2.126940,1.623915
950.000000,2.026257,2.656869,2.728938,2.152446,1.680420
951.000000,1.805961,2.480828,2.705085,2.122362,1.264476
952.000000,1.575500,2.188459,2.623829,2.068136,1.009128
953.000000,1.329152,1.955362,2.512692,2.001846,0.853694
954.000000,1.142041,1.737627,2.406508,1.936382,0.706801
955.000000,0.953740,1.548728,2.316490,1.880440,0.756648
956.000000,0.826262,1.380503,2.210978,1.829366,0.646568
957.000000,0.727037,1.216940,2.096577,1.769181,0.530392
958.000000,0.649860,1.052096,1.978776,1.728952,0.480922
959.000000,0.609977,0.935578,1.881291,1.733207,0.516165
960.000000,0.572676,0.817396,1.825672,1.725172,0.583776
961.000000,0.518098,0.721498,1.739867,1.728311,0.380247
962.000000,0.443416,0.630071,1.578587,1.717772,0.139422
963.000000,0.351476,0.542779,1.436333,1.696109,-0.007983
964.000000,0.277589,0.487548,1.311479,1.693219,0.158023
965.000000,0.184298,0.427211,1.192470,1.694396,0.182759
966.000000,0.020626,0.327766,1.059468,1.662925,-0.469215
967.000000,-0.137150,0.222391,0.924684,1.621083,-0.702077
968.000000,-0.451621,0.040676,0.749501,1.543079,-1.614510
969.000000,-0.998851,-0.228247,0.570949,1.453678,-2.163122
970.000000,-1.794954,-0.645986,0.336590,1.370182,-2.846592
971.000000,-2.394966,-1.126775,0.108521,1.268999,-2.634826
972.000000,-2.427353,-1.440011,-0.049140,1.145711,-1.149822
973.000000,-2.027195,-1.593500,-0.160045,1.064661,-0.220845
974.000000,-1.321342,-1.565622,-0.199246,1.020645,0.880327
975.000000,-0.418357,-1.420331,-0.223802,0.982782,1.258914
976.000000,0.419751,-1.179612,-0.259517,0.933476,0.992840
977.000000,0.925347,-0.909775,-0.284866,0.877468,0.983580
978.000000,1.140796,-0.575046,-0.337082,0.785130,0.679934
979.000000,1.197504,-0.102983,-0.349718,0.743161,1.109437
980.000000,1.176034,0.488905,-0.363102,0.680179,1.159889
981.000000,1.338415,1.184453,-0.245182,0.692873,1.649805
982.000000,1.317487,1.522634,-0.155090,0.681172,0.906829
983.000000,1.423626,1.734846,0.022860,0.715860,1.176438
984.000000,1.441364,1.768161,0.193251,0.791602,1.249945
985.000000,1.361853,1.677972,0.305862,0.834538,0.884643
986.000000,1.275564,1.688774,0.590627,0.964077,1.285636
987.000000,1.336511,1.682461,0.887349,1.151146,1.222409
988.000000,1.368441,1.728895,1.305425,1.430175,1.349995
989.000000,1.340510,1.688225,1.718114,1.715403,1.167024
990.000000,1.610455,1.788034,2.279528,2.209559,2.072647
991.000000,1.770502,1.818232,2.663537,2.675782,2.007825
992.000000,2.015284,1.982608,2.798859,3.073789,2.340536
993.000000,2.148665,2.063104,2.756296,3.194971,2.109713
994.000000,2.225380,2.085006,2.608057,3.098171,1.852553
995.000000,2.099072,2.099213,2.447148,2.937790,1.625653
996.000000,1.947422,2.044057,2.311591,2.813056,1.385127
997.000000,1.720218,1.985096,2.192139,2.694019,1.251848
998.000000,1.434628,1.862795,2.064457,2.575071,0.722861
999.000000,1.160592,1.750921,1.926606,2.476017,0.489821
1000.000000,0.940140,1.590870,1.819205,2.421342,0.528473
1001.000000,0.755544,1.446630,1.710039,2.361963,0.489776
1002.000000,0.482216,1.220994,1.619443,2.222371,-0.112120
1003.000000,0.421800,1.058432,1.562231,2.107528,0.506191
1004.000000,0.448722,0.923792,1.515908,1.982047,0.664032
1005.000000,0.410690,0.779665,1.477707,1.855130,0.381362
1006.000000,0.363482,0.644900,1.422716,1.756574,0.281943
1007.000000,0.507510,0.535408,1.385953,1.684532,0.516873
1008.000000,0.455792,0.477573,1.336173,1.627226,0.247777
1009.000000,0.460772,0.501110,1.318965,1.582049,0.715107
1010.000000,0.465964,0.486640,1.241471,1.534158,0.386539
1011.000000,0.413336,0.435891,1.147540,1.464282,-0.012193
1012.000000,0.290265,0.465803,1.019965,1.426628,-0.074920
1013.000000,0.189770,0.387565,0.888128,1.380750,-0.264681
1014.000000,0.046098,0.323768,0.779694,1.348928,0.136599
1015.000000,-0.080111,0.271687,0.669023,1.329763,-0.141175
1016.000000,-0.100060,0.238607,0.571291,1.302003,-0.080696
1017.000000,-0.296524,0.058652,0.434497,1.260270,-0.992855
1018.000000,-0.467704,-0.101956,0.344552,1.217932,-0.996515
1019.000000,-0.888670,-0.457026,0.251135,1.180928,-1.397082
1020.000000,-1.284823,-0.861101,0.108905,1.088636,-1.559948
1021.000000,-1.458973,-1.122058,-0.011266,1.009529,-0.787705
1022.000000,-1.060535,-1.105706,0.045504,0.921184,0.486556
1023.000000,-0.525838,-0.842296,0.073606,0.847877,1.320545
1024.000000,-0.053698,-0.767499,0.009276,0.754973,0.700432
1025.000000,0.721621,-0.509282,0.066234,0.685067,1.520486
1026.000000,1.408964,-0.301502,0.145039,0.619702,1.394772
1027.000000,1.836734,0.125616,0.187133,0.558165,1.570172
1028.000000,2.191603,0.770677,0.447394,0.613231,2.393577
1029.000000,1.945898,1.198144,0.261964,0.610483,-0.005560
1030.000000,1.682086,1.913565,0.278710,0.640358,0.816244
1031.000000,1.398697,2.355592,0.367254,0.657814,0.475748
1032.000000,0.839858,2.061044,0.298711,0.711932,-0.680486
1033.000000,0.018694,1.572358,0.285093,0.652475,-0.617667
1034.000000,0.300930,1.566656,0.406264,0.677243,1.028883
1035.000000,0.548507,1.538101,0.706172,0.845775,1.665874
1036.000000,0.830861,1.513425,0.949061,1.064638,1.411228
1037.000000,0.960860,1.205455,1.140861,1.062979,-0.127842
1038.000000,1.414172,0.980566,1.523318,1.328657,1.136038
1039.000000,1.142740,0.988102,1.816643,1.261031,0.080598
1040.000000,0.682429,0.826216,2.091296,1.243848,-0.031000
1041.000000,0.572198,0.925107,2.284356,1.593441,0.996307
1042.000000,0.664662,1.065166,2.089606,1.741639,0.222663
1043.000000,0.426282,1.195549,1.812837,1.903429,0.276951
1044.000000,0.431226,1.026473,1.647941,1.812052,0.092066
1045.000000,0.573643,0.817969,1.473279,1.853433,0.477475
1046.000000,0.866363,0.931341,1.523791,2.127855,1.959139
1047.000000,1.683398,1.514992,1.709025,2.649987,2.834979
1048.000000,2.136094,1.688544,1.687710,2.805240,1.986491
1049.000000,2.317074,1.854566,1.791509,2.779992,1.094141
1050.000000,2.303266,1.957408,1.755620,2.687094,0.538203
1051.000000,2.049763,1.942059,1.780495,2.536864,0.662505
1052.000000,1.320720,1.954334,1.829215,2.270130,0.048591
1053.000000,0.658781,1.891075,1.832859,1.994292,-0.218444
1054.000000,0.120506,1.803405,1.659311,1.805858,-0.653043
1055.000000,-0.423344,1.540608,1.368866,1.560739,-1.243512
1056.000000,-0.971576,0.980396,1.107499,1.363019,-1.185388
1057.000000,-0.890190,0.395035,1.173803,1.289739,0.271486
1058.000000,-0.863028,-0.153575,1.045125,1.112291,-0.153606
1059.000000,-0.527510,-0.323787,1.122208,1.164982,0.514849
1060.000000,-0.353487,-0.596226,1.081318,1.066059,-0.645978
1061.000000,-0.625350,-1.206847,0.726002,0.869828,-2.026962
1062.000000,-1.267363,-1.603722,0.461823,0.765059,-1.862927
1063.000000,-1.733255,-1.873053,0.170911,0.665459,-1.728142
1064.000000,-2.369667,-2.107550,-0.254180,0.365823,-2.125136
1065.000000,-2.493800,-2.131524,-0.771645,0.002600,-1.801241
1066.000000,-2.212648,-2.073391,-1.531302,-0.324783,-1.396940
1067.000000,-2.019884,-2.211969,-2.422582,-0.528455,-1.376397
1068.000000,-1.766461,-2.163671,-2.755835,-0.795609,-0.824953
1069.000000,-1.471416,-2.197470,-2.777965,-0.983112,-0.914974
1070.000000,-1.505910,-2.249092,-2.811656,-1.352303,-1.927843
1071.000000,-1.528099,-2.094255,-2.743398,-1.747807,-1.533557
1072.000000,-1.737127,-2.095402,-2.721051,-2.139279,-2.228702
1073.000000,-1.931195,-2.059391,-2.625457,-2.369135,-1.835338
1074.000000,-2.098782,-2.005197,-2.534926,-2.517493,-1.923083
1075.000000,-2.022389,-1.958343,-2.408983,-2.582992,-1.711726
1076.000000,-1.996745,-1.937407,-2.301014,-2.659051,-1.612774
1077.000000,-1.903054,-1.951572,-2.300024,-2.743676,-1.881035
1078.000000,-1.948260,-2.040159,-2.294541,-2.743171,-2.157006
1079.000000,-1.877524,-2.050627,-2.268278,-2.632887,-1.642937
1080.000000,-1.829280,-1.970170,-2.192577,-2.512483,-1.494718
1081.000000,-1.769197,-1.913800,-2.071581,-2.411907,-1.320252
1082.000000,-1.591918,-1.773702,-1.960998,-2.292695,-0.996793
1083.000000,-1.318039,-1.662685,-1.866044,-2.178801,-0.813175
1084.000000,-1.066684,-1.510665,-1.744225,-2.054118,-0.395218
1085.000000,-0.706069,-1.320892,-1.610757,-1.902736,0.271080
1086.000000,-0.315317,-1.115109,-1.492859,-1.765636,0.541700
1087.000000,0.037843,-0.869551,-1.386828,-1.686138,0.667630
1088.000000,0.316536,-0.600078,-1.327199,-1.618668,0.435575
1089.000000,0.616712,-0.326211,-1.251048,-1.562386,0.998920
1090.000000,0.658680,-0.106037,-1.165155,-1.511768,0.374799
1091.000000,0.578587,0.085462,-1.110681,-1.440670,0.091605
1092.000000,0.555395,0.297492,-0.991957,-1.365799,0.577729
1093.000000,0.594090,0.501665,-0.888955,-1.302880,0.592505
1094.000000,0.461126,0.638122,-0.775652,-1.233000,0.439054
1095.000000,0.664801,0.776050,-0.618668,-1.142907,1.271729
1096.000000,0.779290,0.796000,-0.489166,-1.094424,0.580602
1097.000000,0.803266,0.805738,-0.310965,-1.046423,0.673724
1098.000000,0.697222,0.779282,-0.110634,-1.046965,0.084119
1099.000000,0.624842,0.661777,0.069449,-1.051933,0.061555
1100.000000,0.334662,0.625415,0.267235,-1.013434,0.014205
1101.000000,0.148589,0.597082,0.462396,-1.004671,-0.230573
1102.000000,-0.136793,0.447632,0.616399,-0.961018,-0.544468
1103.000000,-0.210482,0.331504,0.796410,-0.921229,-0.240516
1104.000000,-0.228295,0.265417,0.949862,-0.850193,-0.017611
1105.000000,-0.235772,0.068047,0.993276,-0.781980,-0.016474
1106.000000,-0.205518,-0.032536,0.963994,-0.709286,-0.090618
1107.000000,-0.084457,-0.135052,0.883623,-0.560627,-0.005342
1108.000000,-0.013430,-0.138704,0.826802,-0.283659,0.085149
1109.000000,-0.108085,-0.206090,0.582759,-0.051226,-0.514498
1110.000000,-0.306629,-0.320946,0.406959,0.195039,-1.019054
1111.000000,-0.334262,-0.313972,0.381263,0.579147,-0.098431
1112.000000,0.127399,0.000345,0.506858,1.224129,2.236130
1113.000000,0.347692,0.155269,0.504624,1.671262,0.934965
1114.000000,0.917141,0.356986,0.574579,1.970745,1.328201
1115.000000,1.369850,0.471331,0.404757,1.925945,0.425569
1116.000000,1.645305,0.737417,0.431288,1.874412,1.118367
1117.000000,1.678644,1.271525,0.623584,1.942075,2.496843
1118.000000,2.016664,1.727896,0.960159,2.024137,2.305736
1119.000000,2.063936,2.046590,1.241337,1.905051,1.620869
1120.000000,2.121482,2.230764,1.470271,1.851072,1.042637
1121.000000,1.907174,2.151741,1.710312,1.795026,0.536548
1122.000000,1.264352,1.705105,1.880773,1.603512,-0.238226
1123.000000,0.672453,1.500442,1.990010,1.447112,-0.178272
1124.000000,0.009055,1.133861,1.865210,1.237403,-1.099608
1125.000000,-0.630653,0.828872,1.606604,0.878151,-1.526032
1126.000000,-1.100712,0.459860,1.365864,0.641452,-1.375814
1127.000000,-1.306975,-0.076680,1.118085,0.418244,-1.137913
1128.000000,-1.652359,-0.735844,0.669078,0.197852,-1.736074
1129.000000,-1.780164,-1.286101,0.301924,-0.046821,-1.774180
1130.000000,-1.765530,-1.664577,0.055049,-0.285074,-1.575644
1131.000000,-1.726076,-1.871357,-0.312043,-0.479833,-1.337733
1132.000000,-1.703585,-1.917846,-1.034225,-0.623780,-1.181388
1133.000000,-1.503851,-1.914174,-1.400609,-0.787424,-0.887853
1134.000000,-1.356289,-1.845958,-1.829971,-1.054421,-1.121438
1135.000000,-1.372473,-1.821527,-2.160938,-1.450332,-1.634850
1136.000000,-1.309096,-1.739903,-2.346014,-1.708924,-1.083982
1137.000000,-1.378917,-1.750463,-2.667724,-2.021414,-1.505565
1138.000000,-1.375138,-1.624033,-2.742659,-2.129909,-0.948988
1139.000000,-1.223002,-1.442040,-2.640053,-2.032907,-0.471242
1140.000000,-0.988513,-1.302850,-2.515692,-1.908685,-0.542627
1141.000000,-0.828086,-1.171492,-2.354580,-1.849328,-0.341023
1142.000000,-0.484700,-1.011999,-2.133223,-1.916491,0.088624
1143.000000,-0.368454,-0.952721,-2.012097,-1.938511,-0.432047
1144.000000,-0.362252,-0.873872,-1.859238,-1.987448,-0.463280
1145.000000,-0.329496,-0.729769,-1.700634,-1.954959,-0.404126
1146.000000,-0.343772,-0.649623,-1.573151,-1.966692,-0.409552
1147.000000,-0.440616,-0.506542,-1.470061,-2.057340,-0.336117
1148.000000,-0.236076,-0.334127,-1.277771,-2.055604,0.730657
1149.000000,-0.219884,-0.324438,-1.165969,-2.094299,-0.502222
1150.000000,-0.232201,-0.312737,-1.077065,-2.098660,-0.627891
1151.000000,-0.152303,-0.292287,-0.987562,-2.055454,-0.069302
1152.000000,-0.147705,-0.366771,-0.930048,-1.992283,-0.479186
1153.000000,-0.374756,-0.302452,-0.868789,-1.916764,0.514809
1154.000000,-0.582157,-0.354245,-0.848776,-1.855577,-1.385949
1155.000000,-0.718312,-0.415984,-0.768583,-1.760691,-1.049529
1156.000000,-0.695918,-0.373253,-0.692279,-1.645211,0.228193
1157.000000,-1.672111,-0.851169,-0.704905,-1.660413,-3.000796
1158.000000,-2.934573,-2.044311,-0.846379,-1.674462,-3.359321
1159.000000,-3.110170,-2.672600,-1.048382,-1.663223,-2.654297
1160.000000,-2.979922,-2.781376,-1.210086,-1.621902,-1.733225
1161.000000,-3.058590,-2.877156,-1.461533,-1.615879,-1.923611
1162.000000,-2.491891,-2.671521,-1.695177,-1.575261,-0.966093
1163.000000,-2.077238,-2.690853,-1.941173,-1.599602,-1.596557
1164.000000,-1.790355,-2.530482,-2.163029,-1.602792,-1.465211
1165.000000,-1.884512,-2.536359,-2.451916,-1.613754,-2.163502
1166.000000,-1.852452,-2.553494,-2.622740,-1.651001,-1.836020
1167.000000,-1.986669,-2.361775,-2.672494,-1.650200,-1.783184
1168.000000,-1.855056,-2.074095,-2.664915,-1.652159,-1.186888
1169.000000,-1.804652,-1.900709,-2.545174,-1.712206,-1.385159
1170.000000,-1.534704,-1.770379,-2.387327,-1.738151,-0.938353
1171.000000,-1.309775,-1.620669,-2.271558,-1.773604,-0.799063
1172.000000,-1.064922,-1.550597,-2.145511,-1.823298,-0.620412
1173.000000,-0.949760,-1.434045,-2.071801,-1.830500,-0.630674
1174.000000,-0.798643,-1.344203,-1.959741,-1.836059,-0.691862
1175.000000,-0.679113,-1.156556,-1.854807,-1.826183,-0.371311
1176.000000,-0.500319,-0.958678,-1.774496,-1.790000,0.057204
1177.000000,-0.407812,-0.787325,-1.623864,-1.769614,-0.178778
1178.000000,-0.303994,-0.681340,-1.457408,-1.801518,-0.146610
1179.000000,-0.207004,-0.557148,-1.331473,-1.769857,-0.302248
1180.000000,-0.165661,-0.475566,-1.250729,-1.729165,-0.210381
1181.000000,-0.115096,-0.353012,-1.135083,-1.684785,0.395521
1182.000000,0.062439,-0.223949,-1.065280,-1.623954,0.669263
1183.000000,0.327061,-0.049354,-0.949528,-1.584198,1.095865
1184.000000,0.747374,0.189065,-0.828323,-1.495497,1.392915
1185.000000,1.279580,0.442430,-0.638620,-1.416725,1.682392
1186.000000,1.952724,0.787460,-0.409415,-1.348731,2.718270
1187.000000,2.563174,1.321118,-0.118303,-1.165145,2.799730
1188.000000,2.879241,1.920899,0.207974,-0.907359,2.962319
1189.000000,2.892185,2.388672,0.605627,-0.656919,2.527779
1190.000000,2.877020,2.703149,1.043979,-0.403727,2.574411
1191.000000,2.721565,2.748786,1.483309,-0.105537,2.283792
1192.000000,2.557881,2.712769,1.884226,0.176610,2.170797
1193.000000,2.451324,2.683461,2.261259,0.607524,2.412649
1194.000000,2.359682,2.606200,2.497430,1.069218,2.151646
1195.000000,2.179274,2.482633,2.537141,1.572318,1.755620
1196.000000,2.133199,2.399464,2.530560,2.056365,2.084369
1197.000000,2.070696,2.297738,2.490056,2.399156,1.891484
1198.000000,1.877916,2.141415,2.397262,2.509603,1.450805
1199.000000,1.730358,2.022442,2.319485,2.545454,1.405194
1200.000000,1.633977,1.894998,2.239380,2.490141,1.274126
1201.000000,1.468756,1.792922,2.152542,2.412166,1.243844
1202.000000,1.305946,1.689220,2.065111,2.313451,1.077028
1203.000000,1.214616,1.557891,1.983695,2.222556,0.994037
1204.000000,1.129446,1.447912,1.911965,2.146374,0.978962
1205.000000,1.094286,1.387459,1.856883,2.076414,1.102376
1206.000000,1.045028,1.282045,1.790431,1.997410,1.003464
1207.000000,0.995916,1.175834,1.715407,1.931007,0.826780
1208.000000,0.975273,1.119752,1.638761,1.879191,0.885687
1209.000000,0.972429,1.074663,1.579491,1.843623,0.967437
1210.000000,1.023774,1.081403,1.537212,1.829147,1.412257
1211.000000,1.063306,1.073081,1.494129,1.798194,1.213407
1212.000000,1.152654,1.086110,1.456243,1.769991,1.246280
1213.000000,1.241567,1.112242,1.404110,1.744569,1.284032
1214.000000,1.315548,1.139978,1.359837,1.720036,1.275880
1215.000000,1.315407,1.165988,1.339371,1.701485,1.453950
1216.000000,1.147767,1.116166,1.255701,1.647776,0.079150
1217.000000,1.222436,1.200766,1.224732,1.624604,1.696327
1218.000000,1.085631,1.204411,1.186810,1.570576,0.454289
1219.000000,0.995875,1.224030,1.159928,1.530529,0.805789
1220.000000,0.837389,1.174844,1.141361,1.486251,0.790764
1221.000000,1.093827,1.167923,1.129002,1.450469,0.960130
1222.000000,1.101300,1.230771,1.154210,1.430736,1.904054
1223.000000,1.424882,1.277500,1.183850,1.393667,1.634616
1224.000000,1.372302,1.216755,1.184847,1.345026,0.445000
1225.000000,1.209107,1.065214,1.162914,1.304890,-0.056687
1226.000000,1.096386,1.185189,1.163559,1.250675,0.458496
1227.000000,0.722877,1.002765,1.178781,1.199190,0.381090
1228.000000,0.167580,0.908905,1.157316,1.154461,-0.583135
1229.000000,0.159356,0.873198,1.161398,1.126822,0.437956
1230.000000,0.306357,0.851810,1.117618,1.107897,0.544841
1231.000000,0.718010,1.009500,1.160888,1.118488,2.049422
1232.000000,1.659694,1.298107,1.302550,1.181548,3.337982
1233.000000,2.469650,1.490682,1.409013,1.237584,2.404694
1234.000000,2.916910,1.894162,1.550588,1.309908,2.537562
1235.000000,2.975491,2.166785,1.619483,1.355754,1.767965
1236.000000,2.926827,2.456190,1.882900,1.443327,2.386297
1237.000000,2.689663,2.718160,2.003701,1.563656,2.472926
1238.000000,2.531644,2.879989,2.162701,1.665383,1.969968
1239.000000,2.275946,2.826008,2.221325,1.741601,1.550355
1240.000000,2.081440,2.686259,2.208937,1.751787,1.087877
1241.000000,1.594559,2.361823,2.091535,1.722341,0.150993
1242.000000,1.091703,1.975251,1.935531,1.684454,0.128716
1243.000000,0.657477,1.690105,1.798091,1.631391,-0.012586
1244.000000,0.039981,1.255983,1.632635,1.507601,-1.172353
1245.000000,-1234.000000,-1234.000000,-1234.000000,-1234.000000,-1234.000000
