0.000000,5.385165,5.385165,5.385165,5.385165,-0.169620
1.000000,3.745323,3.749244,3.740493,3.740972,0.009710
2.000000,3.023111,3.012589,2.998062,2.999288,0.540739
3.000000,2.581014,2.565423,2.546730,2.548473,0.426417
4.000000,2.275825,2.253227,2.233969,2.235265,0.757908
5.000000,2.042232,2.019907,1.999649,2.000089,1.246319
6.000000,1.854274,1.834394,1.812501,1.812813,0.950402
7.000000,1.693785,1.686172,1.658312,1.658147,0.637980
8.000000,1.555400,1.557240,1.527212,1.526596,0.106133
9.000000,1.430519,1.443593,1.414556,1.411687,-0.279714
10.000000,1.323205,1.342757,1.319070,1.311567,0.607609
11.000000,1.232808,1.253877,1.234336,1.222758,1.056266
12.000000,1.154226,1.172113,1.156796,1.141691,1.192546
13.000000,1.084113,1.096785,1.085157,1.066978,0.911276
14.000000,1.023293,1.026513,1.017757,0.998274,1.035237
15.000000,0.961817,0.959814,0.954805,0.934395,1.200559
16.000000,0.901394,0.898539,0.895946,0.873915,1.273009
17.000000,0.834837,0.837494,0.840705,0.815385,0.178591
18.000000,0.773041,0.781092,0.787145,0.759605,0.151391
19.000000,0.714041,0.729285,0.735686,0.707155,0.350341
20.000000,0.657483,0.676895,0.684224,0.658166,0.631288
21.000000,0.598960,0.622669,0.633075,0.609725,0.328614
22.000000,0.550202,0.568288,0.581415,0.560988,0.274378
23.000000,0.503074,0.515755,0.530493,0.512400,0.421143
24.000000,0.451690,0.460980,0.477867,0.461691,0.211749
25.000000,0.392637,0.401874,0.421719,0.408576,-0.074335
26.000000,0.332143,0.337922,0.363332,0.352668,-0.063763
27.000000,0.260477,0.272089,0.299805,0.294459,-0.548791
28.000000,0.170449,0.194222,0.230347,0.228250,-0.325847
29.000000,-0.403952,0.124793,0.967407,2.461690,-0.839810
30.000000,-0.992895,-0.239514,0.783639,2.105550,-2.447558
31.000000,-1.776042,-0.608360,0.563769,1.822517,-2.059113
32.000000,-2.320118,-1.073886,0.314555,1.502845,-2.026974
33.000000,-2.577037,-1.586201,0.105631,1.265282,-1.630396
34.000000,-2.509561,-2.009097,-0.126923,1.013893,-1.396541
35.000000,-2.245219,-2.319040,-0.443682,0.658978,-1.798405
36.000000,-2.186346,-2.530639,-0.839060,0.321924,-2.047842
37.000000,-2.211188,-2.568174,-1.145970,-0.010491,-2.284173
38.000000,-2.310288,-2.609710,-1.502540,-0.287025,-2.275906
39.000000,-2.364072,-2.566489,-1.892937,-0.505136,-2.066270
40.000000,-2.217152,-2.337609,-2.172491,-0.810471,-1.505352
41.000000,-2.057617,-2.194028,-2.288374,-1.188819,-1.513367
42.000000,-1.890353,-2.088828,-2.323786,-1.573867,-1.600672
43.000000,-1.695331,-2.011137,-2.308345,-1.844900,-1.413187
44.000000,-1.592886,-1.983124,-2.272075,-2.088909,-1.578703
45.000000,-1.699421,-1.977613,-2.245209,-2.315953,-2.010859
46.000000,-1.903856,-2.005490,-2.253588,-2.499463,-2.451651
47.000000,-2.019975,-1.980576,-2.221867,-2.485080,-2.167678
48.000000,-2.132835,-1.948139,-2.209301,-2.449536,-2.057888
49.000000,-2.329235,-2.020189,-2.242269,-2.472172,-2.588362
50.000000,-2.388980,-2.116097,-2.216879,-2.473928,-2.400131
51.000000,-2.144661,-2.063972,-2.126459,-2.362284,-1.337525
52.000000,-1.918129,-1.978510,-2.030645,-2.250514,-1.053978
53.000000,-1.659501,-1.879532,-1.937977,-2.144612,-0.679275
54.000000,-1.352037,-1.812622,-1.885490,-2.068984,-0.976497
55.000000,-1.035682,-1.710423,-1.822032,-1.992432,-0.888902
56.000000,-0.957397,-1.586228,-1.762366,-1.934581,-0.973415
57.000000,-0.945411,-1.488116,-1.700133,-1.880159,-0.999677
58.000000,-0.948580,-1.365751,-1.623980,-1.831395,-0.645320
59.000000,-0.869967,-1.167327,-1.560200,-1.785866,-0.562673
60.000000,-0.791470,-0.957725,-1.519233,-1.717629,-0.479809
61.000000,-0.712623,-0.879892,-1.486860,-1.669789,-0.603289
62.000000,-0.604414,-0.826809,-1.449152,-1.623870,-0.516066
63.000000,-0.545608,-0.806477,-1.415648,-1.586392,-0.348796
64.000000,-0.318048,-0.661122,-1.340279,-1.531053,0.626823
65.000000,-0.114055,-0.528956,-1.253159,-1.476504,0.536113
66.000000,0.046088,-0.417858,-1.161037,-1.433536,0.046764
67.000000,0.181365,-0.298655,-1.080278,-1.387540,-0.050100
68.000000,0.192862,-0.263722,-1.013334,-1.351890,-0.454105
69.000000,0.032948,-0.192954,-0.872989,-1.312899,0.000000
70.000000,-0.120130,-0.132585,-0.723666,-1.296526,-0.041332
71.000000,-0.224654,-0.078613,-0.667217,-1.290825,-0.381437
72.000000,-0.272373,-0.011515,-0.625543,-1.279962,-0.202889
73.000000,-0.084992,0.097224,-0.598503,-1.268182,0.337625
74.000000,0.141864,0.099843,-0.510578,-1.239585,0.981998
75.000000,0.384732,0.101934,-0.427046,-1.196178,0.773415
76.000000,0.863390,0.288641,-0.292925,-1.114769,1.074746
77.000000,1.083570,0.436196,-0.154040,-1.051324,0.462823
78.000000,1.086822,0.729166,-0.036662,-0.982510,0.426341
79.000000,0.996654,0.920534,0.124580,-0.833217,0.787682
80.000000,0.898252,0.963661,0.266110,-0.668886,0.317029
81.000000,0.480254,0.957894,0.402255,-0.605899,-0.784740
82.000000,0.345149,0.988848,0.592871,-0.548126,-0.127173
83.000000,0.319895,0.972325,0.818865,-0.513311,0.441670
84.000000,-0.092978,0.772936,0.713147,-0.445296,-0.134878
85.000000,-0.299649,0.605843,0.579004,-0.378499,-0.290354
86.000000,0.347370,0.544134,0.708678,-0.228006,1.179195
87.000000,0.885991,0.755266,0.881149,-0.016346,1.529180
88.000000,0.601501,0.670179,0.950826,0.087902,-0.522598
89.000000,0.248391,0.112159,0.820095,0.159748,-1.205259
90.000000,-0.612117,-0.812991,0.571888,0.148294,-2.318544
91.000000,-2.087430,-1.527120,0.389070,0.142662,-2.309912
92.000000,-3.310525,-2.705975,0.050514,0.019353,-2.748879
93.000000,-3.398922,-3.598342,-0.456419,-0.198344,-2.459062
94.000000,-3.037883,-3.396236,-1.016760,-0.627124,-1.554989
95.000000,-2.265756,-2.792031,-1.261108,-0.807616,0.201893
96.000000,-1.740393,-2.671963,-1.663776,-0.882269,-0.166815
97.000000,-1.321941,-2.753310,-2.042704,-1.038602,-1.003024
98.000000,-0.840169,-2.514887,-2.296737,-1.014238,-0.693403
99.000000,-0.570777,-2.254530,-2.402481,-1.089315,-0.560954
100.000000,-1.150375,-2.148529,-2.530282,-1.361747,-1.992364
101.000000,-2.081744,-2.342751,-2.756814,-1.829979,-3.328186
102.000000,-2.520224,-2.352099,-2.858864,-2.197762,-2.718387
103.000000,-3.113111,-2.598303,-3.084544,-2.755254,-3.418655
104.000000,-3.304362,-2.780399,-3.092096,-3.066788,-2.884455
105.000000,-2.902277,-2.708330,-2.838211,-2.925250,-1.268331
106.000000,-2.391501,-2.562411,-2.667834,-2.767218,-0.921861
107.000000,-2.088279,-2.430320,-2.571502,-2.620377,-1.126204
108.000000,-1.659058,-2.361557,-2.447655,-2.510350,-1.236009
109.000000,-1.292880,-2.309651,-2.333600,-2.432002,-1.227770
110.000000,-1.693777,-2.414714,-2.381186,-2.516831,-2.811397
111.000000,-2.221718,-2.458939,-2.457080,-2.586968,-2.981488
112.000000,-2.504009,-2.460010,-2.454750,-2.601385,-2.507933
113.000000,-2.523192,-2.279792,-2.378414,-2.538115,-1.794390
114.000000,-2.544581,-2.164744,-2.348003,-2.482958,-1.870666
115.000000,-2.361709,-2.213525,-2.368935,-2.444640,-1.978250
116.000000,-2.154826,-2.274760,-2.371009,-2.429464,-1.973404
117.000000,-2.089536,-2.337854,-2.374035,-2.435366,-2.184743
118.000000,-2.155857,-2.379496,-2.380327,-2.414769,-2.175809
119.000000,-2.195686,-2.405781,-2.381614,-2.387896,-2.139603
120.000000,-2.162914,-2.300434,-2.338873,-2.336060,-1.917213
121.000000,-1.937724,-2.074140,-2.198949,-2.223837,-0.984629
122.000000,-1.622777,-1.863416,-2.064533,-2.101709,-0.621393
123.000000,-1.325483,-1.734395,-1.925945,-2.004839,-0.655515
124.000000,-1.003828,-1.599056,-1.804636,-1.927285,-0.539911
125.000000,-0.814248,-1.516128,-1.779415,-1.908634,-1.042738
126.000000,-0.879983,-1.462847,-1.784338,-1.903078,-1.314581
127.000000,-1.113088,-1.427859,-1.807991,-1.910825,-1.703955
128.000000,-1.326400,-1.377698,-1.821047,-1.916006,-1.616858
129.000000,-1.591370,-1.336863,-1.840141,-1.927247,-1.738780
130.000000,-1.737118,-1.313380,-1.807499,-1.922858,-1.708991
131.000000,-1.730783,-1.353100,-1.737747,-1.881965,-1.281731
132.000000,-1.676833,-1.454868,-1.693662,-1.857545,-1.451101
133.000000,-1.663884,-1.565383,-1.685707,-1.822541,-1.570039
134.000000,-1.592604,-1.667116,-1.665837,-1.787462,-1.424354
135.000000,-1.445805,-1.665167,-1.619636,-1.768543,-1.023334
136.000000,-1.422110,-1.651053,-1.582673,-1.764085,-1.170866
137.000000,-1.383149,-1.605876,-1.539588,-1.761019,-1.275032
138.000000,-1.384359,-1.604607,-1.510596,-1.768620,-1.619349
139.000000,-1.411972,-1.581505,-1.476190,-1.773382,-1.554527
140.000000,-1.563729,-1.570693,-1.457976,-1.748498,-1.658774
141.000000,-1.695290,-1.619474,-1.502820,-1.717045,-1.743881
142.000000,-1.708611,-1.606814,-1.551694,-1.682025,-1.344144
143.000000,-1.607819,-1.565058,-1.591431,-1.662392,-1.172579
144.000000,-1.519208,-1.541027,-1.636271,-1.639989,-1.129221
145.000000,-1.404286,-1.566736,-1.647850,-1.613699,-1.104979
146.000000,-1.301440,-1.587238,-1.650043,-1.592207,-1.273517
147.000000,-1.235476,-1.564284,-1.614977,-1.554284,-1.039323
148.000000,-1.263456,-1.524147,-1.596303,-1.522088,-1.309496
149.000000,-1.292837,-1.488762,-1.565202,-1.486895,-1.282456
150.000000,-1.280762,-1.416363,-1.522515,-1.451835,-1.076812
151.000000,-1.269478,-1.353277,-1.517445,-1.464253,-1.248162
152.000000,-1.323755,-1.348526,-1.507521,-1.496991,-1.372607
153.000000,-1.275778,-1.338198,-1.479154,-1.521830,-1.142782
154.000000,-1.274590,-1.349028,-1.470982,-1.557293,-1.379540
155.000000,-1.335809,-1.357751,-1.489446,-1.569216,-1.352704
156.000000,-1.440295,-1.379191,-1.512261,-1.578511,-1.786860
157.000000,-1.556401,-1.446201,-1.533979,-1.574044,-1.947692
158.000000,-1.690642,-1.466791,-1.522853,-1.567370,-1.690706
159.000000,-1.591611,-1.429749,-1.483989,-1.534837,-0.849258
160.000000,-1.497652,-1.430043,-1.437883,-1.502941,-0.862412
161.000000,-1.175250,-1.343916,-1.358680,-1.476187,-0.092260
162.000000,-0.735363,-1.204388,-1.295808,-1.435397,0.254259
163.000000,-0.341469,-1.099867,-1.248645,-1.391637,0.129595
164.000000,-0.053083,-0.928725,-1.192336,-1.349210,0.487262
165.000000,0.099959,-0.838842,-1.168753,-1.348040,-0.361120
166.000000,0.146796,-0.651678,-1.120450,-1.332156,0.080890
167.000000,0.023502,-0.451839,-1.104883,-1.319577,-0.370965
168.000000,-0.123105,-0.275280,-1.073711,-1.291382,-0.568051
169.000000,-0.273127,-0.154302,-1.026853,-1.256424,0.055036
170.000000,-0.383904,-0.102315,-1.030825,-1.229893,-0.874780
171.000000,-0.604258,-0.179441,-1.012409,-1.193208,-0.786248
172.000000,-0.778680,-0.365514,-0.990960,-1.184249,-1.084979
173.000000,-0.936182,-0.571393,-1.002049,-1.188302,-1.215549
174.000000,-1.458101,-1.007598,-1.039875,-1.215546,-2.111293
175.000000,-1.729745,-1.305519,-1.088746,-1.245614,-2.006119
176.000000,-1.887386,-1.596429,-1.072240,-1.253869,-1.440792
177.000000,-1.938345,-1.773948,-1.026154,-1.278249,-1.299706
178.000000,-1.679703,-1.730890,-0.924736,-1.256451,-0.101999
179.000000,-0.896786,-1.570871,-0.821885,-1.202882,1.225108
180.000000,0.010835,-1.204302,-0.666022,-1.157193,1.597382
181.000000,0.734760,-0.886535,-0.615391,-1.098790,1.272679
182.000000,1.376924,-0.469939,-0.600091,-1.016367,1.245960
183.000000,1.864614,0.208586,-0.435335,-0.906516,1.975245
184.000000,1.981362,1.106370,-0.270160,-0.753253,1.882218
185.000000,2.013210,1.915253,0.245445,-0.568356,1.884623
186.000000,2.019990,2.350029,0.780310,-0.320224,1.560510
187.000000,2.014284,2.577921,1.502523,0.003341,1.503496
188.000000,1.879985,2.573869,2.174868,0.357696,1.490832
189.000000,1.758861,2.420113,2.483392,0.650584,1.423777
190.000000,1.534997,2.204427,2.658313,0.920330,0.931490
191.000000,1.385314,2.064749,2.722810,1.094065,0.957058
192.000000,1.128333,1.871341,2.649246,1.152477,0.385242
193.000000,0.859387,1.610415,2.555044,1.206028,0.253903
194.000000,0.478309,1.303288,2.471398,1.134842,-0.335630
195.000000,0.082431,0.936941,2.312792,1.074064,-0.881071
196.000000,-0.324912,0.616235,2.139300,0.950375,-0.879476
197.000000,-0.598332,0.309530,1.993655,0.866882,-0.849556
198.000000,-0.858758,-0.010833,1.766190,0.783381,-0.947577
199.000000,-0.942215,-0.300995,1.491235,0.668197,-0.745494
200.000000,-0.776527,-0.440522,1.295015,0.724507,-0.133895
201.000000,-0.547677,-0.540466,1.181679,0.813843,0.177662
202.000000,-0.369574,-0.591636,1.052650,0.896285,-0.022244
203.000000,-0.156552,-0.619660,0.859421,0.989827,0.027074
204.000000,0.021702,-0.572166,0.673216,1.163047,0.053632
205.000000,0.069692,-0.452506,0.475901,1.333005,0.079811
206.000000,0.042333,-0.334021,0.301374,1.459663,0.065720
207.000000,0.028230,-0.235118,0.098189,1.574072,-0.120172
208.000000,0.001822,-0.109753,-0.124609,1.606285,-0.105655
209.000000,-0.072629,-0.023792,-0.390049,1.519390,-0.280413
210.000000,-0.152438,-0.033525,-0.597477,1.408484,-0.260475
211.000000,-0.340145,-0.167320,-0.897700,1.278050,-0.765658
212.000000,-0.500021,-0.285604,-1.132878,1.130211,-0.839435
213.000000,-0.558833,-0.350922,-1.285516,0.906498,-0.381112
214.000000,-0.683177,-0.480415,-1.392721,0.555771,-0.865091
215.000000,-0.798227,-0.596225,-1.356943,0.098194,-0.812581
216.000000,-0.858638,-0.736096,-1.336606,-0.445942,-1.071016
217.000000,-0.961758,-0.880575,-1.329632,-1.067853,-1.322995
218.000000,-1.238693,-1.067414,-1.310804,-1.666596,-1.608943
219.000000,-1.447637,-1.255407,-1.329922,-2.127458,-1.776404
220.000000,-1.605765,-1.416225,-1.412581,-2.298264,-1.414737
221.000000,-1.744591,-1.543719,-1.544622,-2.404873,-1.567533
222.000000,-1.624459,-1.581674,-1.535843,-2.294984,-0.566919
223.000000,-1.388023,-1.698116,-1.532352,-2.175948,-0.432080
224.000000,-1.229072,-1.817538,-1.605442,-2.050359,-1.151710
225.000000,-1.168197,-1.920266,-1.698873,-1.889837,-1.284075
226.000000,-1.087156,-1.932213,-1.797502,-1.760692,-1.327311
227.000000,-1.317792,-1.905217,-1.909360,-1.677295,-1.650664
228.000000,-1.538288,-1.791905,-2.003649,-1.586794,-1.515698
229.000000,-1.528314,-1.621756,-2.030344,-1.509770,-1.164213
230.000000,-1.558377,-1.573704,-2.078963,-1.530100,-1.500902
231.000000,-1.499432,-1.483534,-2.052092,-1.559464,-1.194821
232.000000,-1.234022,-1.428201,-1.970623,-1.524570,-0.481299
233.000000,-1.064480,-1.421090,-1.956370,-1.512880,-0.728343
234.000000,-1.172627,-1.449042,-1.963973,-1.558413,-1.667422
235.000000,-1.174079,-1.441213,-1.956405,-1.599166,-1.497420
236.000000,-1.283164,-1.453608,-1.938484,-1.653261,-1.697502
237.000000,-1.582167,-1.456986,-1.912088,-1.711832,-1.872118
238.000000,-1.817113,-1.480822,-1.863191,-1.775106,-1.843228
239.000000,-1.793495,-1.520134,-1.787367,-1.813105,-1.534994
240.000000,-1.885028,-1.565949,-1.765491,-1.868100,-1.913706
241.000000,-1.802868,-1.582042,-1.698301,-1.866419,-1.266006
242.000000,-1.140349,-1.417050,-1.543476,-1.756177,1.487648
243.000000,-0.479901,-1.260064,-1.426142,-1.695301,1.339891
244.000000,0.503507,-0.840674,-1.214230,-1.560029,2.439629
245.000000,1.801177,-0.306216,-0.971984,-1.406508,2.714026
246.000000,2.891322,0.531873,-0.657739,-1.184317,3.080409
247.000000,2.861205,1.349420,-0.377123,-0.995153,2.057969
248.000000,2.733848,2.061953,-0.106648,-0.796407,1.680979
249.000000,2.396561,2.469262,0.134674,-0.599586,1.317491
250.000000,2.080611,2.722554,0.448995,-0.405342,1.327554
251.000000,1.621671,2.707114,0.723935,-0.222745,0.966836
252.000000,1.401177,2.458042,0.974410,-0.078161,1.065289
253.000000,1.321863,2.320890,1.309994,0.103849,1.326087
254.000000,1.376533,2.161313,1.769897,0.388575,1.569419
255.000000,1.454668,2.017189,2.156264,0.731215,1.682352
256.000000,1.532008,1.798523,2.391457,1.061254,1.399934
257.000000,1.578876,1.693693,2.519411,1.418422,1.375500
258.000000,1.626469,1.665674,2.584706,1.780395,1.599354
259.000000,1.561496,1.636953,2.543975,2.022160,1.304576
260.000000,1.466645,1.603328,2.499551,2.206943,1.251178
261.000000,1.412896,1.596486,2.415700,2.284690,1.167718
262.000000,1.400125,1.602654,2.261035,2.295732,1.328278
263.000000,1.372785,1.603639,2.161731,2.307200,1.463766
264.000000,1.396806,1.578549,2.043518,2.329669,1.432191
265.000000,1.417520,1.537096,1.928861,2.312460,1.373591
266.000000,1.484379,1.542371,1.815486,2.302117,1.522683
267.000000,1.541452,1.560826,1.763223,2.294270,1.627453
268.000000,1.536842,1.535478,1.719590,2.264309,1.443405
269.000000,1.511441,1.526404,1.686719,2.216432,1.288916
270.000000,1.510819,1.527647,1.658376,2.185168,1.337833
271.000000,1.506987,1.552663,1.655168,2.146882,1.505403
272.000000,1.501723,1.578755,1.657919,2.062171,1.651822
273.000000,1.565531,1.605057,1.657217,2.004018,1.758796
274.000000,1.670752,1.639182,1.647805,1.934402,1.764514
275.000000,1.734847,1.673145,1.630175,1.863949,1.667261
276.000000,1.708672,1.657976,1.617687,1.776507,1.451651
277.000000,1.642652,1.617543,1.604678,1.722466,1.392639
278.000000,1.615059,1.625203,1.592006,1.692813,1.635145
279.000000,1.547517,1.630957,1.589143,1.670686,1.450091
280.000000,1.361947,1.559661,1.558204,1.628252,0.746695
281.000000,1.229052,1.482055,1.536236,1.601964,0.749729
282.000000,1.101492,1.390918,1.507429,1.576537,0.705960
283.000000,0.881627,1.279236,1.467146,1.543647,0.544422
284.000000,0.727948,1.185983,1.439378,1.511920,0.793211
285.000000,0.703299,1.084393,1.409190,1.473729,0.615804
286.000000,0.728495,1.027648,1.378740,1.454817,0.897045
287.000000,0.680385,0.937760,1.323094,1.428410,0.426894
288.000000,0.616915,0.783858,1.270573,1.388464,0.146170
289.000000,0.522550,0.654980,1.236547,1.367363,0.324744
290.000000,0.535852,0.649032,1.214236,1.357848,0.724047
291.000000,0.540120,0.669977,1.195532,1.360431,1.125332
292.000000,0.691851,0.706626,1.168540,1.359033,1.236619
293.000000,0.996526,0.788186,1.137632,1.355034,1.440428
294.000000,1.218302,0.810313,1.090855,1.346909,1.011981
295.000000,0.981677,0.727702,0.999533,1.317128,-0.965463
296.000000,0.206419,0.450200,0.880855,1.256456,-2.343561
297.000000,-0.316203,0.368433,0.803088,1.211560,-0.591060
298.000000,-0.896825,0.356022,0.695981,1.180810,-0.334745
299.000000,-1.373126,0.293204,0.590155,1.159316,-0.398655
300.000000,-1.190855,0.151809,0.562498,1.140766,-0.143290
301.000000,-0.674766,-0.225174,0.511337,1.105532,-0.676123
302.000000,-0.667042,-0.728418,0.463309,1.061045,-0.507093
303.000000,-0.937052,-1.577409,0.395283,0.991790,-1.114068
304.000000,-1.573018,-2.547977,0.184727,0.881463,-2.278416
305.000000,-2.375995,-2.863512,-0.137974,0.736921,-2.776965
306.000000,-2.484798,-2.477777,-0.516709,0.622670,-1.585158
307.000000,-2.414105,-2.340964,-0.825423,0.515256,-0.891764
308.000000,-2.227353,-2.222128,-1.106595,0.359047,-0.716519
309.000000,-1.610524,-1.971548,-1.273967,0.229625,0.288040
310.000000,-0.644592,-1.732122,-1.407745,0.194963,0.816786
311.000000,0.118105,-1.421377,-1.498858,0.168759,1.044203
312.000000,0.539739,-1.259988,-1.623503,0.113404,0.479033
313.000000,0.577676,-1.204530,-1.882646,-0.002115,-0.598912
314.000000,0.141445,-1.056640,-2.072247,-0.243985,-1.195036
315.000000,-0.391897,-0.715783,-1.957537,-0.501794,-1.000878
316.000000,-0.852848,-0.507920,-1.652825,-0.821378,-0.561151
317.000000,-1.092556,-0.407975,-1.569894,-1.056685,-0.405731
318.000000,-0.917439,-0.264119,-1.481555,-1.196249,-0.013235
319.000000,-0.611162,-0.349459,-1.418610,-1.357565,-0.132453
320.000000,-0.497019,-0.641776,-1.452214,-1.593516,-0.614481
321.000000,-0.420157,-0.914934,-1.415590,-1.751799,-0.296653
322.000000,-0.600878,-1.224128,-1.493753,-1.933112,-1.073892
323.000000,-0.550297,-1.081093,-1.387867,-1.950059,0.322715
324.000000,-0.368477,-0.745786,-1.124059,-1.892400,0.737874
325.000000,-0.204607,-0.573588,-0.816710,-1.745833,-0.107828
326.000000,0.178231,-0.279442,-0.523282,-1.417190,0.858764
327.000000,1.134210,0.187020,-0.208703,-1.217888,1.603846
328.000000,1.687027,0.766290,0.196886,-1.007586,2.079179
329.000000,2.079413,1.550109,0.508164,-0.778912,2.146521
330.000000,2.701444,2.664243,0.893306,-0.487996,2.594637
331.000000,2.903138,3.246027,1.295228,-0.090078,2.457523
332.000000,2.748529,3.388409,1.696816,0.278570,1.828322
333.000000,2.477705,3.105922,2.187795,0.752971,1.492150
334.000000,2.443629,3.007012,2.769504,1.665498,2.317794
335.000000,2.182341,2.880092,2.883221,2.400262,1.657833
336.000000,1.897356,2.653325,2.780101,2.653889,1.278898
337.000000,1.894297,2.517261,2.742900,2.765859,1.872942
338.000000,1.997213,2.404750,2.680832,2.780257,2.016918
339.000000,1.825330,2.260840,2.583907,2.636996,1.608323
340.000000,1.785890,2.098311,2.527223,2.488442,1.563480
341.000000,1.823549,1.965876,2.458347,2.365451,1.593854
342.000000,1.713069,1.881586,2.416839,2.281010,1.407053
343.000000,1.575345,1.833951,2.318165,2.259997,1.376242
344.000000,1.609677,1.766713,2.266413,2.299285,1.807357
345.000000,1.661801,1.774119,2.254017,2.312126,1.856475
346.000000,1.667679,1.788041,2.194467,2.278790,1.650842
347.000000,1.701123,1.745273,2.121185,2.236303,1.592872
348.000000,1.739933,1.692525,2.047793,2.184694,1.595631
349.000000,1.684640,1.672795,1.980326,2.140581,1.542912
350.000000,1.649723,1.675791,1.915588,2.125329,1.683646
351.000000,1.609619,1.656058,1.845894,2.089525,1.461672
352.000000,1.570903,1.651649,1.803903,2.074889,1.410727
353.000000,1.507020,1.638546,1.771890,2.026628,1.273048
354.000000,1.392338,1.554526,1.690298,1.967290,0.936471
355.000000,1.238592,1.464976,1.640912,1.931543,0.903744
356.000000,0.975986,1.328425,1.573872,1.853387,0.026615
357.000000,0.601052,1.153459,1.466739,1.757644,-0.588662
358.000000,0.274135,0.997696,1.371587,1.676740,-0.282199
359.000000,0.115790,0.888319,1.323231,1.621733,0.361412
360.000000,0.009240,0.766507,1.288854,1.566579,0.625576
361.000000,0.055264,0.628604,1.241523,1.505138,0.257953
362.000000,0.110270,0.420796,1.181395,1.446920,-0.472968
363.000000,-0.022533,0.159726,1.106733,1.391213,-1.041038
364.000000,-0.433632,-0.129648,0.982593,1.297073,-1.479394
365.000000,-0.992485,-0.469916,0.835684,1.221226,-1.705857
366.000000,-1.751998,-0.848832,0.635065,1.126544,-2.756082
367.000000,-2.002075,-1.015094,0.467852,1.042995,-1.573437
368.000000,-2.057931,-1.221553,0.272493,0.949121,-1.479055
369.000000,-1.942897,-1.460296,0.064726,0.878813,-1.134036
370.000000,-1.786034,-1.704014,-0.202978,0.807033,-1.095551
371.000000,-1.347703,-1.816365,-0.474665,0.740395,-0.771367
372.000000,-1.142754,-1.797836,-0.774721,0.682683,-0.658736
373.000000,-0.872714,-1.660437,-1.063673,0.638768,-0.263495
374.000000,-0.609990,-1.444516,-1.289973,0.568642,0.049641
375.000000,-0.456292,-1.275065,-1.530470,0.446611,-0.407628
376.000000,-0.492729,-1.051103,-1.669600,0.274147,-0.944549
377.000000,-0.875488,-1.148935,-1.845351,-0.060632,-2.240067
378.000000,-1.629130,-1.418104,-2.131388,-0.645264,-3.066564
379.000000,-2.153052,-1.593739,-2.286576,-1.306018,-2.238445
380.000000,-2.281443,-1.624277,-2.291122,-1.935010,-1.355114
381.000000,-2.297971,-1.688423,-2.248857,-2.431690,-1.341625
382.000000,-2.174488,-1.810737,-2.194946,-2.719204,-1.664887
383.000000,-1.847936,-1.953714,-2.117233,-2.775212,-1.562103
384.000000,-1.628525,-2.070627,-2.011357,-2.677130,-1.260037
385.000000,-1.685633,-2.170619,-1.945431,-2.587501,-1.595868
386.000000,-1.683733,-2.178605,-1.825391,-2.430465,-1.344667
387.000000,-1.522131,-2.022780,-1.754441,-2.253762,-0.986562
388.000000,-1.267265,-1.704952,-1.660396,-2.099572,-0.438842
389.000000,-0.984907,-1.434160,-1.567894,-1.979402,0.050663
390.000000,-0.566167,-1.252318,-1.476719,-1.880470,0.348637
391.000000,-0.121756,-1.043394,-1.399621,-1.774048,0.657127
392.000000,0.296111,-0.767871,-1.334012,-1.658004,0.777181
393.000000,0.719867,-0.421537,-1.267843,-1.521477,1.272152
394.000000,0.946345,-0.132361,-1.244957,-1.402564,0.916657
395.000000,1.063733,0.225309,-1.204526,-1.293510,0.814743
396.000000,0.853511,0.425388,-1.199640,-1.198734,-0.202136
397.000000,0.450508,0.473910,-1.157309,-1.188061,-0.904565
398.000000,0.094910,0.531597,-0.965113,-1.147274,-0.216938
399.000000,-0.328324,0.405592,-0.868359,-1.156175,-0.828738
400.000000,-0.769367,0.191476,-0.866462,-1.180088,-1.009061
401.000000,-0.776101,0.051157,-0.795670,-1.181730,-0.226891
402.000000,-0.488693,-0.022797,-0.631333,-1.167426,0.315550
403.000000,-0.278473,-0.121812,-0.422589,-1.161775,0.717857
404.000000,0.159204,-0.131773,-0.199671,-1.171217,0.984778
405.000000,0.792981,-0.063255,0.162642,-1.147092,1.391729
406.000000,1.268362,0.225889,0.596285,-1.096619,1.451023
407.000000,1.595790,0.727884,1.117661,-0.937467,1.552354
408.000000,1.734247,1.096989,1.608672,-0.627470,1.610783
409.000000,1.766978,1.530299,1.951880,-0.315450,1.509373
410.000000,1.787174,1.959139,2.191008,0.000638,1.717342
411.000000,1.721026,2.074039,2.205494,0.361597,1.266347
412.000000,1.537876,1.996393,2.072853,0.810380,0.772467
413.000000,1.342519,1.878199,1.857969,1.307946,0.718767
414.000000,1.068338,1.708238,1.655106,1.680710,0.210909
415.000000,0.888320,1.625118,1.576295,2.115021,0.925418
416.000000,0.941322,1.643816,1.707891,2.422480,1.556424
417.000000,1.194825,1.695594,1.928548,2.558800,1.838178
418.000000,1.423809,1.706678,2.001574,2.517442,1.601753
419.000000,1.651867,1.661334,2.077890,2.368306,1.119532
420.000000,1.516752,1.484353,2.090794,2.165289,0.396275
421.000000,1.193513,1.341080,2.009962,1.967534,0.187280
422.000000,0.834543,1.278046,1.906460,1.807508,0.276412
423.000000,0.507153,1.197384,1.786103,1.628220,0.191315
424.000000,0.379159,1.240064,1.701391,1.528754,0.574342
425.000000,0.482581,1.210228,1.624586,1.467184,0.835631
426.000000,0.373871,0.947521,1.482099,1.417855,-0.278899
427.000000,-0.013519,0.499101,1.263612,1.359928,-1.465528
428.000000,-0.410177,0.062468,1.036380,1.253887,-1.547424
429.000000,-0.927404,-0.319094,0.814928,1.205879,-1.632536
430.000000,-1.485858,-0.555660,0.591734,1.204748,-1.378239
431.000000,-1.803009,-0.777117,0.390704,1.153111,-1.431475
432.000000,-1.557822,-0.879158,0.315120,1.132793,-0.248160
433.000000,-1.403274,-1.064499,0.182578,1.063593,-0.866682
434.000000,-1.137756,-1.301371,0.115207,1.003891,-0.611716
435.000000,-1.133158,-1.705371,-0.136824,0.875339,-1.384692
436.000000,-1.151820,-1.903488,-0.523898,0.722683,-1.503623
437.000000,-1.309197,-1.781256,-0.919277,0.568201,-0.977667
438.000000,-0.987988,-1.436881,-1.121721,0.492547,0.405883
439.000000,-0.494207,-0.947845,-1.125602,0.506025,1.382755
440.000000,0.301943,-0.463134,-0.960296,0.529444,1.751463
441.000000,1.050596,-0.035649,-0.807743,0.580713,1.365175
442.000000,1.581000,0.199997,-0.687513,0.718449,1.190530
443.000000,1.784563,0.566655,-0.513394,0.960816,1.402032
444.000000,1.936850,1.041083,-0.247782,1.621098,2.124518
445.000000,1.970701,1.578595,-0.003148,2.232714,1.997086
446.000000,1.930767,1.950887,0.346135,2.455179,1.419618
447.000000,1.866214,2.134285,0.835820,2.359034,1.157592
448.000000,1.769743,2.120694,1.303163,2.223523,1.139663
449.000000,1.470454,1.960877,1.646633,2.081723,0.799031
450.000000,1.291090,1.841657,1.952732,2.222040,1.212778
451.000000,1.399317,1.870431,2.298246,2.528562,1.884303
452.000000,1.597208,1.933761,2.457297,2.739967,2.017748
453.000000,1.712591,1.925894,2.551510,2.809439,1.715064
454.000000,1.779227,1.793148,2.522093,2.702458,1.297568
455.000000,1.685009,1.635430,2.484568,2.516069,0.932850
456.000000,1.415075,1.511262,2.411728,2.433229,0.636764
457.000000,1.126190,1.426113,2.312028,2.455872,0.647298
458.000000,0.898757,1.354309,2.159342,2.459838,0.660076
459.000000,0.786933,1.338604,2.002298,2.454975,0.810509
460.000000,0.760591,1.289345,1.858766,2.403586,0.827053
461.000000,0.781355,1.162251,1.749242,2.339657,0.703573
462.000000,0.730044,0.981217,1.642259,2.198956,0.349926
463.000000,0.710828,0.845743,1.550562,2.126082,0.535340
464.000000,0.808520,0.828553,1.470638,2.099443,1.290317
465.000000,0.985266,0.896633,1.418594,2.124061,1.678653
466.000000,1.165770,0.994569,1.391944,2.132822,1.541245
467.000000,1.279792,1.012387,1.341988,2.076070,0.476142
468.000000,1.459908,1.070772,1.318665,1.996126,0.951174
469.000000,1.435893,1.108985,1.319246,1.894578,0.893250
470.000000,0.958588,1.040250,1.255196,1.761583,-0.413844
471.000000,0.376447,0.969223,1.141587,1.657174,-0.614685
472.000000,0.197419,1.007331,1.024807,1.582362,-0.233318
473.000000,-0.860019,0.742436,0.836928,1.446271,-2.518902
474.000000,-1.938193,0.141825,0.659082,1.276755,-2.424183
475.000000,-2.297672,-0.704683,0.518548,1.127513,-1.839157
476.000000,-2.567001,-1.702335,0.364253,0.995308,-2.092711
477.000000,-2.717419,-2.259720,0.189502,0.885595,-1.830322
478.000000,-2.415898,-2.667470,-0.021834,0.778860,-1.703961
479.000000,-2.228925,-2.907019,-0.332482,0.677272,-1.875979
480.000000,-1.988663,-2.728713,-0.633709,0.583166,-1.046925
481.000000,-1.662292,-2.507529,-0.942070,0.437441,-0.799575
482.000000,-1.355895,-2.327767,-1.193339,0.263654,-0.556968
483.000000,-0.874611,-1.861088,-1.318753,0.147484,0.474100
484.000000,-0.064567,-1.290515,-1.354445,0.139207,1.697248
485.000000,0.636844,-0.780518,-1.362294,0.190185,1.824078
486.000000,1.142713,-0.311233,-1.365118,0.246557,1.277094
487.000000,1.601790,0.187574,-1.120786,0.348755,1.514839
488.000000,1.785795,0.684430,-0.927375,0.480925,1.486301
489.000000,1.679907,1.178352,-0.754987,0.603101,1.321410
490.000000,1.422310,1.424815,-0.557088,0.653802,0.735676
491.000000,1.116931,1.480541,-0.500285,0.587799,-0.052933
492.000000,0.667334,1.419595,-0.578531,0.481765,-0.516749
493.000000,0.346659,1.324276,-0.299180,0.432683,0.036911
494.000000,0.219166,1.196192,0.147079,0.355197,0.752965
495.000000,0.262902,1.076646,0.575473,0.207872,0.932712
496.000000,0.402568,0.976084,0.986434,0.012970,0.559205
497.000000,0.455027,0.719525,1.201887,-0.173391,-0.314892
498.000000,0.369382,0.457320,1.404517,-0.451413,-0.362975
499.000000,0.099613,0.205609,1.648817,-0.738868,-0.408950
500.000000,-0.177593,0.061655,1.784535,-0.758465,-0.235812
501.000000,-0.159391,0.165014,1.999975,-0.477143,0.639862
502.000000,0.191658,0.421163,2.195559,-0.056656,1.149587
503.000000,0.422462,0.509039,2.094115,0.730388,0.620032
504.000000,0.774452,0.556156,1.914582,1.764368,1.117015
505.000000,1.203006,0.657104,1.810996,2.608461,1.640876
506.000000,1.519566,0.877524,1.837438,3.164933,2.023913
507.000000,1.793503,1.262544,1.863025,3.347089,2.252228
508.000000,1.908589,1.468703,1.736888,3.173079,1.137821
509.000000,1.973631,1.714600,1.676029,3.065737,1.396533
510.000000,1.836576,1.871460,1.642621,2.849005,0.933491
511.000000,1.750922,2.005734,1.774347,2.731991,1.591792
512.000000,1.536218,2.064669,1.912065,2.607679,1.341752
513.000000,1.771052,2.281805,2.045665,2.509955,2.051678
514.000000,1.712010,2.273260,2.015794,2.303075,1.245768
515.000000,1.759648,2.178889,1.988859,2.134019,1.326810
516.000000,1.709207,2.050656,2.025711,2.041117,1.511894
517.000000,1.874350,1.979652,2.186503,1.997041,2.130601
518.000000,1.776228,1.981119,2.268574,1.925586,1.652574
519.000000,1.770544,1.910510,2.302058,1.852935,1.364078
520.000000,1.851642,1.958785,2.347709,1.858361,1.802059
521.000000,1.966775,1.989572,2.360131,1.931832,2.136079
522.000000,1.904851,2.006082,2.324910,1.996755,1.910752
523.000000,1.974576,1.981890,2.334444,2.035517,2.060012
524.000000,2.114238,2.042122,2.319430,2.048240,2.144070
525.000000,2.093060,2.048044,2.250463,2.034094,1.815754
526.000000,1.890388,1.968426,2.124600,1.999481,1.230503
527.000000,1.656722,1.802777,1.972076,1.973174,0.773490
528.000000,1.301937,1.640718,1.856237,1.924090,0.206362
529.000000,0.883379,1.507190,1.736661,1.880035,-0.010588
530.000000,0.451114,1.325171,1.638535,1.829906,-0.310680
531.000000,-0.018128,1.048833,1.491612,1.734351,-1.007888
532.000000,-0.429076,0.781718,1.367597,1.637007,-1.039730
533.000000,-0.861620,0.409338,1.190382,1.543090,-1.671640
534.000000,-1.544463,-0.185470,0.977196,1.378842,-2.753237
535.000000,-1.793491,-0.655263,0.845811,1.270053,-1.383853
536.000000,-1.808732,-1.053638,0.713178,1.155757,-1.169051
537.000000,-1.714156,-1.321403,0.561770,1.048051,-0.768516
538.000000,-1.534245,-1.495354,0.417573,0.980036,-0.863420
539.000000,-1.095112,-1.592797,0.286052,0.907496,-0.747603
540.000000,-0.942515,-1.622840,0.104382,0.856584,-0.698856
541.000000,-0.950392,-1.628381,-0.193977,0.738204,-1.202198
542.000000,-0.960760,-1.576140,-0.481832,0.650579,-0.826212
543.000000,-0.928942,-1.446141,-0.823134,0.522952,-0.737028
544.000000,-0.958151,-1.204719,-1.245204,0.409599,-0.897263
545.000000,-0.938117,-1.099285,-1.619006,0.301238,-0.630574
546.000000,-0.835993,-1.036555,-1.903108,0.148843,-0.738013
547.000000,-0.951864,-1.103375,-2.123739,-0.165512,-1.350767
548.000000,-1.025188,-1.121649,-2.171257,-0.482060,-1.089321
549.000000,-1.011839,-1.121707,-2.130269,-0.818970,-0.851697
550.000000,-1.153555,-1.185469,-2.093196,-1.369015,-1.302393
551.000000,-1.233384,-1.168029,-1.985475,-1.974033,-1.141305
552.000000,-1.171159,-1.185912,-1.885210,-2.418284,-1.076183
553.000000,-1.146256,-1.201204,-1.755277,-2.663695,-0.983757
554.000000,-1.175991,-1.197895,-1.561438,-2.745755,-0.970307
555.000000,-0.943133,-1.145270,-1.424182,-2.632971,0.024190
556.000000,-0.792165,-1.121258,-1.335864,-2.492733,-0.310779
557.000000,-0.641331,-1.026431,-1.285662,-2.340233,-0.328654
558.000000,-0.522018,-0.982413,-1.246162,-2.189494,-0.547764
559.000000,-0.186704,-0.916387,-1.188586,-2.031455,0.431184
560.000000,-0.193295,-0.785390,-1.153669,-1.903788,0.194067
561.000000,-0.108052,-0.671609,-1.090936,-1.772278,0.000000
562.000000,0.046562,-0.524362,-1.057970,-1.660139,0.158651
563.000000,0.449656,-0.278926,-1.016639,-1.523080,0.622284
564.000000,0.738750,0.201479,-0.925389,-1.303676,1.630137
565.000000,1.212353,0.537913,-0.840322,-1.166458,1.957535
566.000000,1.391262,0.802145,-0.784681,-1.077221,0.779371
567.000000,1.597651,1.114749,-0.635340,-1.006677,1.149031
568.000000,1.813520,1.553815,-0.461932,-0.914371,1.779644
569.000000,1.830406,1.737152,-0.284491,-0.829330,1.789009
570.000000,1.344831,1.628494,-0.102189,-0.807128,-0.015586
571.000000,1.063358,1.504977,0.078033,-0.757939,-0.361944
572.000000,0.573434,1.289965,0.255995,-0.757141,-0.887905
573.000000,0.326059,1.277648,0.645087,-0.707385,0.733487
574.000000,-0.066600,1.088026,1.067724,-0.659215,0.270232
575.000000,0.069955,0.887836,1.306988,-0.626945,0.517541
576.000000,0.269184,0.842102,1.593699,-0.587828,0.405422
577.000000,0.531544,0.691237,1.737427,-0.473015,0.128107
578.000000,0.306026,0.394116,1.797929,-0.381741,-0.137725
579.000000,0.083371,0.009938,1.573433,-0.338093,-0.613242
580.000000,-0.097920,-0.016164,1.457286,-0.139037,-0.197107
581.000000,-0.273735,0.005614,1.374844,0.111380,-0.262296
582.000000,-0.464876,0.070014,1.247445,0.448536,-0.614165
583.000000,-0.378949,-0.008404,1.180234,1.067498,0.338022
584.000000,-0.349962,-0.119921,0.911415,1.679087,-0.526763
585.000000,-0.526939,-0.325227,0.562121,1.716682,-0.812549
586.000000,-0.868177,-0.624225,0.306458,1.599292,-1.404170
587.000000,-0.917205,-0.803212,0.066246,1.515332,-0.763484
588.000000,-1.124779,-0.882209,-0.234387,1.554361,-0.323177
589.000000,-1.949702,-1.418151,-0.943669,0.809360,-3.106646
590.000000,-2.360761,-1.902386,-1.309200,0.233851,-2.355790
591.000000,-2.337219,-2.141761,-1.511748,-0.183551,-1.626430
592.000000,-2.779101,-2.524193,-1.874812,-1.218234,-2.851523
593.000000,-3.047113,-2.831866,-2.396778,-2.438722,-2.644143
594.000000,-2.713963,-2.816130,-2.610871,-3.126522,-2.131740
595.000000,-2.358109,-2.609392,-2.593074,-3.202299,-1.175429
596.000000,-2.132608,-2.376005,-2.501086,-2.986286,-0.871109
597.000000,-1.808396,-2.299535,-2.426224,-2.908827,-1.269529
598.000000,-1.596380,-2.316825,-2.368914,-2.917238,-1.648137
599.000000,-1.433452,-2.113224,-2.257863,-2.850918,-1.417594
600.000000,-1.526883,-2.012562,-2.214037,-2.674651,-1.610433
601.000000,-1.777784,-2.034554,-2.214134,-2.564102,-2.019146
602.000000,-1.819400,-1.887182,-2.162453,-2.408321,-1.579765
603.000000,-1.714859,-1.721043,-2.133746,-2.343018,-1.275610
604.000000,-1.691489,-1.625393,-2.092212,-2.271182,-1.389137
605.000000,-1.490640,-1.556430,-1.998934,-2.168686,-0.690281
606.000000,-1.173715,-1.504705,-1.893772,-2.066757,-0.493899
607.000000,-0.983740,-1.435707,-1.838148,-1.984528,-0.668003
608.000000,-0.952976,-1.379851,-1.834255,-1.933569,-1.133628
609.000000,-1.047869,-1.426552,-1.780898,-1.912939,-1.812786
610.000000,-1.397746,-1.498147,-1.780426,-1.934014,-2.165116
611.000000,-1.927724,-1.606046,-1.853827,-1.991296,-2.698357
612.000000,-2.392278,-1.793107,-1.884725,-2.049397,-2.760545
613.000000,-2.663423,-1.999264,-1.916495,-2.121718,-2.645980
614.000000,-2.579819,-2.051741,-1.900067,-2.114042,-1.773757
615.000000,-2.433441,-2.141924,-1.920894,-2.093936,-1.645579
616.000000,-2.129696,-2.173696,-1.921402,-2.043173,-1.214115
617.000000,-1.808566,-2.176252,-1.900224,-2.009396,-1.146246
618.000000,-1.485519,-2.140517,-1.861979,-1.988165,-1.092450
619.000000,-1.294481,-2.032474,-1.821095,-1.907469,-0.871310
620.000000,-1.060546,-1.872672,-1.757236,-1.834728,-0.554798
621.000000,-0.976228,-1.695529,-1.698100,-1.799274,-0.825605
622.000000,-0.780334,-1.431905,-1.628437,-1.709255,-0.235186
623.000000,-0.704062,-1.212698,-1.606149,-1.646520,-0.751104
624.000000,-0.688439,-1.098074,-1.582367,-1.601861,-0.808224
625.000000,-0.800905,-1.025428,-1.609088,-1.600521,-1.076575
626.000000,-0.920750,-1.043115,-1.661677,-1.622609,-1.395758
627.000000,-1.071305,-1.017469,-1.677186,-1.613464,-0.929105
628.000000,-1.089480,-0.986170,-1.666221,-1.589153,-0.811919
629.000000,-1.172429,-1.022921,-1.646086,-1.586887,-1.164737
630.000000,-1.119451,-1.060370,-1.588997,-1.566094,-0.799478
631.000000,-0.811344,-0.969155,-1.452652,-1.502194,0.053465
632.000000,-0.650142,-0.979420,-1.311809,-1.464999,-0.158398
633.000000,-0.639962,-0.994170,-1.196308,-1.462439,-0.764379
634.000000,-0.559983,-1.014104,-1.142580,-1.460232,-0.843953
635.000000,-0.613252,-1.025238,-1.108465,-1.492094,-1.090293
636.000000,-0.867116,-0.979358,-1.102994,-1.528708,-1.010258
637.000000,-1.066516,-0.987304,-1.095922,-1.556738,-0.849202
638.000000,-0.997102,-0.953671,-1.064156,-1.554933,-0.039385
639.000000,-0.968377,-0.885844,-1.066069,-1.539751,-0.339738
640.000000,-0.877210,-0.910425,-1.108855,-1.514943,-0.550392
641.000000,-0.810556,-1.189632,-1.136661,-1.461324,-0.795498
642.000000,-0.867566,-1.529049,-1.239777,-1.393282,-1.221576
643.000000,-1.260431,-1.727003,-1.303265,-1.315834,-1.583274
644.000000,-1.258104,-1.703785,-1.314109,-1.259029,-0.443136
645.000000,-1.118646,-1.448762,-1.267212,-1.193871,-0.027887
646.000000,-0.753119,-1.079341,-1.142746,-1.141234,0.545612
647.000000,-0.149207,-0.683839,-1.042789,-1.079069,0.955316
648.000000,0.536005,-0.496057,-0.947374,-1.016848,0.938786
649.000000,1.052635,-0.147088,-0.750553,-0.953279,1.459010
650.000000,1.654443,0.394412,-0.525408,-0.887614,2.187408
651.000000,1.841729,0.814582,-0.475929,-0.821762,1.346477
652.000000,1.410019,0.897619,-0.585830,-0.884712,-0.826269
653.000000,1.288907,1.269309,-0.477776,-0.869854,0.323077
654.000000,1.127951,1.519353,-0.261756,-0.834447,0.750050
655.000000,0.731603,1.707254,0.122156,-0.757658,0.848590
656.000000,0.812817,1.895189,0.714121,-0.578278,1.684008
657.000000,1.715045,2.102342,1.417172,-0.373449,2.301905
658.000000,2.189425,2.261063,1.862996,-0.125143,2.237257
659.000000,2.410551,2.248625,2.192561,0.235844,2.011170
660.000000,2.392891,2.022193,2.327301,0.555848,1.373047
661.000000,2.248168,1.970767,2.452893,0.819575,1.504929
662.000000,1.951157,2.128563,2.525612,1.175888,1.239252
663.000000,1.633243,2.088697,2.544454,1.687562,0.977810
664.000000,1.326450,1.983761,2.418048,2.154053,0.731113
665.000000,0.948866,1.764169,2.182391,2.318611,-0.292057
666.000000,0.545614,1.498091,1.956528,2.292778,-0.340083
667.000000,-0.019099,1.069368,1.665373,2.064150,-1.278919
668.000000,-0.479529,0.680924,1.448465,1.818247,-0.942455
669.000000,-0.890550,0.303093,1.223398,1.651027,-0.936157
670.000000,-1.003267,0.020839,0.983481,1.557797,-0.747570
671.000000,-1.084193,-0.287352,0.821912,1.512076,-0.678246
672.000000,-0.981916,-0.603332,0.812080,1.493586,-0.842090
673.000000,-0.812224,-0.810073,0.794069,1.573695,-0.145169
674.000000,-0.309821,-0.796415,0.874255,1.690707,1.293433
675.000000,0.175277,-0.610489,0.948001,1.752916,1.208608
676.000000,0.776619,-0.330772,0.993196,1.800270,1.537882
677.000000,1.115016,-0.038316,0.863748,1.714814,0.397719
678.000000,1.097474,0.119155,0.656174,1.595939,-0.163785
679.000000,0.756448,0.315989,0.451091,1.465437,-0.044744
680.000000,0.137217,0.245934,0.160693,1.188121,-1.187659
681.000000,-0.591911,0.137785,-0.193676,0.977156,-1.215587
682.000000,-0.684433,0.326445,-0.399620,1.076407,0.022374
683.000000,-0.336298,0.610338,-0.434905,1.217271,1.172986
684.000000,-0.173521,0.475835,-0.532245,1.284420,0.581741
685.000000,0.424112,0.462669,-0.335730,1.413643,1.064317
686.000000,1.077167,0.408629,-0.019590,1.485971,1.218507
687.000000,1.356010,0.594521,0.640701,1.469014,1.202062
688.000000,1.315617,0.868674,1.286841,1.408596,1.104891
689.000000,1.303528,0.996811,1.762194,1.263557,0.609916
690.000000,1.407276,1.520853,2.287413,1.327849,1.501905
691.000000,1.415865,1.920423,2.527112,1.333821,1.260635
692.000000,1.391733,2.018879,2.630593,1.359762,1.123684
693.000000,1.400039,1.941847,2.575178,1.429124,1.172667
694.000000,1.455106,1.928801,2.311375,1.486004,0.934188
695.000000,1.371950,1.887675,2.165099,1.761500,1.234359
696.000000,1.347163,1.818007,2.003622,1.995370,1.239777
697.000000,1.417945,1.784320,2.031870,2.349575,1.531046
698.000000,1.442733,1.738433,2.076939,2.538296,1.354232
699.000000,1.399392,1.681009,2.020140,2.581428,0.714799
700.000000,1.160136,1.453961,2.014849,2.507268,0.036291
701.000000,1.068276,1.369386,2.073179,2.493942,0.749755
702.000000,1.102166,1.426695,2.077359,2.549057,1.705201
703.000000,1.090280,1.444196,1.958200,2.468471,1.269530
704.000000,1.251728,1.505726,1.902288,2.289661,1.301671
705.000000,1.646887,1.560711,1.842584,2.171560,1.625399
706.000000,1.832355,1.615757,1.788009,2.054821,1.705484
707.000000,1.919187,1.693468,1.785159,2.070534,2.162502
708.000000,1.830284,1.642834,1.721776,2.039426,1.114089
709.000000,1.874273,1.754974,1.742895,2.042185,1.668775
710.000000,1.824637,1.908716,1.702418,2.095011,1.552069
711.000000,1.749910,1.935212,1.675814,2.124531,1.385296
712.000000,1.730714,1.939212,1.713059,2.113762,2.189033
713.000000,1.919012,1.964157,1.743093,2.041317,1.970194
714.000000,2.009551,2.008294,1.804599,2.013009,2.097960
715.000000,2.127573,2.034097,1.851401,1.973285,2.158005
716.000000,2.153368,2.009993,1.866663,1.914559,1.694803
717.000000,1.949549,1.889299,1.833492,1.851760,1.303199
718.000000,1.462954,1.712686,1.710281,1.736198,-0.374984
719.000000,0.859973,1.432146,1.607350,1.640837,-0.926350
720.000000,0.308508,1.226989,1.576981,1.543517,-0.432829
721.000000,-0.185735,1.049773,1.506976,1.467907,-0.460638
722.000000,-0.553361,0.819835,1.406699,1.419147,-0.185980
723.000000,-0.431732,0.642112,1.357328,1.390638,0.201228
724.000000,-0.230436,0.399329,1.297711,1.369343,-0.068359
725.000000,-0.227892,0.068862,1.201731,1.322725,-0.440670
726.000000,-0.119371,-0.179170,1.127923,1.294902,-0.011811
727.000000,-0.081942,-0.392628,1.009603,1.250850,-0.031693
728.000000,-0.039160,-0.295802,0.994070,1.233101,0.406843
729.000000,0.345355,0.043375,1.006224,1.295283,1.500356
730.000000,0.760784,0.281599,1.015112,1.379215,1.232301
731.000000,0.977476,0.487312,1.017556,1.412941,0.792632
732.000000,1.433282,0.804383,1.022175,1.440141,1.709667
733.000000,1.574656,0.950740,0.977534,1.453264,0.873674
734.000000,1.668665,1.322787,0.997067,1.516258,1.861192
735.000000,1.779469,1.738418,0.992898,1.562054,1.699039
736.000000,1.467837,1.704317,0.829873,1.509104,-0.334760
737.000000,1.248769,1.853225,0.822914,1.479923,0.836723
738.000000,1.305673,1.958080,1.119901,1.540646,1.113545
739.000000,1.192442,1.895533,1.575262,1.577676,1.368075
740.000000,0.901173,1.735256,1.868328,1.568342,0.545618
741.000000,1.041504,1.612184,2.140329,1.553405,0.294191
742.000000,0.928613,1.385442,2.335236,1.482245,0.407341
743.000000,0.401471,1.068051,2.183718,1.313596,-0.999807
744.000000,-0.098548,0.680016,2.092178,1.143745,-0.619489
745.000000,-0.296944,0.375881,2.076195,0.971785,-0.240639
746.000000,-0.119790,0.590428,2.144272,0.923902,1.012322
747.000000,-0.027510,0.584019,2.139615,0.885431,0.772461
748.000000,0.447681,0.538762,2.083099,1.020159,0.828586
749.000000,0.980725,0.554197,1.990945,1.268904,1.573092
750.000000,1.343011,0.665938,1.920115,1.452163,1.372126
751.000000,1.421626,0.816537,1.907598,1.635919,1.418311
752.000000,1.735194,1.033888,1.867985,1.829777,1.990224
753.000000,2.059463,1.482416,1.933377,1.983647,2.111017
754.000000,2.160846,1.830905,1.888073,2.128978,2.024692
755.000000,2.194286,2.044003,1.817356,2.239682,1.600735
756.000000,2.378938,2.208323,2.022525,2.352746,2.331535
757.000000,2.515121,2.474825,2.147670,2.474784,2.657904
758.000000,2.586576,2.671524,2.228021,2.534178,2.541550
759.000000,2.598285,2.693139,2.262003,2.491694,2.355792
760.000000,2.528519,2.623238,2.284728,2.411974,1.781691
761.000000,2.423528,2.591343,2.345184,2.385035,2.058163
762.000000,2.285974,2.515029,2.385577,2.323148,2.078636
763.000000,1.890341,2.266393,2.355121,2.195462,0.735096
764.000000,1.648408,2.120000,2.342599,2.081863,1.175021
765.000000,1.482402,2.003229,2.292587,1.976062,0.988697
766.000000,1.252143,1.845109,2.196848,1.957635,0.927042
767.000000,0.881655,1.606310,2.085803,1.861310,0.320180
768.000000,0.800346,1.389403,1.989580,1.770461,0.350201
769.000000,0.735316,1.245396,1.911914,1.714429,0.873805
770.000000,0.722914,1.162372,1.855967,1.697542,0.937028
771.000000,0.698646,1.033077,1.796839,1.683714,0.815092
772.000000,0.753172,0.865280,1.707595,1.656401,0.569418
773.000000,0.951318,0.923882,1.668835,1.717513,1.331111
774.000000,1.152426,0.988473,1.667235,1.788577,1.891975
775.000000,1.336260,1.069349,1.676508,1.840168,1.823262
776.000000,1.580953,1.170888,1.659868,1.859478,1.900458
777.000000,1.856854,1.330752,1.614892,1.880683,1.726288
778.000000,1.893744,1.462330,1.554117,1.885574,1.434730
779.000000,1.857085,1.568304,1.513782,1.880389,1.712113
780.000000,1.888635,1.701235,1.517946,1.890868,1.962723
781.000000,1.849315,1.828332,1.490657,1.888850,1.704946
782.000000,1.808665,1.967760,1.451033,1.865400,1.522954
783.000000,1.792976,1.982660,1.491313,1.833138,1.352948
784.000000,1.515557,1.822741,1.455981,1.769362,0.334887
785.000000,1.002501,1.592092,1.398901,1.695157,-0.578718
786.000000,0.620035,1.399110,1.372572,1.621538,-0.087819
787.000000,0.377264,1.280001,1.421176,1.554992,0.509991
788.000000,0.251146,1.235361,1.489972,1.500031,0.909123
789.000000,0.151617,1.025394,1.468224,1.414509,-0.087103
790.000000,0.468826,0.868994,1.490122,1.379856,0.762024
791.000000,0.837531,0.833405,1.560885,1.353759,1.458874
792.000000,1.024561,0.799386,1.634470,1.315621,1.293348
793.000000,0.922608,0.677537,1.593948,1.315133,0.484842
794.000000,0.959198,0.650697,1.484310,1.281562,0.098091
795.000000,1.048620,0.887513,1.449725,1.300100,1.177322
796.000000,1.019490,1.075670,1.418369,1.329197,1.351502
797.000000,1.041337,1.184346,1.403596,1.394170,1.397949
798.000000,1.113042,1.157856,1.370071,1.436551,0.698260
799.000000,1.450974,1.352871,1.359618,1.480942,1.456623
800.000000,1.476668,1.407392,1.308372,1.516017,1.179215
801.000000,1.458380,1.371547,1.274854,1.560492,1.131611
802.000000,1.246099,1.294392,1.208009,1.598469,0.248450
803.000000,1.262442,1.374985,1.167031,1.598533,0.464354
804.000000,1.229793,1.633476,1.271973,1.589296,1.330622
805.000000,1.145102,1.653369,1.428713,1.566257,0.874908
806.000000,1.412693,1.802296,1.614831,1.578751,2.078950
807.000000,1.956381,1.959543,1.760796,1.610647,2.250295
808.000000,2.177742,2.106864,1.823524,1.633536,1.652462
809.000000,2.193959,2.096517,1.976688,1.637886,1.706269
810.000000,2.394072,2.185895,2.069630,1.644578,2.151538
811.000000,2.064325,2.060591,1.987459,1.597540,0.986065
812.000000,1.673940,2.004219,1.903933,1.541467,0.679436
813.000000,1.509673,1.975664,1.914009,1.511211,0.983583
814.000000,1.532388,1.985959,2.022218,1.591009,1.803408
815.000000,1.383418,1.993123,2.009012,1.696673,1.581399
816.000000,1.553485,1.922490,2.003074,1.777291,1.836290
817.000000,1.853345,1.872824,2.012200,1.835299,2.084331
818.000000,2.157973,1.928573,2.089104,1.889809,2.366492
819.000000,2.428094,2.065373,2.166920,2.032842,2.935445
820.000000,2.703399,2.173565,2.261663,2.131778,2.912258
821.000000,2.753978,2.322436,2.301478,2.162903,2.450733
822.000000,2.732944,2.462417,2.357242,2.200074,2.375173
823.000000,2.523377,2.452259,2.321853,2.209446,1.665132
824.000000,2.290343,2.395522,2.274780,2.235902,1.776014
825.000000,1.975687,2.303800,2.211783,2.182576,1.326784
826.000000,1.732487,2.197998,2.116135,2.121588,1.236408
827.000000,1.545381,2.115961,2.044527,2.078663,1.458405
828.000000,1.596523,2.073838,2.035147,2.087674,1.892457
829.000000,1.461112,1.902898,1.969434,2.025114,1.127630
830.000000,1.446325,1.747866,1.907622,1.984992,1.265000
831.000000,1.424873,1.617950,1.885763,1.943074,1.142282
832.000000,1.323367,1.471781,1.866487,1.912134,0.948297
833.000000,1.118166,1.392796,1.839382,1.877976,0.893265
834.000000,1.079505,1.307580,1.791013,1.835904,0.930520
835.000000,1.158110,1.342337,1.796400,1.840133,1.669997
836.000000,1.066075,1.288346,1.739515,1.780138,0.664520
837.000000,1.151529,1.277563,1.713936,1.749720,1.339644
838.000000,1.184520,1.183426,1.662041,1.720556,1.020700
839.000000,1.217686,1.180002,1.588958,1.695126,1.060640
840.000000,1.094376,1.163906,1.509848,1.663767,1.095156
841.000000,1.242588,1.189071,1.459222,1.671866,1.363120
842.000000,1.354878,1.292166,1.432240,1.706952,1.921781
843.000000,1.489086,1.375929,1.428568,1.725236,1.653861
844.000000,1.619710,1.456568,1.417065,1.723644,1.641215
845.000000,1.528407,1.336670,1.379836,1.691901,0.345951
846.000000,1.343650,1.331533,1.345047,1.654472,0.125399
847.000000,0.974711,1.243916,1.298581,1.614410,0.043049
848.000000,0.513607,1.162988,1.205699,1.559024,-0.526103
849.000000,-0.063936,1.074015,1.166918,1.486360,-0.462553
850.000000,-0.600535,0.845941,1.072387,1.379298,-1.681895
851.000000,-1.566295,0.294266,0.907452,1.239895,-3.028453
852.000000,-2.169428,-0.427842,0.767592,1.108479,-2.229546
853.000000,-2.283700,-1.061859,0.660445,1.027021,-1.415237
854.000000,-2.385811,-1.724581,0.523825,0.928295,-1.523835
855.000000,-2.197463,-1.993624,0.310891,0.857675,-1.205253
856.000000,-1.660444,-2.063039,0.210244,0.806472,-0.722471
857.000000,-1.301487,-2.067733,0.006633,0.736930,-0.698657
858.000000,-1.160635,-2.008969,-0.213754,0.617403,-0.845090
859.000000,-0.753374,-1.815330,-0.367036,0.591011,0.220878
860.000000,-0.302259,-1.466669,-0.495540,0.576856,0.732486
861.000000,0.168156,-0.886666,-0.605466,0.604142,1.255229
862.000000,0.618123,-0.402846,-0.825741,0.653049,1.177325
863.000000,1.183652,0.045956,-0.911534,0.751488,1.553937
864.000000,1.373253,0.450152,-1.062265,0.832527,1.117120
865.000000,1.380269,0.763620,-0.971933,0.813654,0.871353
866.000000,1.267532,0.988261,-0.826859,0.920828,0.821988
867.000000,1.147617,1.173900,-0.677359,0.939429,0.692968
868.000000,0.893483,1.322719,-0.501768,0.981853,0.446938
869.000000,0.725347,1.312442,-0.350037,1.019836,0.383992
870.000000,0.652313,1.263576,0.014211,1.102033,0.552061
871.000000,0.542761,1.122191,0.596878,1.069616,0.334825
872.000000,0.395708,0.957944,0.996759,0.692463,0.030404
873.000000,0.519843,0.879188,1.443220,0.577026,1.020817
874.000000,0.769636,0.926603,1.950242,0.584989,1.492732
875.000000,0.904407,0.957971,2.240695,0.874663,1.128850
876.000000,1.183883,1.058872,2.445998,1.352785,1.541622
877.000000,1.467937,1.153238,2.542078,1.749869,1.385122
878.000000,1.504001,1.260952,2.571336,2.136755,1.290859
879.000000,1.645987,1.493552,2.573101,2.616185,2.097894
880.000000,1.836088,1.675648,2.507235,2.979649,2.058958
881.000000,1.949407,1.856404,2.408435,3.245326,2.176024
882.000000,2.016059,1.988102,2.296108,3.205179,1.870438
883.000000,2.098227,2.012022,2.177500,3.068288,1.859867
884.000000,1.971865,1.963424,2.076949,2.922108,1.503602
885.000000,1.936715,2.002178,2.045071,2.815512,1.884842
886.000000,1.688759,1.908824,1.946384,2.624615,0.937983
887.000000,1.362507,1.776016,1.821920,2.430496,0.155219
888.000000,0.740077,1.539648,1.642087,2.209574,-1.369998
889.000000,-0.241522,1.044930,1.381473,1.887585,-2.777794
890.000000,-1.047253,0.683329,1.242322,1.695222,-1.262454
891.000000,-1.390712,0.364465,1.189783,1.558576,-0.417217
892.000000,-1.443270,0.086262,1.184043,1.457081,-0.143432
893.000000,-1.084004,-0.179562,1.150280,1.363437,0.179197
894.000000,-0.299760,-0.361535,1.115124,1.314703,0.435316
895.000000,0.125898,-0.614139,1.106237,1.285646,0.450863
896.000000,0.289609,-0.740275,1.053408,1.247182,0.240149
897.000000,0.467685,-0.674298,1.040833,1.241600,0.574190
898.000000,0.555177,-0.378710,1.034585,1.248617,0.531158
899.000000,0.569115,0.190060,0.950584,1.259062,0.487793
900.000000,0.603884,0.522504,0.863477,1.270363,0.585376
901.000000,0.498742,0.567823,0.660050,1.249387,-0.217072
902.000000,0.177188,0.477295,0.399864,1.224877,-0.751445
903.000000,-0.089081,0.367416,0.109342,1.174899,-0.508619
904.000000,-0.353052,0.200605,-0.193114,1.108295,-0.500522
905.000000,-0.737200,-0.048841,-0.704735,1.042152,-0.837300
906.000000,-0.890265,-0.267752,-1.132838,0.947738,-0.803297
907.000000,-0.916342,-0.590284,-1.470762,0.851008,-0.864691
908.000000,-0.944813,-0.863230,-1.459361,0.771284,-0.645137
909.000000,-1.122076,-1.233069,-1.161766,0.502819,-1.234218
910.000000,-1.166155,-1.535548,-1.148834,0.148659,-1.065830
911.000000,-1.323110,-1.711830,-1.434391,-0.446549,-1.493680
912.000000,-1.465460,-1.774553,-1.727130,-1.168994,-1.485606
913.000000,-1.555513,-1.794844,-1.901497,-1.863123,-0.995119
914.000000,-1.485752,-1.810379,-2.046622,-2.319148,-0.887832
915.000000,-1.418879,-1.767755,-2.103075,-2.563204,-0.639230
916.000000,-1.184118,-1.729659,-2.079477,-2.498872,-0.421374
917.000000,-0.894300,-1.691212,-2.105690,-2.318836,-0.329160
918.000000,-0.823020,-1.753626,-2.164107,-2.063562,-0.799842
919.000000,-0.889791,-1.713845,-2.230556,-1.730425,-1.495020
920.000000,-1.159396,-1.746179,-2.320211,-1.670313,-1.971482
921.000000,-1.484214,-1.690052,-2.289799,-1.714214,-1.898272
922.000000,-1.782974,-1.629514,-2.212114,-1.771594,-1.778366
923.000000,-1.977420,-1.696086,-2.200943,-1.870135,-1.998205
924.000000,-1.917483,-1.696127,-2.149065,-1.923143,-1.465033
925.000000,-1.874946,-1.779688,-2.115565,-1.989734,-1.822726
926.000000,-1.612822,-1.724298,-2.001764,-1.936794,-0.655816
927.000000,-1.393474,-1.683229,-1.908138,-1.916548,-0.656241
928.000000,-1.064922,-1.571166,-1.830977,-1.878359,-0.330430
929.000000,-1.094964,-1.568361,-1.802282,-1.915045,-1.640026
930.000000,-1.148932,-1.587895,-1.823809,-1.979009,-2.195352
931.000000,-1.608180,-1.667158,-1.839765,-2.013725,-2.572732
932.000000,-1.933845,-1.699017,-1.816009,-1.994861,-1.968311
933.000000,-2.246430,-1.690153,-1.819064,-1.989774,-1.815778
934.000000,-2.261258,-1.746922,-1.828144,-1.990068,-1.826653
935.000000,-2.052426,-1.695076,-1.811290,-1.951920,-1.270280
936.000000,-1.769607,-1.780446,-1.803069,-1.921696,-1.241190
937.000000,-1.568800,-1.831566,-1.786133,-1.885383,-1.017241
938.000000,-1.241786,-1.825783,-1.711726,-1.835077,-0.212550
939.000000,-0.946593,-1.707293,-1.647015,-1.770409,-0.449712
940.000000,-0.700549,-1.503215,-1.556849,-1.706356,-0.118139
941.000000,-0.414577,-1.227659,-1.466983,-1.618464,0.023835
942.000000,-0.203105,-1.025434,-1.392431,-1.540352,-0.129931
943.000000,-0.267067,-0.873137,-1.322790,-1.504197,-0.501995
944.000000,-0.197867,-0.667431,-1.268726,-1.461779,-0.149492
945.000000,-0.167401,-0.508506,-1.181781,-1.426331,0.035463
946.000000,-0.357675,-0.441897,-1.222071,-1.431711,-0.850657
947.000000,-0.648931,-0.468200,-1.294869,-1.459472,-1.454879
948.000000,-0.813547,-0.591391,-1.377861,-1.463966,-1.178838
949.000000,-1.194082,-0.736276,-1.395375,-1.472128,-1.554373
950.000000,-1.359734,-0.801598,-1.312805,-1.432247,-0.312153
951.000000,-1.399567,-0.977889,-1.217729,-1.413851,-0.901402
952.000000,-1.673801,-1.383288,-1.252953,-1.453727,-2.406221
953.000000,-2.170893,-1.862758,-1.353525,-1.511439,-2.870539
954.000000,-2.642239,-2.478764,-1.517782,-1.631873,-3.152372
955.000000,-3.173107,-2.984434,-1.783887,-1.759999,-3.179648
956.000000,-3.248024,-3.092410,-2.002941,-1.923300,-2.648389
957.000000,-2.894032,-2.897960,-2.095549,-2.000097,-1.587548
958.000000,-2.487306,-2.698174,-2.177905,-2.047664,-1.080275
959.000000,-2.033677,-2.483849,-2.198803,-2.013861,-0.835420
960.000000,-1.539753,-2.381870,-2.219438,-1.950616,-0.787811
961.000000,-1.091180,-2.239701,-2.215474,-1.855080,-0.649056
962.000000,-0.961023,-2.075875,-2.228955,-1.812594,-1.028917
963.000000,-1.158959,-2.001498,-2.292897,-1.837547,-1.908314
964.000000,-1.422723,-1.896177,-2.352908,-1.861200,-1.957652
965.000000,-1.623086,-1.733603,-2.369738,-1.888683,-1.726287
966.000000,-1.757155,-1.581443,-2.306690,-1.889364,-1.429300
967.000000,-1.756956,-1.521626,-2.208876,-1.879154,-1.196007
968.000000,-1.618240,-1.529637,-2.143765,-1.902959,-1.280137
969.000000,-1.451215,-1.545839,-2.068727,-1.905673,-1.170593
970.000000,-1.266719,-1.527709,-2.015374,-1.896054,-0.852450
971.000000,-1.147153,-1.527324,-1.955836,-1.892294,-0.855417
972.000000,-1.203386,-1.561059,-1.903826,-1.919748,-1.463376
973.000000,-1.405482,-1.594004,-1.887078,-1.975080,-2.178354
974.000000,-1.590283,-1.596746,-1.835290,-2.018144,-1.957928
975.000000,-1.990465,-1.706010,-1.817571,-2.095675,-2.575289
976.000000,-2.157724,-1.744462,-1.758386,-2.089905,-1.714339
977.000000,-2.187964,-1.809325,-1.754932,-2.070705,-1.707364
978.000000,-2.043958,-1.841411,-1.762900,-2.047954,-1.524473
979.000000,-1.959559,-1.889869,-1.784393,-2.023206,-1.568697
980.000000,-1.715306,-1.951889,-1.798296,-2.013513,-1.425401
981.000000,-1.581688,-1.969776,-1.799064,-1.979469,-1.051608
982.000000,-1.504613,-1.956660,-1.802084,-1.937053,-1.335874
983.000000,-1.435692,-1.854244,-1.759212,-1.880842,-1.195879
984.000000,-1.364872,-1.779668,-1.719636,-1.817660,-1.273117
985.000000,-1.342685,-1.632262,-1.696125,-1.749639,-1.367086
986.000000,-1.408307,-1.583885,-1.689440,-1.695231,-1.394705
987.000000,-1.451312,-1.555470,-1.706071,-1.683159,-1.557828
988.000000,-1.470764,-1.523755,-1.704856,-1.677464,-1.341785
989.000000,-1.453618,-1.476935,-1.704872,-1.675650,-1.247500
990.000000,-1.310591,-1.387453,-1.690819,-1.654816,-0.662331
991.000000,-1.078582,-1.295462,-1.655525,-1.626228,-0.140633
992.000000,-0.846278,-1.203660,-1.608003,-1.601407,-0.396214
993.000000,-0.650511,-1.132614,-1.525824,-1.554638,-0.448185
994.000000,-0.507234,-1.075796,-1.466499,-1.515534,-0.705796
995.000000,-0.362903,-0.944264,-1.333873,-1.465277,0.007248
996.000000,-0.354819,-0.809973,-1.256455,-1.431243,-0.045647
997.000000,-0.302585,-0.649093,-1.183525,-1.412735,-0.134841
998.000000,-0.139846,-0.459475,-1.103461,-1.381885,0.352822
999.000000,0.077404,-0.276869,-1.025657,-1.363448,0.221634
1000.000000,0.130756,-0.171731,-0.959572,-1.363415,0.258961
1001.000000,0.162817,-0.168540,-0.932423,-1.375180,-0.024541
1002.000000,0.233045,-0.125367,-0.886518,-1.366881,-0.081776
1003.000000,0.151343,-0.053398,-0.844301,-1.322617,0.035526
1004.000000,0.014634,0.070366,-0.800163,-1.290422,-0.277876
1005.000000,-0.095212,0.082550,-0.729654,-1.207446,0.022462
1006.000000,0.101363,0.188752,-0.625161,-1.156266,0.691669
1007.000000,0.336434,0.367700,-0.473489,-1.098239,0.757875
1008.000000,0.505142,0.415507,-0.319792,-1.048355,0.650053
1009.000000,1.020939,0.685700,-0.099653,-0.969306,1.559603
1010.000000,1.596774,1.090670,0.114245,-0.876047,2.112905
1011.000000,2.022304,1.606730,0.318259,-0.791370,2.339975
1012.000000,2.381083,2.073542,0.646751,-0.660433,2.413677
1013.000000,2.556222,2.333346,1.044167,-0.528958,2.035042
1014.000000,2.486926,2.504677,1.557368,-0.367897,1.841092
1015.000000,2.307404,2.539650,1.917447,-0.162075,1.688410
1016.000000,2.103497,2.470363,2.181472,0.102126,1.569356
1017.000000,1.788799,2.330973,2.237566,0.430758,1.012587
1018.000000,1.551666,2.225962,2.127693,0.793080,0.907104
1019.000000,1.243193,2.012507,1.974396,1.137909,0.262411
1020.000000,0.908958,1.767866,1.837321,1.362657,0.082052
1021.000000,0.684326,1.583271,1.808792,1.508551,0.703430
1022.000000,0.587800,1.379407,1.794657,1.645303,0.656782
1023.000000,0.524603,1.217270,1.780655,1.747741,0.677547
1024.000000,0.633689,1.082990,1.799403,1.846810,0.770721
1025.000000,0.771684,0.950518,1.787097,1.810865,0.726073
1026.000000,0.916969,0.901389,1.787397,1.812390,1.372318
1027.000000,1.038857,0.919915,1.776127,1.802333,1.212487
1028.000000,1.150915,0.953939,1.771666,1.744506,1.201751
1029.000000,1.149314,1.019785,1.698657,1.687778,0.790216
1030.000000,1.175560,1.114169,1.607479,1.649973,0.872305
1031.000000,1.099209,1.152350,1.520280,1.652870,1.024966
1032.000000,1.073350,1.206876,1.429886,1.671161,1.115751
1033.000000,1.129399,1.302325,1.387022,1.703906,1.501753
1034.000000,1.274396,1.376416,1.354528,1.747703,1.478533
1035.000000,1.425036,1.463650,1.335092,1.772768,1.537300
1036.000000,1.392288,1.392787,1.279219,1.746545,0.668541
1037.000000,1.299564,1.326440,1.260984,1.717608,0.417410
1038.000000,1.008693,1.234467,1.231577,1.688510,-0.126457
1039.000000,0.529923,1.155589,1.224782,1.616266,-0.840798
1040.000000,0.054270,1.119499,1.260926,1.541571,-0.198038
1041.000000,-0.327721,0.982547,1.228680,1.445427,-0.709447
1042.000000,-0.529263,0.826270,1.217136,1.346605,-0.274594
1043.000000,-0.271056,0.687913,1.258851,1.294172,0.918290
1044.000000,0.190989,0.541756,1.290295,1.249521,1.020177
1045.000000,0.490109,0.364817,1.323704,1.206897,0.989659
1046.000000,0.997348,0.451013,1.306756,1.176873,1.314109
1047.000000,1.020539,0.350345,1.217352,1.137898,-0.102295
1048.000000,0.608629,0.242386,1.086646,1.081657,-0.748485
1049.000000,0.166131,0.245540,1.003302,1.067400,-0.843834
1050.000000,-0.298884,0.132089,0.906718,1.066621,-0.995496
1051.000000,-1.005830,0.036418,0.741054,1.013601,-1.450291
1052.000000,-1.341196,-0.115678,0.540334,0.969775,-1.312913
1053.000000,-2.105449,-0.902825,-0.033240,0.824576,-3.258497
1054.000000,-2.629256,-1.696536,-0.737388,0.659793,-2.754998
1055.000000,-2.975191,-2.483818,-1.642149,0.443540,-2.833867
1056.000000,-2.938224,-2.951944,-2.243951,0.148754,-2.240434
1057.000000,-2.698225,-2.854834,-2.449026,-0.104511,-1.294568
1058.000000,-2.282344,-2.698357,-2.481943,-0.442094,-1.427765
1059.000000,-1.975014,-2.542537,-2.395128,-0.801924,-1.330539
1060.000000,-1.593644,-2.369328,-2.321555,-1.224131,-1.029228
1061.000000,-1.285853,-2.179810,-2.187927,-1.693462,-0.819986
1062.000000,-1.152522,-2.027313,-2.091849,-2.114922,-0.692139
1063.000000,-0.919677,-1.713892,-2.044009,-2.383369,-0.333666
1064.000000,-0.664678,-1.436893,-1.984389,-2.436433,-0.120094
1065.000000,-0.426249,-1.122745,-1.911530,-2.378999,0.112637
1066.000000,-0.286668,-0.893834,-1.893627,-2.254894,-0.200365
1067.000000,-0.122503,-0.749341,-1.785057,-2.111517,0.018589
1068.000000,0.101711,-0.508869,-1.615982,-1.909986,0.673793
1069.000000,0.299058,-0.256269,-1.465878,-1.702243,0.745353
1070.000000,0.543048,0.024165,-1.303878,-1.528800,1.174557
1071.000000,0.709908,0.212190,-1.184226,-1.400999,0.529708
1072.000000,0.784267,0.368554,-1.094262,-1.324488,0.358770
1073.000000,0.862185,0.560348,-0.850111,-1.270338,1.031989
1074.000000,0.933316,0.727913,-0.612076,-1.228651,1.077364
1075.000000,1.150309,1.006177,-0.242031,-1.104981,2.125717
1076.000000,1.459682,1.287988,0.106632,-1.034704,1.849650
1077.000000,1.832037,1.550548,0.428371,-0.865287,1.963305
1078.000000,2.014951,1.714490,0.815399,-0.645657,1.940002
1079.000000,2.051665,1.794063,1.189608,-0.455210,1.508460
1080.000000,1.955322,1.855148,1.590383,-0.200747,1.806156
1081.000000,1.921402,1.970690,1.947904,0.128708,1.778998
1082.000000,1.826047,2.047131,2.206536,0.489818,1.577486
1083.000000,1.710140,2.011230,2.308647,1.099874,1.470204
1084.000000,1.571841,1.905707,2.262415,1.658108,0.947562
1085.000000,1.266576,1.657890,2.112949,2.111199,0.285405
1086.000000,1.030837,1.505963,2.028297,2.418861,0.595596
1087.000000,0.819588,1.353877,1.936112,2.482309,0.545113
1088.000000,0.664498,1.234175,1.836869,2.512887,0.809135
1089.000000,0.566998,1.134602,1.729996,2.458249,0.510082
1090.000000,0.716136,1.044863,1.642480,2.399291,0.986088
1091.000000,0.771107,0.939517,1.594281,2.308613,0.844448
1092.000000,0.797943,0.831620,1.550630,2.204880,0.601130
1093.000000,0.790978,0.739771,1.489590,2.102981,0.757580
1094.000000,0.827893,0.701357,1.432567,2.001501,0.597771
1095.000000,0.669012,0.722339,1.317708,1.893849,0.200321
1096.000000,0.279714,0.589985,1.185687,1.778283,-1.133188
1097.000000,0.027865,0.506278,1.074348,1.695445,-0.596830
1098.000000,-0.109896,0.454193,0.993822,1.624735,0.354252
1099.000000,0.092918,0.579739,0.988338,1.600848,1.722097
1100.000000,0.408136,0.621600,0.951674,1.554509,1.456829
1101.000000,1.389760,0.806973,0.949038,1.570813,2.273376
1102.000000,1.754974,0.850351,0.892128,1.546030,0.522146
1103.000000,1.927835,0.914076,0.850321,1.507250,0.785987
1104.000000,1.610641,0.966373,0.841333,1.465351,0.233922
1105.000000,1.357958,1.151198,0.915366,1.386826,0.396611
1106.000000,0.822140,1.742760,0.979819,1.341062,0.702480
1107.000000,0.966665,2.225156,1.083107,1.298627,0.998371
1108.000000,0.906709,2.329168,1.143166,1.244600,0.641166
1109.000000,1.244366,2.225725,1.317058,1.239866,1.385201
1110.000000,1.662539,2.245033,1.486738,1.231927,1.880022
1111.000000,2.140664,2.165897,1.757632,1.250390,2.466851
1112.000000,2.226438,2.254972,1.958295,1.255199,1.651108
1113.000000,2.084941,2.069462,1.967282,1.215815,0.577236
1114.000000,1.965675,2.106860,2.045509,1.251254,1.162398
1115.000000,1.788019,2.126454,2.180177,1.360738,1.346986
1116.000000,1.552535,2.139653,2.431041,1.458108,1.613211
1117.000000,1.608061,2.164427,2.557255,1.585657,1.939775
1118.000000,1.714094,2.103176,2.463384,1.637721,1.110764
1119.000000,1.729505,2.001866,2.290568,1.721699,1.270214
1120.000000,1.853355,1.959311,2.228355,1.800034,1.922192
1121.000000,1.845758,1.825978,2.085590,1.862759,1.653726
1122.000000,1.785822,1.811611,2.091751,1.937438,1.718846
1123.000000,1.826946,1.879266,2.049266,1.965137,1.417543
1124.000000,1.908827,1.925935,2.066613,2.017842,1.753506
1125.000000,1.890901,1.965661,2.083225,2.090735,1.884719
1126.000000,2.025200,2.030890,2.114845,2.236863,2.338726
1127.000000,2.070484,2.018027,2.104251,2.291597,2.018358
1128.000000,1.984918,1.976788,2.045730,2.231572,1.048956
1129.000000,1.928988,1.974336,1.997546,2.150057,1.538345
1130.000000,1.778039,1.879828,1.919448,2.072018,1.246432
1131.000000,1.392358,1.745735,1.783717,1.934147,0.620875
1132.000000,1.179494,1.661714,1.728553,1.898023,1.045178
1133.000000,1.259507,1.656207,1.755237,1.876023,1.441663
1134.000000,1.159104,1.578873,1.734481,1.852290,1.083882
1135.000000,0.927361,1.392103,1.656022,1.786895,0.097410
1136.000000,0.958652,1.215728,1.604699,1.747563,0.701956
1137.000000,1.038332,1.143554,1.576349,1.733924,1.420790
1138.000000,1.128442,1.228202,1.613079,1.750456,1.894475
1139.000000,1.127658,1.170783,1.597882,1.715021,1.007648
1140.000000,1.348032,1.141545,1.548644,1.669085,0.944351
1141.000000,1.545465,1.257523,1.542699,1.629506,1.552594
1142.000000,1.353928,1.217073,1.484008,1.584908,0.546612
1143.000000,1.125124,1.160597,1.462087,1.592823,0.885612
1144.000000,1.201514,1.200028,1.442120,1.598672,1.372573
1145.000000,1.395296,1.417858,1.432968,1.612221,1.833685
1146.000000,1.549295,1.601750,1.411601,1.629174,2.193244
1147.000000,1.675900,1.553810,1.347840,1.593570,0.882694
1148.000000,1.676136,1.426524,1.340825,1.584737,0.699708
1149.000000,1.653619,1.461299,1.321470,1.583416,1.124231
1150.000000,1.320980,1.422709,1.287595,1.536613,0.253492
1151.000000,1.017279,1.384594,1.341034,1.522162,1.041424
1152.000000,1.266654,1.587824,1.398653,1.524572,1.766060
1153.000000,2.129832,1.993808,1.537493,1.603039,3.395508
1154.000000,2.520041,2.193880,1.664228,1.639640,2.449648
1155.000000,2.783670,2.215140,1.824789,1.647028,1.867529
1156.000000,2.447409,1.938998,1.819721,1.567924,0.411602
1157.000000,2.215327,1.944299,1.799630,1.528375,1.066085
1158.000000,1.606215,1.920334,1.723774,1.524907,0.774860
1159.000000,0.917210,1.682598,1.628725,1.448769,-0.433264
1160.000000,0.116861,1.428792,1.477561,1.351365,-1.355297
1161.000000,-0.102314,1.251850,1.360608,1.335001,-0.468363
1162.000000,-0.427212,1.054858,1.349301,1.312010,-0.134179
1163.000000,-0.865991,0.497944,1.252919,1.233113,-0.868807
1164.000000,-0.741005,0.159004,1.197578,1.219073,0.096864
1165.000000,-0.241265,-0.061066,1.148302,1.285639,0.552744
1166.000000,0.118030,-0.001384,1.093217,1.337669,0.901556
1167.000000,0.644043,0.082489,1.213581,1.391134,1.712531
1168.000000,1.576539,0.360818,1.403614,1.447789,2.212545
1169.000000,2.011597,0.823668,1.514921,1.529894,1.692629
1170.000000,2.201332,1.491317,1.672104,1.610756,1.561159
1171.000000,2.157265,1.843221,1.721315,1.630141,1.142370
1172.000000,1.971010,2.098637,1.724810,1.715424,1.175741
1173.000000,1.851540,2.544859,1.642437,1.818363,1.790819
1174.000000,1.794691,2.665312,1.602348,1.871849,1.548681
1175.000000,1.647029,2.559996,1.555754,1.857682,1.063044
1176.000000,1.675946,2.460523,1.692586,1.837490,1.377950
1177.000000,1.650546,2.266290,1.744487,1.873031,1.193008
1178.000000,1.645429,2.144533,1.899186,1.956579,1.803249
1179.000000,1.435745,1.941436,2.020734,1.927601,0.715476
1180.000000,1.294365,1.751707,2.184598,1.921905,0.477079
1181.000000,1.023132,1.593266,2.194420,1.863579,0.148486
1182.000000,0.720698,1.401364,2.132745,1.760341,-0.162443
1183.000000,0.321863,1.175884,2.145624,1.585665,0.164852
1184.000000,0.143895,0.958389,2.045904,1.439839,-0.016916
1185.000000,0.029242,0.809400,1.914449,1.326167,-0.006776
1186.000000,-0.058485,0.588210,1.759850,1.290266,-0.237046
1187.000000,-0.096973,0.376816,1.560094,1.211319,-0.340110
1188.000000,-0.368077,-0.027777,1.274961,1.103080,-1.030396
1189.000000,-0.864956,-0.438529,0.934374,0.988102,-2.133600
1190.000000,-1.172534,-0.692165,0.689483,1.002923,-1.369935
1191.000000,-1.363633,-0.857227,0.502759,0.983500,-1.102150
1192.000000,-1.559415,-0.991195,0.292366,0.937059,-1.217101
1193.000000,-1.795646,-1.284363,-0.087040,0.880813,-2.050567
1194.000000,-1.703417,-1.520835,-0.458639,0.774887,-1.752624
1195.000000,-1.858713,-1.802097,-0.866320,0.575659,-2.055517
1196.000000,-1.927048,-1.951491,-1.291326,0.365794,-1.559841
1197.000000,-2.042861,-2.111418,-1.747462,-0.042248,-1.969661
1198.000000,-1.937724,-2.114571,-2.160865,-0.590397,-1.724475
1199.000000,-1.918249,-1.994132,-2.345371,-1.212761,-1.791342
1200.000000,-1.701281,-1.880163,-2.337800,-1.726907,-1.089311
1201.000000,-1.505890,-1.757634,-2.235205,-2.074952,-0.655254
1202.000000,-1.231101,-1.640669,-2.115573,-2.314244,-0.609276
1203.000000,-0.949880,-1.446878,-2.011583,-2.454382,-0.326041
1204.000000,-0.697767,-1.327075,-1.931677,-2.509570,-0.597903
1205.000000,-0.531609,-1.155132,-1.840204,-2.427760,-0.302408
1206.000000,-0.515915,-1.064550,-1.767590,-2.401751,-0.593385
1207.000000,-0.482471,-0.912830,-1.689770,-2.330931,-0.451893
1208.000000,-0.560690,-0.802165,-1.598003,-2.331838,-0.707974
1209.000000,-0.628900,-0.693444,-1.470284,-2.258037,-0.982427
1210.000000,-0.900488,-0.718786,-1.437478,-2.215020,-1.582680
1211.000000,-1.087464,-0.789347,-1.419198,-2.148816,-1.390905
1212.000000,-1.381380,-0.900257,-1.414213,-2.089317,-1.632968
1213.000000,-1.972285,-1.241158,-1.458797,-2.132557,-3.075787
1214.000000,-2.645290,-1.694456,-1.581774,-2.203737,-3.498349
1215.000000,-2.939879,-2.145404,-1.670917,-2.237674,-2.926744
1216.000000,-2.987535,-2.410918,-1.745287,-2.216399,-2.217508
1217.000000,-3.020248,-2.672699,-1.819431,-2.212720,-2.438879
1218.000000,-2.691718,-2.700465,-1.845894,-2.142074,-1.696135
1219.000000,-2.315316,-2.664926,-1.864662,-2.049843,-1.720260
1220.000000,-2.005278,-2.549451,-1.907043,-1.996372,-1.479370
1221.000000,-1.833587,-2.458387,-1.970298,-1.962700,-1.427135
1222.000000,-1.504788,-2.302168,-1.982939,-1.903672,-0.853555
1223.000000,-1.362091,-2.093739,-2.016683,-1.843163,-1.014535
1224.000000,-1.246883,-1.865141,-2.036867,-1.809401,-1.159822
1225.000000,-1.229580,-1.708729,-2.080634,-1.782543,-1.388497
1226.000000,-1.158907,-1.586176,-2.073537,-1.759350,-1.092530
1227.000000,-1.190633,-1.432615,-2.059424,-1.718648,-1.023618
1228.000000,-1.112412,-1.314099,-2.001776,-1.668137,-0.654393
1229.000000,-0.955952,-1.167850,-1.921391,-1.604116,-0.405761
1230.000000,-0.776764,-1.062788,-1.840094,-1.577071,-0.521655
1231.000000,-0.756990,-1.017237,-1.806853,-1.593742,-1.005602
1232.000000,-0.560098,-0.934197,-1.713834,-1.567716,-0.060133
1233.000000,-0.453446,-0.843923,-1.584686,-1.559123,-0.117303
1234.000000,-0.414409,-0.745145,-1.432146,-1.547597,-0.184667
1235.000000,-0.411346,-0.648376,-1.316335,-1.563896,-0.525810
1236.000000,-0.247391,-0.564621,-1.224967,-1.564929,-0.327672
1237.000000,-0.227074,-0.445363,-1.095528,-1.558439,0.147732
1238.000000,-0.206712,-0.377053,-1.013596,-1.551813,0.070829
1239.000000,-0.092400,-0.311158,-0.914551,-1.533227,0.502519
1240.000000,0.349678,-0.142138,-0.793970,-1.480954,1.542471
1241.000000,0.889148,0.160652,-0.667922,-1.440548,1.768712
1242.000000,2.094482,0.621848,-0.477066,-1.333628,3.836712
1243.000000,3.139612,1.239976,-0.248833,-1.177546,3.068414
1244.000000,3.293843,1.900194,0.005446,-0.986001,2.361985
