0.000000,5.385165,5.385165,5.385165,5.385165,2.719574
1.000000,3.760633,3.753424,3.749516,3.746567,2.283303
2.000000,3.025975,3.016467,3.009776,3.009229,1.947460
3.000000,2.578475,2.570519,2.560731,2.561135,1.867491
4.000000,2.260534,2.260798,2.248670,2.246887,1.425461
5.000000,2.029571,2.035989,2.015878,2.013902,2.628313
6.000000,1.856653,1.861520,1.833705,1.832320,2.889376
7.000000,1.706441,1.711750,1.681309,1.681243,1.859909
8.000000,1.583557,1.585943,1.554797,1.553967,2.016632
9.000000,1.471266,1.470799,1.443230,1.442281,1.176948
10.000000,1.359400,1.366453,1.346545,1.344867,1.144517
11.000000,1.254836,1.275623,1.261249,1.258517,1.318717
12.000000,1.166952,1.193214,1.182639,1.178480,1.013325
13.000000,1.080824,1.116981,1.110408,1.104641,0.818802
14.000000,1.010517,1.048355,1.044457,1.036954,0.800946
15.000000,0.926863,0.968753,0.978537,0.969608,-0.738921
16.000000,0.836540,0.885650,0.914151,0.904941,-1.378469
17.000000,0.751914,0.810884,0.852272,0.843494,-1.361710
18.000000,0.673628,0.737781,0.792827,0.785925,-1.145360
19.000000,0.598206,0.672457,0.734946,0.730902,-0.966222
20.000000,0.547850,0.610469,0.677899,0.679276,-0.611263
21.000000,0.513572,0.550355,0.623822,0.630073,-0.170182
22.000000,0.470807,0.486568,0.568318,0.579267,-0.833977
23.000000,0.424602,0.421971,0.512316,0.528528,-0.828404
24.000000,0.374114,0.353665,0.456042,0.477752,-0.835560
25.000000,0.298915,0.285531,0.388397,0.423178,-1.597936
26.000000,0.190379,0.208538,0.307559,0.363046,-2.051100
27.000000,0.066159,0.112331,0.215733,0.295492,-1.952109
28.000000,-0.134339,-0.039911,0.082897,0.212805,-1.835243
29.000000,-2.049034,-1.702246,-1.644489,0.201009,-1.750363
30.000000,-2.064664,-1.846438,-2.033948,-0.195621,-1.882002
31.000000,-1.977519,-1.986715,-2.318453,-0.657299,-1.775263
32.000000,-1.897744,-2.015677,-2.457703,-1.163356,-1.672690
33.000000,-1.839244,-2.028924,-2.501984,-1.701560,-1.628539
34.000000,-1.844873,-2.063221,-2.521017,-2.230645,-1.815990
35.000000,-1.775442,-2.004902,-2.398368,-2.674932,-1.595896
36.000000,-1.769791,-1.945730,-2.275199,-2.930714,-1.800610
37.000000,-1.753751,-1.887437,-2.162094,-2.911617,-1.651399
38.000000,-1.726522,-1.834362,-2.069743,-2.834326,-1.538235
39.000000,-1.576983,-1.746657,-1.968063,-2.659900,-1.071284
40.000000,-1.526373,-1.682074,-1.919911,-2.539227,-1.336329
41.000000,-1.505958,-1.668217,-1.922653,-2.471674,-1.706501
42.000000,-1.453037,-1.634635,-1.880812,-2.378568,-1.391209
43.000000,-1.395593,-1.595257,-1.840007,-2.286396,-1.247019
44.000000,-1.409735,-1.525298,-1.800206,-2.202129,-1.077420
45.000000,-1.283644,-1.440278,-1.723376,-2.065918,-0.642849
46.000000,-1.104938,-1.348604,-1.651569,-1.945435,-0.886638
47.000000,-1.069108,-1.304975,-1.608462,-1.861348,-1.273366
48.000000,-1.100848,-1.287930,-1.581240,-1.804130,-1.424757
49.000000,-1.177768,-1.327862,-1.560580,-1.762392,-1.436616
50.000000,-1.350670,-1.342278,-1.536693,-1.740924,-1.491648
51.000000,-1.441460,-1.296575,-1.511595,-1.730950,-1.355188
52.000000,-1.517598,-1.319000,-1.506550,-1.717517,-1.673136
53.000000,-1.476916,-1.312923,-1.484278,-1.693513,-1.195896
54.000000,-1.486649,-1.348852,-1.462439,-1.682619,-1.473980
55.000000,-1.368702,-1.378318,-1.428991,-1.641050,-0.803858
56.000000,-1.276298,-1.386452,-1.381891,-1.593850,-0.813363
57.000000,-1.128615,-1.370236,-1.350164,-1.558512,-1.015407
58.000000,-1.105848,-1.342557,-1.327380,-1.531064,-1.080876
59.000000,-1.096389,-1.348810,-1.351697,-1.517187,-1.518094
60.000000,-1.328490,-1.378722,-1.370935,-1.505936,-1.857746
61.000000,-1.540244,-1.419693,-1.358445,-1.495621,-1.705940
62.000000,-1.740864,-1.432771,-1.375110,-1.493543,-1.858490
63.000000,-1.888915,-1.505054,-1.397617,-1.491118,-1.704852
64.000000,-1.987988,-1.570973,-1.444575,-1.487842,-1.979662
65.000000,-1.935147,-1.689120,-1.509093,-1.487331,-1.639820
66.000000,-1.877188,-1.780779,-1.552832,-1.471966,-1.493296
67.000000,-1.787853,-1.836550,-1.571058,-1.463115,-1.490221
68.000000,-1.811772,-1.915592,-1.596755,-1.469661,-1.838149
69.000000,-1.788551,-1.947188,-1.626841,-1.503297,-1.890230
70.000000,-1.923654,-1.989890,-1.677021,-1.537246,-2.276684
71.000000,-1.951689,-1.973389,-1.703706,-1.533214,-1.716287
72.000000,-2.111230,-2.018133,-1.744030,-1.568493,-2.298554
73.000000,-2.096918,-2.018873,-1.789233,-1.595670,-1.864845
74.000000,-1.596284,-1.724841,-1.664538,-1.543179,0.549040
75.000000,-1.038898,-1.491552,-1.590147,-1.515118,0.667766
76.000000,-0.544398,-1.276830,-1.516339,-1.477288,0.851149
77.000000,0.256334,-1.028903,-1.417058,-1.413343,1.202912
78.000000,1.175114,-0.660174,-1.283136,-1.322814,1.725941
79.000000,1.437302,-0.264335,-1.132808,-1.234509,1.563021
80.000000,1.638086,0.241952,-0.956316,-1.138301,1.528434
81.000000,1.852151,0.794181,-0.746958,-1.026827,1.850530
82.000000,1.847461,1.397458,-0.547228,-0.909559,1.363108
83.000000,1.762974,1.909988,-0.326457,-0.805883,1.453609
84.000000,1.761343,2.022813,-0.030144,-0.661192,1.639235
85.000000,1.726626,2.061946,0.262011,-0.552048,1.467453
86.000000,1.618770,2.056559,0.578921,-0.431463,1.409589
87.000000,1.652933,2.037231,0.963193,-0.260933,1.581318
88.000000,1.643551,1.954539,1.398034,-0.063696,1.477723
89.000000,1.580827,1.886223,1.802051,0.194077,1.401301
90.000000,1.497211,1.793818,2.136509,0.495507,1.148075
91.000000,1.466950,1.701740,2.353494,0.862132,1.313116
92.000000,1.411582,1.666376,2.525738,1.283754,1.338318
93.000000,1.347231,1.607373,2.557748,1.667184,1.190217
94.000000,1.302838,1.536612,2.394981,2.023571,1.202231
95.000000,1.335352,1.503239,2.268782,2.271360,1.321670
96.000000,1.262769,1.439667,2.130818,2.365086,0.978654
97.000000,1.157790,1.349549,1.994273,2.377283,0.835933
98.000000,0.917154,1.185942,1.798849,2.288713,-0.011287
99.000000,0.670403,1.036930,1.642535,2.202674,-0.043927
100.000000,0.408437,0.931904,1.518356,2.160632,0.054820
101.000000,0.015739,0.718401,1.337877,2.032244,-0.984537
102.000000,-0.290416,0.547833,1.230289,2.004898,-0.537658
103.000000,-0.608128,0.306494,1.088046,1.926357,-1.884070
104.000000,-0.955637,0.048202,0.949604,1.758712,-1.567078
105.000000,-1.407504,-0.281034,0.821462,1.619520,-1.585804
106.000000,-1.599831,-0.631077,0.689201,1.493114,-1.693432
107.000000,-1.917586,-1.048016,0.526255,1.360165,-1.840794
108.000000,-1.879490,-1.357932,0.350970,1.210508,-1.792602
109.000000,-1.905550,-1.682869,0.152072,1.067875,-1.801689
110.000000,-1.880173,-1.958617,-0.046473,0.931783,-1.610871
111.000000,-1.854901,-2.000241,-0.306699,0.762295,-1.685417
112.000000,-1.745466,-2.028398,-0.596275,0.624362,-1.399078
113.000000,-1.670245,-1.925792,-0.923101,0.460004,-1.476896
114.000000,-1.453074,-1.779998,-1.219511,0.306902,-0.803240
115.000000,-1.273534,-1.648335,-1.534261,0.149883,-0.753937
116.000000,-1.219760,-1.601945,-1.838878,-0.082543,-1.395502
117.000000,-1.362154,-1.624960,-2.118843,-0.440662,-2.002993
118.000000,-1.417790,-1.611768,-2.181177,-0.823821,-1.693411
119.000000,-1.644720,-1.623694,-2.209330,-1.274567,-1.885694
120.000000,-1.738266,-1.583987,-2.164137,-1.642270,-1.320322
121.000000,-1.649419,-1.503728,-2.015209,-1.955661,-1.009456
122.000000,-1.402448,-1.430631,-1.911619,-2.163648,-0.765835
123.000000,-1.215814,-1.354471,-1.780193,-2.265338,-0.744217
124.000000,-0.974471,-1.347461,-1.684705,-2.295621,-0.728958
125.000000,-0.809741,-1.332464,-1.594802,-2.278350,-0.514897
126.000000,-0.686931,-1.250701,-1.510673,-2.204176,-0.383810
127.000000,-0.573099,-1.081096,-1.422088,-2.111549,-0.106378
128.000000,-0.457696,-0.940158,-1.344526,-1.973285,-0.175900
129.000000,-0.212437,-0.708803,-1.250325,-1.842589,0.435571
130.000000,-0.042982,-0.553794,-1.180432,-1.754651,0.198387
131.000000,0.398780,-0.314568,-1.060335,-1.592729,1.536230
132.000000,0.661952,-0.132482,-0.980568,-1.508753,0.923954
133.000000,1.069747,0.133985,-0.875771,-1.390245,1.370180
134.000000,1.502125,0.549888,-0.781835,-1.273922,2.088948
135.000000,1.935188,0.989978,-0.683427,-1.165518,2.024476
136.000000,1.969396,1.398817,-0.529877,-1.064766,1.760060
137.000000,2.074329,1.702707,-0.291762,-0.960872,1.614915
138.000000,2.173545,2.036114,-0.000055,-0.833031,2.024153
139.000000,2.194471,2.254523,0.422338,-0.673596,2.285899
140.000000,2.049256,2.308214,0.797877,-0.540300,1.557375
141.000000,2.067789,2.272830,1.237645,-0.352894,1.969116
142.000000,2.097176,2.287318,1.666678,-0.151707,1.916885
143.000000,1.995499,2.222890,2.019951,0.078227,1.652288
144.000000,1.831515,2.103985,2.269731,0.289773,1.549189
145.000000,1.820801,2.017830,2.391771,0.553853,1.603502
146.000000,1.756736,1.975292,2.424732,0.959829,1.688160
147.000000,1.647226,1.916079,2.360329,1.462192,1.453449
148.000000,1.530718,1.799170,2.268764,1.882651,1.162696
149.000000,1.439433,1.666651,2.156945,2.226269,1.147604
150.000000,1.281880,1.570086,2.053019,2.346208,0.792275
151.000000,1.393978,1.592337,2.020556,2.472362,2.249173
152.000000,1.495535,1.583880,1.998845,2.467925,1.906268
153.000000,1.695032,1.617784,1.978744,2.441611,2.047715
154.000000,1.883394,1.664645,1.940894,2.397426,2.020815
155.000000,2.103600,1.708839,1.911116,2.337891,1.977688
156.000000,1.996850,1.720366,1.881768,2.267192,1.741219
157.000000,1.914353,1.731656,1.849345,2.189616,1.520528
158.000000,1.799861,1.767026,1.804965,2.127177,1.477731
159.000000,1.611706,1.758571,1.731541,2.042969,1.069207
160.000000,1.321975,1.728438,1.664690,1.958823,0.480313
161.000000,1.221812,1.638775,1.624612,1.892839,1.261582
162.000000,1.094801,1.549316,1.571891,1.840071,0.899318
163.000000,0.875051,1.400062,1.512712,1.770628,0.397992
164.000000,0.677296,1.220318,1.451153,1.687417,0.073930
165.000000,0.659048,1.057625,1.403543,1.624193,0.326421
166.000000,0.464546,0.921015,1.357325,1.577324,0.411903
167.000000,0.307591,0.785467,1.318448,1.534380,0.205737
168.000000,0.409985,0.708580,1.325934,1.504120,0.931727
169.000000,0.711562,0.732412,1.354871,1.479457,1.427796
170.000000,0.945616,0.833546,1.400044,1.474230,1.321248
171.000000,1.102576,0.797657,1.348181,1.448361,1.017473
172.000000,1.435513,0.882442,1.339383,1.440268,1.617411
173.000000,1.704485,1.111230,1.341431,1.456051,2.079870
174.000000,1.863832,1.407907,1.346115,1.480301,2.083899
175.000000,1.985316,1.648143,1.342876,1.500429,1.871092
176.000000,2.122632,1.849531,1.352564,1.515230,1.754938
177.000000,2.090402,2.025052,1.371914,1.535558,1.575133
178.000000,1.973875,2.096754,1.398312,1.570673,1.585990
179.000000,2.007637,2.194870,1.509373,1.631280,2.242862
180.000000,2.009647,2.250939,1.652395,1.695031,1.907877
181.000000,1.904090,2.249974,1.693672,1.673070,1.335236
182.000000,1.791155,2.158510,1.748224,1.657495,1.130311
183.000000,1.465300,1.905636,1.764522,1.594574,0.122603
184.000000,0.917058,1.620551,1.771227,1.515149,-0.249338
185.000000,0.467463,1.370682,1.751503,1.434588,-0.203059
186.000000,0.066276,1.099410,1.695968,1.351490,-0.500665
187.000000,-0.301764,0.844861,1.646727,1.276912,-0.534174
188.000000,-0.339534,0.648414,1.582262,1.222303,-0.049999
189.000000,-0.301296,0.356997,1.486196,1.190665,-0.074730
190.000000,0.303337,0.446781,1.595468,1.313045,2.381118
191.000000,0.982628,0.609390,1.713053,1.389821,2.227133
192.000000,1.579262,0.768727,1.763384,1.475452,1.943610
193.000000,1.895137,0.978523,1.735385,1.558129,1.454254
194.000000,2.053964,1.151058,1.663605,1.625436,0.946999
195.000000,1.724631,1.306399,1.604014,1.673018,0.874146
196.000000,1.376525,1.463192,1.535136,1.699958,0.605830
197.000000,1.080907,1.630761,1.485691,1.735694,0.613149
198.000000,0.961711,1.786248,1.463046,1.754995,0.953640
199.000000,0.893555,1.897396,1.359939,1.736183,0.616644
200.000000,0.851347,1.686978,1.288375,1.725892,0.668650
201.000000,0.814349,1.456973,1.243266,1.718867,0.386647
202.000000,0.775256,1.253692,1.218239,1.687958,0.411733
203.000000,0.579746,1.077861,1.261686,1.621252,0.172920
204.000000,-0.022432,0.667074,1.183638,1.456630,-1.679498
205.000000,-0.277912,0.469071,1.229232,1.374393,-0.283484
206.000000,-0.785645,0.064908,1.191880,1.225092,-1.479799
207.000000,-1.238633,-0.345243,1.171285,1.086331,-1.332676
208.000000,-1.546179,-0.800640,1.116643,0.947811,-1.163940
209.000000,-1.326097,-1.103055,1.087196,0.769857,-0.873872
210.000000,-1.470547,-1.405261,0.686471,0.593914,-0.997764
211.000000,-1.339364,-1.616419,0.212412,0.441276,-1.010904
212.000000,-1.153977,-1.723509,-0.246184,0.322759,-0.622862
213.000000,-1.163961,-1.876805,-0.791772,0.218769,-1.242709
214.000000,-1.203244,-1.718205,-1.241626,0.148632,-1.101399
215.000000,-1.326633,-1.843308,-1.753594,0.020745,-1.552085
216.000000,-1.403820,-1.763528,-2.114609,-0.080678,-1.381964
217.000000,-1.495039,-1.665778,-2.318942,-0.160169,-1.072136
218.000000,-1.543467,-1.663668,-2.541224,-0.369820,-1.479798
219.000000,-1.646494,-1.723934,-2.640429,-0.663427,-1.597869
220.000000,-1.525471,-1.693438,-2.594146,-1.281272,-1.203403
221.000000,-1.292930,-1.563506,-2.420463,-1.807357,-0.494653
222.000000,-1.006208,-1.402331,-2.214401,-2.100934,0.278515
223.000000,-0.688786,-1.213795,-2.059084,-2.231647,0.059749
224.000000,-0.332882,-1.064754,-1.806567,-2.210397,0.008143
225.000000,-0.080374,-0.891776,-1.714470,-2.168616,-0.187140
226.000000,-0.004033,-0.750624,-1.552819,-2.092226,-0.225889
227.000000,-0.233518,-0.705432,-1.456191,-2.066411,-0.757550
228.000000,-0.340338,-0.571309,-1.359101,-2.043128,-0.390428
229.000000,-0.490568,-0.429708,-1.305534,-2.013559,-0.629051
230.000000,-0.378264,-0.225941,-1.188843,-1.936749,0.496701
231.000000,-0.313305,-0.146949,-1.096329,-1.881434,0.193374
232.000000,-0.178526,-0.234211,-1.062699,-1.868064,-0.296942
233.000000,0.015056,-0.234069,-0.958404,-1.823776,0.442019
234.000000,0.204802,-0.283211,-0.892613,-1.685100,-0.214571
235.000000,0.243329,-0.204528,-0.753795,-1.627254,0.805770
236.000000,0.202338,-0.178691,-0.654529,-1.515340,0.040160
237.000000,0.092135,-0.110343,-0.617191,-1.445278,-0.774280
238.000000,-0.786184,-0.409673,-0.606737,-1.445855,-2.262930
239.000000,-1.407100,-0.719698,-0.580298,-1.463183,-2.054643
240.000000,-2.129687,-1.422178,-0.603105,-1.463688,-1.856881
241.000000,-2.366521,-1.896943,-0.717711,-1.444456,-1.396655
242.000000,-2.309040,-2.074552,-0.969129,-1.446328,-1.114358
243.000000,-1.683831,-2.045156,-1.119327,-1.354046,0.002266
244.000000,-1.494136,-2.183792,-1.459116,-1.343456,-1.331664
245.000000,-1.469170,-2.467799,-1.872631,-1.320209,-1.771913
246.000000,-1.107574,-2.259292,-2.051033,-1.233883,-0.056843
247.000000,-0.961478,-2.082906,-2.180219,-1.213879,-0.538391
248.000000,-1.133863,-1.780907,-2.322493,-1.165805,-0.730191
249.000000,-1.007027,-1.551674,-2.292750,-1.105825,-0.818062
250.000000,-0.787059,-1.383274,-2.395705,-1.087729,-0.925773
251.000000,-1.020413,-1.302066,-2.385640,-1.162580,-1.014828
252.000000,-1.258787,-1.351794,-2.367955,-1.379433,-1.650535
253.000000,-1.531572,-1.595741,-2.443100,-1.602525,-2.043608
254.000000,-1.926415,-1.726618,-2.500581,-1.867430,-2.554196
255.000000,-2.270608,-1.788119,-2.577590,-2.090313,-2.433517
256.000000,-2.408098,-1.962207,-2.517273,-2.228292,-1.834708
257.000000,-2.525941,-2.147311,-2.487718,-2.338492,-2.419587
258.000000,-2.436259,-2.216064,-2.339979,-2.394424,-1.916142
259.000000,-2.317982,-2.304684,-2.254346,-2.419128,-2.108165
260.000000,-2.150601,-2.328343,-2.160830,-2.456184,-1.750580
261.000000,-2.124433,-2.351717,-2.117248,-2.451256,-1.844879
262.000000,-2.115317,-2.385267,-2.143703,-2.450489,-2.349320
263.000000,-2.241175,-2.410727,-2.234600,-2.478121,-2.515862
264.000000,-2.268992,-2.362923,-2.234449,-2.458170,-2.269058
265.000000,-2.192904,-2.235414,-2.156913,-2.400996,-1.538539
266.000000,-2.234083,-2.240545,-2.210130,-2.376895,-2.118071
267.000000,-2.144121,-2.177932,-2.219827,-2.324860,-1.922843
268.000000,-2.035997,-2.165848,-2.228197,-2.253538,-1.985580
269.000000,-1.913972,-2.105406,-2.213554,-2.179302,-1.716074
270.000000,-1.880473,-2.048593,-2.180202,-2.105051,-1.480888
271.000000,-1.722392,-1.976079,-2.138006,-2.044313,-1.353252
272.000000,-1.595255,-1.864426,-2.078922,-1.994338,-1.294471
273.000000,-1.501376,-1.767200,-2.032228,-1.986755,-1.509942
274.000000,-1.338860,-1.627593,-1.936066,-1.920609,-0.915188
275.000000,-1.288229,-1.591961,-1.871541,-1.872919,-1.231480
276.000000,-1.144810,-1.446741,-1.795429,-1.836079,-0.625460
277.000000,-0.972450,-1.302549,-1.696916,-1.786858,-0.399693
278.000000,-0.802281,-1.178947,-1.639115,-1.756130,-0.687639
279.000000,-0.696442,-1.051311,-1.563463,-1.719417,-0.358736
280.000000,-0.483951,-0.936148,-1.501815,-1.684995,-0.223506
281.000000,-0.389518,-0.826430,-1.439342,-1.653645,-0.137432
282.000000,-0.312916,-0.705145,-1.351996,-1.611734,0.046829
283.000000,-0.222428,-0.575906,-1.268937,-1.579004,-0.358575
284.000000,-0.239277,-0.526556,-1.197725,-1.541431,-0.516895
285.000000,-0.379727,-0.456046,-1.177443,-1.516615,-0.956029
286.000000,-0.482908,-0.440583,-1.109844,-1.497307,-0.562530
287.000000,-0.730943,-0.495166,-1.061260,-1.472414,-1.006843
288.000000,-0.982018,-0.546649,-1.015327,-1.470014,-1.472865
289.000000,-1.083630,-0.608878,-0.961930,-1.447862,-0.782488
290.000000,-1.052119,-0.694555,-0.917725,-1.434851,-0.625740
291.000000,-1.034538,-0.767470,-0.866248,-1.411127,-0.019972
292.000000,-0.652791,-0.803636,-0.788963,-1.352534,1.010367
293.000000,0.138316,-0.708981,-0.663724,-1.273038,1.367542
294.000000,0.367296,-0.736528,-0.636454,-1.221828,-0.277763
295.000000,0.742200,-0.567909,-0.540395,-1.192306,0.480873
296.000000,0.368379,-0.741223,-0.581040,-1.157536,-1.341324
297.000000,-0.667916,-1.051339,-0.725414,-1.148119,-2.297295
298.000000,-1.786272,-1.278135,-0.874420,-1.131569,-2.320059
299.000000,-2.624925,-2.035770,-1.242015,-1.166497,-3.183794
300.000000,-3.292161,-2.729074,-1.777841,-1.242203,-3.166299
301.000000,-3.197708,-3.012051,-2.272764,-1.310060,-2.371745
302.000000,-2.984149,-3.182936,-2.695854,-1.388914,-2.235601
303.000000,-2.733692,-3.153955,-2.813798,-1.423616,-1.787608
304.000000,-2.465679,-3.015477,-2.852309,-1.537129,-1.997350
305.000000,-2.100586,-2.867101,-2.712637,-1.586047,-1.487017
306.000000,-1.837774,-2.621207,-2.580048,-1.672410,-1.200653
307.000000,-1.478724,-2.308424,-2.365499,-1.726734,-0.546665
308.000000,-1.163683,-2.031275,-2.134663,-1.722717,-0.248481
309.000000,-0.797945,-1.727566,-1.989068,-1.741716,-0.224013
310.000000,-0.414778,-1.361759,-1.824416,-1.723103,0.348527
311.000000,0.076114,-0.991366,-1.644369,-1.651925,1.092151
312.000000,0.378386,-0.659518,-1.554241,-1.616120,0.835084
313.000000,0.706848,-0.318483,-1.459156,-1.521766,1.210581
314.000000,0.971562,0.045370,-1.340672,-1.442310,0.919021
315.000000,1.020767,0.324242,-1.288624,-1.363562,0.552996
316.000000,1.016596,0.649276,-1.132764,-1.265487,1.078591
317.000000,1.163797,0.944951,-0.900353,-1.099451,1.489591
318.000000,1.216318,1.189987,-0.661566,-0.901249,1.438367
319.000000,1.345164,1.427357,-0.331469,-0.723340,1.506483
320.000000,1.539403,1.570429,0.065458,-0.538572,1.518530
321.000000,1.593477,1.593365,0.438500,-0.379668,1.413000
322.000000,1.567454,1.643778,0.844187,-0.251088,1.419325
323.000000,1.504822,1.616471,1.208316,-0.161446,1.194334
324.000000,1.398264,1.600190,1.582847,0.002433,1.037212
325.000000,1.351911,1.656661,1.922818,0.199511,1.308136
326.000000,1.214320,1.587517,2.109293,0.443245,0.794318
327.000000,1.064022,1.474311,2.161227,0.793612,0.734511
328.000000,0.794407,1.275665,2.066006,1.044320,-0.082652
329.000000,0.677345,1.145385,2.017561,1.572641,0.478397
330.000000,0.435071,0.978219,1.883553,2.046366,0.135604
331.000000,0.426850,0.896717,1.766740,2.432676,0.806079
332.000000,0.649328,0.928601,1.767910,2.781616,1.895346
333.000000,1.341026,1.122020,1.837039,3.019032,2.900710
334.000000,1.805886,1.276656,1.870597,3.034029,2.353877
335.000000,2.273144,1.396561,1.909209,2.937665,2.200245
336.000000,2.583540,1.613916,1.931454,2.839420,2.363234
337.000000,2.611846,1.830417,1.922802,2.707269,2.190963
338.000000,2.504443,2.178498,1.947360,2.615927,2.462544
339.000000,2.517784,2.436876,1.979631,2.552065,2.497471
340.000000,2.404863,2.573164,1.962467,2.436350,1.851722
341.000000,2.260942,2.592198,1.953743,2.320471,1.794501
342.000000,2.115110,2.484584,1.936115,2.229432,1.580307
343.000000,1.860141,2.261787,1.912729,2.125652,1.240678
344.000000,1.561083,2.088355,1.888529,2.039563,1.028602
345.000000,1.414688,1.960795,1.868708,1.985746,1.131871
346.000000,1.176443,1.775995,1.844550,1.900723,0.627058
347.000000,0.891718,1.571523,1.798488,1.795719,0.188610
348.000000,0.712218,1.366083,1.809058,1.715498,0.372746
349.000000,0.586541,1.155756,1.794581,1.646342,0.430743
350.000000,0.388566,0.984967,1.778539,1.574767,0.207113
351.000000,0.273167,0.801147,1.727551,1.509589,0.082604
352.000000,0.256264,0.637074,1.637753,1.453565,0.099480
353.000000,0.145933,0.480892,1.488061,1.402482,-0.156325
354.000000,0.078654,0.376953,1.386662,1.375762,0.128443
355.000000,0.060544,0.256093,1.294665,1.345874,0.132018
356.000000,0.068328,0.195300,1.194142,1.339152,0.123935
357.000000,0.013380,0.158935,1.084471,1.328436,-0.172142
358.000000,-0.030816,0.072797,0.940238,1.346689,-0.448473
359.000000,-0.178830,-0.040566,0.771838,1.347191,-0.628946
360.000000,-0.309150,-0.109398,0.651074,1.376693,-0.439396
361.000000,-0.432529,-0.149581,0.531281,1.398203,-0.230341
362.000000,-0.539214,-0.220423,0.403512,1.379882,-0.479009
363.000000,-0.513870,-0.241232,0.295261,1.315068,-0.296188
364.000000,-0.262271,-0.259452,0.222595,1.286948,0.379775
365.000000,-0.063688,-0.283550,0.121095,1.261614,0.357697
366.000000,0.083917,-0.297930,0.070910,1.220563,0.403353
367.000000,0.388173,-0.168695,0.105997,1.193725,0.849250
368.000000,0.634042,0.039548,0.113813,1.126276,0.813638
369.000000,0.610415,0.207700,0.065630,1.002537,0.277985
370.000000,0.512342,0.264381,0.015898,0.894235,-0.177937
371.000000,0.354909,0.252465,-0.039914,0.754982,-0.469662
372.000000,0.067050,0.287291,-0.109637,0.611036,-0.449701
373.000000,0.044430,0.452559,0.019863,0.535462,1.079093
374.000000,0.092487,0.476884,0.035365,0.454247,0.580021
375.000000,0.397305,0.563077,0.089716,0.352467,1.022499
376.000000,0.974053,0.729624,0.209515,0.341875,1.553995
377.000000,1.701190,0.945685,0.524046,0.452414,2.314773
378.000000,1.929205,1.187529,0.900112,0.548300,2.167657
379.000000,1.975967,1.364714,1.175430,0.586721,1.179419
380.000000,2.045935,1.656935,1.436180,0.717942,1.608664
381.000000,2.052534,1.935273,1.670996,0.921982,1.755113
382.000000,1.912112,2.123867,1.923311,1.164629,1.742176
383.000000,1.751792,2.065354,2.051035,1.496026,1.508120
384.000000,2.208450,2.321461,2.255377,1.987069,3.068847
385.000000,2.452719,2.467700,2.380878,2.432082,2.698100
386.000000,2.531424,2.493436,2.415831,2.702024,2.317756
387.000000,2.501097,2.397115,2.341686,2.831931,1.927722
388.000000,2.436036,2.285340,2.242844,2.821973,1.604522
389.000000,2.091729,2.240668,2.178015,2.742097,1.357330
390.000000,1.871092,2.203085,2.173852,2.635716,1.606103
391.000000,1.668697,2.129354,2.163016,2.496032,1.357178
392.000000,1.607502,2.099436,2.176056,2.417757,1.643415
393.000000,1.592197,2.076646,2.127136,2.333304,1.541269
394.000000,1.742203,1.986636,2.147690,2.268215,2.053965
395.000000,1.882682,1.947148,2.175646,2.232213,2.230558
396.000000,1.993450,1.906415,2.164745,2.182814,1.952898
397.000000,1.994982,1.877265,2.114064,2.112405,1.751045
398.000000,1.940159,1.837340,2.047116,2.038255,1.418490
399.000000,1.871251,1.861115,2.043084,2.020455,1.728272
400.000000,1.722865,1.834373,2.010372,2.005207,1.505268
401.000000,1.414647,1.712362,1.906935,1.940109,0.411862
402.000000,0.991723,1.497663,1.770258,1.847129,-0.475259
403.000000,0.715402,1.354920,1.685466,1.765613,-0.022820
404.000000,0.366747,1.185505,1.560883,1.715999,0.112340
405.000000,-0.011702,0.971095,1.440123,1.663868,-0.109652
406.000000,-0.068120,0.806287,1.355004,1.626016,0.253652
407.000000,0.091077,0.644384,1.286145,1.575383,0.206332
408.000000,0.060142,0.470204,1.215392,1.516817,-0.204664
409.000000,0.264039,0.352256,1.220556,1.530939,1.099369
410.000000,0.518865,0.236367,1.208247,1.532945,0.988503
411.000000,0.605920,0.245566,1.191225,1.519604,0.563972
412.000000,0.726685,0.411192,1.161031,1.510307,0.602526
413.000000,0.933229,0.494374,1.126862,1.502782,0.333230
414.000000,0.706351,0.540048,1.045733,1.439855,0.129788
415.000000,0.454328,0.619441,0.932261,1.377208,0.036448
416.000000,0.358362,0.655569,0.831728,1.327924,0.221135
417.000000,0.405827,0.794894,0.763347,1.309428,0.818171
418.000000,0.880433,1.255743,0.790737,1.344924,2.026907
419.000000,1.544075,1.565646,0.822496,1.412841,2.428294
420.000000,1.935121,1.744757,0.831529,1.440764,1.584728
421.000000,2.204086,1.984229,1.000904,1.480995,1.510550
422.000000,2.348764,2.213244,1.357202,1.519046,1.734573
423.000000,2.131596,2.330275,1.667147,1.546633,1.339940
424.000000,1.774937,2.378315,1.946990,1.530145,1.095615
425.000000,1.468718,2.285944,2.146067,1.458270,0.442358
426.000000,1.300541,2.234997,2.284493,1.415545,0.862566
427.000000,1.174819,2.165830,2.408572,1.400112,1.223010
428.000000,1.001499,1.882887,2.441911,1.373724,0.619112
429.000000,0.692948,1.464237,2.170047,1.257008,-0.216464
430.000000,0.421438,1.118569,1.878405,1.115234,-0.713289
431.000000,0.002479,0.774171,1.649643,1.061156,-0.907294
432.000000,-0.767208,0.237287,1.323124,1.013949,-2.023093
433.000000,-1.517411,-0.355884,0.956577,0.865508,-2.521432
434.000000,-1.929380,-0.859022,0.656824,0.714057,-2.077782
435.000000,-2.130495,-1.203610,0.402144,0.594117,-1.739896
436.000000,-2.335101,-1.647001,0.037071,0.360424,-2.086733
437.000000,-2.269636,-2.047081,-0.404235,0.097949,-1.922449
438.000000,-2.208634,-2.352741,-1.100510,-0.254823,-2.269562
439.000000,-2.204704,-2.481183,-1.816378,-0.847556,-2.181873
440.000000,-2.235429,-2.511712,-2.298399,-1.480559,-2.094317
441.000000,-2.189318,-2.494031,-2.596443,-2.022011,-2.009897
442.000000,-2.106328,-2.355950,-2.723642,-2.371935,-1.697647
443.000000,-1.961352,-2.197083,-2.729993,-2.541221,-1.604129
444.000000,-1.842330,-2.097819,-2.691583,-2.613318,-1.608878
445.000000,-1.686495,-2.005551,-2.579631,-2.582650,-1.342471
446.000000,-1.535698,-1.893504,-2.495214,-2.531184,-1.267630
447.000000,-1.479451,-1.824749,-2.448585,-2.514204,-1.419197
448.000000,-1.392182,-1.709573,-2.355268,-2.494419,-1.191293
449.000000,-1.281206,-1.592998,-2.236603,-2.463936,-1.075761
450.000000,-1.200857,-1.474696,-2.114875,-2.386600,-0.954893
451.000000,-1.157504,-1.376518,-2.017730,-2.326483,-1.055405
452.000000,-1.044620,-1.288482,-1.895428,-2.267051,-0.857809
453.000000,-0.979407,-1.211982,-1.777062,-2.206168,-0.867805
454.000000,-0.931563,-1.132502,-1.686626,-2.145751,-0.836888
455.000000,-0.949146,-1.099814,-1.630844,-2.087150,-1.052490
456.000000,-0.971576,-1.088033,-1.575528,-2.053823,-1.201792
457.000000,-1.013773,-1.045172,-1.523105,-2.024961,-1.064146
458.000000,-1.047154,-1.022255,-1.457403,-1.981382,-1.011988
459.000000,-1.003412,-0.973522,-1.375319,-1.905943,-0.443698
460.000000,-0.889379,-0.934087,-1.294415,-1.828350,-0.338836
461.000000,-0.724047,-0.883151,-1.218223,-1.761369,-0.374682
462.000000,-0.487310,-0.828085,-1.146059,-1.674332,0.159901
463.000000,-0.292816,-0.790830,-1.087998,-1.592571,-0.275644
464.000000,-0.237887,-0.753513,-1.027091,-1.528889,-0.235117
465.000000,-0.241489,-0.687021,-0.987873,-1.484630,-0.446493
466.000000,-0.172119,-0.555758,-0.947374,-1.429466,-0.046925
467.000000,-0.264990,-0.430902,-0.892994,-1.383121,-0.061138
468.000000,-0.475491,-0.367260,-0.873315,-1.337080,-1.493953
469.000000,-0.798717,-0.426049,-0.862160,-1.289464,-1.414018
470.000000,-0.936413,-0.476752,-0.851387,-1.234416,-0.622328
471.000000,-1.156449,-0.512618,-0.824039,-1.176567,-0.423233
472.000000,-1.010284,-0.590247,-0.798066,-1.122144,0.646314
473.000000,-0.867724,-0.778495,-0.801089,-1.084271,-0.989339
474.000000,-0.928352,-1.150649,-0.825293,-1.048715,-1.564205
475.000000,-1.136700,-1.478319,-0.816059,-1.026612,-1.251837
476.000000,-1.202728,-1.812587,-0.758968,-1.002824,-0.586697
477.000000,-0.629694,-1.311473,-0.593711,-0.928460,2.234836
478.000000,0.120738,-0.627270,-0.436806,-0.878349,1.231883
479.000000,1.588500,0.579459,-0.253594,-0.808526,2.482936
480.000000,2.760515,1.775379,0.026172,-0.730368,2.667087
481.000000,3.015593,2.421358,0.326192,-0.645256,1.742593
482.000000,2.264708,2.154272,0.366133,-0.617206,0.057939
483.000000,1.945060,2.298404,0.597305,-0.574272,0.315697
484.000000,1.116387,2.228023,0.682588,-0.566651,-0.708234
485.000000,0.491734,2.336041,1.087456,-0.472339,0.336530
486.000000,-0.196109,2.084818,1.000596,-0.369061,-0.719928
487.000000,-0.784403,1.148224,0.366335,-0.352367,-2.006435
488.000000,-1.853529,0.027850,-0.506790,-0.480090,-3.044772
489.000000,-2.526534,-1.475733,-1.486822,-0.841764,-2.879040
490.000000,-2.896305,-2.560618,-2.160116,-1.241052,-2.053225
491.000000,-2.991757,-3.128126,-2.781599,-1.777816,-2.353049
492.000000,-2.991527,-3.266926,-3.340332,-2.550779,-2.777453
493.000000,-2.780105,-3.239942,-3.338620,-3.016255,-2.412996
494.000000,-2.487529,-3.006413,-3.118439,-3.121679,-1.800134
495.000000,-2.304191,-2.858675,-2.915464,-3.010167,-1.490365
496.000000,-2.038410,-2.646557,-2.742683,-2.859322,-1.178144
497.000000,-1.722047,-2.434311,-2.744102,-2.722848,-1.217901
498.000000,-1.407410,-2.165027,-2.630068,-2.514680,-0.913753
499.000000,-1.254223,-1.957221,-2.608122,-2.378059,-1.077891
500.000000,-1.095906,-1.795052,-2.550629,-2.255900,-0.756131
501.000000,-0.991617,-1.615273,-2.453051,-2.156567,-0.694724
502.000000,-0.967275,-1.444349,-2.345876,-2.143193,-1.100538
503.000000,-0.976447,-1.285464,-2.254386,-2.072385,-0.962435
504.000000,-0.924571,-1.174916,-2.134044,-1.986047,-0.837030
505.000000,-0.932367,-1.094140,-2.066478,-1.916575,-0.800877
506.000000,-0.935891,-1.039284,-1.975803,-1.864773,-0.721967
507.000000,-0.769948,-0.934659,-1.838980,-1.851117,-0.305671
508.000000,-0.594025,-0.845382,-1.672762,-1.804443,-0.104265
509.000000,-0.241205,-0.634226,-1.457544,-1.733600,0.956180
510.000000,0.086391,-0.481890,-1.306896,-1.704349,0.828049
511.000000,0.639992,-0.233321,-1.090567,-1.609449,1.923140
512.000000,1.174545,0.099799,-0.832413,-1.476831,2.001726
513.000000,1.689853,0.446493,-0.577735,-1.369245,1.950223
514.000000,1.918066,0.814485,-0.344864,-1.243743,1.871102
515.000000,2.251826,1.293711,-0.070604,-1.124309,2.346385
516.000000,2.395769,1.855145,0.253750,-0.944177,2.609708
517.000000,2.463297,2.296614,0.633622,-0.705552,2.460580
518.000000,2.410086,2.527685,0.990866,-0.413240,2.036380
519.000000,2.306975,2.495856,1.355209,-0.081460,1.759563
520.000000,2.110559,2.421708,1.653878,0.248283,1.532943
521.000000,1.837590,2.232303,1.872543,0.636443,1.254587
522.000000,1.564546,2.048586,2.041042,1.106578,1.079983
523.000000,1.297081,1.860079,2.093664,1.512312,0.694105
524.000000,1.149144,1.743255,2.132988,1.871894,1.024231
525.000000,1.104662,1.641787,2.165593,2.163170,1.318789
526.000000,1.254110,1.592669,2.220949,2.405471,1.935111
527.000000,1.513589,1.588718,2.248369,2.576928,2.215460
528.000000,1.767272,1.586997,2.226077,2.603238,1.912175
529.000000,1.920553,1.603307,2.153812,2.590988,1.839322
530.000000,1.918126,1.592544,2.075758,2.500422,1.423733
531.000000,1.738559,1.569058,1.956935,2.386137,1.066903
532.000000,1.617312,1.622886,1.893101,2.347214,1.589138
533.000000,1.540975,1.699840,1.841190,2.295820,1.530525
534.000000,1.440057,1.722866,1.790336,2.231066,1.349742
535.000000,1.437517,1.725918,1.737275,2.175842,1.409196
536.000000,1.491383,1.663230,1.672684,2.118367,1.297221
537.000000,1.454859,1.581230,1.620664,2.061455,1.408465
538.000000,1.382819,1.505662,1.575169,1.998023,1.153714
539.000000,1.339074,1.430684,1.541589,1.918421,1.101862
540.000000,1.216354,1.375180,1.507238,1.849583,0.762596
541.000000,1.104549,1.360104,1.487808,1.771531,0.722111
542.000000,1.023970,1.308220,1.492581,1.714790,1.059921
543.000000,0.868968,1.201026,1.489771,1.650038,0.375763
544.000000,0.462034,1.000013,1.424636,1.562267,-0.941549
545.000000,0.146285,0.791981,1.356436,1.479622,-0.759114
546.000000,-0.071043,0.632877,1.274882,1.407519,-0.211843
547.000000,-0.581736,0.347257,1.132573,1.314854,-1.085651
548.000000,-0.880891,0.098768,1.009169,1.241279,-0.870147
549.000000,-1.073932,-0.276655,0.836939,1.150963,-1.746657
550.000000,-1.265610,-0.605071,0.689539,1.073951,-1.558709
551.000000,-1.599621,-0.968141,0.547247,1.002307,-1.708732
552.000000,-1.736350,-1.385204,0.333484,0.936143,-1.718827
553.000000,-1.823261,-1.631015,0.118033,0.902700,-1.342190
554.000000,-1.719517,-1.680569,-0.115904,0.856535,-1.300192
555.000000,-1.597415,-1.708159,-0.384276,0.804539,-1.027054
556.000000,-1.472148,-1.807495,-0.708626,0.697694,-1.218680
557.000000,-1.344437,-1.786528,-1.095109,0.540956,-1.277889
558.000000,-1.316280,-1.781940,-1.459047,0.365990,-1.316092
559.000000,-1.297794,-1.668010,-1.777518,0.153213,-1.277151
560.000000,-1.327876,-1.574203,-1.975563,-0.068660,-1.203524
561.000000,-1.337035,-1.483985,-2.114053,-0.321594,-1.282307
562.000000,-1.303550,-1.384180,-2.197691,-0.706615,-1.140965
563.000000,-1.195955,-1.303216,-2.144107,-1.138445,-0.813665
564.000000,-1.062346,-1.220183,-1.979432,-1.572697,-0.630374
565.000000,-0.689494,-1.042777,-1.760222,-1.832708,0.695094
566.000000,-0.134813,-0.778311,-1.561994,-1.901951,1.431628
567.000000,0.487623,-0.476597,-1.320607,-1.878001,1.698920
568.000000,1.108099,-0.134053,-1.107356,-1.751720,1.836863
569.000000,1.926949,0.375037,-0.764379,-1.483646,2.754165
570.000000,2.394001,0.956264,-0.412776,-1.154491,2.708745
571.000000,2.456912,1.474468,-0.100865,-0.929647,1.960472
572.000000,2.401664,1.917287,0.209626,-0.781671,1.725803
573.000000,2.319822,2.243594,0.515067,-0.553227,1.699240
574.000000,2.114644,2.462217,0.867956,-0.138367,1.841075
575.000000,1.862379,2.435492,1.191696,0.237812,1.584366
576.000000,1.649843,2.268721,1.465905,0.474151,1.051165
577.000000,1.640083,2.189569,1.806831,0.957043,1.689791
578.000000,1.694380,2.144995,2.125818,1.477669,1.928831
579.000000,1.698091,2.021903,2.331998,2.012289,1.842111
580.000000,1.754413,1.914148,2.451056,2.402401,1.869574
581.000000,1.894086,1.878580,2.506805,2.648260,1.847575
582.000000,1.904080,1.865672,2.502714,2.756983,1.799091
583.000000,1.867079,1.856571,2.460037,2.757956,1.767056
584.000000,1.804745,1.812944,2.389075,2.696441,1.567123
585.000000,1.614767,1.723952,2.234445,2.551987,0.952551
586.000000,1.451481,1.697120,2.096679,2.446706,1.023667
587.000000,1.336094,1.643338,1.993746,2.373065,1.207775
588.000000,1.138022,1.528479,1.879118,2.275427,0.775596
589.000000,0.894892,1.385448,1.728615,2.165580,0.347445
590.000000,0.741443,1.225456,1.583817,2.063877,0.135067
591.000000,0.615368,1.091810,1.496336,1.999012,0.392008
592.000000,0.397596,0.942161,1.421029,1.933707,0.186937
593.000000,0.198365,0.756979,1.340762,1.858620,-0.210125
594.000000,0.060156,0.571184,1.255778,1.790639,-0.405292
595.000000,-0.058891,0.445051,1.184074,1.702718,-0.522395
596.000000,-0.196888,0.325412,1.157527,1.626017,-0.072558
597.000000,-0.447080,0.094018,1.075867,1.537604,-0.887647
598.000000,-0.545369,-0.076650,0.988937,1.467538,-0.558497
599.000000,-0.611713,-0.209574,0.894951,1.375238,-0.662675
600.000000,-0.752976,-0.373879,0.769124,1.270511,-1.141243
601.000000,-0.931011,-0.580227,0.640583,1.201516,-0.801715
602.000000,-0.914913,-0.767728,0.495481,1.145093,-0.828999
603.000000,-0.952054,-0.873288,0.331347,1.094795,-0.724247
604.000000,-1.129027,-1.033705,0.120732,1.016117,-1.443227
605.000000,-1.301166,-1.236295,-0.084222,0.931395,-1.847501
606.000000,-1.520252,-1.485730,-0.343243,0.874722,-1.740748
607.000000,-1.637956,-1.554227,-0.679489,0.786786,-1.420700
608.000000,-1.715881,-1.623112,-1.011297,0.671700,-1.275090
609.000000,-1.682206,-1.686710,-1.341199,0.527648,-1.456287
610.000000,-1.544581,-1.662782,-1.631565,0.348779,-1.346098
611.000000,-1.406317,-1.641639,-1.882422,0.134169,-1.131962
612.000000,-1.422395,-1.662380,-2.033939,-0.162747,-1.529351
613.000000,-1.466503,-1.686629,-2.037905,-0.536122,-1.524902
614.000000,-1.475682,-1.640187,-1.982482,-0.958892,-1.524053
615.000000,-1.474571,-1.546154,-1.907084,-1.329140,-1.322928
616.000000,-1.655442,-1.549393,-1.919331,-1.769356,-1.970730
617.000000,-1.765119,-1.600071,-1.877674,-2.158745,-2.057036
618.000000,-1.843744,-1.657618,-1.860006,-2.329315,-1.883186
619.000000,-2.015155,-1.749722,-1.872259,-2.374842,-2.337247
620.000000,-2.171254,-1.838268,-1.851493,-2.334591,-2.131113
621.000000,-2.107962,-1.910422,-1.837106,-2.278606,-1.769263
622.000000,-1.906866,-1.862937,-1.794739,-2.168235,-1.119802
623.000000,-1.753270,-1.814177,-1.769033,-2.052308,-1.122596
624.000000,-1.481048,-1.749598,-1.708264,-1.946903,-0.962891
625.000000,-1.359208,-1.767535,-1.667100,-1.886340,-1.539630
626.000000,-1.380994,-1.756019,-1.663493,-1.874098,-1.867824
627.000000,-1.433516,-1.687872,-1.655459,-1.816075,-1.372296
628.000000,-1.501328,-1.647710,-1.662449,-1.787809,-1.452465
629.000000,-1.566905,-1.543623,-1.652556,-1.755386,-1.286928
630.000000,-1.736442,-1.569529,-1.707243,-1.753270,-2.310930
631.000000,-1.864591,-1.649545,-1.781528,-1.774157,-2.396815
632.000000,-2.317649,-1.924589,-1.900414,-1.846758,-3.208199
633.000000,-2.444066,-2.044954,-1.942319,-1.873801,-2.145312
634.000000,-2.401462,-2.070904,-1.928648,-1.845585,-1.383991
635.000000,-2.156922,-2.014321,-1.907879,-1.800308,-1.148207
636.000000,-1.954084,-1.953871,-1.870643,-1.777664,-1.328858
637.000000,-1.590452,-1.955334,-1.841791,-1.775580,-1.451412
638.000000,-1.425789,-1.940193,-1.816790,-1.776352,-1.369476
639.000000,-1.370061,-1.912045,-1.757606,-1.761338,-1.124639
640.000000,-1.361244,-1.801418,-1.707818,-1.750605,-1.102292
641.000000,-1.198169,-1.627180,-1.644012,-1.724850,-0.507032
642.000000,-1.029742,-1.360412,-1.620504,-1.693110,-0.627847
643.000000,-0.896128,-1.213077,-1.606210,-1.668708,-0.741133
644.000000,-0.854437,-1.169738,-1.611643,-1.654238,-0.941680
645.000000,-0.944665,-1.215364,-1.624645,-1.669124,-1.553679
646.000000,-1.119637,-1.211062,-1.607022,-1.653719,-1.254866
647.000000,-1.238982,-1.176260,-1.605352,-1.632588,-1.113804
648.000000,-1.320294,-1.144785,-1.598018,-1.615330,-1.059299
649.000000,-1.294618,-1.115257,-1.584738,-1.574524,-0.791702
650.000000,-1.184558,-1.116193,-1.535952,-1.548207,-1.061130
651.000000,-1.149564,-1.198027,-1.480759,-1.534740,-1.095362
652.000000,-1.120767,-1.252226,-1.354496,-1.538823,-0.975445
653.000000,-1.113595,-1.297976,-1.291071,-1.545664,-1.020740
654.000000,-1.156089,-1.310915,-1.272582,-1.556377,-0.927843
655.000000,-0.956554,-1.155227,-1.232179,-1.525283,0.045745
656.000000,-0.751875,-1.047043,-1.185663,-1.489026,-0.072333
657.000000,-0.713603,-1.026024,-1.159950,-1.490984,-0.813321
658.000000,-0.784828,-1.067447,-1.162285,-1.504863,-1.389286
659.000000,-0.895030,-1.161176,-1.183555,-1.523855,-1.333910
660.000000,-1.412282,-1.235556,-1.210146,-1.504001,-1.314446
661.000000,-1.996746,-1.336591,-1.294114,-1.476657,-1.350785
662.000000,-2.182437,-1.479615,-1.376564,-1.394445,-1.844603
663.000000,-2.011097,-1.545112,-1.430521,-1.350041,-1.444171
664.000000,-1.568727,-1.420308,-1.403540,-1.312933,0.022033
665.000000,-1.558776,-1.699529,-1.386982,-1.326513,-1.557379
666.000000,-1.529613,-1.915402,-1.397053,-1.329448,-1.509847
667.000000,-1.425492,-1.936770,-1.417316,-1.322387,-1.439734
668.000000,-1.148215,-1.698238,-1.379429,-1.287814,-0.269867
669.000000,-1.377383,-1.591703,-1.406863,-1.287015,-0.939381
670.000000,-1.386653,-1.580683,-1.444316,-1.306410,-1.572456
671.000000,-1.577609,-1.655408,-1.529046,-1.390227,-2.303075
672.000000,-1.700454,-1.660025,-1.607630,-1.457269,-1.937886
673.000000,-2.013265,-1.679087,-1.653706,-1.505275,-1.521808
674.000000,-2.355435,-1.979754,-1.761862,-1.569213,-2.356014
675.000000,-2.094686,-1.838760,-1.822735,-1.525726,-0.507669
676.000000,-1.675595,-1.721226,-1.860413,-1.504852,-0.602346
677.000000,-1.313481,-1.599550,-1.806385,-1.487147,-0.420287
678.000000,-0.981893,-1.593306,-1.685594,-1.460435,-0.077028
679.000000,-0.438990,-1.518754,-1.586705,-1.459696,-0.146882
680.000000,-0.392248,-1.378997,-1.504565,-1.445126,-0.309937
681.000000,-0.076281,-1.003437,-1.366383,-1.389549,0.679387
682.000000,-0.045387,-0.796429,-1.280903,-1.379533,-0.322952
683.000000,-0.314146,-0.751390,-1.275486,-1.394789,-1.116036
684.000000,-0.535675,-0.546976,-1.361501,-1.407916,-0.973057
685.000000,-0.727638,-0.625569,-1.343558,-1.490974,-1.058075
686.000000,-1.340433,-0.769203,-1.364247,-1.584183,-1.664512
687.000000,-1.669652,-0.941044,-1.385148,-1.615405,-1.504726
688.000000,-1.820235,-1.210517,-1.510024,-1.612740,-1.631620
689.000000,-2.149004,-1.556028,-1.619600,-1.635175,-2.108508
690.000000,-2.314362,-1.838738,-1.664321,-1.647428,-1.860518
691.000000,-2.053791,-2.099762,-1.569497,-1.613781,-0.885248
692.000000,-1.803615,-2.126506,-1.483465,-1.565079,-0.663640
693.000000,-1.350718,-1.905496,-1.367481,-1.505144,0.186561
694.000000,-0.801604,-1.761469,-1.179583,-1.529520,0.204983
695.000000,-0.679895,-1.831023,-1.286308,-1.540536,-1.453750
696.000000,-0.648988,-1.696315,-1.335691,-1.522992,-0.779764
697.000000,-0.737744,-1.618351,-1.421584,-1.519845,-0.994757
698.000000,-0.989019,-1.484800,-1.522944,-1.575160,-0.669665
699.000000,-0.692379,-0.957368,-1.450975,-1.502367,1.450142
700.000000,0.223833,-0.339450,-1.321057,-1.367539,1.823982
701.000000,1.715194,0.654854,-1.008200,-1.020996,3.528544
702.000000,2.278056,1.123550,-0.839387,-0.830605,1.341496
703.000000,2.570983,1.423037,-0.526955,-0.646127,1.384253
704.000000,2.326333,1.560693,-0.255395,-0.407820,0.955230
705.000000,1.964176,1.822113,-0.030787,-0.340424,0.500568
706.000000,1.078928,1.842976,0.195848,-0.303474,0.039317
707.000000,0.649885,1.813939,0.339230,-0.319224,-0.343691
708.000000,0.174185,1.716739,0.496190,-0.384099,-0.469889
709.000000,-0.296768,1.318864,0.669716,-0.499370,-0.881744
710.000000,-0.674512,0.883266,0.807889,-0.626227,-0.961926
711.000000,-1.063364,0.000618,0.654896,-0.957669,-1.471555
712.000000,-1.333605,-0.511929,0.445274,-1.225615,-1.417445
713.000000,-1.510199,-1.005328,0.036806,-1.413392,-1.261771
714.000000,-1.552080,-1.381289,-0.414327,-1.634121,-1.171501
715.000000,-1.550533,-1.624880,-0.502425,-1.825670,-1.091322
716.000000,-1.462434,-1.771369,-0.796267,-1.923993,-1.177500
717.000000,-1.111600,-1.637722,-0.558574,-1.762395,0.015712
718.000000,-0.797463,-1.494075,-0.373885,-1.557465,0.068307
719.000000,-0.689178,-1.428721,-0.988784,-1.418152,-0.695702
720.000000,-0.612194,-1.367645,-1.666388,-1.298531,-0.755175
721.000000,-0.513210,-1.250200,-2.667334,-1.323714,-0.765886
722.000000,-0.550457,-1.052594,-2.680214,-1.237922,-0.134837
723.000000,-0.685693,-0.936111,-2.734909,-1.358664,-0.504401
724.000000,-0.544838,-0.775970,-2.605371,-1.376734,-0.118711
725.000000,-0.412910,-0.642297,-2.445783,-1.196975,-0.204753
726.000000,-0.350909,-0.539969,-2.306158,-1.174933,-0.511908
727.000000,-0.374163,-0.576504,-2.112025,-1.071746,-0.237403
728.000000,-0.213650,-0.559970,-1.891866,-0.942530,0.171106
729.000000,-0.255288,-0.498525,-1.725122,-1.147968,-0.300937
730.000000,-0.244101,-0.409202,-1.556516,-1.357887,-0.164114
731.000000,-0.214223,-0.351688,-1.381264,-1.873025,-0.496138
732.000000,-0.301552,-0.416948,-1.248996,-2.051621,-0.793445
733.000000,-0.495019,-0.410629,-1.130583,-2.196071,-0.693175
734.000000,-0.586098,-0.458810,-1.023719,-2.278598,-0.670324
735.000000,-0.908505,-0.556489,-0.970366,-2.336331,-1.407636
736.000000,-1.317726,-0.673324,-0.946457,-2.367614,-2.057603
737.000000,-1.590664,-0.832609,-1.048315,-2.319269,-1.488023
738.000000,-2.039387,-1.218384,-1.199435,-2.289182,-2.024126
739.000000,-2.423489,-1.643271,-1.278488,-2.226638,-2.125809
740.000000,-2.571541,-2.278477,-1.393862,-2.179216,-2.330948
741.000000,-2.495500,-2.642785,-1.512861,-2.075948,-2.197802
742.000000,-2.559251,-2.788168,-1.738737,-1.998998,-2.302010
743.000000,-2.382725,-2.711684,-1.838773,-1.906469,-1.672443
744.000000,-1.980741,-2.452530,-1.864406,-1.760263,-0.538740
745.000000,-1.508089,-2.135707,-1.846867,-1.613590,-0.144059
746.000000,-1.132875,-1.866857,-1.813654,-1.489773,-0.393398
747.000000,-0.658906,-1.662579,-1.820443,-1.469520,-0.149268
748.000000,-0.349258,-1.459954,-1.925931,-1.470480,-0.329545
749.000000,-0.292105,-1.255302,-1.949716,-1.412436,-0.303634
750.000000,-0.249268,-0.985737,-1.939662,-1.340127,0.055206
751.000000,-0.146189,-0.723252,-1.848000,-1.272623,0.066048
752.000000,-0.175400,-0.472705,-1.762896,-1.285885,-0.288184
753.000000,-0.105545,-0.258319,-1.665123,-1.253373,-0.011178
754.000000,-0.147214,-0.249191,-1.620167,-1.285219,-0.519630
755.000000,-0.279099,-0.296912,-1.538104,-1.320632,-0.555366
756.000000,-0.569687,-0.394628,-1.477140,-1.372946,-1.240780
757.000000,-0.812118,-0.544732,-1.462606,-1.470037,-1.362171
758.000000,-1.246719,-0.737326,-1.453528,-1.653273,-1.923425
759.000000,-1.843196,-1.109072,-1.528203,-1.869846,-2.952515
760.000000,-2.243140,-1.468540,-1.532157,-2.055359,-2.302457
761.000000,-2.464691,-1.845164,-1.550772,-2.172954,-2.285060
762.000000,-2.643218,-2.174622,-1.581344,-2.258247,-2.403827
763.000000,-2.579317,-2.423357,-1.630420,-2.291007,-1.951564
764.000000,-2.241648,-2.488035,-1.736795,-2.272486,-1.470824
765.000000,-2.193700,-2.603162,-1.946100,-2.265467,-2.112496
766.000000,-2.033986,-2.545401,-2.076026,-2.194567,-1.606959
767.000000,-2.022882,-2.571745,-2.277262,-2.202799,-2.297276
768.000000,-2.016360,-2.493615,-2.382813,-2.165259,-1.965510
769.000000,-1.972201,-2.270774,-2.402654,-2.087331,-1.439261
770.000000,-1.841343,-2.140554,-2.430465,-2.013585,-1.521195
771.000000,-1.735039,-1.983836,-2.403516,-1.927832,-1.185047
772.000000,-1.504940,-1.827920,-2.341479,-1.842693,-1.160590
773.000000,-1.303263,-1.703219,-2.277608,-1.779146,-0.983754
774.000000,-1.105895,-1.575455,-2.159757,-1.737090,-0.495179
775.000000,-0.920189,-1.419199,-2.070649,-1.725515,-0.617895
776.000000,-0.869764,-1.350614,-1.995322,-1.729754,-0.954470
777.000000,-0.768711,-1.186634,-1.908094,-1.724916,-0.676184
778.000000,-0.673101,-1.035945,-1.805251,-1.705094,-0.517257
779.000000,-0.694922,-0.944643,-1.676138,-1.693485,-0.577943
780.000000,-0.766630,-0.880164,-1.604847,-1.715927,-0.977707
781.000000,-0.801477,-0.868251,-1.546941,-1.747270,-1.179812
782.000000,-0.863687,-0.840319,-1.471135,-1.755402,-0.970353
783.000000,-0.991072,-0.843001,-1.421779,-1.776319,-1.095094
784.000000,-1.082886,-0.892917,-1.387063,-1.774124,-0.895782
785.000000,-0.947865,-0.871539,-1.290262,-1.748925,-0.045929
786.000000,-0.626630,-0.759951,-1.201316,-1.695599,0.686141
787.000000,-0.256904,-0.668109,-1.063514,-1.642800,1.036301
788.000000,0.514736,-0.512104,-0.907486,-1.558322,2.266446
789.000000,1.691617,-0.204447,-0.742939,-1.415596,2.954651
790.000000,2.401282,0.223135,-0.578867,-1.308731,2.180602
791.000000,2.623165,0.802994,-0.436683,-1.206617,1.791411
792.000000,2.591047,1.459278,-0.281043,-1.093910,1.598661
793.000000,2.418633,2.215653,-0.095665,-0.980324,1.853129
794.000000,2.081751,2.714944,0.059820,-0.889419,1.617681
795.000000,1.919622,2.792005,0.272035,-0.749823,1.603644
796.000000,1.881280,2.705071,0.607716,-0.612486,1.737829
797.000000,1.895239,2.582828,0.981821,-0.392320,1.833750
798.000000,1.894794,2.421429,1.396237,-0.143960,1.977876
799.000000,1.848402,2.169673,1.764777,0.072734,1.519894
800.000000,1.744050,1.989991,2.068762,0.312577,1.201446
801.000000,1.622614,1.871770,2.272808,0.554231,1.180807
802.000000,1.434157,1.757469,2.316048,0.808779,0.926774
803.000000,1.314087,1.688366,2.350701,1.112211,1.390210
804.000000,1.333508,1.676043,2.348725,1.390683,1.601274
805.000000,1.332504,1.619922,2.249402,1.632338,1.215370
806.000000,1.459251,1.623206,2.181887,1.921057,1.773867
807.000000,1.826970,1.729180,2.194399,2.186627,2.576850
808.000000,2.019588,1.783974,2.156579,2.323037,2.288409
809.000000,2.033435,1.806203,2.054505,2.346939,1.752239
810.000000,2.095550,1.846200,1.992894,2.354400,1.694353
811.000000,2.017324,1.855952,1.939319,2.328151,1.477637
812.000000,1.811817,1.891235,1.904605,2.284554,1.537351
813.000000,1.669454,1.892658,1.869814,2.248434,1.599008
814.000000,1.680877,1.903574,1.864982,2.217859,1.818127
815.000000,1.644519,1.917676,1.843254,2.151672,1.507314
816.000000,1.694414,1.905116,1.832095,2.094684,1.707710
817.000000,1.674476,1.787422,1.801288,2.035232,1.425968
818.000000,1.580867,1.666443,1.749630,1.957288,1.137085
819.000000,1.360431,1.563965,1.699400,1.856647,0.753577
820.000000,1.250217,1.488131,1.677447,1.793443,0.969185
821.000000,0.989352,1.385934,1.632477,1.726839,0.435611
822.000000,0.840430,1.304603,1.616189,1.682532,0.710115
823.000000,0.770500,1.226122,1.587969,1.640934,0.813962
824.000000,0.766442,1.113313,1.550535,1.608076,0.724689
825.000000,0.779623,1.066265,1.549151,1.589511,1.062366
826.000000,0.897413,0.982308,1.517906,1.566373,0.963746
827.000000,0.885740,0.895142,1.424735,1.530556,0.609820
828.000000,0.794779,0.813809,1.329584,1.483239,0.333714
829.000000,0.687040,0.762728,1.258780,1.447586,0.148542
830.000000,0.269549,0.577859,1.145473,1.395355,-1.021814
831.000000,-0.287992,0.397140,1.022079,1.334043,-1.675487
832.000000,-0.813868,0.166414,0.894859,1.289305,-1.717211
833.000000,-1.416949,-0.150100,0.741198,1.225185,-2.061162
834.000000,-1.976314,-0.496037,0.559860,1.159227,-1.910022
835.000000,-2.197688,-0.949784,0.389921,1.115420,-1.791282
836.000000,-2.323419,-1.528762,0.139816,1.030514,-2.216039
837.000000,-2.357965,-2.051162,-0.141240,0.881436,-2.222105
838.000000,-2.269393,-2.409001,-0.443805,0.717755,-2.103567
839.000000,-2.248335,-2.612058,-0.775759,0.548529,-2.167751
840.000000,-2.225600,-2.545781,-1.164490,0.353833,-1.946670
841.000000,-2.084298,-2.374379,-1.477888,0.151229,-1.644317
842.000000,-2.008056,-2.274891,-1.831436,-0.131848,-1.876484
843.000000,-1.964951,-2.181220,-2.132189,-0.497916,-1.908944
844.000000,-1.813100,-2.065158,-2.264036,-0.907014,-1.458608
845.000000,-1.723312,-1.998956,-2.353096,-1.332210,-1.525248
846.000000,-1.664334,-1.900739,-2.356763,-1.749086,-1.384462
847.000000,-1.655433,-1.858757,-2.347714,-2.105191,-1.814901
848.000000,-1.533655,-1.770378,-2.268953,-2.267513,-1.311647
849.000000,-1.539218,-1.701035,-2.205165,-2.339038,-1.492474
850.000000,-1.560368,-1.667790,-2.113706,-2.381197,-1.626880
851.000000,-1.626549,-1.672997,-2.028257,-2.354313,-1.713746
852.000000,-1.531556,-1.617279,-1.942967,-2.299960,-1.352538
853.000000,-1.540057,-1.561776,-1.867898,-2.249465,-1.373695
854.000000,-1.511684,-1.548766,-1.811838,-2.193529,-1.358619
855.000000,-1.409065,-1.505183,-1.759913,-2.140918,-1.110968
856.000000,-1.285513,-1.475980,-1.702213,-2.088774,-1.101841
857.000000,-1.313880,-1.442535,-1.667048,-2.049534,-1.526920
858.000000,-1.260469,-1.421348,-1.615710,-1.988602,-1.091968
859.000000,-1.119324,-1.342943,-1.542182,-1.915682,-0.561709
860.000000,-1.033059,-1.251490,-1.481955,-1.828672,-0.592155
861.000000,-0.971543,-1.157932,-1.444323,-1.749139,-0.773707
862.000000,-0.787982,-1.102396,-1.395462,-1.686729,-0.746541
863.000000,-0.592531,-0.994919,-1.324214,-1.614464,-0.150382
864.000000,-0.494714,-0.871071,-1.274283,-1.554257,-0.005364
865.000000,-0.406275,-0.784891,-1.226602,-1.512273,-0.117577
866.000000,-0.349455,-0.729584,-1.201630,-1.475047,-0.614356
867.000000,-0.512713,-0.691398,-1.180850,-1.458346,-1.767506
868.000000,-0.888623,-0.730414,-1.194517,-1.444530,-1.832690
869.000000,-1.397331,-0.884710,-1.204690,-1.431546,-2.025919
870.000000,-1.980638,-1.109520,-1.223978,-1.435977,-2.454423
871.000000,-2.330275,-1.308092,-1.229163,-1.446785,-2.162369
872.000000,-2.236909,-1.444045,-1.238756,-1.432163,-1.414917
873.000000,-2.043833,-1.624270,-1.231070,-1.405525,-1.004963
874.000000,-1.832921,-1.820785,-1.226728,-1.399357,-1.013457
875.000000,-1.329526,-1.873478,-1.208956,-1.370909,-0.081723
876.000000,-1.345745,-2.104979,-1.294632,-1.398802,-2.221127
877.000000,-1.539984,-2.166771,-1.346739,-1.404980,-2.142272
878.000000,-1.735021,-2.160963,-1.428772,-1.429466,-1.733698
879.000000,-1.779658,-2.057226,-1.531341,-1.430929,-1.195369
880.000000,-1.850986,-1.811799,-1.590780,-1.405613,-0.584087
881.000000,-1.437695,-1.580560,-1.618835,-1.367078,-0.443405
882.000000,-1.181884,-1.533156,-1.687555,-1.371380,-1.059482
883.000000,-1.007265,-1.527759,-1.793750,-1.371304,-0.994311
884.000000,-0.860808,-1.461204,-1.859922,-1.355752,-0.578334
885.000000,-0.814393,-1.478050,-1.882854,-1.350770,-0.393666
886.000000,-0.950168,-1.330102,-1.905012,-1.369779,-1.029307
887.000000,-0.839910,-1.125294,-1.810075,-1.335762,-0.594423
888.000000,-0.761358,-0.984304,-1.720276,-1.334056,-0.663613
889.000000,-0.630805,-0.830638,-1.579297,-1.339533,0.003049
890.000000,-0.561853,-0.768008,-1.417377,-1.347068,-0.064883
891.000000,-0.375904,-0.748016,-1.290050,-1.352120,-0.240638
892.000000,-0.532654,-0.774307,-1.289280,-1.404543,-1.308608
893.000000,-0.595064,-0.763168,-1.295056,-1.477481,-0.945028
894.000000,-0.647698,-0.711834,-1.248251,-1.522953,0.019611
895.000000,-0.670109,-0.677150,-1.264322,-1.557602,0.241088
896.000000,-0.754840,-0.576200,-1.145666,-1.582385,-0.132560
897.000000,0.023421,-0.397396,-0.950416,-1.508274,1.441483
898.000000,1.260887,-0.114512,-0.757967,-1.420986,1.693897
899.000000,2.275778,0.088249,-0.601905,-1.320605,1.524525
900.000000,2.610165,0.356642,-0.503192,-1.185154,1.270435
901.000000,2.625506,0.677092,-0.441051,-1.071257,0.734954
902.000000,2.081187,1.477992,-0.318420,-1.012110,0.401537
903.000000,1.664283,2.262961,-0.162188,-0.966379,0.724200
904.000000,1.234724,2.387008,-0.062373,-0.930630,0.410218
905.000000,1.193388,2.519559,0.098365,-0.931745,1.261415
906.000000,1.454571,2.632882,0.459405,-0.721324,1.711342
907.000000,1.842320,2.470375,0.856926,-0.452482,2.041751
908.000000,1.825155,2.156224,1.227293,-0.237913,1.067010
909.000000,1.950275,1.961898,1.470047,-0.043322,1.219326
910.000000,2.005362,1.890249,1.750032,0.129590,1.566240
911.000000,2.021192,1.978599,2.075360,0.351592,1.975721
912.000000,1.884708,2.053068,2.430383,0.675116,1.671656
913.000000,2.171648,2.194507,2.618549,1.105688,2.405312
914.000000,2.889131,2.681921,2.829773,1.765411,3.844628
915.000000,3.304101,2.998613,2.966698,2.389398,3.560769
916.000000,3.231249,2.978466,2.936985,2.740834,2.557275
917.000000,3.065234,2.833986,2.772225,2.807498,2.007876
918.000000,2.832722,2.741312,2.620501,2.775173,1.788656
919.000000,2.404099,2.623314,2.488197,2.643556,1.570266
920.000000,1.987453,2.504101,2.384085,2.527739,1.485019
921.000000,1.704268,2.357763,2.290349,2.413653,1.209963
922.000000,1.494536,2.233628,2.208756,2.352417,1.017588
923.000000,1.254197,2.057323,2.103560,2.250121,0.625628
924.000000,1.106444,1.812347,2.047029,2.151992,0.857939
925.000000,1.067722,1.602695,2.018403,2.103054,1.313492
926.000000,1.118065,1.490767,1.991180,2.083559,1.445907
927.000000,1.141019,1.393973,1.934482,2.015046,1.114667
928.000000,1.293751,1.344055,1.922134,1.966748,1.341706
929.000000,1.359043,1.299789,1.896107,1.919215,1.181604
930.000000,1.265037,1.231144,1.846946,1.865243,0.875042
931.000000,1.031859,1.135289,1.762938,1.799885,0.312319
932.000000,0.939819,1.100436,1.716418,1.768521,0.653995
933.000000,0.944446,1.187444,1.696112,1.772079,1.387160
934.000000,0.904702,1.208301,1.590485,1.765275,1.003592
935.000000,0.921141,1.170375,1.465093,1.747623,0.927946
936.000000,1.031977,1.095370,1.370768,1.716709,0.717844
937.000000,1.115701,1.084235,1.315907,1.693171,0.967397
938.000000,1.185809,1.122103,1.309389,1.715567,1.750355
939.000000,1.332840,1.172562,1.309821,1.729525,1.628825
940.000000,1.408314,1.224352,1.293451,1.722452,1.122819
941.000000,1.656516,1.417060,1.319478,1.725763,1.642094
942.000000,1.969371,1.621967,1.378382,1.745866,2.099117
943.000000,2.034158,1.708894,1.453536,1.741675,1.764293
944.000000,1.992442,1.815281,1.497031,1.675100,1.341328
945.000000,1.990430,1.900769,1.500734,1.589584,1.324236
946.000000,1.726668,1.942646,1.469802,1.520912,0.870627
947.000000,1.496689,1.974388,1.484524,1.484573,1.308765
948.000000,1.363930,1.852757,1.476546,1.453883,1.219825
949.000000,1.218259,1.691485,1.458732,1.420003,0.747594
950.000000,1.362078,1.755300,1.532743,1.427316,1.929794
951.000000,1.634238,1.772161,1.666135,1.456636,2.069021
952.000000,1.683338,1.679616,1.733930,1.478529,1.552152
953.000000,1.624628,1.565779,1.703189,1.500359,0.960380
954.000000,1.927277,1.646700,1.778221,1.552704,2.198215
955.000000,1.662189,1.562388,1.762098,1.529289,0.655278
956.000000,1.137982,1.423889,1.699641,1.464350,-0.388251
957.000000,0.904059,1.343607,1.669722,1.448718,0.470958
958.000000,0.721462,1.234492,1.556249,1.408037,0.084810
959.000000,0.134088,1.143402,1.435489,1.366186,-0.273537
960.000000,-0.115545,0.898528,1.351079,1.342251,-0.395246
961.000000,-0.226638,0.559651,1.214815,1.342299,-0.972791
962.000000,-0.682436,0.211206,1.035142,1.311683,-1.459078
963.000000,-1.067430,-0.081683,0.877058,1.233667,-1.395668
964.000000,-1.447717,-0.650168,0.723977,1.168810,-1.662750
965.000000,-1.781704,-1.010770,0.567564,1.108203,-1.619454
966.000000,-2.006681,-1.277566,0.408817,1.046495,-1.929195
967.000000,-2.153373,-1.740579,0.164815,0.945927,-2.165569
968.000000,-2.163689,-2.030214,-0.083801,0.790383,-1.723231
969.000000,-2.126251,-2.212446,-0.346823,0.610866,-1.801687
970.000000,-1.924016,-2.200591,-0.707502,0.502953,-1.013394
971.000000,-1.690699,-2.091264,-1.142524,0.338588,-0.981411
972.000000,-1.568104,-2.025957,-1.598894,0.058206,-1.591632
973.000000,-1.617794,-2.021507,-1.963931,-0.272284,-1.928854
974.000000,-1.807287,-2.087800,-2.437288,-0.711371,-2.510582
975.000000,-2.053958,-2.112029,-2.569769,-1.182648,-2.190584
976.000000,-2.171449,-2.062259,-2.512878,-1.594961,-1.804960
977.000000,-2.172251,-2.005267,-2.503003,-2.024163,-1.809944
978.000000,-1.992996,-1.911955,-2.393043,-2.269311,-1.220055
979.000000,-1.557833,-1.722675,-2.208308,-2.282091,-0.397954
980.000000,-1.219708,-1.637764,-2.064989,-2.349728,-0.505764
981.000000,-0.923249,-1.550759,-1.916853,-2.351440,-0.327662
982.000000,-0.687101,-1.467389,-1.810772,-2.321090,-0.734061
983.000000,-0.515612,-1.331542,-1.707027,-2.218794,-0.455633
984.000000,-0.610217,-1.170569,-1.634349,-2.223056,-0.868370
985.000000,-0.672873,-1.021246,-1.571648,-2.136332,-0.792389
986.000000,-0.368017,-0.716356,-1.403609,-1.912762,1.322786
987.000000,0.413074,-0.236333,-1.163871,-1.699312,2.633518
988.000000,1.005436,0.122276,-0.998135,-1.550966,1.729647
989.000000,1.623251,0.378401,-0.838992,-1.420884,1.490222
990.000000,2.141040,0.698150,-0.714755,-1.300362,1.523211
991.000000,2.121503,1.004644,-0.592976,-1.181082,1.392610
992.000000,1.835538,1.409767,-0.409460,-1.045633,1.519613
993.000000,1.817864,1.791973,-0.153196,-0.895603,1.736090
994.000000,1.578892,1.961002,0.099055,-0.812147,0.594478
995.000000,1.507898,2.151191,0.442023,-0.679365,1.259744
996.000000,1.338257,1.991171,0.745086,-0.567394,0.704373
997.000000,1.055636,1.638860,1.044373,-0.461665,0.293744
998.000000,0.573417,1.334625,1.215697,-0.423022,-0.369451
999.000000,0.337600,1.071715,1.276584,-0.373903,-0.431612
1000.000000,-0.045928,0.822686,1.345460,-0.372445,-0.390516
1001.000000,-0.292907,0.599185,1.376643,-0.370874,-0.351205
1002.000000,-0.491025,0.328652,1.406923,-0.334821,-0.557682
1003.000000,-0.511687,0.033864,1.393155,-0.223773,-0.464481
1004.000000,-0.494821,-0.095237,1.402346,0.064140,-0.371680
1005.000000,-0.483018,-0.314636,1.393172,0.429498,-0.344652
1006.000000,-0.477181,-0.455670,1.199983,0.849538,-0.308448
1007.000000,-0.460688,-0.562618,0.875161,1.325173,-0.488984
1008.000000,-0.362473,-0.520027,0.700862,1.744685,0.013683
1009.000000,-0.274379,-0.465594,0.554102,1.906875,0.023812
1010.000000,-0.054657,-0.349184,0.456799,2.101811,0.585157
1011.000000,0.049196,-0.295231,0.320767,2.069451,0.093347
1012.000000,0.234254,-0.183056,0.173455,2.104547,0.243508
1013.000000,0.176968,-0.142482,-0.073764,2.004463,-0.241851
1014.000000,-0.065682,-0.225806,-0.271378,1.899958,-1.011249
1015.000000,-0.514257,-0.353472,-0.631774,1.810795,-1.199516
1016.000000,-0.791544,-0.465248,-0.934033,1.480034,-0.982228
1017.000000,-1.087879,-0.544300,-1.184553,0.940224,-1.101100
1018.000000,-1.243374,-0.706640,-1.315366,0.527006,-1.129330
1019.000000,-1.257997,-0.881794,-1.436558,0.099133,-1.276175
1020.000000,-1.274954,-1.135627,-1.549584,-0.386571,-1.297090
1021.000000,-1.283676,-1.247713,-1.605028,-0.840750,-0.967895
1022.000000,-1.164205,-1.318089,-1.527549,-1.260336,-0.463072
1023.000000,-1.166583,-1.392199,-1.501985,-1.759898,-1.121075
1024.000000,-0.655302,-1.144998,-1.269195,-1.695203,1.312266
1025.000000,-0.024808,-0.890190,-1.051425,-1.744744,1.602693
1026.000000,0.677497,-0.634384,-0.856195,-1.663303,1.690173
1027.000000,1.382953,-0.265558,-0.636056,-1.495394,1.792161
1028.000000,2.047473,0.169400,-0.529451,-1.256382,1.357309
1029.000000,2.001105,0.814726,-0.401854,-1.007321,1.505555
1030.000000,1.850760,1.537736,-0.374492,-0.794521,1.316721
1031.000000,1.728163,2.123723,-0.257360,-0.590176,1.343124
1032.000000,1.739647,2.476019,-0.086325,-0.285071,1.873389
1033.000000,1.910262,2.758534,0.242839,0.047648,2.134247
1034.000000,1.932019,2.544827,0.709038,0.320583,1.707153
1035.000000,2.011292,2.404498,1.319722,0.605282,1.810216
1036.000000,2.024484,2.279968,1.885004,0.854339,1.598552
1037.000000,1.822084,2.106457,2.231946,1.051430,1.064061
1038.000000,1.608284,2.016943,2.466598,1.180771,1.184415
1039.000000,1.427676,1.887226,2.560575,1.267407,0.912745
1040.000000,1.262314,1.806740,2.599026,1.295047,1.065832
1041.000000,1.068477,1.689577,2.515439,1.347240,0.724820
1042.000000,0.911527,1.488612,2.351522,1.339925,0.351142
1043.000000,0.783940,1.303003,2.277962,1.423224,0.591845
1044.000000,0.875452,1.259725,2.136775,1.668994,1.343930
1045.000000,0.840693,1.150775,1.988220,1.846661,0.921006
1046.000000,0.804446,1.023836,1.843557,1.916796,0.564988
1047.000000,0.947756,1.010560,1.754097,1.989726,1.033931
1048.000000,0.901902,0.905654,1.648322,1.974505,0.306030
1049.000000,0.709048,0.846388,1.556747,1.971180,0.421807
1050.000000,0.553349,0.748057,1.470506,1.948723,0.123066
1051.000000,0.504131,0.706336,1.400700,1.917488,0.267574
1052.000000,0.472588,0.786822,1.343656,1.900951,1.179719
1053.000000,0.631413,0.833098,1.258526,1.915248,1.145397
1054.000000,0.936662,0.816412,1.219942,1.844342,1.837931
1055.000000,1.491727,0.890632,1.178443,1.794992,2.017327
1056.000000,1.895108,0.999696,1.127158,1.741311,1.347320
1057.000000,2.379706,1.213795,1.181300,1.741571,2.881754
1058.000000,3.186705,1.917376,1.332847,1.832464,3.966229
1059.000000,3.401985,2.568109,1.503565,1.901068,3.219631
1060.000000,3.413511,3.079256,1.680012,1.973557,2.942616
1061.000000,3.245438,3.167333,1.824760,1.992079,2.063370
1062.000000,2.978537,3.068172,2.009601,1.986892,2.075320
1063.000000,2.524123,2.905636,2.131163,1.945896,1.740018
1064.000000,2.375163,2.845987,2.246761,1.972736,2.410829
1065.000000,2.234069,2.760206,2.354196,1.982411,2.238594
1066.000000,2.206125,2.687493,2.432651,1.986591,2.035297
1067.000000,2.120422,2.533305,2.425456,1.994289,1.778035
1068.000000,2.069193,2.313427,2.430577,1.987191,1.645901
1069.000000,1.879548,2.134045,2.396040,1.981308,1.486968
1070.000000,1.852759,2.056871,2.418320,2.015104,2.047833
1071.000000,1.847862,2.039461,2.411697,2.055467,1.981549
1072.000000,1.935587,2.048856,2.395164,2.122232,2.181977
1073.000000,1.758110,1.922179,2.269728,2.076591,0.852347
1074.000000,1.794394,1.855187,2.221751,2.066120,1.680310
1075.000000,1.567225,1.715554,2.118992,2.016812,0.904229
1076.000000,1.336959,1.591276,2.037239,1.977896,0.803229
1077.000000,1.017798,1.476685,1.931514,1.918850,0.618362
1078.000000,0.991429,1.388997,1.809911,1.891244,0.702216
1079.000000,0.812343,1.334092,1.716916,1.870480,0.851455
1080.000000,0.635217,1.145347,1.586514,1.816438,-0.010402
1081.000000,0.399838,0.923732,1.475185,1.750881,-0.420967
1082.000000,0.277206,0.701988,1.393577,1.699914,0.018356
1083.000000,0.074545,0.608574,1.319619,1.651104,-0.239323
1084.000000,-0.206681,0.393888,1.218334,1.601571,-0.323174
1085.000000,-0.274788,0.271584,1.126179,1.560479,-0.273964
1086.000000,-0.376006,0.094312,1.017549,1.515681,-1.020360
1087.000000,-0.609647,-0.070663,0.924390,1.461669,-0.938198
1088.000000,-0.881478,-0.314266,0.818269,1.368614,-1.306540
1089.000000,-1.115096,-0.613181,0.719144,1.285396,-1.139476
1090.000000,-1.317596,-0.776679,0.568556,1.203543,-0.995758
1091.000000,-1.370620,-0.912755,0.384855,1.136847,-1.252719
1092.000000,-1.470760,-1.161267,0.133880,1.062085,-1.382973
1093.000000,-1.406241,-1.325918,-0.002494,1.007843,-1.065328
1094.000000,-1.447441,-1.496572,-0.291959,0.904245,-1.367968
1095.000000,-1.429821,-1.590967,-0.516801,0.804421,-1.026267
1096.000000,-1.067667,-1.385962,-0.671554,0.751568,0.235012
1097.000000,-0.795009,-1.266068,-0.864542,0.683457,-0.211533
1098.000000,-0.499864,-1.048771,-1.053811,0.633346,0.230993
1099.000000,0.040662,-0.766282,-1.206891,0.625707,0.935774
1100.000000,0.463837,-0.533899,-1.201910,0.536509,0.768654
1101.000000,0.451446,-0.354182,-1.154193,0.373687,0.167684
1102.000000,0.490631,-0.195516,-1.176396,0.088927,-0.168725
1103.000000,0.534379,-0.012750,-1.094200,-0.012370,0.395318
1104.000000,0.390277,0.223588,-1.001114,-0.323675,0.398027
1105.000000,0.665536,0.618952,-0.783832,-0.399757,2.135916
1106.000000,1.601671,1.058460,-0.340408,-0.262648,3.308147
1107.000000,2.373041,1.536322,0.062021,-0.045883,2.655675
1108.000000,2.789306,1.926304,0.521385,0.249069,2.426170
1109.000000,3.033903,2.234108,1.029147,0.692500,2.546458
1110.000000,2.838559,2.392295,1.453480,1.443508,2.035404
1111.000000,2.515260,2.527416,1.871246,2.299527,2.039126
1112.000000,2.271097,2.558635,2.182904,2.662314,1.720121
1113.000000,2.121810,2.533543,2.396170,2.897469,1.821948
1114.000000,1.965216,2.497877,2.540298,2.973782,1.794201
1115.000000,1.880101,2.363674,2.571080,2.933113,1.670209
1116.000000,1.768134,2.159524,2.473478,2.900019,1.527698
1117.000000,1.636366,1.974613,2.369480,2.771064,1.128378
1118.000000,1.430248,1.792720,2.228837,2.641510,0.813646
1119.000000,1.269933,1.637440,2.096269,2.541517,0.991420
1120.000000,1.113894,1.521307,1.989812,2.437188,0.898756
1121.000000,0.947759,1.389790,1.914596,2.343622,0.719942
1122.000000,0.887979,1.303782,1.873591,2.278535,0.842496
1123.000000,0.907547,1.213503,1.825573,2.209248,0.902895
1124.000000,0.892301,1.124897,1.791373,2.162584,0.926562
1125.000000,0.903605,1.047912,1.722927,2.109102,0.956333
1126.000000,1.028853,1.015650,1.637730,2.036443,1.317336
1127.000000,1.188738,1.057286,1.587931,2.003652,1.597424
1128.000000,1.308782,1.125348,1.539094,1.953158,1.431241
1129.000000,1.379755,1.155049,1.475332,1.880100,1.226155
1130.000000,1.464032,1.210876,1.439344,1.831360,1.342049
1131.000000,1.368024,1.240790,1.377193,1.789653,0.809815
1132.000000,1.258256,1.281165,1.343065,1.774967,1.070093
1133.000000,1.136041,1.296106,1.292550,1.743692,0.810011
1134.000000,0.611348,1.109434,1.156663,1.661825,-2.126210
1135.000000,-0.385560,0.788811,0.979738,1.530114,-3.260894
1136.000000,-1.522022,0.337685,0.793726,1.371187,-2.864674
1137.000000,-2.412484,-0.135136,0.670188,1.259576,-1.716990
1138.000000,-2.811918,-0.649888,0.575239,1.162177,-1.368544
1139.000000,-2.342236,-1.112330,0.491868,1.078413,-0.631340
1140.000000,-1.794540,-1.710283,0.387663,0.999406,-0.866361
1141.000000,-1.165566,-2.013424,0.330671,0.934733,-0.231210
1142.000000,-0.773943,-2.201764,0.259705,0.885481,-0.088011
1143.000000,-0.399140,-2.173298,0.190146,0.833217,0.179351
1144.000000,-0.091952,-1.682702,0.151678,0.792466,0.629238
1145.000000,0.166060,-1.153422,0.052933,0.729688,0.186863
1146.000000,0.436239,-0.523923,-0.038337,0.701737,0.865326
1147.000000,0.706115,-0.045987,-0.174126,0.713983,1.003332
1148.000000,0.769606,0.278908,-0.396226,0.726592,0.456913
1149.000000,0.730507,0.478215,-0.619310,0.725577,0.482360
1150.000000,0.742349,0.675692,-0.953716,0.720020,0.258096
1151.000000,0.634109,0.784938,-1.134033,0.753374,0.417854
1152.000000,0.400743,0.798836,-1.397122,0.743565,0.039619
1153.000000,0.174344,0.676658,-1.637053,0.665676,-0.476672
1154.000000,0.028465,0.543862,-1.298936,0.607565,-0.119185
1155.000000,-0.092922,0.467269,-0.791703,0.503988,-0.241488
1156.000000,0.094350,0.525353,0.036500,0.548529,1.169790
1157.000000,0.320736,0.517875,0.604322,0.460542,0.959309
1158.000000,0.705522,0.626474,1.125955,0.402917,1.080172
1159.000000,1.040971,0.757514,1.504232,0.451914,1.224334
1160.000000,1.175881,0.763957,1.713782,-0.101879,0.274569
1161.000000,1.145526,0.878963,1.927565,-0.014363,1.032430
1162.000000,1.331617,1.185119,2.212988,0.414120,1.673880
1163.000000,1.425890,1.537391,2.358046,0.958590,1.446223
1164.000000,1.649833,1.910827,2.475129,3.080143,2.176933
1165.000000,1.619440,1.912794,2.299013,3.669784,0.448712
1166.000000,1.595990,1.790064,2.145190,3.766901,1.203756
1167.000000,1.773448,1.903924,2.169889,3.689128,2.663681
1168.000000,2.246087,2.107685,2.337656,3.594517,3.246456
1169.000000,2.318867,2.159096,2.356398,3.306852,2.297854
1170.000000,2.185717,2.023141,2.137695,2.890791,-0.131939
1171.000000,1.879008,1.837709,1.944633,2.560529,-0.247934
1172.000000,1.162790,1.564884,1.776250,2.274293,-0.741655
1173.000000,0.157008,1.343858,1.676616,2.040192,-0.746077
1174.000000,-0.720546,0.986255,1.559950,1.818550,-0.790296
1175.000000,-0.986784,0.809647,1.444021,1.643687,-1.082594
1176.000000,-1.154502,0.540750,1.250402,1.460426,-0.882203
1177.000000,-1.236077,-0.017096,1.069712,1.264523,-1.085914
1178.000000,-1.260916,-0.742911,0.906285,1.137071,-0.899074
1179.000000,-1.265499,-1.322678,0.736356,1.016570,-0.870906
1180.000000,-1.217296,-1.445749,0.639854,0.910716,-0.942124
1181.000000,-1.133362,-1.474510,0.510906,0.825902,-0.602270
1182.000000,-1.120267,-1.497684,0.256674,0.729254,-1.052892
1183.000000,-1.269148,-1.591305,-0.073492,0.629757,-1.495896
1184.000000,-1.403780,-1.659455,-0.570389,0.504210,-1.429922
1185.000000,-1.451810,-1.640090,-0.877240,0.410610,-1.182349
1186.000000,-1.570230,-1.648718,-1.291991,0.183346,-1.205667
1187.000000,-1.552731,-1.614347,-1.855990,-0.033532,-1.117490
1188.000000,-1.296176,-1.514193,-2.319810,-0.204428,-0.508772
1189.000000,-1.008364,-1.388628,-2.489445,-0.374975,-0.246679
1190.000000,-0.841233,-1.297676,-2.341994,-0.504343,-0.474300
1191.000000,-0.788387,-1.323528,-2.257066,-0.830071,-0.973474
1192.000000,-0.738746,-1.282779,-2.123437,-1.286116,-0.910651
1193.000000,-0.802398,-1.176267,-1.997069,-1.747320,-0.788603
1194.000000,-1.021454,-1.138085,-1.926268,-2.303467,-1.221864
1195.000000,-1.124141,-1.099582,-1.818508,-2.415369,-0.939527
1196.000000,-1.092558,-1.047081,-1.733548,-2.467632,-0.846267
1197.000000,-1.042316,-0.985944,-1.629710,-2.541381,-0.685908
1198.000000,-1.089288,-1.035423,-1.571225,-2.641664,-1.073999
1199.000000,-0.974599,-1.093151,-1.502523,-2.598839,-0.853455
1200.000000,-1.010174,-1.164329,-1.455172,-2.403231,-1.350787
1201.000000,-1.114504,-1.170055,-1.435328,-2.248730,-1.271527
1202.000000,-1.067706,-1.101490,-1.344921,-2.059558,0.182170
1203.000000,-0.792700,-1.056710,-1.234204,-1.911764,0.147749
1204.000000,-0.559029,-0.908651,-1.132759,-1.785315,0.252286
1205.000000,0.003218,-0.754604,-1.039370,-1.647706,0.855688
1206.000000,0.643215,-0.563658,-0.935067,-1.534069,1.078567
1207.000000,0.902941,-0.334652,-0.832567,-1.417492,1.102054
1208.000000,1.172303,0.078417,-0.786558,-1.323438,1.102054
1209.000000,1.375480,0.419044,-0.770861,-1.241259,1.009046
1210.000000,1.290255,0.824234,-0.754079,-1.172794,0.523797
1211.000000,1.120526,1.213289,-0.684319,-1.136499,0.388644
1212.000000,1.186096,1.480809,-0.566537,-1.049568,1.335858
1213.000000,1.027244,1.573463,-0.480471,-0.952346,0.565491
1214.000000,0.812007,1.552023,-0.303872,-0.865276,0.267883
1215.000000,0.830318,1.476768,-0.102473,-0.786322,0.653621
1216.000000,0.677619,1.216871,0.086316,-0.722142,-0.204670
1217.000000,0.145705,0.877087,0.236746,-0.675396,-0.728715
1218.000000,0.366901,0.911354,0.749250,-0.617842,1.411451
1219.000000,1.036695,1.202737,1.379139,-0.532384,2.676982
1220.000000,1.693543,1.628399,2.167006,-0.386696,2.808078
1221.000000,2.325750,1.956790,2.677591,-0.144927,2.391798
1222.000000,2.948435,2.219447,2.876485,0.221108,2.814266
1223.000000,2.891411,2.401661,2.869906,0.650296,2.240001
1224.000000,2.611784,2.475443,2.751647,1.240319,1.865743
1225.000000,2.418230,2.508250,2.630017,1.925226,2.018905
1226.000000,2.424971,2.653068,2.585607,2.644486,2.482317
1227.000000,2.104356,2.606275,2.420004,2.858161,1.359315
1228.000000,1.846466,2.409038,2.262348,2.800968,1.024142
1229.000000,1.704394,2.211201,2.160904,2.652452,1.167125
1230.000000,1.444016,1.987105,2.062580,2.509871,0.692024
1231.000000,1.046443,1.807672,1.988249,2.382700,0.589176
1232.000000,0.936629,1.617632,1.911620,2.240239,0.852964
1233.000000,0.973152,1.517614,1.900205,2.155436,1.201097
1234.000000,0.874432,1.403103,1.865342,2.054846,0.716485
1235.000000,0.688200,1.171314,1.761873,1.900854,-0.211259
1236.000000,0.666344,0.936607,1.743680,1.807825,0.467734
1237.000000,0.384491,0.731189,1.687014,1.678776,-0.469896
1238.000000,-0.020621,0.545577,1.564291,1.562093,-0.622935
1239.000000,-0.380351,0.301464,1.397512,1.451418,-0.881170
1240.000000,-0.598219,0.077060,1.210738,1.354664,-1.169343
1241.000000,-1.070053,-0.198077,1.010230,1.252287,-1.592576
1242.000000,-1.470237,-0.614498,0.714025,1.089433,-2.153169
1243.000000,-1.923931,-1.168515,0.374316,0.915441,-2.516949
1244.000000,-2.289218,-1.666175,-0.003357,0.728485,-2.538121
