0.000000,5.385165,5.385165,5.385165,5.385165,1.176273
1.000000,3.754650,3.741129,3.741832,3.741716,0.836851
2.000000,3.019979,3.004783,2.998503,3.000306,0.339644
3.000000,2.565105,2.548507,2.544979,2.549024,-1.008104
4.000000,2.238076,2.233920,2.228880,2.234030,-1.716055
5.000000,1.988539,2.000072,1.991259,1.998113,-0.861369
6.000000,1.791274,1.813247,1.801938,1.810705,-1.047736
7.000000,1.630478,1.659591,1.646755,1.656168,-1.153081
8.000000,1.503686,1.529730,1.515484,1.525375,-0.807503
9.000000,1.400716,1.415639,1.401569,1.411029,-0.358951
10.000000,1.305314,1.311131,1.300806,1.311726,-0.259595
11.000000,1.220462,1.218223,1.210517,1.221347,-0.307801
12.000000,1.154445,1.140335,1.134037,1.140456,1.441759
13.000000,1.084156,1.068663,1.059803,1.065053,0.155832
14.000000,1.008987,1.000711,0.991308,0.994381,-1.120226
15.000000,0.945585,0.938477,0.929220,0.929027,0.223281
16.000000,0.884524,0.879505,0.869914,0.866859,-0.046989
17.000000,0.808930,0.820369,0.812054,0.807233,-1.232734
18.000000,0.742373,0.761678,0.755702,0.749557,-1.450740
19.000000,0.691242,0.706194,0.700968,0.694064,-0.509463
20.000000,0.622194,0.646268,0.642489,0.637774,-2.134918
21.000000,0.558619,0.588839,0.585920,0.582761,-1.533691
22.000000,0.493751,0.520661,0.527841,0.528647,-2.492517
23.000000,0.431060,0.456613,0.471544,0.472296,-2.034257
24.000000,0.369011,0.400304,0.417534,0.417860,-0.803487
25.000000,0.310049,0.331373,0.357073,0.359493,-1.394307
26.000000,0.226068,0.248988,0.287853,0.293158,-2.229635
27.000000,0.150789,0.161824,0.209810,0.218044,-1.254759
28.000000,0.037125,0.036576,0.100782,0.115475,-1.166196
29.000000,-1.583660,-2.295101,-2.003999,-1.889597,-0.540071
30.000000,-1.400738,-2.003383,-2.006939,-1.939886,-0.695013
31.000000,-0.887261,-1.744849,-1.945741,-1.910777,-0.024927
32.000000,-0.656850,-1.439105,-2.056411,-1.877998,-0.259434
33.000000,-0.599891,-1.287702,-2.097758,-1.826527,-0.988845
34.000000,-0.833817,-1.358808,-2.071726,-1.775243,-1.512955
35.000000,-0.801635,-1.240158,-2.051482,-1.717870,-0.565380
36.000000,-1.107629,-1.103587,-2.065322,-1.709272,-1.305143
37.000000,-1.180479,-1.014096,-1.943916,-1.655065,-0.633400
38.000000,-1.227647,-1.015922,-1.870910,-1.667203,-1.209900
39.000000,-1.131327,-1.092493,-1.851904,-1.694495,-1.100697
40.000000,-1.406969,-1.237584,-1.793600,-1.774474,-1.765096
41.000000,-1.435063,-1.412040,-1.750581,-1.822724,-1.435582
42.000000,-1.539961,-1.495356,-1.628227,-1.925270,-1.116699
43.000000,-1.603557,-1.535234,-1.562205,-1.969873,-1.496762
44.000000,-1.550781,-1.442131,-1.538299,-1.915400,-0.786981
45.000000,-1.259938,-1.435591,-1.463970,-1.908388,-0.381305
46.000000,-0.984035,-1.322587,-1.321759,-1.879147,-0.065450
47.000000,-0.320890,-1.119497,-1.160313,-1.733335,1.901715
48.000000,0.592403,-0.810806,-1.006601,-1.591377,1.830641
49.000000,1.614331,-0.384955,-0.864541,-1.475012,2.403598
50.000000,2.587607,0.467796,-0.623678,-1.242527,2.884469
51.000000,2.892892,1.323908,-0.475950,-1.076614,2.017146
52.000000,2.712517,2.069784,-0.274281,-0.841934,1.977484
53.000000,2.625470,2.689902,0.065930,-0.588192,2.138969
54.000000,2.563059,3.004462,0.589960,-0.350232,2.414895
55.000000,2.391999,3.035610,1.072976,-0.040660,2.251082
56.000000,2.403191,2.978555,1.682719,0.405938,2.299560
57.000000,2.285981,2.721976,2.061102,0.756281,1.720810
58.000000,2.077336,2.493061,2.333250,1.074795,1.319780
59.000000,1.708284,2.209553,2.390691,1.250779,0.650050
60.000000,1.504622,2.007364,2.523266,1.499839,1.215043
61.000000,1.276250,1.887521,2.546524,1.657201,1.162212
62.000000,0.982850,1.684649,2.406385,1.686841,0.322916
63.000000,0.950653,1.584369,2.385403,1.855579,1.144904
64.000000,0.871665,1.362777,2.242210,1.911902,0.286886
65.000000,0.635531,1.134981,2.092746,1.860643,0.075539
66.000000,0.454099,0.923934,1.981779,1.876048,0.296243
67.000000,0.560880,0.828533,1.869636,1.890634,0.825632
68.000000,0.450521,0.754746,1.765821,1.907434,0.649426
69.000000,0.455469,0.717278,1.637435,1.877798,0.295391
70.000000,0.415455,0.567877,1.467586,1.849824,-0.190760
71.000000,0.519134,0.519496,1.406650,1.874370,0.811207
72.000000,0.468563,0.555689,1.338953,1.865194,0.638365
73.000000,0.379327,0.449158,1.243225,1.853065,0.220951
74.000000,0.440792,0.480904,1.146311,1.835999,0.566783
75.000000,0.764223,0.594477,1.074890,1.834379,1.164431
76.000000,0.804197,0.671888,0.978538,1.823658,0.972567
77.000000,1.498485,0.901220,1.019056,1.846446,3.227215
78.000000,2.531229,1.285693,1.122332,1.891097,3.255358
79.000000,3.289582,1.896467,1.326595,1.944404,3.246629
80.000000,3.433111,2.554595,1.492171,1.965696,2.856511
81.000000,3.363434,2.860644,1.657959,1.999935,2.469216
82.000000,2.951434,2.955566,1.861356,1.998810,1.923793
83.000000,2.527774,2.903310,1.937848,1.957984,1.432804
84.000000,2.214099,2.820593,2.108030,1.924115,1.719076
85.000000,1.952595,2.678540,2.256764,1.887167,1.613791
86.000000,1.752276,2.561319,2.333194,1.836957,1.537944
87.000000,1.690734,2.368935,2.353576,1.822889,1.650417
88.000000,1.622475,2.141011,2.321840,1.797111,1.199378
89.000000,1.512937,1.930957,2.311433,1.808389,1.233245
90.000000,1.398634,1.739767,2.297165,1.783301,1.092062
91.000000,1.317054,1.594962,2.224754,1.768068,1.151944
92.000000,1.310515,1.557829,2.206229,1.823718,1.605516
93.000000,1.353447,1.543712,2.180786,1.824455,1.413573
94.000000,1.381172,1.500683,2.139584,1.858944,1.383605
95.000000,1.478773,1.491842,2.101505,1.910721,1.589388
96.000000,1.671985,1.550691,2.109105,1.977409,2.085738
97.000000,1.871784,1.655376,2.096136,2.046335,2.483458
98.000000,1.736224,1.600315,1.955001,2.004561,0.790563
99.000000,1.502669,1.484846,1.783958,1.946130,0.178686
100.000000,1.293541,1.421832,1.652665,1.922473,0.413128
101.000000,0.919959,1.335618,1.528382,1.860340,0.146822
102.000000,0.275979,1.157562,1.407770,1.788306,-0.402973
103.000000,-0.082582,0.963728,1.298489,1.719346,-0.871148
104.000000,-0.240882,0.805150,1.203374,1.669543,-0.515910
105.000000,-0.452339,0.624601,1.126140,1.623889,-0.369840
106.000000,-0.891211,0.221858,1.004654,1.549786,-1.666683
107.000000,-1.128581,-0.318642,0.892797,1.456894,-1.199978
108.000000,-1.179635,-0.619475,0.813706,1.365582,-0.966643
109.000000,-1.131555,-0.753550,0.760857,1.286822,-0.235988
110.000000,-1.302689,-1.052151,0.668968,1.177889,-1.057954
111.000000,-1.116047,-1.291801,0.565484,1.075473,-0.962119
112.000000,-1.064607,-1.416353,0.401324,0.985966,-1.010682
113.000000,-1.203070,-1.516777,0.187285,0.891431,-1.514093
114.000000,-1.224217,-1.481542,0.021400,0.825921,-0.416225
115.000000,-0.873945,-1.341302,-0.137161,0.795953,0.344325
116.000000,-0.561158,-1.025126,-0.409576,0.766160,0.318781
117.000000,-0.601034,-1.017039,-0.987923,0.643747,-1.119098
118.000000,-0.117375,-0.799578,-1.171733,0.630337,0.416411
119.000000,-0.226687,-0.888539,-1.401998,0.530283,-0.822370
120.000000,-0.361261,-0.758553,-1.570641,0.471951,-0.190413
121.000000,-0.498742,-0.650629,-1.668603,0.391671,-0.231876
122.000000,-0.245912,-0.518442,-1.619093,0.240001,-0.123149
123.000000,-0.276480,-0.241597,-1.423886,0.106674,0.300655
124.000000,0.073976,-0.093683,-1.251506,-0.045810,0.550377
125.000000,0.300725,-0.041275,-1.090826,-0.299782,0.699202
126.000000,0.539729,0.003982,-0.807793,-0.856267,0.687411
127.000000,1.048982,0.428573,-0.486249,-1.565970,2.185398
128.000000,1.504619,0.617124,-0.194118,-1.689358,2.023141
129.000000,2.022708,1.115165,0.075087,-1.389855,2.323376
130.000000,2.471046,1.551525,0.492910,-1.025003,2.295525
131.000000,2.817926,2.068606,0.995806,-0.353604,2.568086
132.000000,2.782502,2.486769,1.545715,0.649216,2.592581
133.000000,2.744833,2.667831,2.094927,1.735249,2.436971
134.000000,2.635204,2.698488,2.373178,2.448239,2.254370
135.000000,2.558042,2.674812,2.489240,2.878479,2.234763
136.000000,2.466734,2.642068,2.549814,3.224937,2.266979
137.000000,2.206521,2.443770,2.569841,3.133081,1.463089
138.000000,1.943047,2.274659,2.420926,2.961064,1.189840
139.000000,1.726117,2.119705,2.379035,2.765741,1.184921
140.000000,1.461909,1.962642,2.269261,2.635370,0.914058
141.000000,1.160331,1.792145,2.169021,2.508175,0.795461
142.000000,0.823121,1.524874,2.003928,2.315525,-0.211975
143.000000,0.460569,1.241190,1.824670,2.165747,-0.641312
144.000000,0.108091,0.986595,1.678075,2.001656,-0.493286
145.000000,-0.274082,0.680632,1.527658,1.804637,-0.829791
146.000000,-0.609419,0.359372,1.413913,1.654348,-0.671495
147.000000,-0.739514,0.105426,1.278261,1.596436,-0.799078
148.000000,-0.765874,-0.128346,1.159858,1.471145,-0.769220
149.000000,-0.807635,-0.368865,1.040653,1.432202,-0.688665
150.000000,-0.863066,-0.633324,0.895201,1.342769,-1.111335
151.000000,-1.030100,-0.930826,0.703324,1.245355,-1.444869
152.000000,-1.202079,-1.112229,0.473142,1.143584,-1.583845
153.000000,-1.362827,-1.223929,0.222087,1.033495,-1.485199
154.000000,-1.491568,-1.330850,-0.047651,0.926928,-1.313513
155.000000,-1.536793,-1.399737,-0.377135,0.811882,-1.367150
156.000000,-1.594699,-1.535535,-0.809406,0.671465,-1.728758
157.000000,-1.545266,-1.594920,-1.166427,0.505522,-1.389949
158.000000,-1.472060,-1.621523,-1.485208,0.342516,-1.187343
159.000000,-1.438556,-1.647780,-1.794530,0.122799,-1.206950
160.000000,-1.409789,-1.631450,-2.028102,-0.164429,-1.267252
161.000000,-1.243255,-1.540642,-2.140676,-0.521679,-0.937023
162.000000,-1.094065,-1.414312,-2.077848,-0.957959,-0.682139
163.000000,-0.995238,-1.310528,-1.967705,-1.474333,-0.709628
164.000000,-0.882414,-1.224972,-1.869675,-1.985579,-0.652108
165.000000,-0.655580,-1.090002,-1.716870,-2.339205,-0.121187
166.000000,-0.421497,-0.890608,-1.570336,-2.491872,0.319697
167.000000,-0.285331,-0.755832,-1.458573,-2.471634,0.006848
168.000000,-0.013308,-0.593657,-1.333152,-2.341038,0.668524
169.000000,0.448307,-0.355183,-1.194860,-2.175707,1.614581
170.000000,0.839559,-0.084318,-1.051232,-2.021584,1.649146
171.000000,1.150837,0.170084,-0.906714,-1.898656,1.623734
172.000000,1.849184,0.555213,-0.700209,-1.647589,2.754548
173.000000,2.281054,1.020079,-0.493806,-1.403119,2.450484
174.000000,2.286149,1.479098,-0.309630,-1.223690,1.895534
175.000000,2.188308,1.789589,-0.118829,-1.045476,1.558038
176.000000,2.135627,1.973867,0.138690,-0.881320,1.608001
177.000000,1.954228,2.167078,0.425562,-0.692908,1.828874
178.000000,1.810386,2.207181,0.734144,-0.503819,1.743474
179.000000,1.856150,2.187334,1.131756,-0.277199,2.082409
180.000000,1.908551,2.146274,1.553842,-0.005813,1.879252
181.000000,1.741736,2.005145,1.815046,0.225381,0.938999
182.000000,1.570840,1.812283,1.997755,0.505413,1.020713
183.000000,1.436092,1.661215,2.118341,0.811736,1.072746
184.000000,1.166540,1.527815,2.137092,1.082818,0.725671
185.000000,1.027209,1.484418,2.112398,1.425685,1.199950
186.000000,0.981356,1.387618,2.001304,1.734597,0.709343
187.000000,0.836597,1.234899,1.894331,1.911024,0.280344
188.000000,0.660395,1.086193,1.767441,2.008519,0.183077
189.000000,0.393713,0.821791,1.577434,1.995340,-0.682209
190.000000,-0.170364,0.490695,1.379120,1.910831,-1.530701
191.000000,-0.660740,0.254898,1.217317,1.797474,-1.518867
192.000000,-1.176255,-0.058277,0.990343,1.638330,-1.935158
193.000000,-1.693445,-0.423446,0.765700,1.495053,-1.985141
194.000000,-1.898202,-0.733266,0.588514,1.393823,-1.558924
195.000000,-1.790663,-1.084215,0.451605,1.296175,-1.053967
196.000000,-1.636360,-1.342037,0.313412,1.197260,-0.838515
197.000000,-1.386578,-1.526410,0.145616,1.137976,-0.793635
198.000000,-1.207666,-1.727274,-0.074071,1.023028,-1.192665
199.000000,-1.010645,-1.716680,-0.327239,0.904189,-0.692994
200.000000,-0.829204,-1.533946,-0.570924,0.829095,-0.251069
201.000000,-0.716939,-1.370917,-0.754791,0.763626,-0.339464
202.000000,-0.586766,-1.137843,-0.952325,0.629551,-0.201200
203.000000,-0.307977,-0.865062,-1.135786,0.506220,0.087317
204.000000,-0.297164,-0.744581,-1.350588,0.330048,-0.655033
205.000000,-0.358886,-0.674921,-1.596784,0.159964,-0.536285
206.000000,-0.547869,-0.714299,-1.798169,-0.135280,-1.186466
207.000000,-0.691594,-0.718392,-1.856805,-0.493953,-0.843751
208.000000,-0.795299,-0.617617,-1.826721,-0.869902,-0.377482
209.000000,-0.691201,-0.552009,-1.684865,-1.354375,-0.134921
210.000000,-0.475070,-0.466915,-1.436133,-1.735648,0.621315
211.000000,-0.379873,-0.529280,-1.326396,-2.084131,-0.871696
212.000000,-0.349114,-0.606587,-1.188117,-2.320402,-0.804306
213.000000,-0.535852,-0.773868,-1.083848,-2.473753,-1.225734
214.000000,-0.703038,-0.796556,-0.997163,-2.435735,-0.754139
215.000000,-1.196285,-0.907227,-0.994833,-2.460245,-1.347934
216.000000,-1.276286,-0.899050,-1.000437,-2.372177,-1.068956
217.000000,-1.400962,-0.967364,-1.023159,-2.256015,-1.093136
218.000000,-1.374929,-1.146628,-1.008190,-2.149012,-0.897253
219.000000,-1.258375,-1.297974,-0.998339,-1.962655,0.052470
220.000000,-0.730803,-1.532045,-1.012140,-1.736372,0.545071
221.000000,0.024834,-1.219905,-0.957813,-1.508750,1.525902
222.000000,0.521085,-0.985390,-0.973985,-1.310898,0.631376
223.000000,0.915536,-0.565470,-1.032301,-1.126210,0.532262
224.000000,1.096436,-0.226362,-0.969008,-0.981702,0.643591
225.000000,1.272466,0.369341,-0.871333,-0.860884,1.157972
226.000000,1.116794,0.837445,-0.632473,-0.763392,1.034460
227.000000,1.276898,1.325407,-0.373502,-0.659939,1.259213
228.000000,1.427054,1.717646,-0.159179,-0.517069,1.175122
229.000000,1.623936,1.952184,0.123717,-0.391159,1.510172
230.000000,1.648119,2.015382,0.244337,-0.305338,1.395860
231.000000,1.706184,1.899868,0.923130,-0.196443,1.432336
232.000000,1.578163,1.844998,1.570380,-0.125498,0.895771
233.000000,1.264611,1.664727,2.115157,-0.154171,-0.091886
234.000000,0.669796,1.368819,2.148224,-0.155783,-0.952275
235.000000,0.194434,1.096155,2.285568,-0.139088,-0.533433
236.000000,-0.165122,0.938097,2.341462,0.054774,0.020475
237.000000,-0.404279,0.740702,2.345300,0.220584,-0.046057
238.000000,-0.628698,0.409480,2.141985,0.202171,-0.997228
239.000000,-0.596509,0.045716,1.857650,0.136384,-0.832717
240.000000,-0.746813,-0.359513,1.472697,-0.174849,-1.175872
241.000000,-0.986469,-0.746424,0.988482,-0.157714,-1.014261
242.000000,-1.365715,-1.147260,0.541044,-0.304153,-1.709797
243.000000,-1.091566,-1.100344,0.468470,0.014008,0.077514
244.000000,-0.923465,-0.966757,0.338236,0.172991,-0.149710
245.000000,-0.685694,-0.894476,0.137158,0.458060,-0.083514
246.000000,-0.449256,-0.886208,-0.022297,0.691768,0.059400
247.000000,-0.244838,-1.008315,-0.407205,0.751574,-0.975712
248.000000,-0.485169,-0.985420,-0.771643,0.820260,-0.909283
249.000000,-0.847586,-1.083245,-1.314402,0.554021,-1.563532
250.000000,-1.130564,-1.094285,-1.740658,0.159604,-1.188037
251.000000,-1.366332,-1.091024,-2.066576,-0.674656,-1.026339
252.000000,-1.453734,-1.036819,-2.294027,-1.548918,-1.469942
253.000000,-1.511218,-1.223438,-2.305688,-2.229076,-1.270684
254.000000,-1.567501,-1.443566,-2.266544,-2.842681,-1.820568
255.000000,-1.595710,-1.575714,-2.210881,-3.083443,-1.379862
256.000000,-1.520786,-1.622291,-2.136800,-2.993076,-0.786519
257.000000,-1.461467,-1.609545,-2.102650,-2.982125,-1.226871
258.000000,-1.428276,-1.605248,-1.973386,-2.903057,-1.126030
259.000000,-1.416924,-1.617325,-1.933451,-2.928097,-1.785228
260.000000,-1.528176,-1.684699,-1.873587,-2.893724,-1.873901
261.000000,-1.690087,-1.713273,-1.795443,-2.799238,-1.406194
262.000000,-1.832388,-1.734433,-1.696499,-2.689596,-1.752771
263.000000,-1.936805,-1.754246,-1.729947,-2.504734,-1.425010
264.000000,-1.770757,-1.669719,-1.725700,-2.291303,-1.104807
265.000000,-1.584479,-1.649527,-1.737387,-2.156730,-1.181512
266.000000,-1.510175,-1.706629,-1.760224,-2.082336,-1.126456
267.000000,-1.612225,-1.828098,-1.793881,-2.073404,-2.197918
268.000000,-1.733739,-1.929887,-1.830277,-2.006424,-1.972046
269.000000,-1.788076,-1.864800,-1.799923,-1.930966,-1.414708
270.000000,-2.043202,-1.909890,-1.857791,-1.899055,-2.339727
271.000000,-2.305585,-2.032228,-1.933912,-1.896607,-2.461965
272.000000,-2.412076,-2.150271,-2.003775,-1.888540,-2.679908
273.000000,-2.573641,-2.313041,-2.103772,-1.983687,-2.810381
274.000000,-2.690711,-2.425321,-2.141699,-2.041214,-2.471894
275.000000,-2.643619,-2.495122,-2.195457,-2.094397,-2.384322
276.000000,-2.504545,-2.490729,-2.235149,-2.121067,-1.984395
277.000000,-2.266790,-2.362493,-2.205584,-2.088694,-1.532536
278.000000,-2.059560,-2.295580,-2.198100,-2.081340,-1.732085
279.000000,-1.827025,-2.221877,-2.127236,-2.033607,-1.311077
280.000000,-1.593306,-2.096478,-2.055411,-1.998558,-1.221866
281.000000,-1.425753,-1.968776,-2.005219,-1.967580,-1.150252
282.000000,-1.357188,-1.836005,-1.953252,-1.931142,-1.192190
283.000000,-1.157620,-1.642928,-1.888123,-1.882287,-0.745221
284.000000,-1.033843,-1.472469,-1.838157,-1.821210,-0.697835
285.000000,-0.954387,-1.318734,-1.800747,-1.785187,-0.831764
286.000000,-0.834348,-1.176418,-1.754380,-1.757360,-0.552477
287.000000,-0.685982,-1.073089,-1.679923,-1.718205,-0.472925
288.000000,-0.639676,-0.948606,-1.621120,-1.688247,-0.512261
289.000000,-0.470417,-0.803764,-1.551351,-1.618219,0.179693
290.000000,-0.321469,-0.694125,-1.472100,-1.564858,-0.133100
291.000000,-0.216782,-0.582154,-1.385845,-1.526499,-0.054219
292.000000,-0.076334,-0.434980,-1.275424,-1.477080,0.201649
293.000000,0.140547,-0.309926,-1.135547,-1.430460,0.521720
294.000000,0.189967,-0.191558,-1.008383,-1.401260,0.454591
295.000000,0.486963,0.033605,-0.839836,-1.352188,1.336758
296.000000,0.833289,0.256049,-0.679816,-1.307442,1.564118
297.000000,0.902974,0.373678,-0.592526,-1.277159,0.272710
298.000000,0.850652,0.490934,-0.487124,-1.260822,0.046603
299.000000,0.850954,0.529602,-0.399597,-1.261228,0.207763
300.000000,0.436471,0.563787,-0.337978,-1.253426,-0.527804
301.000000,-0.165747,0.554698,-0.285989,-1.244876,-0.803737
302.000000,-0.282774,0.562961,-0.181587,-1.200184,-0.133484
303.000000,-0.353163,0.470885,-0.117896,-1.130152,-0.236548
304.000000,-0.508361,0.336091,-0.058504,-1.064847,-0.471928
305.000000,-0.646588,-0.095816,-0.008911,-1.003261,-1.202306
306.000000,-0.806207,-0.604052,-0.028886,-0.966622,-1.528918
307.000000,-0.935619,-0.730462,0.008483,-0.927585,-0.611949
308.000000,-1.154701,-0.876115,0.012197,-0.872334,-1.109372
309.000000,-1.202299,-0.988154,-0.101131,-0.830753,-0.627620
310.000000,-0.961026,-0.941417,-0.096420,-0.766826,-0.147778
311.000000,-0.533370,-0.807429,-0.051070,-0.674169,0.289864
312.000000,-0.362898,-0.801601,-0.092535,-0.559368,0.127822
313.000000,-0.083386,-0.786402,-0.232653,-0.498640,0.033919
314.000000,0.283770,-0.608761,-0.222033,-0.372166,0.867881
315.000000,0.469899,-0.344740,-0.448503,-0.199686,0.605025
316.000000,0.460168,-0.065973,-0.751925,-0.076762,0.248359
317.000000,0.326076,-0.031692,-0.871584,-0.011217,-0.422279
318.000000,0.318608,0.149964,-0.896761,0.132190,0.001215
319.000000,0.088925,0.243025,-0.977605,0.086441,-0.069118
320.000000,-0.501572,-0.020032,-1.213567,-0.151866,-1.757596
321.000000,-1.015549,-0.371683,-1.436114,-0.522982,-1.768596
322.000000,-1.134481,-0.546909,-1.620628,-0.902972,-0.914104
323.000000,-1.187977,-0.590657,-1.611453,-1.306607,-0.242272
324.000000,-1.044834,-0.641609,-1.404541,-1.451407,0.529725
325.000000,-0.451360,-0.623261,-1.034322,-1.841697,0.857650
326.000000,0.637604,-0.311634,-0.381482,-1.853185,2.625570
327.000000,1.274300,-0.077999,-0.107327,-1.665410,1.133387
328.000000,1.614093,0.037611,0.196834,-1.477167,0.705702
329.000000,1.736446,0.222141,0.452848,-1.308222,0.851635
330.000000,1.573941,0.768128,0.562424,-1.050054,0.410547
331.000000,1.034499,1.463989,0.643954,-0.674839,0.712614
332.000000,1.010770,1.984068,0.839458,-0.404144,1.086503
333.000000,1.516154,2.502361,1.359525,0.276448,2.472116
334.000000,1.787578,2.559867,1.604506,0.890535,1.873517
335.000000,1.872511,2.346421,1.682336,1.400938,0.958273
336.000000,1.885905,1.970982,1.781421,1.891911,0.973101
337.000000,1.700208,1.791434,1.861778,1.977328,0.390823
338.000000,1.011694,1.592744,1.713158,1.984785,-0.419302
339.000000,0.381988,1.384143,1.559615,1.880237,-0.585097
340.000000,-0.149361,1.182059,1.631882,1.653805,-0.995582
341.000000,-0.624199,0.972749,1.742480,1.434094,-0.699840
342.000000,-0.735905,0.821217,1.793430,1.369031,0.013027
343.000000,-0.767307,0.257767,1.669603,1.245464,-0.541548
344.000000,-0.896108,-0.362378,1.397227,0.933660,-1.070370
345.000000,-0.817326,-0.723342,1.171927,0.728739,-0.714919
346.000000,-0.871795,-1.102175,0.745540,0.551916,-0.910509
347.000000,-1.259799,-1.448190,0.410769,0.384278,-1.477174
348.000000,-1.291470,-1.467326,0.221082,0.265798,-0.749447
349.000000,-1.057728,-1.359882,0.082540,0.241263,-0.219773
350.000000,-0.918157,-1.190042,0.000687,0.487758,-0.193028
351.000000,-0.647291,-1.019542,-0.069017,0.805326,0.224715
352.000000,-0.332776,-1.060209,-0.296706,0.912298,-0.297521
353.000000,-0.142591,-0.972197,-0.831672,0.949193,-0.045127
354.000000,-0.199207,-0.861736,-1.434106,0.819786,-0.462283
355.000000,0.058404,-0.621501,-1.609005,0.834530,0.791564
356.000000,0.133265,-0.378590,-1.736321,0.575140,0.557560
357.000000,0.416552,0.025714,-1.645880,0.562888,0.840896
358.000000,0.751215,0.369651,-1.290153,0.705422,1.280146
359.000000,1.094081,0.556788,-0.978275,0.793798,0.914317
360.000000,1.241271,0.817432,-0.476990,1.127667,1.428275
361.000000,1.390960,0.971802,-0.065884,1.424539,1.244421
362.000000,1.371427,1.137220,0.111173,1.584889,0.852178
363.000000,1.344103,1.316744,0.481649,1.266612,1.273186
364.000000,1.451966,1.577685,0.998392,1.072854,1.531123
365.000000,1.651050,1.773631,1.571501,1.526225,2.345175
366.000000,1.952344,2.008127,2.134946,2.003936,2.501107
367.000000,2.414931,2.252493,2.710889,2.711554,2.858353
368.000000,2.703003,2.426027,2.969250,3.294060,2.885428
369.000000,2.773564,2.522261,2.977301,3.428950,2.487921
370.000000,2.638568,2.482020,2.895002,3.370844,2.114197
371.000000,2.425235,2.391128,2.734973,3.173374,1.667099
372.000000,2.104191,2.286875,2.591678,2.907392,1.245068
373.000000,1.686004,2.121096,2.410534,2.690174,0.727230
374.000000,1.300567,1.959705,2.267665,2.542220,0.515836
375.000000,1.031718,1.807987,2.122116,2.435125,0.771950
376.000000,0.927467,1.705295,2.050195,2.398127,1.174099
377.000000,0.920972,1.577260,1.983874,2.394374,1.241908
378.000000,1.025556,1.426579,1.910733,2.345018,1.222173
379.000000,1.106971,1.263430,1.838894,2.252094,0.862261
380.000000,1.084184,1.104789,1.744556,2.152763,0.602309
381.000000,0.988515,0.999797,1.675658,2.056543,0.700259
382.000000,0.814179,0.913166,1.614582,1.975239,0.387529
383.000000,0.605079,0.875030,1.548358,1.891258,0.222714
384.000000,0.657911,0.954072,1.534231,1.876685,1.181537
385.000000,0.701005,0.968572,1.478323,1.811689,0.793742
386.000000,0.797025,0.965022,1.434125,1.781828,1.152914
387.000000,0.891477,0.911327,1.347962,1.734493,0.728220
388.000000,1.045651,0.863662,1.247163,1.684877,0.800699
389.000000,0.919423,0.843357,1.146446,1.644444,0.564473
390.000000,0.844347,0.842474,1.052168,1.589352,0.360015
391.000000,0.564609,0.781102,0.964599,1.532406,-0.153230
392.000000,0.532492,0.845406,0.937196,1.514622,0.594836
393.000000,0.545800,0.987083,0.967604,1.504738,0.946824
394.000000,0.722904,1.018666,1.036019,1.505551,1.344838
395.000000,1.128427,1.190329,1.105234,1.493572,1.677166
396.000000,1.722854,1.280198,1.127025,1.466544,1.146969
397.000000,1.231378,1.129522,1.035549,1.362852,-1.420680
398.000000,0.353073,0.808207,0.914378,1.231497,-1.611245
399.000000,-0.424413,0.542036,0.847447,1.116334,-0.932224
400.000000,-1.468997,0.063773,0.764970,0.992816,-1.481823
401.000000,-2.256289,-0.323258,0.647079,0.885096,-1.455860
402.000000,-2.275679,-1.139408,0.525285,0.788826,-1.718896
403.000000,-2.045862,-1.808535,0.442777,0.741234,-1.267853
404.000000,-1.777435,-2.125167,0.261412,0.741802,-0.333823
405.000000,-1.579856,-2.502711,0.045648,0.701222,-0.893464
406.000000,-1.255662,-2.520469,-0.249851,0.636045,-0.298351
407.000000,-0.860357,-2.111214,-0.530736,0.549267,-0.338865
408.000000,-0.343920,-1.594375,-0.744072,0.490638,0.591337
409.000000,-0.185062,-1.327793,-0.966532,0.448326,0.257904
410.000000,0.071622,-1.029865,-1.183760,0.422026,0.059983
411.000000,-0.053732,-0.894802,-1.399125,0.322228,-0.763648
412.000000,-0.078498,-0.642000,-1.690719,0.273463,-0.431344
413.000000,-0.558559,-0.615808,-2.111194,0.174843,-1.185566
414.000000,-0.969924,-0.789171,-2.423008,-0.158618,-1.305454
415.000000,-1.278403,-0.843046,-2.623671,-0.508062,-1.201599
416.000000,-1.453332,-1.066807,-2.708781,-1.082315,-1.569405
417.000000,-1.815076,-1.365430,-2.531628,-1.691365,-2.021010
418.000000,-1.886417,-1.695277,-2.325321,-2.173533,-1.581425
419.000000,-1.754372,-1.805478,-2.152421,-2.327046,-0.876184
420.000000,-1.652583,-1.866928,-1.960874,-2.338232,-0.850397
421.000000,-1.504325,-1.830867,-1.818184,-2.250231,-0.981073
422.000000,-1.124046,-1.770326,-1.611122,-2.186721,-0.411715
423.000000,-0.978328,-1.724091,-1.535502,-2.214872,-0.982252
424.000000,-1.102545,-1.731977,-1.605897,-2.300429,-1.449772
425.000000,-1.019297,-1.639810,-1.546466,-2.318148,-0.410387
426.000000,-0.849407,-1.474588,-1.526675,-2.289644,0.007840
427.000000,-1.122529,-1.380592,-1.601268,-2.171870,-1.473472
428.000000,-1.151472,-1.301347,-1.717117,-2.030861,-1.138573
429.000000,-0.840651,-1.249236,-1.745500,-1.910415,-0.394842
430.000000,-0.964495,-1.263869,-1.791833,-1.794977,-0.949033
431.000000,-1.033944,-1.172931,-1.727914,-1.660463,-0.348569
432.000000,-0.685243,-1.126971,-1.675822,-1.503104,-0.019083
433.000000,-0.693567,-1.120104,-1.649369,-1.450415,-1.163179
434.000000,-0.966397,-1.084109,-1.639725,-1.488440,-1.536891
435.000000,-0.807125,-1.052692,-1.554931,-1.433889,-0.300030
436.000000,-0.858220,-1.118075,-1.461753,-1.434077,-0.589468
437.000000,-0.747557,-0.843242,-1.254579,-1.382378,0.505022
438.000000,-0.474747,-0.681442,-1.123149,-1.411879,0.084809
439.000000,-0.359731,-0.783000,-1.147119,-1.478923,-1.325970
440.000000,-1.539017,-1.279881,-1.425365,-1.690101,-4.137821
441.000000,-2.811525,-1.943814,-1.752500,-1.872225,-3.679187
442.000000,-3.618474,-2.448854,-2.047084,-2.013465,-2.662396
443.000000,-3.702370,-2.703365,-2.231101,-2.099697,-2.384168
444.000000,-3.488828,-2.843078,-2.342744,-2.173098,-2.380531
445.000000,-2.875406,-2.910609,-2.404602,-2.186567,-1.682930
446.000000,-2.605644,-3.028293,-2.551663,-2.246833,-2.510946
447.000000,-2.643470,-3.181858,-2.639809,-2.315947,-2.868149
448.000000,-2.724817,-3.200143,-2.727300,-2.404523,-2.858008
449.000000,-2.651637,-3.050193,-2.738127,-2.450153,-2.317231
450.000000,-2.654574,-2.808422,-2.704276,-2.470887,-2.203233
451.000000,-2.536538,-2.616936,-2.681002,-2.471824,-2.133544
452.000000,-2.329199,-2.483228,-2.636360,-2.459030,-1.885729
453.000000,-2.063361,-2.344373,-2.532102,-2.391251,-1.550734
454.000000,-1.913200,-2.233583,-2.441464,-2.322333,-1.588850
455.000000,-1.769176,-2.166345,-2.384250,-2.277524,-1.492459
456.000000,-1.570160,-2.022843,-2.298646,-2.214800,-1.152387
457.000000,-1.371883,-1.839289,-2.224773,-2.120772,-0.906872
458.000000,-1.242247,-1.659185,-2.152817,-2.048519,-0.906674
459.000000,-1.081017,-1.513911,-2.065748,-1.990861,-0.787233
460.000000,-0.908668,-1.365575,-1.935515,-1.926398,-0.647344
461.000000,-0.729849,-1.184358,-1.793338,-1.859361,-0.259276
462.000000,-0.328156,-0.891680,-1.606389,-1.735574,1.137562
463.000000,0.142342,-0.606283,-1.431670,-1.605045,1.354926
464.000000,0.514926,-0.350065,-1.296364,-1.510828,0.897322
465.000000,0.919622,-0.062794,-1.176855,-1.434467,1.141127
466.000000,1.103992,0.130880,-1.072156,-1.398612,0.495068
467.000000,1.008741,0.323408,-0.938301,-1.378892,0.651286
468.000000,0.903562,0.556391,-0.776249,-1.350882,0.881504
469.000000,1.018085,0.850540,-0.595700,-1.290200,1.423061
470.000000,1.055983,1.132881,-0.401189,-1.190626,1.321315
471.000000,1.339926,1.407669,-0.148870,-1.057785,1.702404
472.000000,1.584582,1.491388,0.133303,-0.930599,1.749819
473.000000,1.684544,1.499777,0.407723,-0.815788,1.440746
474.000000,1.791656,1.637640,0.787157,-0.642709,1.946045
475.000000,1.873656,1.712653,1.195916,-0.476593,1.800903
476.000000,1.789690,1.791864,1.542338,-0.270182,1.417384
477.000000,1.742578,1.854044,1.859494,0.045515,1.601698
478.000000,1.734548,1.866160,2.099125,0.456651,1.524785
479.000000,1.631493,1.827525,2.239345,0.924514,1.498502
480.000000,1.541815,1.788727,2.283867,1.442939,1.389003
481.000000,1.524012,1.718471,2.249612,1.952182,1.352939
482.000000,1.480659,1.657390,2.113917,2.336389,1.395196
483.000000,1.525592,1.669478,2.014386,2.578183,1.742817
484.000000,1.543809,1.621569,1.946300,2.665295,1.586988
485.000000,1.552198,1.576436,1.865360,2.639766,1.423138
486.000000,1.513930,1.545279,1.815085,2.534866,1.138067
487.000000,1.344037,1.437406,1.732626,2.379440,0.459836
488.000000,1.061685,1.327455,1.651418,2.245094,0.270896
489.000000,0.694806,1.178721,1.542372,2.105731,-0.309500
490.000000,0.339444,1.049458,1.457509,1.992531,-0.285263
491.000000,-0.033262,0.905181,1.359386,1.877799,-0.534839
492.000000,-0.478385,0.649764,1.225518,1.687204,-1.548657
493.000000,-0.823966,0.334963,1.126113,1.529954,-1.118912
494.000000,-0.867512,0.063876,1.026739,1.438265,-0.434970
495.000000,-0.767783,-0.148093,0.959017,1.370716,0.205314
496.000000,-0.617055,-0.334940,0.914793,1.342140,0.206422
497.000000,-0.368451,-0.492590,0.828197,1.298294,-0.457064
498.000000,-0.193069,-0.623126,0.742985,1.259354,-0.415854
499.000000,-0.141186,-0.638468,0.657673,1.214878,-0.238384
500.000000,-0.224817,-0.638208,0.578444,1.184013,-0.087296
501.000000,-0.420811,-0.654563,0.465197,1.125711,-0.576413
502.000000,-0.657835,-0.621747,0.272480,1.038974,-1.448192
503.000000,-0.954960,-0.685684,-0.029956,0.960758,-1.593211
504.000000,-1.235926,-0.847641,-0.380351,0.851941,-1.400219
505.000000,-1.586089,-1.169390,-0.817472,0.725866,-1.664547
506.000000,-1.963504,-1.589281,-1.372815,0.569714,-2.308871
507.000000,-1.989731,-1.761314,-1.782843,0.390673,-1.753015
508.000000,-1.862617,-1.811185,-2.033317,0.209444,-1.196052
509.000000,-1.934775,-1.965802,-2.190235,-0.076602,-1.845350
510.000000,-1.900622,-2.066761,-2.237716,-0.419936,-1.614704
511.000000,-1.694459,-2.066892,-2.186615,-0.836601,-1.370738
512.000000,-1.654742,-2.022009,-2.064434,-1.386854,-1.586812
513.000000,-1.603732,-1.907086,-1.928752,-1.949627,-1.003566
514.000000,-1.449320,-1.840740,-1.873983,-2.368263,-1.113590
515.000000,-1.349014,-1.763929,-1.870779,-2.552196,-1.134793
516.000000,-1.296942,-1.625142,-1.862969,-2.549576,-1.084665
517.000000,-1.104103,-1.511675,-1.796182,-2.401326,-0.668650
518.000000,-1.163647,-1.521660,-1.783953,-2.287389,-1.248463
519.000000,-1.068864,-1.392868,-1.755101,-2.119120,-0.670567
520.000000,-0.968606,-1.290516,-1.744779,-1.993613,-0.691311
521.000000,-0.837358,-1.195249,-1.706082,-1.874220,-0.486068
522.000000,-0.927933,-1.115669,-1.660449,-1.748696,-1.091490
523.000000,-0.947804,-1.147185,-1.627665,-1.676580,-1.340189
524.000000,-1.005667,-1.117855,-1.586756,-1.633887,-0.954704
525.000000,-1.008038,-1.063930,-1.524811,-1.619380,-0.741023
526.000000,-0.854107,-0.911934,-1.378032,-1.571438,0.296122
527.000000,-0.576283,-0.813161,-1.269368,-1.507662,0.313936
528.000000,-0.175836,-0.623527,-1.193265,-1.453361,0.548458
529.000000,0.222367,-0.483486,-1.061026,-1.411891,0.822528
530.000000,0.766368,-0.273038,-0.914859,-1.370005,1.662298
531.000000,1.210824,-0.026668,-0.760292,-1.307950,2.256326
532.000000,1.942793,0.466993,-0.510785,-1.187976,2.978445
533.000000,2.678962,1.196568,-0.242237,-1.040856,3.111195
534.000000,3.066778,1.954911,0.094561,-0.891116,2.810989
535.000000,3.084953,2.589196,0.505406,-0.703546,2.630614
536.000000,2.831054,2.720018,0.883235,-0.480032,1.909947
537.000000,2.605474,2.778133,1.281555,-0.223984,2.132265
538.000000,2.360825,2.731187,1.720742,0.037382,1.977023
539.000000,2.172742,2.636092,2.034877,0.427213,1.907945
540.000000,2.008122,2.505614,2.253331,0.878087,1.827790
541.000000,2.029602,2.419427,2.403254,1.413599,2.057447
542.000000,1.967263,2.287551,2.498779,1.948729,1.859109
543.000000,1.925722,2.154804,2.546644,2.302395,1.800433
544.000000,1.883747,2.045613,2.521724,2.506864,1.731277
545.000000,1.828369,1.938533,2.456367,2.567675,1.590709
546.000000,1.713995,1.881296,2.345737,2.544296,1.492196
547.000000,1.543187,1.758848,2.220060,2.431675,1.019681
548.000000,1.390536,1.660122,2.115055,2.357897,1.026459
549.000000,1.147574,1.518283,1.991108,2.225298,0.493992
550.000000,0.951905,1.402130,1.885169,2.126879,0.601037
551.000000,0.861812,1.312687,1.818805,2.068991,1.066678
552.000000,0.931714,1.270493,1.761242,2.056383,1.379891
553.000000,1.036577,1.247535,1.708511,2.057829,1.566532
554.000000,1.260356,1.228107,1.663107,2.041657,1.576308
555.000000,1.571687,1.273278,1.648922,2.044623,2.106322
556.000000,1.700805,1.286547,1.635936,2.001080,1.648626
557.000000,1.838459,1.394312,1.632932,1.982168,2.016767
558.000000,2.016082,1.548266,1.657752,1.981781,2.385792
559.000000,2.221551,1.787910,1.695751,1.990603,2.531619
560.000000,2.327980,2.022611,1.743886,1.999155,2.574328
561.000000,2.343007,2.110482,1.736499,1.973301,1.818609
562.000000,2.231696,2.124880,1.722369,1.928692,1.537214
563.000000,2.088672,2.129804,1.720521,1.889154,1.684975
564.000000,1.836640,2.083138,1.698516,1.839480,1.276449
565.000000,1.499529,1.952286,1.664921,1.780969,0.927951
566.000000,1.335741,1.882275,1.643799,1.745847,1.006998
567.000000,1.289892,1.814166,1.667794,1.718452,1.305669
568.000000,1.207357,1.710408,1.689733,1.696246,1.290485
569.000000,1.388283,1.678529,1.787343,1.708774,2.094149
570.000000,1.594995,1.610425,1.860481,1.714692,1.873930
571.000000,1.767383,1.618322,1.902574,1.711855,1.839349
572.000000,1.816960,1.625641,1.909003,1.704215,1.594494
573.000000,1.865625,1.618855,1.904969,1.699151,1.606861
574.000000,1.738582,1.638976,1.891674,1.691065,1.487851
575.000000,1.611650,1.665195,1.841408,1.678292,1.267761
576.000000,1.355122,1.605193,1.772942,1.640607,0.575385
577.000000,1.194815,1.547270,1.707797,1.631630,0.783470
578.000000,1.091793,1.528251,1.647588,1.636415,1.103387
579.000000,1.036608,1.447184,1.588686,1.665269,1.263326
580.000000,1.077549,1.410455,1.537301,1.698915,1.542261
581.000000,1.150085,1.308229,1.488621,1.692656,0.803229
582.000000,1.173575,1.227783,1.454196,1.676805,0.758257
583.000000,0.873035,1.032365,1.359088,1.619957,-0.632866
584.000000,0.398799,0.803319,1.273035,1.557206,-1.150334
585.000000,-0.499646,0.470038,1.160385,1.449829,-2.263895
586.000000,-1.096772,0.282560,1.082770,1.387413,-1.425882
587.000000,-1.660494,0.036347,0.993079,1.319136,-1.295376
588.000000,-1.962492,-0.408937,0.868543,1.215891,-1.850269
589.000000,-2.061226,-0.952566,0.674069,1.099575,-1.735248
590.000000,-1.817166,-1.511724,0.482494,0.976552,-1.432838
591.000000,-1.670915,-1.809605,0.293045,0.896817,-0.961779
592.000000,-1.528683,-1.997387,0.107400,0.832322,-0.778931
593.000000,-1.315713,-1.964842,-0.126714,0.746253,-0.916903
594.000000,-1.089655,-1.843713,-0.376965,0.683318,-0.739424
595.000000,-0.873637,-1.568409,-0.622484,0.650395,-0.476059
596.000000,-0.770752,-1.425129,-0.821956,0.608959,-0.507223
597.000000,-0.714497,-1.311889,-1.083777,0.540136,-0.532915
598.000000,-0.625291,-1.136542,-1.416618,0.461285,-0.524638
599.000000,-0.590515,-0.983748,-1.740450,0.281344,-0.607170
600.000000,-0.556920,-0.834636,-1.976169,0.094323,-0.343622
601.000000,-0.483594,-0.726327,-2.009071,-0.132371,-0.176315
602.000000,-0.408987,-0.645275,-1.992149,-0.395425,-0.187790
603.000000,-0.315680,-0.535738,-1.826483,-0.725048,-0.083098
604.000000,-0.239844,-0.473217,-1.663698,-1.131218,-0.283777
605.000000,-0.211186,-0.440996,-1.427038,-1.527827,-0.220527
606.000000,-0.330822,-0.461610,-1.328677,-1.840719,-0.728712
607.000000,-0.425913,-0.467098,-1.244104,-2.091114,-0.597006
608.000000,-0.455829,-0.428437,-1.088729,-2.221529,-0.154155
609.000000,-0.539367,-0.428235,-0.977886,-2.301937,-0.652336
610.000000,-0.655900,-0.475540,-0.895529,-2.342224,-0.759325
611.000000,-0.660710,-0.560896,-0.859428,-2.272110,-0.798649
612.000000,-0.770243,-0.683553,-0.853398,-2.220424,-1.092094
613.000000,-0.970374,-0.799305,-0.807345,-2.051794,-0.336549
614.000000,-1.195957,-0.984582,-0.819042,-1.919818,-1.203879
615.000000,-1.236284,-1.180099,-0.861648,-1.718696,-1.182971
616.000000,-1.338611,-1.333795,-0.935423,-1.629641,-1.585910
617.000000,-1.446403,-1.577925,-1.038021,-1.572719,-1.709608
618.000000,-1.829337,-1.950090,-1.193462,-1.488283,-2.107597
619.000000,-2.054605,-2.080333,-1.368357,-1.418641,-2.285217
620.000000,-2.212549,-2.111518,-1.596097,-1.369195,-2.120655
621.000000,-2.131932,-2.060886,-1.811088,-1.342780,-1.519693
622.000000,-1.777214,-1.859447,-1.909366,-1.288824,-0.297779
623.000000,-1.350549,-1.754481,-1.976346,-1.218452,-0.123161
624.000000,-0.892645,-1.566648,-1.966280,-1.167808,-0.065753
625.000000,-0.474098,-1.414846,-1.953150,-1.154392,-0.144072
626.000000,-0.632713,-1.487643,-2.046290,-1.237028,-2.149408
627.000000,-0.882490,-1.437583,-2.063532,-1.290979,-1.358379
628.000000,-1.179930,-1.358394,-2.120704,-1.359455,-1.395565
629.000000,-1.486886,-1.271849,-2.076361,-1.423644,-1.427254
630.000000,-1.691565,-1.171224,-1.992628,-1.504928,-1.172121
631.000000,-1.366500,-1.077250,-1.876173,-1.576783,-0.665508
632.000000,-1.668886,-1.373900,-1.921463,-1.759412,-2.619400
633.000000,-1.846898,-1.625679,-1.958485,-1.912956,-2.113157
634.000000,-1.788343,-1.747534,-1.867354,-1.965668,-1.072176
635.000000,-1.697569,-1.801620,-1.774713,-1.985276,-0.595369
636.000000,-1.579936,-1.563819,-1.639576,-1.924113,0.030869
637.000000,-0.974463,-1.433546,-1.517004,-1.880427,-0.015203
638.000000,-0.454191,-1.313496,-1.395802,-1.876212,-0.049147
639.000000,-0.226533,-1.208398,-1.286018,-1.824847,-0.230314
640.000000,-0.088693,-1.119134,-1.181989,-1.753004,-0.091534
641.000000,-0.277089,-1.172841,-1.149262,-1.706707,-0.678815
642.000000,-0.788883,-1.048057,-1.267675,-1.701376,-1.799622
643.000000,-1.286578,-0.984807,-1.402592,-1.722135,-1.719624
644.000000,-1.931408,-1.251162,-1.597457,-1.742430,-2.375935
645.000000,-2.507483,-1.641938,-1.791320,-1.780029,-2.356898
646.000000,-2.423837,-1.851613,-1.725864,-1.726637,-0.870780
647.000000,-2.123898,-2.020970,-1.718573,-1.672582,-0.859453
648.000000,-1.966888,-2.186179,-1.734001,-1.630812,-1.233262
649.000000,-1.424101,-2.101923,-1.661158,-1.537753,-0.238542
650.000000,-0.948901,-2.073010,-1.626064,-1.469614,-0.505673
651.000000,-1.086449,-2.107821,-1.701365,-1.477632,-1.399573
652.000000,-0.901217,-1.818087,-1.506074,-1.479596,-0.134681
653.000000,-0.588521,-1.557474,-1.345622,-1.489739,0.037603
654.000000,-0.371074,-1.122339,-1.229876,-1.479143,0.773636
655.000000,-0.121432,-0.696997,-1.181270,-1.484082,0.583574
656.000000,0.315909,-0.578143,-1.230814,-1.412352,-0.036833
657.000000,0.258370,-0.516136,-1.311264,-1.403187,-0.473447
658.000000,0.131034,-0.373092,-1.380621,-1.391795,-0.459250
659.000000,-0.083023,-0.331973,-1.387233,-1.352681,0.092933
660.000000,0.035496,-0.071599,-1.330255,-1.284669,0.998592
661.000000,0.196508,0.373780,-1.271474,-1.277360,0.514634
662.000000,0.041791,0.228921,-1.227327,-1.201759,-1.036877
663.000000,-0.423199,-0.202924,-1.268644,-1.206112,-1.988493
664.000000,-1.291912,-1.009956,-1.307805,-1.341753,-2.564007
665.000000,-2.366695,-1.809665,-1.387837,-1.548187,-2.751593
666.000000,-3.041131,-2.459951,-1.714531,-1.840035,-2.971071
667.000000,-2.770816,-2.438786,-1.763904,-1.936640,-1.102131
668.000000,-2.319752,-2.278466,-1.679818,-1.952251,-0.360429
669.000000,-1.823055,-2.204249,-1.717100,-1.946860,-0.226513
670.000000,-1.423314,-2.351660,-1.830524,-2.001819,-0.846161
671.000000,-1.179906,-2.564825,-2.016443,-2.113252,-2.005456
672.000000,-1.148441,-2.425693,-2.173074,-2.056329,-0.954112
673.000000,-1.303586,-2.236889,-2.293861,-2.001458,-0.970303
674.000000,-1.762407,-2.162752,-2.553442,-1.994847,-2.084594
675.000000,-1.731948,-1.868513,-2.516957,-1.870126,-0.946717
676.000000,-1.373692,-1.487697,-2.396214,-1.820550,-0.603603
677.000000,-1.206975,-1.351636,-2.237219,-1.753693,-0.331409
678.000000,-1.251179,-1.444215,-2.194532,-1.738824,-1.178150
679.000000,-0.995149,-1.520407,-2.173169,-1.776374,-1.041594
680.000000,-0.866859,-1.431897,-2.138218,-1.747150,-0.416600
681.000000,-0.620139,-1.099892,-2.000433,-1.600141,0.423673
682.000000,-0.497065,-0.943203,-1.841519,-1.558648,0.198347
683.000000,-0.454396,-0.950105,-1.763902,-1.617697,-1.008012
684.000000,-0.382627,-0.773684,-1.638001,-1.684381,-0.776425
685.000000,-0.595214,-0.819750,-1.535641,-1.761890,-1.293706
686.000000,-1.057602,-0.918306,-1.399314,-1.807572,-1.307355
687.000000,-1.578480,-1.118049,-1.446652,-1.857238,-1.721781
688.000000,-1.679396,-1.153824,-1.514842,-1.877020,-1.335659
689.000000,-2.127614,-1.388399,-1.681804,-1.989795,-2.450925
690.000000,-2.337517,-1.685791,-1.769840,-2.098948,-2.169696
691.000000,-2.377468,-2.030906,-1.721656,-2.131324,-1.531773
692.000000,-2.311047,-2.313802,-1.748479,-2.113092,-1.458551
693.000000,-2.189706,-2.312167,-1.730658,-2.039224,-0.842627
694.000000,-1.655245,-2.250643,-1.600760,-1.922536,-0.383885
695.000000,-1.277202,-2.146515,-1.597663,-1.814949,-0.795019
696.000000,-1.071816,-2.014568,-1.610928,-1.680575,-0.791958
697.000000,-0.783828,-1.780473,-1.612530,-1.623862,-0.338662
698.000000,-0.442360,-1.510272,-1.493787,-1.564854,0.557172
699.000000,-0.164144,-1.050400,-1.380902,-1.508578,0.808427
700.000000,0.102715,-0.694259,-1.365685,-1.453383,0.285556
701.000000,0.192389,-0.540538,-1.483765,-1.378395,-0.514977
702.000000,0.371578,-0.275038,-1.516732,-1.319597,0.344231
703.000000,0.370091,-0.068589,-1.426078,-1.254214,0.566240
704.000000,0.179997,-0.000726,-1.384987,-1.150017,0.056866
705.000000,0.095300,0.119942,-1.303999,-1.121131,-0.057616
706.000000,0.500389,0.416111,-1.122979,-1.056925,1.126382
707.000000,0.812785,0.721582,-0.847776,-0.986677,1.607948
708.000000,1.151535,0.937134,-0.548939,-0.837737,1.881591
709.000000,1.457158,1.024976,-0.123570,-0.719242,1.323965
710.000000,1.658828,1.125404,0.263571,-0.665058,0.938515
711.000000,1.650363,1.378092,0.619205,-0.664322,1.196684
712.000000,1.109765,1.210300,0.747747,-0.802514,-0.794784
713.000000,0.253607,0.866887,0.672372,-0.937028,-1.697252
714.000000,-0.387966,0.681924,0.596261,-1.078885,-1.177723
715.000000,-0.930815,0.511235,0.587476,-1.190686,-1.114927
716.000000,-1.398480,0.203854,0.645021,-1.287973,-0.774176
717.000000,-1.308032,-0.150380,0.665180,-1.311679,-0.526288
718.000000,-0.965275,-0.536002,0.538588,-1.380329,-0.322125
719.000000,-0.599736,-0.706728,0.470748,-1.040894,0.346092
720.000000,-0.229463,-0.792136,0.507661,-0.562668,0.437301
721.000000,-0.019973,-0.976138,0.622298,-0.194311,0.055701
722.000000,0.048499,-0.901666,0.493689,0.148464,-0.321415
723.000000,0.126456,-0.633926,0.369497,0.408789,-0.074853
724.000000,0.123984,-0.378822,0.424454,0.664980,0.361342
725.000000,0.105412,-0.111103,0.504551,1.082430,0.387660
726.000000,0.125429,0.068105,0.315819,1.430409,0.127949
727.000000,0.263901,0.224940,0.041940,1.591622,0.190019
728.000000,0.342148,0.355677,-0.311685,1.439239,0.219935
729.000000,0.265437,0.301716,-0.585517,1.182455,0.080375
730.000000,0.137851,0.190131,-0.809178,1.049843,-0.093273
731.000000,0.106469,0.181544,-1.077246,1.180495,0.009007
732.000000,-0.245052,0.015090,-1.166339,0.757440,-1.149311
733.000000,-0.630331,-0.227313,-1.069312,0.252009,-1.233776
734.000000,-0.702777,-0.347749,-0.881925,0.175737,-0.216131
735.000000,-0.786618,-0.517480,-0.741439,0.070750,-0.437078
736.000000,-0.932405,-0.663578,-0.705200,-0.412151,-0.596640
737.000000,-0.734082,-0.777369,-0.655884,-0.955761,-0.372110
738.000000,-0.397354,-0.813674,-0.534047,-1.444803,0.124739
739.000000,-0.529133,-0.980263,-0.783575,-1.894474,-0.775957
740.000000,-0.774241,-1.229100,-1.169326,-2.235815,-1.399664
741.000000,-0.951589,-1.502820,-1.413268,-2.442351,-1.093440
742.000000,-1.295103,-1.580266,-1.650029,-2.251166,-1.415998
743.000000,-1.690478,-1.582728,-1.919077,-1.945715,-1.507898
744.000000,-1.704810,-1.770519,-2.187350,-1.766061,-1.309955
745.000000,-1.361882,-1.692372,-2.234891,-1.523054,-0.280742
746.000000,-1.454490,-1.733205,-2.364167,-1.482161,-1.468333
747.000000,-1.570814,-1.863391,-2.505931,-1.530346,-1.867085
748.000000,-1.470549,-1.942562,-2.486582,-1.534358,-1.126033
749.000000,-1.410683,-1.873947,-2.433516,-1.630756,-1.168384
750.000000,-1.384923,-1.627218,-2.282361,-1.648016,-0.353453
751.000000,-1.242996,-1.543134,-2.236923,-1.660163,-0.895705
752.000000,-0.931431,-1.373105,-2.013812,-1.602628,-0.513958
753.000000,-0.634635,-1.125881,-1.751416,-1.531256,0.195634
754.000000,-0.437151,-0.985173,-1.709162,-1.555830,-0.316437
755.000000,-0.550319,-1.041912,-1.697939,-1.623930,-0.865186
756.000000,-0.770196,-1.084125,-1.747534,-1.733855,-1.878283
757.000000,-1.014869,-1.032709,-1.778166,-1.819535,-1.494426
758.000000,-1.695596,-1.201907,-1.914189,-1.955964,-2.421045
759.000000,-2.368249,-1.460294,-1.987526,-2.095830,-2.867079
760.000000,-2.801862,-1.840662,-2.005312,-2.205299,-2.776937
761.000000,-2.792183,-2.045693,-1.990369,-2.268996,-2.107264
762.000000,-2.783932,-2.266281,-1.958325,-2.229286,-2.036276
763.000000,-2.602507,-2.501137,-1.943531,-2.185508,-2.014804
764.000000,-2.203488,-2.502689,-1.887529,-2.167263,-1.204183
765.000000,-2.163497,-2.622497,-2.022288,-2.236657,-2.539744
766.000000,-2.014921,-2.488819,-2.001994,-2.204853,-1.520061
767.000000,-2.145222,-2.549641,-2.068512,-2.261175,-2.567414
768.000000,-2.081669,-2.422911,-2.099061,-2.259067,-1.749848
769.000000,-1.949180,-2.155559,-2.037365,-2.142810,-0.736954
770.000000,-1.814639,-2.051938,-2.105964,-2.087943,-1.828660
771.000000,-1.799504,-1.968886,-2.108515,-2.029456,-1.483677
772.000000,-1.645397,-1.939738,-2.150966,-1.992535,-1.811015
773.000000,-1.648945,-1.906739,-2.202171,-1.963639,-1.745752
774.000000,-1.954627,-2.008360,-2.260341,-1.985371,-2.242178
775.000000,-1.915647,-1.919479,-2.242051,-2.001890,-1.709444
776.000000,-1.912473,-1.906848,-2.182687,-1.981555,-1.579443
777.000000,-1.933965,-1.847782,-2.170117,-1.979238,-1.944788
778.000000,-1.865991,-1.807338,-2.096896,-1.968210,-1.484451
779.000000,-1.770823,-1.886082,-2.038118,-1.974748,-1.772696
780.000000,-1.772714,-1.867390,-1.982107,-1.995520,-1.740992
781.000000,-1.811914,-1.885541,-1.957217,-2.004746,-1.801075
782.000000,-1.693723,-1.829227,-1.907758,-1.996229,-1.379268
783.000000,-1.681932,-1.790026,-1.868163,-2.004320,-1.439926
784.000000,-1.315467,-1.553453,-1.767992,-1.925306,0.190595
785.000000,-0.895853,-1.355219,-1.619843,-1.838740,0.506961
786.000000,-0.348192,-1.144929,-1.505717,-1.734706,0.869596
787.000000,0.192308,-0.877498,-1.350054,-1.646906,1.038427
788.000000,0.739366,-0.676237,-1.250979,-1.565071,0.728674
789.000000,0.968012,-0.370530,-1.179151,-1.462767,1.120664
790.000000,1.092754,-0.035891,-1.064915,-1.367048,1.010229
791.000000,1.103965,0.348501,-0.972333,-1.294517,0.902711
792.000000,1.156678,0.755208,-0.837712,-1.210647,1.262201
793.000000,1.267851,1.183650,-0.698103,-1.128933,1.217844
794.000000,1.278435,1.344590,-0.509780,-1.075382,1.172115
795.000000,1.370359,1.479091,-0.313095,-0.959540,1.433616
796.000000,1.521425,1.577935,-0.078876,-0.863051,1.605139
797.000000,1.568069,1.628951,0.236405,-0.709369,1.545979
798.000000,1.702857,1.759188,0.602957,-0.547854,1.886596
799.000000,1.738870,1.770351,1.023308,-0.444135,1.472316
800.000000,1.661778,1.749532,1.445744,-0.283604,1.201884
801.000000,1.611319,1.769550,1.898871,-0.090031,1.428432
802.000000,1.450739,1.672991,2.153466,0.115088,0.857902
803.000000,1.278964,1.619788,2.334638,0.395080,1.088034
804.000000,1.187903,1.572138,2.269097,0.792934,1.053433
805.000000,1.071532,1.458742,2.131035,1.150305,0.661343
806.000000,0.911785,1.341095,1.984870,1.529130,0.664589
807.000000,0.896800,1.248043,1.859526,1.952746,0.786695
808.000000,0.759460,1.083045,1.745656,2.184584,0.416184
809.000000,0.629455,0.970701,1.628104,2.342740,0.430258
810.000000,0.640139,0.917317,1.552241,2.416607,0.731728
811.000000,0.524264,0.775734,1.456333,2.377754,-0.008268
812.000000,0.318387,0.681843,1.344854,2.274069,-0.347862
813.000000,0.173520,0.552979,1.250885,2.190556,-0.606651
814.000000,0.024377,0.431058,1.182090,2.021736,-0.265951
815.000000,-0.375210,0.330208,1.091004,1.863449,-0.706021
816.000000,-0.565711,0.213863,0.994811,1.719574,-0.600215
817.000000,-1.148282,-0.116751,0.837816,1.539883,-2.633125
818.000000,-1.646494,-0.457697,0.646539,1.405257,-2.404771
819.000000,-2.312707,-0.994804,0.443883,1.238553,-2.825042
820.000000,-2.489711,-1.579163,0.277970,1.117945,-1.858482
821.000000,-2.658094,-2.008541,0.045448,0.999356,-2.054923
822.000000,-2.126272,-2.023641,-0.074538,0.925654,-0.471328
823.000000,-1.802464,-2.011582,-0.278753,0.837545,-0.908054
824.000000,-1.109123,-1.839967,-0.432330,0.811002,0.364332
825.000000,-0.358533,-1.487651,-0.470537,0.815900,1.440345
826.000000,0.583270,-1.101950,-0.468875,0.834046,1.841471
827.000000,1.096471,-0.545740,-0.497661,0.844092,1.607886
828.000000,1.697448,0.034132,-0.408636,0.826079,1.766326
829.000000,2.115814,0.842730,-0.152257,0.903651,2.327309
830.000000,2.367069,1.603521,0.240330,1.075523,2.640643
831.000000,2.420957,2.220670,0.812160,1.222739,2.290341
832.000000,2.491072,2.505977,1.456320,1.490658,2.273228
833.000000,2.432790,2.656177,1.926959,1.710690,1.895417
834.000000,2.279584,2.624507,2.232643,1.924421,1.784900
835.000000,2.107985,2.524491,2.480478,2.206790,1.854818
836.000000,1.893036,2.342192,2.520872,2.362545,1.324448
837.000000,1.643380,2.182686,2.586301,2.401038,1.083368
838.000000,1.541351,2.083696,2.638988,2.497977,1.394176
839.000000,1.401985,1.925620,2.638715,2.486244,1.110566
840.000000,1.215170,1.736837,2.555625,2.387061,0.945744
841.000000,1.149874,1.597546,2.496675,2.352454,1.014637
842.000000,1.107250,1.448941,2.365655,2.305217,0.890167
843.000000,0.952365,1.311885,2.253825,2.224544,0.642139
844.000000,0.872042,1.198542,2.126242,2.150268,0.721835
845.000000,0.781220,1.053963,1.971118,2.075018,0.499572
846.000000,0.703963,0.980226,1.840267,2.020617,0.640354
847.000000,0.597412,0.904841,1.719939,2.004207,0.368067
848.000000,0.613595,0.833127,1.637234,2.011965,0.740396
849.000000,0.562970,0.766030,1.527642,2.018673,0.482072
850.000000,0.612035,0.741760,1.423104,2.013867,0.773051
851.000000,0.587557,0.685341,1.324864,2.003428,0.509550
852.000000,0.689302,0.665009,1.238843,1.963555,0.854216
853.000000,0.679306,0.664249,1.166284,1.936134,0.717243
854.000000,0.784986,0.665570,1.104688,1.884601,0.973896
855.000000,0.923014,0.738720,1.048423,1.824666,1.616958
856.000000,1.211880,0.813245,1.028029,1.762419,1.703992
857.000000,1.313881,0.914093,1.006640,1.699618,0.859678
858.000000,1.400065,0.942172,0.949514,1.635270,0.305122
859.000000,1.201157,0.991781,0.896475,1.545906,-0.731821
860.000000,0.452379,0.918647,0.842946,1.433870,-1.381620
861.000000,-0.691760,0.833317,0.767824,1.330259,-1.688815
862.000000,-1.326292,0.617985,0.708345,1.228174,-1.100313
863.000000,-1.526345,0.412217,0.684065,1.148033,-0.589120
864.000000,-1.349959,0.114222,0.657357,1.075292,-0.183982
865.000000,-0.878509,-0.322163,0.679096,0.998050,0.419549
866.000000,-0.681735,-1.083983,0.633547,0.930354,-0.984237
867.000000,-1.082103,-1.811726,0.555845,0.850335,-2.423394
868.000000,-1.681578,-2.296337,0.322031,0.728727,-2.546333
869.000000,-1.799235,-2.181801,0.195579,0.656317,-0.837042
870.000000,-2.214392,-2.150846,-0.200727,0.569421,-1.670389
871.000000,-2.063526,-1.924268,-0.567840,0.485641,-0.808313
872.000000,-1.531939,-1.722035,-1.135312,0.417838,-0.283017
873.000000,-0.826941,-1.514224,-1.560224,0.389378,0.308804
874.000000,-0.747651,-1.518969,-2.107950,0.314343,-0.507210
875.000000,-0.081213,-1.357120,-2.302484,0.320083,0.962811
876.000000,-0.516271,-1.589495,-2.960610,0.132065,-2.272080
877.000000,-1.123481,-1.630011,-3.093051,-0.080094,-2.267990
878.000000,-1.588276,-1.488456,-2.918654,-0.402493,-1.472917
879.000000,-1.686675,-1.502581,-2.648652,-0.729434,-1.011000
880.000000,-2.070240,-1.424121,-2.426499,-1.246254,-1.143259
881.000000,-1.896386,-1.561081,-2.307165,-1.795758,-1.693050
882.000000,-1.772420,-1.762561,-2.268738,-2.309109,-1.812946
883.000000,-1.792538,-1.966175,-2.247818,-2.501884,-1.648442
884.000000,-1.904775,-2.040658,-2.243647,-2.560832,-1.611858
885.000000,-1.907355,-2.188050,-2.225740,-2.565380,-1.297327
886.000000,-1.554506,-1.867066,-2.039356,-2.443121,-0.035086
887.000000,-0.955797,-1.472191,-1.739790,-2.224569,1.024273
888.000000,-0.098131,-1.073235,-1.386588,-1.972504,1.916208
889.000000,0.857778,-0.746814,-1.177514,-1.743399,1.677482
890.000000,1.448923,-0.529253,-1.016110,-1.598699,0.609259
891.000000,1.635783,-0.168064,-0.903095,-1.442174,0.720753
892.000000,1.469577,0.236799,-0.848872,-1.341771,0.490370
893.000000,1.129641,0.705427,-0.824126,-1.260048,0.655674
894.000000,0.575763,1.021015,-0.845458,-1.289642,-0.377672
895.000000,0.451033,1.370330,-0.936090,-1.305983,0.135136
896.000000,0.370014,1.480766,-0.737974,-1.237426,0.423859
897.000000,0.030256,1.139457,-0.632140,-1.187225,-0.739520
898.000000,-0.181185,0.739471,-0.514751,-1.053635,-0.086227
899.000000,-0.473046,0.094541,-0.609348,-1.144633,-1.416504
900.000000,-0.768058,-0.233669,-0.629927,-1.134616,-0.929106
901.000000,-1.063996,-0.541637,-0.534721,-1.162997,-0.706401
902.000000,-0.991389,-0.756170,-0.361318,-1.213011,-0.512341
903.000000,-1.262947,-1.136203,-0.298264,-1.378382,-1.177079
904.000000,-0.781775,-0.966182,0.117310,-1.341976,0.402118
905.000000,-0.264666,-0.777274,0.755387,-1.379739,1.089268
906.000000,0.395991,-0.510807,1.360395,-1.070595,1.686464
907.000000,0.929439,-0.056935,1.609623,-0.732936,1.420868
908.000000,1.612625,0.296805,1.581141,-0.399615,1.509866
909.000000,1.871996,0.976112,1.653457,-0.004307,1.684481
910.000000,1.898603,1.453007,1.915693,0.493555,1.400190
911.000000,1.806268,1.819018,2.072934,1.278250,1.434471
912.000000,1.675834,1.986816,2.085625,2.043703,0.991097
913.000000,1.391995,2.106745,1.875811,2.460793,0.303018
914.000000,1.003402,1.947371,1.868593,2.581525,-0.078493
915.000000,0.537582,1.687354,1.679471,2.438306,-0.691306
916.000000,-0.250451,1.179139,1.212257,1.981925,-1.670152
917.000000,-0.793771,0.789213,1.167363,1.571173,-1.019570
918.000000,-1.124849,0.336855,0.908559,1.077058,-1.064449
919.000000,-1.331269,-0.190539,0.993692,0.635111,-1.082824
920.000000,-1.497545,-0.765061,0.815912,0.291229,-1.496052
921.000000,-1.464540,-1.337166,0.543660,-0.090236,-1.558871
922.000000,-1.449860,-1.650878,0.376121,-0.344206,-1.017308
923.000000,-1.296430,-1.701235,0.572647,-0.523602,-0.454810
924.000000,-1.216033,-1.736113,0.221229,-0.595496,-0.768428
925.000000,-1.051924,-1.695438,-0.361460,-0.746750,-0.784355
926.000000,-0.871415,-1.529729,-1.173638,-0.932370,-0.776945
927.000000,-0.706183,-1.392448,-1.705386,-0.867388,-0.310758
928.000000,-0.533973,-1.171826,-1.991740,-0.796801,0.293151
929.000000,-0.270791,-0.947894,-2.266268,-0.522083,0.400761
930.000000,-0.004560,-0.674479,-2.406088,-0.320652,0.394956
931.000000,0.162359,-0.456434,-2.573374,-0.226088,-0.060008
932.000000,0.095135,-0.397878,-2.644943,-0.255064,-0.628605
933.000000,-0.075837,-0.398244,-2.511527,-0.154960,-0.460585
934.000000,-0.220093,-0.316813,-2.299066,-0.263402,-0.216990
935.000000,-0.278112,-0.178035,-2.004321,-0.426291,0.155272
936.000000,-0.109196,0.037811,-1.561259,-0.605345,0.709689
937.000000,0.301951,0.252035,-1.194648,-0.646152,1.217532
938.000000,0.762333,0.424308,-0.794492,-0.638583,1.587693
939.000000,0.910118,0.410294,-0.586878,-0.896566,0.351983
940.000000,0.717002,0.238619,-0.487461,-1.289384,-0.945473
941.000000,0.516527,0.214402,-0.284816,-1.563275,-0.339807
942.000000,0.211084,0.315847,-0.127977,-1.710128,-0.065218
943.000000,-0.288007,0.403385,-0.064901,-1.760987,-0.101725
944.000000,-0.321779,0.535085,0.124850,-1.736371,0.432654
945.000000,-0.026804,0.563383,0.283452,-1.717126,0.020953
946.000000,-0.087172,0.371961,0.368890,-1.606255,-0.617252
947.000000,0.010908,0.174344,0.485410,-1.482587,0.300840
948.000000,0.090953,-0.159719,0.465564,-1.323555,0.197506
949.000000,0.026697,-0.209581,0.427254,-1.116544,0.203027
950.000000,0.171036,0.089187,0.438285,-0.704986,0.574779
951.000000,0.526918,0.261212,0.563464,-0.202215,0.689401
952.000000,0.621893,0.367843,0.817314,0.171121,0.614650
953.000000,0.405030,0.288618,0.871216,0.189413,-0.712651
954.000000,0.200551,0.128022,0.878763,0.319123,-0.587758
955.000000,0.077983,0.169286,0.888851,0.574139,0.214440
956.000000,0.056208,0.445192,0.805751,0.884364,0.698955
957.000000,0.055090,0.552919,0.587150,1.044570,0.666742
958.000000,0.635141,0.749193,0.298985,1.055239,0.824511
959.000000,1.413191,1.154844,0.434265,1.140891,1.538827
960.000000,1.783593,1.433485,0.858052,1.225699,1.464373
961.000000,2.044209,1.726547,1.195853,1.463121,1.741195
962.000000,2.081315,1.859709,1.423892,1.721355,1.195205
963.000000,1.985159,2.202389,1.655515,1.865991,0.887061
964.000000,1.708509,2.370339,1.827289,1.909749,0.750324
965.000000,1.354642,2.206487,2.046739,1.812433,0.246838
966.000000,1.114555,2.105950,2.450409,1.703128,0.945565
967.000000,0.827037,1.893482,2.414774,1.449454,0.195512
968.000000,0.686727,1.729074,2.330967,1.177969,0.391842
969.000000,0.617459,1.490743,2.246058,1.141854,0.512619
970.000000,0.946956,1.442421,2.253229,1.390349,1.686515
971.000000,0.862405,1.224519,2.120871,1.469055,0.837645
972.000000,0.520193,0.831219,1.784169,1.366215,-1.255505
973.000000,0.293894,0.591691,1.748773,1.339529,-0.626884
974.000000,0.024441,0.380972,1.693488,1.268238,-0.609687
975.000000,-0.324785,0.390489,1.645830,1.336095,0.389701
976.000000,-0.456962,0.288847,1.555887,1.486948,0.467843
977.000000,-0.222374,0.212360,1.403592,1.470117,-0.410021
978.000000,0.377412,0.376490,1.430518,1.629034,1.632104
979.000000,0.707330,0.377289,1.278488,1.695760,0.440560
980.000000,0.855937,0.228733,1.179226,1.733637,0.837459
981.000000,0.860421,0.159032,1.006189,1.706041,0.440499
982.000000,1.015922,0.427350,0.871002,1.651916,0.114685
983.000000,0.584192,0.600806,0.778989,1.761939,0.124809
984.000000,0.277068,0.672817,0.637252,1.792711,-0.781378
985.000000,-0.246538,0.499838,0.550940,1.718283,-0.936396
986.000000,-0.621836,0.319547,0.386854,1.606804,-0.624186
987.000000,-1.621611,-0.157881,0.129515,1.347950,-2.533609
988.000000,-2.222629,-1.177116,-0.126548,1.137312,-1.724198
989.000000,-2.203993,-1.702810,-0.416172,0.877873,-1.170922
990.000000,-2.579438,-2.618286,-1.310986,0.421673,-2.624711
991.000000,-2.187113,-2.422823,-1.572409,0.196214,0.238363
992.000000,-1.332188,-2.094725,-1.258887,0.089804,0.700379
993.000000,-0.537266,-1.738029,-0.924580,0.088175,1.176243
994.000000,0.559585,-1.032959,-0.250044,0.266321,2.199387
995.000000,2.111565,-0.306795,0.241883,0.545941,2.046834
996.000000,2.385897,0.272723,0.608790,0.636165,1.539999
997.000000,2.488883,1.396713,1.245517,0.926114,1.678772
998.000000,2.401800,2.209286,1.299244,1.215449,1.468588
999.000000,2.135235,2.668522,1.626244,1.543429,1.485660
1000.000000,2.111926,3.249684,2.025566,1.777703,2.140664
1001.000000,2.199069,3.137632,2.406450,2.131317,2.132035
1002.000000,2.099068,2.886602,2.551403,2.595594,1.591851
1003.000000,2.076840,2.685952,2.639696,2.822029,1.693630
1004.000000,1.972475,2.399381,2.668580,2.875122,1.314278
1005.000000,1.709916,2.152461,2.619341,2.726814,1.026012
1006.000000,1.405475,1.971322,2.505091,2.546408,0.772507
1007.000000,1.193024,1.788624,2.513285,2.448047,0.621823
1008.000000,0.965998,1.652746,2.457927,2.222082,0.670354
1009.000000,1.131094,1.698970,2.515188,2.281257,1.988838
1010.000000,1.225066,1.606750,2.560026,2.229038,1.430317
1011.000000,1.332463,1.497934,2.422190,2.187869,1.283930
1012.000000,1.436195,1.440134,2.288280,2.154671,1.179354
1013.000000,1.463218,1.338508,2.142291,2.090983,0.901822
1014.000000,1.307046,1.326407,2.010436,2.096349,1.253252
1015.000000,1.259575,1.340274,1.902005,2.093101,1.217988
1016.000000,1.131906,1.317043,1.795425,2.033021,0.687906
1017.000000,0.920360,1.252035,1.661940,2.006344,0.124441
1018.000000,0.762148,1.189491,1.553668,1.959074,0.053099
1019.000000,0.508534,0.987873,1.457972,1.906307,0.027063
1020.000000,0.304330,0.887123,1.362916,1.939031,0.458838
1021.000000,0.190719,0.791206,1.264525,1.876300,0.330629
1022.000000,0.365521,0.751255,1.224133,1.834854,1.066984
1023.000000,1.133146,0.932942,1.261398,1.855499,3.161117
1024.000000,2.190773,1.133550,1.341301,1.855938,3.099244
1025.000000,2.671020,1.287683,1.402273,1.828819,2.168462
1026.000000,2.975217,1.602057,1.487163,1.827729,2.165344
1027.000000,3.509370,2.467017,1.750617,1.942568,3.891532
1028.000000,3.278086,2.979021,1.933724,2.003082,2.747547
1029.000000,2.959382,3.144834,1.968149,2.021041,2.103343
1030.000000,2.798266,3.076884,2.026595,2.007961,1.946462
1031.000000,2.658924,2.977551,2.083606,1.992032,1.890639
1032.000000,2.216287,2.825119,2.123264,1.984397,1.717903
1033.000000,2.052590,2.646709,2.198190,1.989804,1.969459
1034.000000,1.950933,2.463262,2.208437,1.987796,1.690792
1035.000000,1.899523,2.371993,2.221475,2.000759,1.753316
1036.000000,1.884410,2.308705,2.267162,2.027924,1.850269
1037.000000,1.835568,2.079015,2.291349,2.034123,1.548948
1038.000000,1.718541,1.931816,2.289610,2.031303,1.422683
1039.000000,1.628778,1.830267,2.262558,1.976831,1.288138
1040.000000,1.526936,1.747944,2.214277,1.945667,1.273456
1041.000000,1.402960,1.674158,2.169870,1.921453,1.255103
1042.000000,1.334549,1.616255,2.113930,1.901082,1.224414
1043.000000,1.289290,1.536256,2.025004,1.890630,1.208221
1044.000000,1.263612,1.479784,1.939367,1.867489,1.167531
1045.000000,1.229878,1.412282,1.879356,1.843989,1.111517
1046.000000,1.150606,1.309446,1.810779,1.824845,0.863749
1047.000000,1.172151,1.286282,1.708638,1.844271,1.341297
1048.000000,1.204635,1.278883,1.645445,1.861740,1.388688
1049.000000,1.162937,1.243367,1.584222,1.855253,0.944810
1050.000000,1.148473,1.216200,1.535210,1.841576,1.013592
1051.000000,1.108748,1.150744,1.469430,1.813452,0.496538
1052.000000,0.922406,1.077721,1.408937,1.776624,0.300975
1053.000000,0.728070,1.019351,1.344629,1.723282,0.500795
1054.000000,0.767602,1.017527,1.319079,1.688520,1.276966
1055.000000,0.800817,1.027703,1.288887,1.669545,1.332413
1056.000000,0.973316,1.068891,1.244315,1.647033,1.191954
1057.000000,1.273626,1.056883,1.223416,1.577190,1.518402
1058.000000,1.588644,1.057429,1.217383,1.536015,1.788886
1059.000000,1.718086,1.152852,1.224908,1.513878,1.884679
1060.000000,1.711398,1.201333,1.218926,1.485782,1.335062
1061.000000,1.581588,1.273971,1.192942,1.445821,0.524885
1062.000000,1.436395,1.390471,1.174301,1.415245,0.678019
1063.000000,1.246284,1.490630,1.161631,1.376241,0.865551
1064.000000,1.172829,1.544106,1.176924,1.360531,1.663649
1065.000000,1.446521,1.674562,1.230272,1.354933,2.414813
1066.000000,1.837967,1.779558,1.306511,1.336650,2.017691
1067.000000,1.846405,1.707401,1.288557,1.308667,0.773274
1068.000000,1.852966,1.619261,1.270468,1.289851,0.952245
1069.000000,1.560707,1.442127,1.275884,1.267707,0.315798
1070.000000,1.212267,1.406718,1.297985,1.257741,0.869454
1071.000000,0.692915,1.361431,1.327969,1.229561,-0.170482
1072.000000,0.322546,1.217589,1.340376,1.190833,-0.818226
1073.000000,-0.427534,0.905112,1.271257,1.127844,-1.874635
1074.000000,-1.156918,0.391955,1.091930,1.053736,-2.161646
1075.000000,-1.904303,-0.282277,0.907762,0.984623,-1.835503
1076.000000,-2.200688,-0.941848,0.748868,0.941197,-1.532554
1077.000000,-2.361941,-1.480028,0.493279,0.825083,-1.902790
1078.000000,-2.335115,-2.030214,0.119445,0.664070,-2.141060
1079.000000,-2.074609,-2.218299,-0.243768,0.559794,-1.375170
1080.000000,-1.928915,-2.396807,-0.599346,0.422310,-1.427122
1081.000000,-1.838756,-2.379706,-0.882998,0.324647,-1.318891
1082.000000,-1.628912,-2.259820,-1.158109,0.249124,-1.055987
1083.000000,-1.389411,-2.070523,-1.463857,0.132128,-1.078525
1084.000000,-1.233164,-1.831987,-1.757128,-0.066659,-0.720006
1085.000000,-0.799251,-1.496375,-1.901144,-0.163070,0.529288
1086.000000,-0.236946,-1.137274,-1.886961,-0.147902,1.204458
1087.000000,0.293191,-0.738420,-1.714683,-0.157784,1.282562
1088.000000,0.829777,-0.303289,-1.564140,-0.209926,1.273965
1089.000000,1.820032,0.418869,-0.987578,0.234345,3.210551
1090.000000,2.188764,1.001170,-0.624718,0.674097,2.214607
1091.000000,2.270503,1.476229,-0.222784,1.234572,1.832207
1092.000000,2.316021,1.864444,0.262271,1.804883,1.838858
1093.000000,2.322694,2.156108,0.837323,2.249663,1.734301
1094.000000,1.945147,2.284926,1.358082,2.377722,1.443035
1095.000000,1.787286,2.281353,1.809580,2.358616,1.518034
1096.000000,1.695821,2.214111,2.134740,2.334816,1.454728
1097.000000,1.536564,2.107269,2.334246,2.341795,1.128037
1098.000000,1.450958,2.045897,2.507735,2.365404,1.341652
1099.000000,1.422053,1.829712,2.550646,2.412539,1.335522
1100.000000,1.303266,1.669824,2.513501,2.329970,0.977756
1101.000000,1.185348,1.546891,2.452590,2.300987,0.900978
1102.000000,1.171385,1.451329,2.396743,2.322232,1.076684
1103.000000,1.104525,1.361985,2.335019,2.358167,1.026785
1104.000000,1.001077,1.283077,2.244136,2.357677,0.847206
1105.000000,0.952918,1.191023,2.111067,2.320028,0.749515
1106.000000,0.856769,1.075092,1.953508,2.235188,0.415165
1107.000000,0.706715,0.988044,1.816648,2.175010,0.324693
1108.000000,0.476211,0.838828,1.676433,2.105591,-0.142094
1109.000000,0.338409,0.721932,1.486182,2.048244,0.192238
1110.000000,0.179973,0.629867,1.345829,1.996216,0.008360
1111.000000,0.066089,0.535439,1.227821,1.945322,-0.129751
1112.000000,0.261680,0.546892,1.189018,1.972076,1.527791
1113.000000,0.438182,0.487687,1.114369,1.952360,0.621095
1114.000000,0.630967,0.478086,1.074631,1.940350,1.113851
1115.000000,1.070868,0.533758,1.054760,1.911316,1.850946
1116.000000,1.541475,0.614416,1.019968,1.847310,1.171009
1117.000000,1.087176,0.576418,0.949945,1.743581,-0.947542
1118.000000,0.852922,0.637600,0.862570,1.657300,-1.087709
1119.000000,0.677185,0.786978,0.811288,1.526258,0.558982
1120.000000,0.204523,1.082130,0.799189,1.443520,0.823415
1121.000000,-0.611145,1.257994,0.736372,1.340570,-0.992508
1122.000000,-0.424415,0.880851,0.660563,1.246215,-0.508743
1123.000000,0.025150,0.876361,0.605659,1.170964,0.221817
1124.000000,-0.156492,0.534896,0.556384,1.108100,0.014079
1125.000000,-0.173891,0.035768,0.550964,1.058091,0.751638
1126.000000,0.757934,0.143371,0.670841,1.035736,1.645324
1127.000000,1.389790,0.974130,0.837724,1.031505,1.364494
1128.000000,1.692798,1.721706,1.162943,1.008736,1.265078
1129.000000,1.877530,1.766512,1.452888,0.971693,0.881495
1130.000000,1.763839,1.657501,1.834738,0.960403,0.634908
1131.000000,1.135749,1.721637,2.140138,0.922441,-0.380062
1132.000000,0.539771,1.596221,1.823817,0.850832,-0.614717
1133.000000,-0.290194,1.090704,1.474814,0.735715,-1.408957
1134.000000,-1.003499,0.651266,0.879760,0.620610,-1.406312
1135.000000,-1.790046,-0.201606,-0.144161,0.450760,-2.017079
1136.000000,-2.107084,-1.211666,-0.933208,0.308647,-1.756172
1137.000000,-2.224950,-1.955122,-1.133553,0.161077,-1.501499
1138.000000,-2.099041,-2.422782,-1.243931,0.084199,-1.274930
1139.000000,-2.007900,-2.662314,-1.650411,-0.107142,-1.303262
1140.000000,-1.936022,-2.847419,-2.160238,-0.435272,-1.830170
1141.000000,-1.958266,-2.828007,-2.324181,-0.955073,-1.935396
1142.000000,-1.899363,-2.680560,-2.384907,-2.050459,-1.554484
1143.000000,-1.861200,-2.463608,-2.458450,-2.709287,-1.401935
1144.000000,-1.738078,-2.240084,-2.398352,-2.925908,-1.010605
1145.000000,-1.612688,-2.040296,-2.448384,-3.032584,-1.383630
1146.000000,-1.415249,-1.858882,-2.489379,-2.893386,-1.048590
1147.000000,-1.262410,-1.714758,-2.460442,-2.584453,-0.901344
1148.000000,-1.200469,-1.653379,-2.442694,-2.402275,-1.178335
1149.000000,-1.009031,-1.483930,-2.296836,-2.254947,-0.161653
1150.000000,-0.661633,-1.234481,-2.136155,-2.117047,0.244820
1151.000000,0.152097,-0.687883,-1.745406,-1.650216,2.473904
1152.000000,1.018032,-0.125034,-1.366230,-1.232529,2.522751
1153.000000,1.792930,0.400037,-1.000153,-0.925860,2.099127
1154.000000,2.177252,0.854779,-0.664005,-0.636286,1.846442
1155.000000,2.374310,1.328476,-0.277644,-0.394722,1.775394
1156.000000,2.125225,1.661064,0.063464,-0.263306,1.471761
1157.000000,1.887033,1.927382,0.401869,-0.105776,1.464449
1158.000000,1.727964,2.154055,0.728621,0.059288,1.401861
1159.000000,1.540957,2.173760,1.011872,0.191978,1.014694
1160.000000,1.387043,2.152497,1.362664,0.374828,1.076593
1161.000000,1.242275,1.918320,1.680227,0.614754,0.824362
1162.000000,1.227233,1.768159,1.995963,1.035547,1.391798
1163.000000,1.213068,1.657457,2.213985,1.523208,1.342160
1164.000000,1.266977,1.569863,2.314642,1.946238,1.296275
1165.000000,1.307958,1.491244,2.373546,2.313921,1.300133
1166.000000,1.300868,1.393837,2.320524,2.444316,0.849914
1167.000000,1.155532,1.287708,2.243525,2.459985,0.698583
1168.000000,1.084537,1.230907,2.213540,2.469579,0.997588
1169.000000,1.009171,1.211520,2.128533,2.442611,0.933163
1170.000000,0.862282,1.153314,2.015000,2.393431,0.597186
1171.000000,0.836799,1.139363,1.833268,2.359631,0.723321
1172.000000,0.827672,1.059498,1.662293,2.292517,0.635891
1173.000000,0.673346,0.945950,1.505600,2.197806,0.222081
1174.000000,0.486044,0.817452,1.365584,2.092080,0.008210
1175.000000,0.406592,0.702799,1.251934,2.038624,0.195322
1176.000000,0.235358,0.618571,1.154272,1.972226,-0.095374
1177.000000,0.036623,0.540981,1.060255,1.909597,-0.275115
1178.000000,-0.075065,0.417886,0.980267,1.875379,-0.325212
1179.000000,-0.140603,0.292565,0.935463,1.818339,-0.312836
1180.000000,-0.340439,0.203007,0.892717,1.762991,-0.506539
1181.000000,-0.110430,0.171607,0.909055,1.656923,1.642227
1182.000000,0.651288,0.196188,0.892063,1.555135,2.142129
1183.000000,1.738951,0.413675,0.887114,1.482250,2.390374
1184.000000,2.629566,0.924874,0.903693,1.434692,2.690812
1185.000000,3.234824,1.719397,0.943715,1.406249,2.906834
1186.000000,3.092158,2.659848,1.026703,1.389882,2.308344
1187.000000,2.889663,3.253431,1.141303,1.378119,2.149455
1188.000000,2.827671,3.409284,1.278210,1.397521,2.594201
1189.000000,2.556537,3.220138,1.397235,1.421878,1.819376
1190.000000,2.325264,3.068305,1.601606,1.455987,1.929452
1191.000000,2.249686,2.859464,1.827936,1.521321,2.060952
1192.000000,2.033994,2.585622,1.985637,1.516951,1.261341
1193.000000,1.716293,2.349295,2.160596,1.509631,1.105714
1194.000000,1.352216,2.019061,2.208427,1.458581,0.104201
1195.000000,1.106596,1.783688,2.236439,1.433629,0.719969
1196.000000,0.813295,1.603127,2.243132,1.442848,0.637105
1197.000000,0.845330,1.533726,2.298384,1.507414,1.387544
1198.000000,0.877690,1.394542,2.283897,1.537872,1.235932
1199.000000,1.122614,1.337091,2.245545,1.575649,1.265599
1200.000000,1.244883,1.271835,2.203640,1.644850,1.305637
1201.000000,1.379101,1.192381,2.111650,1.696298,1.315553
1202.000000,1.632076,1.355422,2.121180,1.831745,2.452185
1203.000000,1.809410,1.480301,2.090029,1.957944,2.053506
1204.000000,1.937128,1.677741,2.040306,2.067909,1.918344
1205.000000,2.110973,1.842844,2.009409,2.159442,2.206873
1206.000000,2.225006,1.974303,1.987452,2.225029,2.027288
1207.000000,2.137378,2.027709,1.974270,2.270168,2.037969
1208.000000,2.040818,2.040433,1.908687,2.258907,1.616288
1209.000000,1.917394,2.020522,1.860285,2.215857,1.312324
1210.000000,1.687216,1.974235,1.792918,2.155747,1.020413
1211.000000,1.627396,2.006904,1.769082,2.112048,1.729228
1212.000000,1.504197,1.907212,1.768017,2.056624,1.463417
1213.000000,1.451553,1.837344,1.770292,2.000521,1.368106
1214.000000,1.427088,1.762526,1.806502,1.936190,1.191076
1215.000000,1.560412,1.702852,1.842876,1.892115,1.661144
1216.000000,1.829631,1.807291,1.960357,1.924596,2.789704
1217.000000,1.787529,1.721007,1.935651,1.880674,1.300209
1218.000000,2.020712,1.825777,1.996561,1.886032,2.387943
1219.000000,2.223852,1.941345,2.044942,1.905463,2.256720
1220.000000,2.301141,2.057933,2.080624,1.916541,2.162815
1221.000000,2.037965,2.015758,2.063951,1.885810,1.545681
1222.000000,2.183806,2.081985,2.050082,1.916333,2.158064
1223.000000,2.138620,2.146454,2.054314,1.950100,2.155460
1224.000000,2.009957,2.149200,2.025642,1.974446,1.671018
1225.000000,1.806500,2.064428,1.951747,1.955373,1.180781
1226.000000,1.653487,1.860732,1.865584,1.919973,0.763934
1227.000000,1.465207,1.834018,1.814258,1.893600,1.188926
1228.000000,1.267125,1.725906,1.786437,1.875576,1.215558
1229.000000,1.270510,1.679084,1.803198,1.882355,1.706814
1230.000000,1.349673,1.620684,1.818054,1.880165,1.537207
1231.000000,1.444401,1.588869,1.786089,1.863202,1.176038
1232.000000,1.480606,1.506938,1.774837,1.827424,1.347313
1233.000000,1.496728,1.411259,1.764099,1.799983,1.284862
1234.000000,1.386400,1.359920,1.755236,1.773411,1.190816
1235.000000,1.264714,1.341624,1.719717,1.730882,0.964315
1236.000000,1.234727,1.375869,1.642700,1.697213,1.027589
1237.000000,1.140218,1.348004,1.621046,1.659330,0.892947
1238.000000,1.003414,1.290919,1.541264,1.625484,0.619053
1239.000000,0.811920,1.142535,1.450547,1.590430,0.237615
1240.000000,0.566404,0.965777,1.343142,1.551235,-0.313911
1241.000000,0.163441,0.772277,1.245849,1.481570,-0.966507
1242.000000,-0.382915,0.488983,1.085360,1.407527,-1.618553
1243.000000,-0.857476,0.222102,0.930559,1.353253,-1.319892
1244.000000,-1.107890,0.021927,0.839568,1.334081,-0.500360
