0.000000,5.385165,5.385165,5.385165,5.385165,-0.572347
1.000000,3.761205,3.740353,3.742213,3.741596,0.667912
2.000000,3.045866,3.007940,3.005332,3.002473,1.687020
3.000000,2.629820,2.566190,2.560758,2.556117,2.407186
4.000000,2.338423,2.267991,2.252649,2.244868,2.496827
5.000000,2.119289,2.047420,2.021830,2.011699,2.440439
6.000000,1.937410,1.875478,1.838566,1.827661,2.201578
7.000000,1.780448,1.735512,1.689795,1.674993,2.017626
8.000000,1.634385,1.616565,1.562856,1.545631,1.498786
9.000000,1.504342,1.509728,1.453895,1.432979,1.327253
10.000000,1.388349,1.414111,1.356723,1.331324,1.335534
11.000000,1.285712,1.324838,1.267762,1.244072,1.290111
12.000000,1.189587,1.238468,1.188339,1.165320,0.989030
13.000000,1.121432,1.162696,1.118315,1.095611,1.731200
14.000000,1.058038,1.090233,1.055927,1.030660,1.486255
15.000000,1.004088,1.024267,1.000130,0.971012,1.646082
16.000000,0.953090,0.962469,0.949040,0.914647,1.517419
17.000000,0.913858,0.906787,0.902809,0.863356,1.639401
18.000000,0.857645,0.854526,0.858931,0.813928,1.284453
19.000000,0.800375,0.802603,0.813933,0.766337,0.929882
20.000000,0.825523,0.796313,0.792116,0.734538,3.674866
21.000000,0.831696,0.781138,0.764234,0.698886,2.492796
22.000000,0.817808,0.761882,0.731521,0.663270,1.767119
23.000000,0.819128,0.740133,0.700070,0.629474,1.730794
24.000000,0.850681,0.732754,0.675058,0.603331,1.927429
25.000000,0.787432,0.731124,0.655065,0.582547,1.800853
26.000000,0.759010,0.743213,0.644247,0.570509,1.634787
27.000000,0.781114,0.782229,0.655067,0.577557,1.537977
28.000000,0.876757,0.920695,0.739878,0.649117,1.488547
29.000000,1.638589,2.080807,1.964243,2.291620,1.242744
30.000000,1.469796,1.816433,1.911821,2.207246,0.966888
31.000000,1.315046,1.650282,1.863508,2.116897,0.868241
32.000000,1.190609,1.566655,1.835705,2.032506,0.941935
33.000000,0.995917,1.452710,1.767300,1.931505,0.572708
34.000000,0.767779,1.275381,1.692117,1.824061,0.164581
35.000000,0.664457,1.138247,1.636846,1.743956,0.485258
36.000000,0.480062,0.966057,1.566038,1.655372,0.000000
37.000000,0.289418,0.806347,1.501074,1.583228,0.075593
38.000000,0.218356,0.665963,1.464407,1.537519,0.261882
39.000000,0.212475,0.538480,1.438545,1.496805,0.126126
40.000000,0.099842,0.428762,1.270037,1.459348,-0.018016
41.000000,0.233909,0.393399,1.182859,1.450821,0.629553
42.000000,0.375896,0.353181,1.139798,1.455196,0.722239
43.000000,0.511680,0.375392,1.103013,1.447857,0.860391
44.000000,0.767020,0.490530,1.061804,1.458222,1.174108
45.000000,1.050585,0.551582,1.017245,1.460736,1.008778
46.000000,1.267272,0.741739,1.000670,1.480577,1.402552
47.000000,1.621080,1.023154,1.023562,1.517107,2.011261
48.000000,2.028502,1.354942,1.070689,1.574960,2.259874
49.000000,2.590249,1.902635,1.207696,1.674990,3.065716
50.000000,2.793183,2.345341,1.344400,1.631003,2.357080
51.000000,2.754395,2.559062,1.492717,1.625644,2.160965
52.000000,2.562182,2.640388,1.629812,1.649265,1.942349
53.000000,2.325325,2.609180,1.788761,1.663697,1.664736
54.000000,1.992327,2.493748,1.967220,1.655343,1.506073
55.000000,1.758826,2.366919,2.067387,1.637138,1.249340
56.000000,1.547884,2.210861,2.180715,1.619362,1.140478
57.000000,1.397341,2.041082,2.257826,1.606692,1.202330
58.000000,1.245027,1.852506,2.256666,1.577579,0.929460
59.000000,1.099079,1.615296,2.233818,1.554467,0.800086
60.000000,0.908300,1.398381,2.168633,1.521202,0.325009
61.000000,0.723986,1.195873,2.052105,1.489165,0.233850
62.000000,0.508354,1.007673,1.934385,1.448239,0.147235
63.000000,0.364405,0.857979,1.831045,1.436840,0.233490
64.000000,0.261932,0.733635,1.731825,1.457254,0.324248
65.000000,0.279752,0.645622,1.660306,1.464877,0.424962
66.000000,0.363655,0.591094,1.594149,1.515221,0.669890
67.000000,0.477129,0.528185,1.506455,1.562718,0.704656
68.000000,0.615355,0.512123,1.424299,1.607010,0.904324
69.000000,0.707216,0.493097,1.293466,1.649208,0.727166
70.000000,0.570229,0.433414,1.145615,1.652927,-0.551783
71.000000,0.424361,0.418148,1.025115,1.640311,-0.151388
72.000000,0.140496,0.373898,0.890879,1.608180,-0.763678
73.000000,-0.374621,0.268904,0.749787,1.559304,-1.352624
74.000000,-0.912611,0.138338,0.617355,1.503877,-1.246745
75.000000,-1.083158,-0.025802,0.504623,1.467806,-1.096549
76.000000,-1.220009,-0.213064,0.420794,1.438256,-0.324796
77.000000,-1.120082,-0.455685,0.322586,1.380607,-0.190472
78.000000,-0.596296,-0.707435,0.278095,1.330743,0.685025
79.000000,0.524991,-0.506970,0.360803,1.293746,2.787551
80.000000,1.693027,0.350387,0.577331,1.312989,2.971613
81.000000,0.969922,-0.272813,0.398836,1.100352,-2.362554
82.000000,0.679815,-0.383465,0.321965,0.946354,-1.040541
83.000000,0.372865,-0.190235,0.272013,0.827292,-0.448613
84.000000,0.045379,0.464931,0.430760,0.800318,1.247903
85.000000,-0.722680,0.942359,0.533653,0.764346,0.748949
86.000000,0.727636,1.431122,0.694852,0.764999,1.218116
87.000000,1.657592,1.935866,0.887869,0.759362,1.249552
88.000000,2.322855,2.340454,1.125825,0.814018,1.559104
89.000000,2.135987,2.031667,1.265550,0.855179,1.075210
90.000000,1.858368,1.278777,1.499965,0.901192,0.263827
91.000000,1.500891,2.017234,1.583401,0.977078,0.301559
92.000000,1.010589,2.084261,1.627275,1.036984,-0.225541
93.000000,0.369169,1.954344,1.719189,1.085161,-0.374241
94.000000,-0.088334,1.507586,1.793756,1.145821,-0.236161
95.000000,-0.006498,1.419761,1.973404,1.324357,0.511100
96.000000,0.053727,1.220726,1.998250,1.465792,0.475136
97.000000,0.212285,0.956784,1.947681,1.544816,0.208214
98.000000,0.432195,0.606805,1.808062,1.528144,0.235246
99.000000,0.638608,0.406684,1.432282,1.519978,0.346668
100.000000,0.535106,0.400492,0.978196,1.770943,0.233084
101.000000,0.391234,0.341413,1.360515,1.813431,0.077244
102.000000,0.332596,0.419646,1.489735,1.927698,0.041305
103.000000,0.029391,0.360520,1.419997,1.950177,-0.656920
104.000000,-0.522537,0.132324,1.042149,1.839160,-1.147092
105.000000,-0.692765,-0.039116,0.929138,1.908033,-0.079476
106.000000,-1.244265,-0.521138,0.568618,1.658515,-1.103816
107.000000,-2.103467,-1.232706,0.016360,1.269994,-1.825145
108.000000,-2.052092,-1.642077,-0.467150,1.019422,-0.670071
109.000000,-1.628382,-1.903320,-0.819498,0.517189,-0.322579
110.000000,-1.672445,-1.961113,-0.953311,-0.089788,-0.302305
111.000000,-1.661886,-2.254074,-1.323408,0.140403,-1.623596
112.000000,-1.183020,-2.319276,-1.454233,0.221597,-0.939815
113.000000,-1.154365,-2.176687,-1.548472,0.178553,-0.946986
114.000000,-1.291968,-1.949368,-1.658929,-0.325466,-1.095833
115.000000,-1.327300,-1.900303,-1.818369,-0.672913,-0.551479
116.000000,-1.281648,-1.825101,-2.069885,-1.437281,-1.658154
117.000000,-1.684547,-1.779959,-2.319322,-2.387131,-2.588888
118.000000,-1.872439,-1.835539,-2.357886,-2.900873,-1.707628
119.000000,-2.079674,-1.969131,-2.400252,-3.044971,-1.961398
120.000000,-2.099257,-1.902061,-2.282224,-2.784444,-0.692603
121.000000,-1.676042,-1.604868,-2.092574,-2.496207,0.242617
122.000000,-0.701324,-1.300839,-1.849639,-2.100127,1.353788
123.000000,-0.267762,-1.195506,-1.689228,-1.904799,0.018368
124.000000,0.439263,-0.966558,-1.451186,-1.696675,0.732551
125.000000,0.233066,-1.130260,-1.531702,-1.818773,-1.454286
126.000000,-0.117613,-1.086359,-1.480961,-1.875337,-1.074733
127.000000,-0.642440,-0.793597,-1.320994,-1.845513,-0.552355
128.000000,-0.839514,-0.646438,-1.301400,-1.825462,-0.634777
129.000000,-1.306091,-0.467868,-1.327577,-1.827288,-0.798865
130.000000,-1.094945,-0.469482,-1.335370,-1.809694,-0.633858
131.000000,-1.114475,-0.711157,-1.294916,-1.808057,-1.065164
132.000000,-1.434978,-1.262889,-1.360172,-1.830703,-1.450212
133.000000,-1.735778,-1.607018,-1.444418,-1.804767,-1.451976
134.000000,-1.837757,-2.041976,-1.490511,-1.737376,-1.147300
135.000000,-1.829664,-1.945554,-1.552136,-1.744200,-0.638480
136.000000,-1.645301,-1.892431,-1.505612,-1.674931,-0.546152
137.000000,-1.436181,-1.963384,-1.367161,-1.568313,-0.901846
138.000000,-0.764886,-1.693258,-1.170203,-1.478038,0.739867
139.000000,-0.259688,-1.448417,-0.958416,-1.430287,0.510532
140.000000,0.113819,-1.225095,-0.872217,-1.375689,0.608596
141.000000,0.502671,-0.853412,-0.872402,-1.252554,0.729113
142.000000,0.861216,-0.485761,-1.075983,-1.218329,0.221829
143.000000,0.981550,0.133998,-1.027023,-1.142746,1.131151
144.000000,2.577533,1.982724,-0.364191,-0.697740,4.207957
145.000000,3.295510,3.050455,0.793627,-0.267829,3.177089
146.000000,3.555022,3.520648,2.157173,0.413256,3.034810
147.000000,3.636427,3.653968,3.155911,1.373864,3.025305
148.000000,3.477992,3.463900,3.488702,2.151616,2.655265
149.000000,3.064189,3.314739,3.496768,2.707210,2.526163
150.000000,2.778660,3.127540,3.328990,2.867591,2.104138
151.000000,2.503838,2.946777,3.159058,2.836879,1.847390
152.000000,2.182220,2.778479,2.980937,2.689650,1.495380
153.000000,1.918423,2.610679,2.825267,2.601144,1.369066
154.000000,1.734898,2.371673,2.719397,2.527204,1.585424
155.000000,1.587601,2.187934,2.595091,2.496406,1.390383
156.000000,1.443356,1.999868,2.470264,2.419354,1.164332
157.000000,1.362195,1.814774,2.371910,2.333148,1.117696
158.000000,1.301695,1.658881,2.259124,2.258769,1.086225
159.000000,1.205417,1.517031,2.175570,2.200435,1.109687
160.000000,1.094807,1.385207,2.086211,2.125395,0.849042
161.000000,0.993761,1.260503,1.997874,2.056212,0.663907
162.000000,0.910131,1.177865,1.935480,2.007631,0.700703
163.000000,0.804255,1.095770,1.863381,1.958248,0.556661
164.000000,0.634313,0.964508,1.715635,1.896354,0.262619
165.000000,0.507547,0.848894,1.595841,1.837522,0.215588
166.000000,0.380850,0.739567,1.470969,1.779563,0.016927
167.000000,0.171033,0.602707,1.326691,1.721579,-0.352788
168.000000,-0.030229,0.459287,1.192679,1.653602,-0.409303
169.000000,-0.134426,0.321766,1.069461,1.611011,-0.194209
170.000000,-0.257265,0.200071,0.960791,1.575214,-0.304253
171.000000,-0.328096,0.100388,0.867866,1.550507,-0.225633
172.000000,-0.292138,-0.010441,0.800917,1.545375,-0.133922
173.000000,-0.224763,-0.111748,0.744668,1.540987,-0.055056
174.000000,-0.217289,-0.183567,0.663903,1.473322,-0.097936
175.000000,-0.252554,-0.298581,0.577312,1.411661,-0.589045
176.000000,-0.198793,-0.354634,0.514875,1.352325,0.029613
177.000000,-0.181169,-0.334833,0.442550,1.273883,-0.067653
178.000000,-0.027168,-0.210668,0.379380,1.206568,0.624405
179.000000,0.267870,-0.034716,0.316421,1.138461,1.232555
180.000000,1.103041,0.465253,0.351821,1.118114,2.822787
181.000000,1.575660,0.838765,0.390414,1.089474,1.930841
182.000000,1.895643,1.087387,0.410278,1.073218,1.454967
183.000000,2.052937,1.323462,0.485593,1.070670,1.586215
184.000000,2.020308,1.507571,0.636656,1.039813,1.341612
185.000000,1.680297,1.724880,0.845831,1.019354,1.292672
186.000000,1.538501,1.850608,1.181822,1.020886,1.324794
187.000000,1.529612,1.977219,1.693471,1.034347,1.461154
188.000000,1.727565,2.148344,2.341960,1.104939,2.388803
189.000000,1.996480,2.257941,2.727086,1.198231,2.486705
190.000000,2.122748,2.140100,2.830897,1.317347,2.016859
191.000000,2.131971,2.060259,2.762732,1.452638,1.647726
192.000000,2.050231,1.988058,2.630116,1.563164,1.341024
193.000000,1.755031,1.866862,2.477128,1.660333,0.981065
194.000000,1.444148,1.776792,2.352262,1.790651,0.939668
195.000000,1.352060,1.775513,2.329520,1.968729,1.537300
196.000000,1.318739,1.763998,2.266895,2.134810,1.482370
197.000000,1.354844,1.746802,2.214191,2.297770,1.525502
198.000000,1.433192,1.638351,2.129008,2.393938,1.374797
199.000000,1.579870,1.552800,2.062301,2.436769,1.668870
200.000000,1.597612,1.506108,1.946348,2.440174,1.625274
201.000000,1.669630,1.517896,1.893834,2.418572,1.819123
202.000000,1.719125,1.557967,1.862520,2.363824,1.754552
203.000000,1.801458,1.640258,1.832772,2.299367,1.773912
204.000000,1.766182,1.697492,1.803107,2.227642,1.504590
205.000000,1.681376,1.664102,1.764320,2.159910,1.197261
206.000000,1.486236,1.603274,1.711464,2.069064,0.810398
207.000000,1.247137,1.514458,1.648353,1.984815,0.494293
208.000000,1.357706,1.619214,1.641681,1.975260,2.341349
209.000000,1.525319,1.684667,1.625225,1.954793,2.208362
210.000000,1.837373,1.787784,1.649204,1.917683,2.447266
211.000000,2.172245,1.855934,1.688141,1.904035,2.298095
212.000000,2.508951,1.947109,1.755115,1.912200,2.394120
213.000000,2.420231,1.993403,1.822450,1.904807,2.085047
214.000000,2.329227,2.042038,1.878565,1.900060,1.916730
215.000000,2.101494,2.045956,1.868159,1.875034,1.385833
216.000000,1.915971,2.077876,1.861591,1.853538,1.380116
217.000000,1.753445,2.143098,1.865569,1.841837,1.580837
218.000000,1.646465,2.057225,1.874283,1.808967,1.574910
219.000000,1.607666,2.004476,1.877168,1.782264,1.743078
220.000000,1.739552,1.963772,1.899147,1.783603,2.008510
221.000000,1.968591,1.990972,1.943459,1.820508,2.426658
222.000000,2.019255,1.938438,1.949291,1.839811,1.893309
223.000000,2.042833,1.903473,1.946406,1.864695,1.791263
224.000000,1.990297,1.857725,1.938561,1.877406,1.555659
225.000000,1.931954,1.882327,1.953999,1.880578,1.728620
226.000000,1.816384,1.918293,1.987648,1.891079,1.845938
227.000000,1.720287,1.888286,1.996881,1.879050,1.437972
228.000000,1.592259,1.833764,1.930138,1.859101,1.167073
229.000000,1.507646,1.768007,1.871050,1.831313,1.132751
230.000000,1.348344,1.662530,1.794934,1.797907,0.923534
231.000000,1.174737,1.522850,1.731832,1.765377,1.001644
232.000000,0.937215,1.363659,1.626956,1.707376,0.250096
233.000000,0.766289,1.222571,1.543467,1.656786,0.309939
234.000000,0.446413,1.035905,1.434666,1.590704,-0.470854
235.000000,0.253142,0.872215,1.380377,1.557350,-0.000276
236.000000,0.009089,0.677390,1.329341,1.536721,-0.094464
237.000000,-0.041132,0.536403,1.283284,1.534123,0.073361
238.000000,-0.217379,0.372977,1.219335,1.478383,-0.506501
239.000000,-0.228697,0.184222,1.143827,1.425526,-0.666049
240.000000,-0.328765,0.026168,1.060182,1.373007,-0.389381
241.000000,-0.428969,-0.176194,0.934813,1.321229,-0.482494
242.000000,-0.611662,-0.297447,0.824439,1.257957,-0.673913
243.000000,-0.637401,-0.440003,0.711894,1.204461,-0.604683
244.000000,-0.648715,-0.468445,0.601168,1.152570,-0.713737
245.000000,-0.642944,-0.546094,0.477519,1.133500,-0.328941
246.000000,-0.463583,-0.527099,0.352346,1.135824,0.394806
247.000000,-0.211687,-0.516177,0.251576,1.133836,0.476611
248.000000,0.266916,-0.277170,0.217209,1.161473,1.449341
249.000000,0.724435,-0.033891,0.157924,1.173687,1.063350
250.000000,1.003615,0.143821,0.095724,1.160517,0.764414
251.000000,1.055056,0.332904,-0.006526,1.101304,0.691461
252.000000,1.124989,0.586619,0.026394,1.075367,0.878459
253.000000,1.112208,0.909849,0.129318,1.072560,1.445822
254.000000,1.113243,1.177238,0.442533,1.072850,1.087545
255.000000,1.198692,1.358988,0.747782,1.049724,1.144810
256.000000,1.312218,1.429922,1.142834,0.996019,1.227452
257.000000,1.283367,1.432026,1.351927,0.949510,0.764103
258.000000,1.164153,1.344046,1.685749,0.938418,0.930003
259.000000,0.949299,1.216468,1.803031,0.864081,0.109459
260.000000,0.853033,1.213225,1.917003,0.854089,0.727657
261.000000,0.849230,1.279385,2.078662,0.860321,1.203129
262.000000,0.861514,1.262752,2.163803,0.984430,0.837870
263.000000,0.710386,1.095987,2.131158,1.052770,0.282931
264.000000,0.759798,0.982275,2.116229,1.322995,0.375026
265.000000,0.678281,0.863653,2.045802,1.500161,0.377968
266.000000,0.208394,0.586784,1.775997,1.508593,-1.010255
267.000000,-0.447374,0.241974,1.434283,1.273894,-2.030079
268.000000,-1.161104,-0.217406,0.947768,1.022539,-2.527720
269.000000,-1.622246,-0.452125,0.633250,0.936237,-1.566716
270.000000,-2.025407,-0.784954,0.348168,0.759473,-1.592021
271.000000,-0.896998,-0.411697,0.731007,1.678256,3.118242
272.000000,0.248449,-0.122210,0.957032,2.360960,2.120450
273.000000,1.327080,0.102653,0.987227,2.691542,1.268157
274.000000,2.230578,0.463321,1.134347,2.996953,1.724577
275.000000,2.762187,0.767705,1.214164,2.995785,1.278732
276.000000,2.257139,1.412814,1.352348,2.894602,1.550430
277.000000,2.095521,2.276230,1.590656,2.807124,1.733043
278.000000,2.022844,2.859063,1.731655,2.577216,1.294798
279.000000,1.859693,3.021083,1.954225,2.431091,1.303909
280.000000,1.770146,3.016948,2.070415,2.315010,1.121873
281.000000,1.681984,2.521007,2.178060,2.256986,1.316402
282.000000,1.582776,2.273286,2.310886,2.208788,1.402697
283.000000,1.562193,2.158924,2.430026,2.124245,1.301196
284.000000,1.458140,1.960947,2.425699,2.037873,0.957398
285.000000,1.405096,1.848246,2.401650,1.968016,0.974938
286.000000,1.264698,1.691222,2.415234,1.890870,0.763931
287.000000,1.031363,1.482499,2.426508,1.819016,0.419146
288.000000,0.870828,1.370423,2.469034,1.770256,0.613902
289.000000,0.784368,1.262670,2.423589,1.766803,0.589218
290.000000,0.680016,1.174922,2.370316,1.734469,0.527781
291.000000,0.690298,1.104404,2.084419,1.712833,0.808807
292.000000,0.804627,1.037502,1.914252,1.716808,0.909008
293.000000,0.910710,1.005088,1.836808,1.756905,1.066726
294.000000,1.056437,1.037450,1.753633,1.797256,1.216984
295.000000,1.188846,1.054907,1.698846,1.822782,1.117318
296.000000,1.276197,1.110924,1.640248,1.895597,1.204829
297.000000,1.268278,1.166214,1.548115,1.969585,0.859352
298.000000,1.190168,1.175292,1.479166,2.041426,0.629908
299.000000,1.063380,1.182369,1.411175,2.063362,0.485089
300.000000,0.920061,1.184919,1.347518,2.074660,-0.062579
301.000000,0.606299,1.130546,1.261380,1.889114,-0.288154
302.000000,0.313306,1.063188,1.171774,1.760498,-0.155070
303.000000,0.217031,1.016762,1.116092,1.699466,0.677697
304.000000,0.036000,0.882053,1.070493,1.604297,0.015456
305.000000,0.078197,0.752369,1.028226,1.538154,0.113887
306.000000,0.024605,0.473023,0.986431,1.447407,-0.575549
307.000000,0.069563,0.267596,0.995599,1.359165,0.008590
308.000000,0.014780,0.164641,1.004636,1.309173,0.502833
309.000000,-0.140000,-0.063007,0.979137,1.237000,-0.619871
310.000000,-0.451885,-0.234866,0.942943,1.166369,-1.140094
311.000000,-0.335256,-0.205643,0.911147,1.104703,-0.099928
312.000000,-0.061893,0.008753,0.914821,1.061023,1.088359
313.000000,-0.108145,-0.064784,0.851989,1.004148,0.314807
314.000000,0.767952,0.447768,0.893435,1.034986,2.519795
315.000000,1.783531,1.020189,1.000390,1.078243,2.576113
316.000000,2.294960,1.614558,1.097307,1.136745,2.184702
317.000000,2.051506,1.675733,1.110475,1.166747,0.431439
318.000000,1.927059,1.583736,1.122592,1.171584,0.045553
319.000000,1.496077,1.772036,1.218040,1.201500,0.531116
320.000000,0.856689,1.904320,1.283123,1.222520,-0.110833
321.000000,-0.159502,1.622940,1.199958,1.161048,-1.534912
322.000000,-0.942730,1.001168,0.935046,1.043037,-2.194508
323.000000,-1.510697,0.516879,0.454002,0.891527,-1.870879
324.000000,-1.678322,-0.102965,0.412002,0.783839,-0.364700
325.000000,-1.712095,-0.889823,0.262633,0.646273,-0.519795
326.000000,-1.424950,-1.535715,0.288013,0.436437,-0.419643
327.000000,-0.829043,-1.535161,0.366999,0.310466,0.163122
328.000000,-0.339280,-1.507234,0.206809,0.186863,-0.087318
329.000000,-0.280690,-1.594003,0.342349,0.078355,-0.148083
330.000000,-0.495970,-1.786938,0.149558,-0.111358,-1.300808
331.000000,-0.881368,-1.801870,-0.643300,-0.375699,-1.752513
332.000000,-1.128115,-1.481756,-1.434411,-0.514535,-0.782616
333.000000,-0.542106,-0.663897,-0.603109,-0.259916,1.854211
334.000000,-0.076883,-0.264518,-0.904383,0.021694,1.370854
335.000000,0.617769,0.108881,-1.549539,0.254285,1.097294
336.000000,1.455679,0.497632,-1.943300,0.637484,1.238542
337.000000,1.774439,0.627158,-1.681613,0.816717,0.662463
338.000000,1.350566,0.744358,-1.384426,0.865000,0.421085
339.000000,1.127299,0.915180,-1.219464,1.126125,0.602856
340.000000,0.880576,1.209017,-1.022206,1.367704,0.212054
341.000000,0.690132,1.642987,0.006893,1.539207,0.562551
342.000000,0.685350,1.846995,1.432733,1.550440,0.658392
343.000000,0.641840,1.485302,2.295070,1.591581,0.271327
344.000000,0.487289,1.192715,2.261288,1.163577,0.062120
345.000000,0.520832,1.018377,2.369809,0.720184,0.352871
346.000000,0.790409,1.048123,2.739217,0.621210,1.632526
347.000000,0.875383,1.077472,2.646391,0.760466,0.978890
348.000000,1.126707,1.181775,2.639257,1.019238,1.145652
349.000000,1.410124,1.247676,2.611311,1.180525,1.114731
350.000000,1.737286,1.497743,2.829316,1.609527,1.716653
351.000000,1.844070,1.736443,3.019545,2.276326,2.131944
352.000000,2.026416,1.873642,2.946229,2.747287,1.974454
353.000000,2.141948,2.015230,2.627498,2.926411,1.934668
354.000000,2.232076,2.129762,2.434595,2.826764,1.785286
355.000000,2.265138,2.226661,2.344350,2.782937,2.018331
356.000000,2.091302,2.128559,2.207843,2.676022,1.501805
357.000000,1.946985,2.108291,2.140692,2.549761,1.443900
358.000000,1.832011,2.084031,2.106956,2.469974,1.475564
359.000000,1.767166,2.082441,2.068707,2.412322,1.532755
360.000000,1.670096,2.042965,2.062500,2.422164,1.605773
361.000000,1.596929,1.922219,1.999022,2.410400,1.197793
362.000000,1.495538,1.800316,1.924732,2.332057,0.922766
363.000000,1.253311,1.619943,1.844332,2.114930,0.310815
364.000000,1.051095,1.494226,1.812720,1.977552,0.685817
365.000000,0.776594,1.318270,1.766801,1.864470,0.484707
366.000000,0.713322,1.248533,1.701188,1.782280,0.962782
367.000000,0.737900,1.192864,1.680607,1.740646,1.039124
368.000000,0.847085,1.109946,1.646041,1.706203,0.833913
369.000000,0.820386,0.986042,1.606414,1.655000,0.549872
370.000000,0.748005,0.803474,1.520306,1.606833,0.081222
371.000000,0.535143,0.661254,1.404358,1.543981,-0.107060
372.000000,0.453354,0.635023,1.338185,1.515432,0.712794
373.000000,0.374736,0.663113,1.265768,1.499513,0.517405
374.000000,0.453233,0.692017,1.223085,1.514136,1.032260
375.000000,0.524400,0.687494,1.131233,1.505700,0.282657
376.000000,0.650696,0.615401,1.070686,1.460605,0.230055
377.000000,0.636279,0.555708,1.027203,1.455970,0.631412
378.000000,0.756339,0.546581,0.989084,1.456586,0.991456
379.000000,0.406229,0.469727,0.893529,1.438075,-0.775516
380.000000,-0.066129,0.374244,0.743935,1.378838,-2.080130
381.000000,-0.733865,0.300472,0.624721,1.297122,-1.802044
382.000000,-1.416264,0.104701,0.559148,1.238946,-0.612816
383.000000,-2.041350,-0.079561,0.562425,1.182868,-0.302185
384.000000,-1.073289,-0.135599,0.612816,1.172291,1.729035
385.000000,0.419513,0.199634,0.705289,1.140462,1.822076
386.000000,1.671215,0.664638,0.741668,1.135398,1.529376
387.000000,1.187208,-0.190694,0.566700,1.044790,-1.584682
388.000000,0.887350,-1.038198,0.424861,0.957633,-0.951184
389.000000,-0.261744,-1.252055,0.268526,0.839293,-1.182988
390.000000,-1.172246,-0.761185,0.252868,0.719382,-0.409920
391.000000,-2.268022,-0.690070,0.165857,0.596914,-1.239584
392.000000,-2.127534,-1.221576,-0.265520,0.481833,-1.366732
393.000000,-2.283370,-2.065076,-0.915604,0.401410,-1.733274
394.000000,-2.322008,-3.338531,-1.955177,0.256973,-1.758180
395.000000,-2.898073,-3.962125,-2.892662,0.016421,-2.802978
396.000000,-2.270813,-3.429933,-2.721518,-0.116475,0.118044
397.000000,-2.064592,-2.882782,-2.751976,-0.395751,-0.978409
398.000000,-1.858579,-2.641004,-2.767263,-0.711198,-1.099416
399.000000,-1.549377,-2.340251,-2.506062,-0.977624,-0.645875
400.000000,-1.183264,-2.360911,-2.342966,-1.289728,-1.513541
401.000000,-2.238169,-2.651046,-2.582429,-1.921682,-3.314191
402.000000,-2.607772,-2.706372,-2.726435,-2.494608,-2.568426
403.000000,-2.614633,-2.569172,-2.701188,-2.673200,-1.767969
404.000000,-2.588316,-2.407954,-2.732354,-2.700494,-1.426016
405.000000,-2.477418,-2.199578,-2.741785,-2.618804,-1.566763
406.000000,-1.910916,-2.187945,-2.632976,-2.460533,-0.853509
407.000000,-1.507988,-2.079200,-2.402307,-2.357028,-0.824886
408.000000,-1.336639,-2.007795,-2.276575,-2.308410,-1.027191
409.000000,-1.124178,-1.918434,-2.117107,-2.164620,-0.501493
410.000000,-0.812465,-1.746190,-1.993824,-1.992954,-0.239636
411.000000,-0.690879,-1.407577,-1.866568,-1.865539,-0.338348
412.000000,-0.598752,-1.150193,-1.762573,-1.803983,-0.435845
413.000000,-0.414264,-0.963035,-1.648291,-1.748264,-0.242795
414.000000,-0.262033,-0.772042,-1.521336,-1.739659,0.176789
415.000000,-0.130366,-0.535631,-1.343114,-1.729850,0.397306
416.000000,0.050938,-0.384730,-1.319568,-1.719906,0.504499
417.000000,0.300089,-0.220281,-1.242462,-1.611181,0.559652
418.000000,0.560799,0.002163,-1.157168,-1.529848,0.695999
419.000000,0.870045,0.235601,-1.061791,-1.416329,1.331999
420.000000,0.995704,0.387037,-0.957336,-1.365284,0.811756
421.000000,1.075402,0.575260,-0.703704,-1.293202,0.780515
422.000000,1.188446,0.834913,-0.450146,-1.211543,0.969239
423.000000,1.308577,1.113919,-0.219400,-1.110640,1.164150
424.000000,1.102575,1.216905,-0.038394,-1.040530,0.557243
425.000000,1.130844,1.309913,0.225074,-0.879021,0.980343
426.000000,1.173617,1.380500,0.439738,-0.867116,1.030604
427.000000,0.817065,1.222623,0.544295,-0.890327,-0.461042
428.000000,0.154173,0.888479,0.584199,-0.983226,-1.478265
429.000000,-0.217958,0.540836,0.617434,-1.082625,-0.907298
430.000000,-0.892806,0.148134,0.524105,-1.202927,-1.578766
431.000000,-1.569968,-0.291063,0.378259,-1.150081,-1.888168
432.000000,-1.831071,-0.754101,0.207626,-1.122745,-1.901187
433.000000,-1.996080,-1.336761,-0.178310,-1.260315,-2.424027
434.000000,-2.297661,-1.798205,-0.763401,-1.484652,-2.447734
435.000000,-2.299938,-2.118712,-1.249776,-1.595796,-1.812704
436.000000,-2.230693,-2.357831,-1.693815,-1.840133,-1.805742
437.000000,-2.186403,-2.393967,-2.079558,-2.087171,-1.878720
438.000000,-2.087897,-2.347375,-2.393775,-2.265261,-1.987880
439.000000,-1.946407,-2.335007,-2.620487,-2.445811,-1.804983
440.000000,-2.075083,-2.354469,-2.789771,-2.724443,-2.408059
441.000000,-2.168303,-2.337610,-2.850216,-2.872727,-2.300144
442.000000,-2.111483,-2.251987,-2.793973,-2.836652,-1.751618
443.000000,-2.140811,-2.204865,-2.790847,-2.859064,-2.158762
444.000000,-2.156488,-2.139207,-2.717440,-2.841465,-1.993220
445.000000,-1.971946,-2.066249,-2.615464,-2.744699,-1.523523
446.000000,-1.924925,-2.068427,-2.576681,-2.712970,-2.017232
447.000000,-1.954373,-2.055281,-2.482757,-2.664914,-1.929799
448.000000,-1.924626,-2.045373,-2.384358,-2.624239,-1.983579
449.000000,-1.853787,-2.008939,-2.293504,-2.567031,-1.659608
450.000000,-1.808198,-1.899236,-2.178614,-2.469686,-1.360538
451.000000,-1.605832,-1.764715,-2.056558,-2.358478,-0.989872
452.000000,-1.354756,-1.647496,-1.936441,-2.246992,-0.621124
453.000000,-1.071185,-1.498076,-1.819164,-2.156712,-0.533315
454.000000,-0.771574,-1.332293,-1.694943,-2.049182,-0.141918
455.000000,-0.541462,-1.226048,-1.612449,-1.978893,-0.243059
456.000000,-0.348826,-1.056282,-1.533249,-1.912863,-0.057251
457.000000,-0.209710,-0.876688,-1.456133,-1.826977,0.056321
458.000000,-0.052555,-0.658729,-1.376112,-1.730654,0.201801
459.000000,0.110025,-0.420517,-1.289156,-1.642730,0.695245
460.000000,0.343009,-0.184439,-1.173608,-1.550062,0.842704
461.000000,0.430934,-0.025879,-1.081415,-1.485962,0.274423
462.000000,0.547789,0.117781,-1.003901,-1.425041,0.546352
463.000000,0.611452,0.252187,-0.902513,-1.362952,0.425689
464.000000,0.554094,0.336507,-0.800491,-1.302366,0.421432
465.000000,0.568381,0.499211,-0.700232,-1.247271,0.955820
466.000000,0.722382,0.642091,-0.548727,-1.196462,0.949114
467.000000,0.851639,0.795771,-0.369876,-1.140999,1.114613
468.000000,0.987266,0.923900,-0.151631,-1.086238,0.993258
469.000000,1.079719,0.954288,0.066270,-1.044022,0.782783
470.000000,0.996634,0.932794,0.286465,-0.975324,0.598413
471.000000,0.960312,1.017957,0.520923,-0.889579,0.825806
472.000000,0.888507,1.055418,0.751815,-0.822700,0.822713
473.000000,0.772138,1.056206,0.978180,-0.726305,0.497439
474.000000,0.712935,1.052394,1.161987,-0.615853,0.523388
475.000000,0.568389,0.903385,1.301284,-0.552403,-0.069181
476.000000,0.358967,0.753201,1.357398,-0.413632,-0.162116
477.000000,0.286774,0.668556,1.418257,-0.187797,0.540683
478.000000,0.224239,0.570924,1.388408,0.116322,0.237523
479.000000,0.367585,0.616563,1.360721,0.541948,1.647014
480.000000,0.419996,0.552030,1.204600,0.911375,-0.204372
481.000000,0.546333,0.457829,1.137610,1.261595,-0.185576
482.000000,0.056840,0.225451,0.971221,1.437272,-2.249199
483.000000,-0.578963,0.009669,0.836522,1.551933,-2.112210
484.000000,-0.906209,0.067830,0.873749,1.735471,1.885675
485.000000,-0.426255,0.243308,0.840033,1.834697,1.340627
486.000000,0.362028,0.564631,0.828030,1.848069,1.517399
487.000000,1.809147,0.687526,0.771589,1.781182,0.744950
488.000000,2.671704,0.897674,0.710396,1.674221,0.264640
489.000000,1.543268,0.280474,0.637118,1.482602,-0.480376
490.000000,1.025776,0.477058,0.618857,1.332290,0.221929
491.000000,-0.606312,-0.245057,0.419151,1.170571,-2.020806
492.000000,-2.339318,-0.899025,0.065473,0.922504,-2.941799
493.000000,-3.496955,-2.059414,-0.459436,0.626434,-3.317203
494.000000,-3.349968,-3.129281,-0.944758,0.439776,-1.789111
495.000000,-2.907029,-2.984838,-1.144568,0.325690,-0.125843
496.000000,-2.211102,-2.824359,-1.293537,0.236718,0.169309
497.000000,-1.423722,-2.596727,-1.614137,0.124829,0.194278
498.000000,-0.128472,-2.143258,-1.455785,0.110609,1.152404
499.000000,0.808791,-1.633639,-1.484269,0.137953,1.230076
500.000000,1.131349,-1.361673,-1.146137,0.165767,0.933813
501.000000,1.407494,-0.671106,-0.768853,0.187431,1.135683
502.000000,1.356075,-0.002899,-0.390276,0.071279,0.131949
503.000000,0.884301,0.795681,-0.198163,-0.093012,-0.433434
504.000000,0.402191,1.207508,-0.642589,-0.298461,-0.411804
505.000000,-0.222886,0.881242,-1.216825,-0.563749,-1.138765
506.000000,-0.837723,0.533979,-1.705271,-0.827149,-0.914648
507.000000,-1.164537,0.141415,-2.032624,-1.339220,-1.014642
508.000000,-1.169645,-0.377420,-2.105041,-1.565350,-0.522121
509.000000,-1.229626,-0.979331,-2.119405,-1.971440,-0.718355
510.000000,-1.165051,-1.532933,-2.241547,-2.030209,-0.974322
511.000000,-1.232552,-2.100540,-2.133594,-2.126042,-1.199324
512.000000,-1.271071,-2.279311,-1.878369,-2.020002,-1.226440
513.000000,-1.525679,-2.359091,-1.575776,-2.014336,-1.576195
514.000000,-1.632672,-2.349961,-1.506779,-2.277926,-1.321058
515.000000,-1.623019,-2.189473,-1.701129,-2.402299,-1.144265
516.000000,-1.412529,-1.998230,-1.797066,-2.419413,-0.475418
517.000000,-1.063239,-1.709187,-1.756823,-2.301644,0.258521
518.000000,-0.666048,-1.571490,-1.903157,-2.205661,0.115480
519.000000,-0.246045,-1.367389,-2.004353,-2.051451,0.364226
520.000000,0.084466,-1.185750,-2.103899,-1.995982,0.089286
521.000000,0.139465,-1.026075,-2.249885,-1.849114,-0.298667
522.000000,-0.007557,-0.857688,-2.188387,-1.615347,-0.316884
523.000000,-0.164735,-0.635668,-2.058546,-1.312362,-0.557171
524.000000,-1.167271,-1.006706,-2.309199,-1.501514,-3.277656
525.000000,-1.669759,-1.133759,-2.240263,-1.671402,-1.821402
526.000000,-2.215476,-1.557445,-2.321370,-1.948570,-2.549422
527.000000,-2.410614,-1.884928,-2.277220,-2.082208,-1.787847
528.000000,-2.510943,-2.113011,-2.286273,-2.250389,-1.793543
529.000000,-2.138008,-2.266658,-2.248575,-2.354077,-1.611423
530.000000,-2.018569,-2.295677,-2.173732,-2.380027,-1.357610
531.000000,-1.827489,-2.316096,-2.129510,-2.427418,-1.684403
532.000000,-1.698280,-2.277153,-2.054288,-2.358579,-1.172344
533.000000,-1.495966,-2.217425,-1.945578,-2.250014,-0.855404
534.000000,-1.382413,-1.961887,-1.887751,-2.178746,-1.097464
535.000000,-1.285850,-1.849887,-1.831693,-2.075817,-0.933851
536.000000,-1.119793,-1.653103,-1.825143,-2.005138,-0.954263
537.000000,-0.981670,-1.502971,-1.828526,-1.915595,-0.553359
538.000000,-0.854394,-1.319445,-1.798886,-1.847582,-0.264177
539.000000,-0.698470,-1.172720,-1.794322,-1.784186,-0.382601
540.000000,-0.485521,-1.008618,-1.743963,-1.696558,0.039703
541.000000,-0.330055,-0.835977,-1.701864,-1.624859,-0.279489
542.000000,-0.232268,-0.709349,-1.660739,-1.554657,-0.129234
543.000000,-0.218539,-0.630464,-1.628336,-1.478509,-0.204404
544.000000,-0.338387,-0.604984,-1.489249,-1.453164,-0.907186
545.000000,-0.592085,-0.620225,-1.448506,-1.443911,-1.050690
546.000000,-0.774856,-0.635144,-1.349448,-1.466538,-1.069940
547.000000,-1.077693,-0.759823,-1.333626,-1.539383,-1.486277
548.000000,-1.221125,-0.841975,-1.272600,-1.568464,-0.840882
549.000000,-1.348121,-0.985431,-1.267059,-1.633769,-1.496894
550.000000,-1.377954,-1.140526,-1.256758,-1.663754,-1.079641
551.000000,-1.289866,-1.187147,-1.179700,-1.656180,-0.375576
552.000000,-1.155880,-1.310229,-1.167421,-1.671152,-0.748827
553.000000,-1.077697,-1.390865,-1.150805,-1.673762,0.131046
554.000000,-0.547139,-1.313059,-1.083312,-1.544935,0.571870
555.000000,0.279547,-1.073144,-0.967256,-1.452575,1.836362
556.000000,0.809156,-0.781713,-0.849057,-1.312764,1.460118
557.000000,1.846539,0.054893,-0.646123,-1.150832,2.911287
558.000000,2.396800,0.907017,-0.448783,-0.972795,2.525811
559.000000,2.608628,1.897299,-0.215633,-0.797129,2.135875
560.000000,2.386230,2.350200,-0.086528,-0.661546,1.336910
561.000000,2.171706,2.380447,0.063963,-0.505951,0.876439
562.000000,1.700053,2.392983,0.195974,-0.386363,0.714788
563.000000,1.479488,2.416331,0.505692,-0.225927,1.476716
564.000000,1.127158,2.248500,0.885079,-0.087225,0.578790
565.000000,1.056817,2.074051,1.467332,0.090279,1.027923
566.000000,1.049585,1.939745,2.016583,0.278368,0.859786
567.000000,0.999668,1.622809,2.436767,0.408559,0.518322
568.000000,0.733654,1.322908,2.497443,0.492112,0.291036
569.000000,0.716586,1.102199,2.585985,0.617738,0.510573
570.000000,0.583692,0.975586,2.520887,0.690257,0.436025
571.000000,0.587829,0.970605,2.421081,0.858503,0.873253
572.000000,0.671369,0.987650,2.363767,1.016560,0.888402
573.000000,0.759245,0.881691,2.236009,1.167619,0.695751
574.000000,0.807433,0.897451,2.113124,1.411763,0.748912
575.000000,0.850133,0.843744,1.940693,1.630539,0.660872
576.000000,0.675103,0.737433,1.768301,1.731961,0.063776
577.000000,0.472262,0.661203,1.512583,1.820239,-0.090918
578.000000,0.253108,0.587078,1.270946,1.781028,-0.379432
579.000000,0.033087,0.506392,1.077987,1.816272,-0.258286
580.000000,-0.243658,0.417488,0.942823,1.797572,-0.545011
581.000000,-0.554624,0.190768,0.803402,1.699200,-1.370240
582.000000,-1.042291,-0.134104,0.639303,1.622871,-2.179245
583.000000,-1.441922,-0.438643,0.427160,1.557628,-1.639232
584.000000,-2.130442,-0.957340,0.226332,1.424647,-2.479030
585.000000,-2.640004,-1.631430,-0.081156,1.201343,-2.569403
586.000000,-2.487772,-2.047691,-0.302565,1.076523,-1.280001
587.000000,-1.981234,-2.169770,-0.430637,0.866668,-0.483296
588.000000,-1.904285,-2.273641,-0.638788,0.547327,-1.573950
589.000000,-1.905263,-2.414037,-0.986710,0.114991,-2.476244
590.000000,-1.825612,-2.426197,-1.323147,-0.274525,-2.213250
591.000000,-1.799779,-2.225723,-1.601973,-0.538463,-1.194839
592.000000,-1.856873,-1.986896,-1.828975,-0.774073,-0.924871
593.000000,-1.725601,-1.867540,-1.985535,-1.138695,-1.024077
594.000000,-1.363954,-1.669240,-2.071104,-1.337905,-0.782856
595.000000,-0.966195,-1.421715,-2.062917,-1.533105,-0.404573
596.000000,-0.656919,-1.257840,-1.923098,-1.601569,0.242351
597.000000,-0.454756,-1.210494,-1.804227,-1.631154,-0.001682
598.000000,-0.379712,-1.127467,-1.729495,-1.689299,-0.711306
599.000000,-0.254477,-0.884234,-1.648336,-1.713999,-0.245377
600.000000,-0.220672,-0.653133,-1.569593,-1.721059,-0.259203
601.000000,-0.247621,-0.496288,-1.439181,-1.734470,0.163396
602.000000,-0.259006,-0.390374,-1.306932,-1.753077,-0.017435
603.000000,-0.217454,-0.329005,-1.255319,-1.777129,-0.606144
604.000000,-0.570726,-0.431869,-1.231101,-1.862165,-1.865249
605.000000,-1.223971,-0.720359,-1.248935,-1.967328,-2.768199
606.000000,-1.968796,-1.098298,-1.345325,-1.985163,-2.371585
607.000000,-2.519764,-1.436656,-1.484765,-1.981008,-2.091652
608.000000,-2.736714,-1.658183,-1.535280,-1.952981,-1.834993
609.000000,-2.714127,-2.008696,-1.542807,-1.966755,-2.124179
610.000000,-2.431595,-2.292328,-1.538321,-1.960442,-1.756107
611.000000,-2.241439,-2.559083,-1.619011,-1.931449,-1.714417
612.000000,-2.156034,-2.716570,-1.742082,-1.903124,-1.880459
613.000000,-1.907731,-2.609344,-1.763757,-1.858431,-0.906108
614.000000,-1.535175,-2.337340,-1.769468,-1.770107,-0.530818
615.000000,-1.456982,-2.123186,-1.873159,-1.721609,-1.407579
616.000000,-1.439388,-1.998567,-2.030501,-1.750062,-1.618312
617.000000,-1.332473,-1.888410,-2.132470,-1.799386,-1.423170
618.000000,-1.378834,-1.781504,-2.146546,-1.782261,-1.176772
619.000000,-1.384072,-1.585931,-2.130539,-1.689570,-0.672940
620.000000,-1.191764,-1.428982,-2.093057,-1.599987,-0.574084
621.000000,-0.974119,-1.294056,-2.079836,-1.568053,-0.646840
622.000000,-0.709471,-1.090582,-2.013908,-1.527905,-0.197746
623.000000,-0.642764,-1.081503,-1.971996,-1.521802,-0.876736
624.000000,-0.806829,-1.178940,-1.914154,-1.559433,-1.424137
625.000000,-0.950990,-1.155794,-1.801828,-1.600439,-1.225934
626.000000,-1.189751,-1.164988,-1.751149,-1.693619,-1.740020
627.000000,-1.640862,-1.262621,-1.755613,-1.799813,-2.267204
628.000000,-1.896016,-1.367432,-1.759387,-1.859906,-2.054471
629.000000,-1.972493,-1.498531,-1.726531,-1.917889,-1.782909
630.000000,-2.075349,-1.638262,-1.711095,-1.966201,-1.732579
631.000000,-1.976941,-1.713913,-1.666147,-1.995714,-1.247313
632.000000,-1.936928,-1.927595,-1.665309,-2.048945,-2.087596
633.000000,-1.890357,-2.037037,-1.703889,-2.062011,-1.814856
634.000000,-1.739107,-2.004893,-1.718323,-2.001183,-0.998858
635.000000,-1.539755,-1.971623,-1.676192,-1.907164,-0.813007
636.000000,-1.344206,-1.824540,-1.596248,-1.810058,-0.319330
637.000000,-0.965356,-1.616915,-1.534347,-1.730282,-0.389770
638.000000,-0.620350,-1.414489,-1.484545,-1.659148,-0.261242
639.000000,-0.569911,-1.293425,-1.499484,-1.598553,-0.776257
640.000000,-0.491725,-1.136743,-1.508856,-1.541196,-0.463987
641.000000,-0.824159,-1.201279,-1.588525,-1.536615,-1.751370
642.000000,-0.879135,-1.016831,-1.626127,-1.479573,-0.621223
643.000000,-1.014722,-0.900251,-1.636660,-1.473729,-0.867673
644.000000,-1.313350,-1.040435,-1.686846,-1.532789,-2.086457
645.000000,-1.644508,-1.195594,-1.742740,-1.554171,-1.945668
646.000000,-1.518977,-1.312620,-1.712194,-1.535112,-1.207795
647.000000,-1.548393,-1.360776,-1.614174,-1.506624,-0.780898
648.000000,-1.644950,-1.491362,-1.565975,-1.513651,-1.345737
649.000000,-1.269737,-1.436896,-1.473422,-1.505905,-0.326688
650.000000,-1.163431,-1.560502,-1.460005,-1.553617,-1.488943
651.000000,-1.112443,-1.471332,-1.450463,-1.579247,-0.952307
652.000000,-1.117058,-1.505483,-1.366980,-1.617724,-0.665542
653.000000,-0.868782,-1.462566,-1.275542,-1.613073,-0.071502
654.000000,-0.974529,-1.294115,-1.264269,-1.599485,-0.503611
655.000000,-0.414759,-0.995379,-1.205923,-1.560555,0.908765
656.000000,0.266033,-0.712091,-1.154779,-1.478541,1.526281
657.000000,0.986703,-0.416663,-1.080761,-1.353675,1.695449
658.000000,1.308217,-0.008003,-1.047913,-1.251740,1.042567
659.000000,1.732862,0.278402,-0.956801,-1.150642,1.210752
660.000000,1.861470,0.978849,-0.852543,-1.024560,1.605761
661.000000,1.804074,1.532159,-0.611448,-0.927381,1.461995
662.000000,1.495203,1.734581,-0.536778,-0.805896,0.594992
663.000000,1.085406,1.575741,-0.526004,-0.748276,-0.539237
664.000000,0.225447,1.207231,-0.523166,-0.829713,-2.054369
665.000000,-1.294670,0.231395,-0.775057,-1.052135,-3.305780
666.000000,-2.633138,-0.997914,-1.279147,-1.367354,-3.238345
667.000000,-3.066765,-1.929625,-1.763720,-1.614812,-2.348085
668.000000,-2.849041,-2.213427,-1.889391,-1.730043,-1.002961
669.000000,-2.513882,-2.427261,-2.180802,-1.810388,-1.009749
670.000000,-2.054961,-2.624660,-2.297344,-1.925039,-1.136615
671.000000,-1.719437,-2.805092,-2.569662,-2.002518,-1.738361
672.000000,-1.448375,-2.747046,-2.653708,-2.100274,-1.231673
673.000000,-1.395248,-2.562508,-2.647036,-2.122484,-0.848841
674.000000,-1.457505,-2.376625,-2.647886,-2.093812,-1.347192
675.000000,-1.253745,-1.954272,-2.522688,-1.948576,-0.318279
676.000000,-0.984128,-1.582525,-2.487723,-1.891770,-0.563959
677.000000,-0.743399,-1.275127,-2.407541,-1.826803,-0.176411
678.000000,-0.537740,-1.118461,-2.270364,-1.698630,0.060263
679.000000,-0.205023,-0.964261,-2.168183,-1.643773,0.107888
680.000000,0.007835,-0.731633,-2.047159,-1.460341,0.610351
681.000000,0.333635,-0.385833,-1.914201,-1.295987,0.842240
682.000000,0.552474,-0.113210,-1.768652,-1.164892,0.769826
683.000000,0.590353,0.033183,-1.650081,-1.128346,0.229890
684.000000,0.577836,0.229186,-1.481080,-1.091621,0.060546
685.000000,0.345822,0.216623,-1.267532,-1.167471,-0.416660
686.000000,0.052546,0.236839,-1.024419,-1.270097,-0.447673
687.000000,-0.225053,0.208208,-0.844677,-1.378984,-0.424262
688.000000,-0.321213,0.183151,-0.770706,-1.434244,-0.152912
689.000000,-0.511651,0.075721,-0.756381,-1.553547,-0.736419
690.000000,-0.712545,-0.181348,-0.782983,-1.738351,-1.281178
691.000000,-0.711999,-0.371461,-0.642462,-1.837094,-0.329463
692.000000,-0.848917,-0.649391,-0.609030,-1.946845,-0.897439
693.000000,-0.975432,-0.806985,-0.577785,-1.981466,-0.414213
694.000000,-0.620990,-0.790775,-0.333839,-1.860215,0.778080
695.000000,-0.062669,-0.660466,-0.230899,-1.629034,0.687796
696.000000,0.367870,-0.372760,0.031830,-1.278831,1.386198
697.000000,0.965758,-0.040441,0.279090,-0.956563,1.504920
698.000000,1.394064,0.219166,0.504503,-0.771157,1.326353
699.000000,1.496233,0.596368,0.750538,-0.571769,1.220534
700.000000,1.557714,1.030383,0.869380,-0.349802,1.014837
701.000000,1.388347,1.195862,0.843178,-0.039693,0.732192
702.000000,1.276744,1.513815,0.889134,0.257886,1.067044
703.000000,1.190583,1.738954,1.104824,0.502959,0.979038
704.000000,1.163437,1.808595,1.371455,0.846211,1.108894
705.000000,1.218625,1.895430,1.793078,1.036565,1.253797
706.000000,1.170074,1.745549,1.952531,1.180191,0.522280
707.000000,1.171784,1.660673,2.153907,1.306590,1.101799
708.000000,1.282690,1.663429,2.296847,1.425907,1.483032
709.000000,1.268319,1.616141,2.453659,1.482356,1.083571
710.000000,1.063806,1.488371,2.551936,1.398153,0.415463
711.000000,1.202659,1.512544,2.558836,1.363596,1.189212
712.000000,0.796257,1.216945,2.411059,1.165065,-0.704690
713.000000,0.546709,1.107886,2.362108,1.154168,0.370820
714.000000,0.687026,1.179601,2.322018,1.286900,1.624371
715.000000,0.978899,1.228033,2.285744,1.464463,1.612088
716.000000,0.935170,1.271831,2.115471,1.556091,0.984012
717.000000,1.285628,1.230792,1.957456,1.618800,0.920537
718.000000,1.436897,1.169009,1.859117,1.657603,1.115309
719.000000,1.266508,1.121680,1.762362,1.724878,0.863956
720.000000,1.136202,1.177986,1.712382,1.841834,1.070002
721.000000,1.113572,1.123192,1.672624,1.861760,0.852293
722.000000,0.969981,1.238945,1.561390,1.896237,0.029038
723.000000,0.573293,1.157707,1.416247,1.874063,-1.153052
724.000000,0.311046,0.976608,1.312124,1.819743,-0.306653
725.000000,-0.174664,0.756183,1.194570,1.769897,-0.517517
726.000000,-0.499747,0.695660,1.178812,1.700947,0.384678
727.000000,-0.457740,0.631375,1.114272,1.620588,0.362653
728.000000,0.338062,0.590723,1.049428,1.581460,1.050392
729.000000,0.686546,0.546865,0.998926,1.534562,0.620136
730.000000,1.109179,0.440065,1.019288,1.505830,0.677596
731.000000,1.145350,0.337663,0.967744,1.487807,0.487254
732.000000,1.110141,0.441237,1.101918,1.434523,0.240244
733.000000,1.469586,1.391237,1.248330,1.459874,1.986316
734.000000,1.614450,1.817346,1.209529,1.431036,1.027332
735.000000,1.154304,1.773156,1.049210,1.323392,-0.575828
736.000000,0.647109,1.427122,0.936645,1.256465,-0.932090
737.000000,0.623777,1.404309,0.908510,1.195875,0.143867
738.000000,-0.595171,0.743872,0.693060,1.042462,-1.197450
739.000000,-1.744528,-0.161763,0.343504,0.871810,-2.025702
740.000000,-2.604126,-1.664482,-0.391098,0.675157,-3.007015
741.000000,-2.841657,-2.577406,-1.144059,0.432315,-2.266040
742.000000,-3.279042,-3.280270,-1.975490,0.282735,-2.847205
743.000000,-3.318415,-3.740720,-2.580065,-0.056062,-2.845705
744.000000,-3.021727,-3.538040,-2.855041,-0.553352,-2.065701
745.000000,-2.501083,-3.110064,-2.755046,-1.042699,-1.282966
746.000000,-2.249714,-2.843523,-2.756617,-1.537472,-1.483815
747.000000,-1.984076,-2.738873,-2.731690,-2.032637,-1.576304
748.000000,-1.638470,-2.524068,-2.668839,-2.389737,-1.203158
749.000000,-1.340345,-2.249932,-2.511083,-2.475968,-0.680357
750.000000,-1.053671,-1.867848,-2.304861,-2.374392,0.084637
751.000000,-0.715535,-1.585284,-2.134926,-2.236156,0.149204
752.000000,-0.372800,-1.294299,-2.005434,-2.067363,0.002756
753.000000,0.037159,-0.905679,-1.919329,-1.802382,0.637091
754.000000,0.289660,-0.614737,-1.824042,-1.650492,0.439402
755.000000,0.308399,-0.445292,-1.698067,-1.541241,0.167184
756.000000,0.222883,-0.294885,-1.615130,-1.527707,-0.243586
757.000000,0.177539,-0.117642,-1.586244,-1.512031,-0.209989
758.000000,-0.074546,-0.020897,-1.531468,-1.555517,-0.514256
759.000000,-0.542702,-0.140647,-1.537050,-1.674104,-1.644523
760.000000,-1.178855,-0.503846,-1.562415,-1.858718,-2.453228
761.000000,-1.571040,-0.805043,-1.569418,-1.959688,-1.859939
762.000000,-1.897198,-1.068792,-1.532656,-2.022571,-1.696684
763.000000,-2.215647,-1.483860,-1.526625,-2.166179,-2.134452
764.000000,-2.255223,-1.831836,-1.560615,-2.238202,-1.962930
765.000000,-2.134813,-2.120227,-1.659767,-2.249518,-1.967817
766.000000,-2.100457,-2.293931,-1.728274,-2.240680,-1.797375
767.000000,-2.144222,-2.463180,-1.813194,-2.274546,-1.979759
768.000000,-2.017168,-2.507392,-1.890466,-2.241694,-1.617635
769.000000,-1.814077,-2.363960,-1.948311,-2.155715,-1.076728
770.000000,-1.640791,-2.163656,-2.059639,-2.055961,-1.202705
771.000000,-1.370549,-1.962846,-2.086655,-1.946089,-0.561491
772.000000,-1.071395,-1.794507,-2.089967,-1.831220,-0.572075
773.000000,-0.833926,-1.581129,-2.117290,-1.710018,-0.502505
774.000000,-0.589997,-1.330911,-2.066642,-1.589021,0.073526
775.000000,-0.346091,-1.105624,-2.016359,-1.518065,-0.057429
776.000000,-0.881416,-1.260920,-2.187602,-1.623657,-2.706458
777.000000,-1.265240,-1.310299,-2.262119,-1.675038,-2.055786
778.000000,-1.496111,-1.314351,-2.242048,-1.694987,-1.478759
779.000000,-1.833210,-1.397227,-2.179991,-1.745422,-1.617971
780.000000,-2.139395,-1.499246,-2.107977,-1.838976,-1.873601
781.000000,-1.947271,-1.652117,-2.073108,-1.919432,-1.844388
782.000000,-1.820645,-1.743557,-2.022585,-1.959727,-1.524238
783.000000,-1.872452,-1.865004,-1.977717,-2.032062,-1.774074
784.000000,-1.812832,-1.968310,-1.912302,-2.058571,-1.356869
785.000000,-1.649424,-2.014507,-1.832517,-2.055788,-1.072978
786.000000,-1.412939,-1.788081,-1.741948,-2.019577,-0.660058
787.000000,-1.251031,-1.644742,-1.652821,-1.991970,-0.676996
788.000000,-0.983410,-1.561605,-1.580820,-1.953890,-0.517156
789.000000,-0.763794,-1.451519,-1.533514,-1.883762,-0.351682
790.000000,-0.583484,-1.294152,-1.481381,-1.791019,-0.295815
791.000000,-0.496540,-1.124768,-1.466150,-1.722731,-0.275942
792.000000,-0.357088,-0.966915,-1.445559,-1.657453,-0.076317
793.000000,-0.199932,-0.721124,-1.422078,-1.571686,0.166254
794.000000,-0.053310,-0.505601,-1.427894,-1.491054,0.281290
795.000000,0.223430,-0.244255,-1.397522,-1.389339,0.871371
796.000000,0.531464,-0.014833,-1.198776,-1.290953,0.990881
797.000000,0.896826,0.293426,-1.003543,-1.166262,1.413994
798.000000,1.259427,0.626298,-0.819507,-1.041969,1.652924
799.000000,1.680273,1.013170,-0.564791,-0.914517,2.061838
800.000000,1.779306,1.283297,-0.295889,-0.809399,1.432087
801.000000,1.892071,1.564583,0.040568,-0.716773,1.646400
802.000000,1.970149,1.824188,0.431426,-0.601538,1.879778
803.000000,2.011356,2.025008,0.932074,-0.472538,1.934706
804.000000,1.911307,2.134794,1.397684,-0.379752,1.678919
805.000000,1.913502,2.146969,1.819246,-0.275057,1.556071
806.000000,1.883866,2.144587,2.129729,0.074033,1.717676
807.000000,1.857338,2.125915,2.358633,0.496775,1.943817
808.000000,1.812422,2.078318,2.461091,0.966863,1.875358
809.000000,1.793902,1.978179,2.466114,1.519530,1.708108
810.000000,1.778293,1.920444,2.418109,2.075471,1.535534
811.000000,1.670386,1.816680,2.328773,2.449336,1.212990
812.000000,1.523928,1.708104,2.238197,2.614910,1.201971
813.000000,1.385803,1.605215,2.146885,2.657814,1.175120
814.000000,1.291684,1.548272,2.070945,2.598128,1.244800
815.000000,1.226217,1.514102,1.983548,2.499105,1.223618
816.000000,1.256645,1.479703,1.916280,2.395593,1.367921
817.000000,1.275448,1.415087,1.839302,2.303739,1.291125
818.000000,1.263296,1.337547,1.754242,2.209993,1.100629
819.000000,1.190022,1.253344,1.651771,2.115277,0.854328
820.000000,1.129696,1.190525,1.589442,2.038536,0.901236
821.000000,0.978154,1.137138,1.514288,1.962279,0.581730
822.000000,0.854241,1.094011,1.442374,1.898545,0.685823
823.000000,0.750004,1.046820,1.371358,1.836158,0.592465
824.000000,0.687723,0.985940,1.319905,1.780119,0.528377
825.000000,0.740685,0.980137,1.306852,1.736747,1.335076
826.000000,0.849907,0.936514,1.277048,1.691004,1.113534
827.000000,0.956540,0.901416,1.232422,1.639654,1.169583
828.000000,1.141518,0.904439,1.192782,1.590003,1.365193
829.000000,1.306086,0.930270,1.153756,1.527281,1.102163
830.000000,1.287825,0.961915,1.126889,1.491906,1.231386
831.000000,1.190594,1.000111,1.105095,1.443324,0.448751
832.000000,1.139034,1.054201,1.092548,1.396318,0.840357
833.000000,0.876185,1.072050,1.063595,1.340468,0.046574
834.000000,0.687808,1.115942,1.031191,1.303886,0.182745
835.000000,0.555978,1.075119,1.012932,1.286652,0.841666
836.000000,0.504100,1.017563,0.963549,1.253386,0.008098
837.000000,0.013937,0.834882,0.890289,1.193414,-1.213992
838.000000,-0.342525,0.541979,0.823467,1.129735,-1.290973
839.000000,-2.577617,-0.625990,0.581945,0.988829,-4.584419
840.000000,-3.749439,-2.043562,0.257676,0.837307,-3.617981
841.000000,-3.877860,-3.026220,-0.128368,0.682891,-3.153563
842.000000,-3.667507,-3.452788,-0.638223,0.505088,-2.733891
843.000000,-3.450814,-3.433499,-1.245778,0.296903,-2.459617
844.000000,-2.887129,-3.237038,-1.794099,0.071917,-1.888882
845.000000,-2.531229,-3.099644,-2.368242,-0.211256,-1.914277
846.000000,-2.269486,-2.951460,-2.687188,-0.578683,-1.884770
847.000000,-2.096337,-2.809176,-2.817349,-1.011289,-1.898032
848.000000,-1.910016,-2.658807,-2.798902,-1.423227,-1.587648
849.000000,-1.801315,-2.375030,-2.711145,-1.772069,-1.423459
850.000000,-1.707894,-2.166188,-2.629341,-2.065409,-1.479691
851.000000,-1.621751,-1.997041,-2.526281,-2.232008,-1.471663
852.000000,-1.491191,-1.841672,-2.429659,-2.296949,-1.267545
853.000000,-1.412643,-1.709157,-2.327323,-2.294548,-1.216929
854.000000,-1.316444,-1.603484,-2.226542,-2.235791,-0.970350
855.000000,-1.181570,-1.485562,-2.142919,-2.190907,-0.819597
856.000000,-1.027478,-1.363464,-2.056712,-2.123330,-0.709446
857.000000,-0.882068,-1.225679,-1.962251,-2.051308,-0.544637
858.000000,-0.724920,-1.110419,-1.877723,-1.987827,-0.441717
859.000000,-0.598010,-1.004102,-1.725683,-1.922694,-0.342829
860.000000,-0.457399,-0.871137,-1.580364,-1.859061,-0.114367
861.000000,-0.318933,-0.728471,-1.444818,-1.789131,-0.027617
862.000000,-0.182436,-0.591236,-1.318146,-1.733017,0.131200
863.000000,-0.053209,-0.449314,-1.201172,-1.675612,0.177327
864.000000,0.072381,-0.325709,-1.111168,-1.631820,0.237821
865.000000,0.141519,-0.218809,-1.023961,-1.610360,0.191015
866.000000,0.156964,-0.135770,-0.946077,-1.598463,-0.056470
867.000000,0.076104,-0.090233,-0.873541,-1.591730,-0.438613
868.000000,-0.095753,-0.074318,-0.826833,-1.597832,-1.032260
869.000000,-0.390307,-0.080998,-0.789255,-1.537565,-1.130913
870.000000,-0.817936,-0.155665,-0.746391,-1.481106,-1.330027
871.000000,-1.127675,-0.254115,-0.689161,-1.419004,-1.000469
872.000000,-1.210919,-0.410805,-0.638163,-1.358086,-0.817047
873.000000,-1.123451,-0.614503,-0.579810,-1.297346,-0.700395
874.000000,-1.066202,-0.910433,-0.549807,-1.263188,-0.900523
875.000000,-0.817372,-1.107851,-0.510599,-1.210942,-0.229095
876.000000,-1.186766,-1.535266,-0.586596,-1.201730,-2.444249
877.000000,-1.844851,-1.980469,-0.790598,-1.215699,-3.160095
878.000000,-2.093589,-2.062536,-0.987938,-1.214396,-1.886136
879.000000,-2.031696,-1.962704,-1.181190,-1.193908,-0.950026
880.000000,-1.992723,-1.800018,-1.433169,-1.150683,-0.561572
881.000000,-1.611573,-1.698497,-1.752801,-1.101793,-0.581766
882.000000,-1.217679,-1.736636,-2.212790,-1.096494,-1.321763
883.000000,-1.105326,-1.785515,-2.581524,-1.097084,-1.370826
884.000000,-1.143250,-1.775308,-2.727910,-1.115517,-1.124984
885.000000,-1.092314,-1.722296,-2.608742,-1.115022,-0.396952
886.000000,-0.973547,-1.442022,-2.386788,-1.111374,-0.100408
887.000000,-0.518883,-0.962252,-2.071876,-1.080799,0.708490
888.000000,-0.027567,-0.620766,-1.782723,-1.053607,0.799116
889.000000,0.495614,-0.352567,-1.500935,-1.011929,1.123803
890.000000,0.861182,-0.128759,-1.236725,-0.995120,1.163678
891.000000,1.181024,0.113357,-1.005070,-0.979757,1.274437
892.000000,1.261704,0.425162,-0.826587,-1.008849,1.049346
893.000000,1.374064,0.786528,-0.641298,-1.027316,1.272151
894.000000,1.394080,1.113154,-0.455782,-1.066321,1.181545
895.000000,1.410666,1.345809,-0.314948,-1.080237,1.206226
896.000000,1.410006,1.542619,0.023760,-1.010223,1.264672
897.000000,1.503985,1.647143,0.529211,-0.789104,1.475613
898.000000,1.513215,1.712401,0.925077,-0.454958,1.389527
899.000000,1.546305,1.723634,1.224646,-0.032499,1.422912
900.000000,1.589491,1.726460,1.479220,0.519250,1.492239
901.000000,1.528040,1.653328,1.663018,0.994570,1.088235
902.000000,1.151639,1.447393,1.744197,1.132159,-0.185061
903.000000,0.782072,1.223504,1.806030,1.233528,-0.301485
904.000000,0.489954,1.077217,1.868997,1.473116,0.074814
905.000000,0.263620,0.989664,1.886131,1.723110,0.474617
906.000000,0.108621,0.893238,1.848721,2.272904,0.424183
907.000000,0.194691,0.748541,1.710035,2.724596,0.203961
908.000000,0.273926,0.591050,1.563846,2.729056,-0.009578
909.000000,0.274078,0.426338,1.412186,2.570395,0.024588
910.000000,0.153745,0.232706,1.271348,2.386220,-0.049740
911.000000,0.088404,0.108085,1.154344,2.272715,0.211646
912.000000,0.028565,0.134882,1.054629,2.240581,-0.054232
913.000000,0.036259,0.191882,0.955945,2.222304,0.015746
914.000000,-0.037377,0.164868,0.859934,2.160005,-0.404138
915.000000,-0.187669,0.024065,0.752592,2.021771,-0.877121
916.000000,-0.507933,-0.149731,0.638919,1.885168,-0.975795
917.000000,-0.701800,-0.267343,0.514178,1.719403,-0.507039
918.000000,-0.887447,-0.348823,0.385131,1.576536,-0.400184
919.000000,-0.859164,-0.441483,0.232982,1.426389,-0.305432
920.000000,-0.491837,-0.426231,0.076840,1.318814,0.402492
921.000000,-0.180076,-0.510170,-0.066850,1.203238,0.163458
922.000000,0.165542,-0.399295,0.003836,1.146260,0.751565
923.000000,0.389299,-0.341905,0.087735,1.063496,0.397609
924.000000,0.740774,-0.088278,0.163266,1.022874,0.945502
925.000000,0.869278,0.234965,0.162434,0.984264,0.859212
926.000000,0.925102,0.481096,0.118960,0.918889,0.375501
927.000000,0.793253,0.626752,0.114524,0.814211,0.255950
928.000000,0.614380,0.665486,0.085275,0.672430,-0.313687
929.000000,-0.434794,0.238466,-0.411124,0.358535,-2.649903
930.000000,-1.331558,-0.213644,-0.759188,0.029772,-1.895977
931.000000,-2.361951,-0.844078,-1.274268,-0.318277,-2.380057
932.000000,-3.077753,-1.807695,-1.717749,-0.518439,-2.616336
933.000000,-3.052040,-2.359458,-1.963987,-0.675293,-1.875160
934.000000,-2.651290,-2.870242,-2.157215,-0.993170,-2.134497
935.000000,-2.442920,-3.035229,-2.209821,-1.429921,-1.699033
936.000000,-2.297367,-3.068053,-2.342704,-1.900145,-2.027673
937.000000,-2.059686,-2.966440,-2.453380,-2.154376,-1.717456
938.000000,-1.866983,-2.735088,-2.449140,-2.192489,-1.139583
939.000000,-1.655724,-2.371622,-2.441153,-2.195877,-1.172868
940.000000,-1.595483,-2.207708,-2.510402,-2.195599,-1.433431
941.000000,-1.420056,-2.009556,-2.489598,-2.181817,-1.198154
942.000000,-1.174499,-1.740267,-2.427682,-2.071030,-0.573358
943.000000,-1.031655,-1.561978,-2.333450,-1.982227,-0.470705
944.000000,-0.801918,-1.326310,-2.246868,-1.857629,-0.069176
945.000000,-0.558339,-1.167830,-2.184638,-1.754310,-0.279829
946.000000,-0.455695,-1.027094,-2.137577,-1.706680,-0.723918
947.000000,-0.521494,-0.934880,-2.096183,-1.703427,-0.875470
948.000000,-0.554041,-0.876358,-2.007531,-1.687783,-0.618930
949.000000,-0.765634,-0.865311,-1.851524,-1.711293,-1.052277
950.000000,-0.898638,-0.804103,-1.746922,-1.753787,-0.908413
951.000000,-1.024287,-0.816708,-1.660067,-1.806837,-1.315028
952.000000,-1.095342,-0.890664,-1.559378,-1.871025,-1.213156
953.000000,-1.418525,-1.083814,-1.571941,-1.967788,-2.105979
954.000000,-1.614693,-1.301800,-1.555973,-2.058416,-1.932390
955.000000,-1.806590,-1.473220,-1.550066,-2.117588,-1.757866
956.000000,-1.827889,-1.547693,-1.493064,-2.122163,-1.278135
957.000000,-1.833211,-1.586715,-1.440809,-2.104179,-0.979235
958.000000,-1.697801,-1.710110,-1.450348,-2.080862,-1.379695
959.000000,-1.565050,-1.782843,-1.460534,-1.977495,-1.397811
960.000000,-1.336279,-1.822750,-1.426319,-1.889250,-0.810175
961.000000,-1.126916,-1.758791,-1.389343,-1.776564,-0.396327
962.000000,-0.821053,-1.613048,-1.362579,-1.639711,0.358569
963.000000,-0.645385,-1.407391,-1.394407,-1.576795,-0.580114
964.000000,0.054177,-0.937022,-1.340318,-1.430981,1.600938
965.000000,0.437998,-0.563865,-1.317588,-1.335171,0.824224
966.000000,-1.539977,-1.559099,-1.823142,-1.567586,-4.607050
967.000000,-2.982653,-2.348118,-2.222472,-1.767981,-3.402170
968.000000,-3.399282,-2.732923,-2.502889,-1.937553,-2.700704
969.000000,-3.660019,-2.975677,-2.694634,-2.102134,-2.687085
970.000000,-3.480392,-2.979518,-2.724845,-2.163717,-2.020011
971.000000,-2.834591,-2.936570,-2.681895,-2.204558,-1.856593
972.000000,-2.398533,-2.860244,-2.600962,-2.227946,-1.559671
973.000000,-2.077535,-2.715391,-2.461977,-2.221326,-1.311707
974.000000,-1.736917,-2.649494,-2.338132,-2.209019,-1.132699
975.000000,-1.559347,-2.573154,-2.254006,-2.196834,-1.215920
976.000000,-1.403768,-2.230291,-2.192247,-2.165760,-1.150004
977.000000,-1.302253,-1.978394,-2.142404,-2.129486,-1.103273
978.000000,-1.241625,-1.789659,-2.084657,-2.099589,-1.039620
979.000000,-1.239501,-1.611314,-2.042742,-2.067406,-1.127605
980.000000,-1.156091,-1.471200,-1.993988,-2.021451,-0.834529
981.000000,-1.088266,-1.351273,-1.959988,-1.971251,-0.836784
982.000000,-1.019003,-1.260031,-1.940014,-1.925851,-0.780562
983.000000,-0.958241,-1.195460,-1.903343,-1.863135,-0.758784
984.000000,-0.872059,-1.149863,-1.905484,-1.809856,-0.737165
985.000000,-0.891903,-1.116038,-1.904115,-1.777316,-0.922509
986.000000,-0.922448,-1.096221,-1.755315,-1.760415,-0.973436
987.000000,-0.922773,-1.059676,-1.624227,-1.739868,-0.776020
988.000000,-0.901306,-1.016418,-1.513343,-1.710072,-0.643328
989.000000,-0.802568,-0.918099,-1.374427,-1.665525,-0.238795
990.000000,-0.602753,-0.828348,-1.259665,-1.623791,0.043341
991.000000,-0.321554,-0.710315,-1.141963,-1.584360,0.339208
992.000000,0.034003,-0.550025,-1.021946,-1.546457,0.871010
993.000000,0.392997,-0.391268,-0.923788,-1.509346,0.864253
994.000000,0.708629,-0.229117,-0.845538,-1.516727,0.996357
995.000000,1.143599,0.016826,-0.755487,-1.521181,1.774881
996.000000,1.507269,0.316661,-0.673740,-1.403269,1.198479
997.000000,1.610425,0.669942,-0.583021,-1.294043,1.183212
998.000000,1.707511,1.156898,-0.464865,-1.184713,1.649702
999.000000,1.682908,1.617566,-0.311770,-1.052253,1.693889
1000.000000,1.679778,2.000543,-0.158885,-0.937419,1.783655
1001.000000,1.728653,2.140064,0.011817,-0.823350,1.493927
1002.000000,1.640476,1.958242,0.174003,-0.732293,0.876182
1003.000000,1.434619,1.763967,0.358857,-0.651909,0.750135
1004.000000,1.221642,1.603149,0.577001,-0.576401,0.715271
1005.000000,0.858916,1.389246,0.827605,-0.501625,0.104607
1006.000000,0.565809,1.255303,1.123774,-0.417915,0.139542
1007.000000,0.335513,1.091170,1.357837,-0.336351,-0.189909
1008.000000,0.417530,1.034864,1.646077,-0.182132,1.119244
1009.000000,0.522132,0.982513,1.793223,0.024403,1.183978
1010.000000,0.767516,0.914539,1.829938,0.231822,1.181533
1011.000000,1.077294,0.919979,1.808097,0.509743,1.488157
1012.000000,1.388624,0.969948,1.687957,0.814134,1.240077
1013.000000,1.434204,1.049598,1.604609,1.172385,1.340910
1014.000000,1.398022,1.096813,1.535103,1.522450,1.037921
1015.000000,1.446518,1.265300,1.510988,1.901013,1.421330
1016.000000,1.542559,1.491429,1.559106,2.207622,1.994379
1017.000000,1.540256,1.660230,1.554406,2.281838,1.164766
1018.000000,1.528094,1.674323,1.520636,2.261548,1.150219
1019.000000,1.331601,1.547800,1.408846,2.100945,-0.464315
1020.000000,0.998058,1.441436,1.297462,1.939872,-0.366876
1021.000000,0.351446,1.274059,1.201006,1.778413,-0.449527
1022.000000,0.164661,1.234697,1.201878,1.638603,0.660045
1023.000000,0.101219,1.203987,1.232373,1.548310,1.019646
1024.000000,0.218622,1.090999,1.214643,1.460280,-0.031471
1025.000000,0.317549,0.871819,1.253760,1.393294,0.014743
1026.000000,0.292213,0.408299,1.264649,1.337010,-0.553374
1027.000000,0.152623,0.203817,1.351080,1.306813,0.115006
1028.000000,-2.165666,-1.392054,0.760830,0.933988,-4.584772
1029.000000,-3.372799,-2.474701,0.043999,0.521144,-3.567618
1030.000000,-3.606198,-2.974328,-0.714623,0.104856,-2.715016
1031.000000,-3.494707,-3.127929,-1.560315,-0.323969,-2.370540
1032.000000,-3.370823,-3.183469,-2.290123,-0.742451,-2.173488
1033.000000,-2.794546,-3.131959,-2.766911,-1.152508,-1.946575
1034.000000,-2.372240,-2.973369,-2.929168,-1.522226,-1.700943
1035.000000,-2.104493,-2.828668,-2.952661,-1.800337,-1.564582
1036.000000,-1.892222,-2.679002,-2.908885,-2.014618,-1.439463
1037.000000,-1.667030,-2.545238,-2.758892,-2.112504,-1.158213
1038.000000,-1.499398,-2.216067,-2.630537,-2.236303,-1.177583
1039.000000,-1.377943,-1.957367,-2.478390,-2.297633,-1.146953
1040.000000,-1.255104,-1.761825,-2.347812,-2.298827,-1.000200
1041.000000,-1.094475,-1.569348,-2.212851,-2.254679,-0.687674
1042.000000,-0.975734,-1.392503,-2.118394,-2.186787,-0.590276
1043.000000,-0.846984,-1.239190,-2.044880,-2.124768,-0.556473
1044.000000,-0.675485,-1.088647,-1.947107,-2.039110,-0.323554
1045.000000,-0.535082,-0.956505,-1.869429,-1.979606,-0.335722
1046.000000,-0.504699,-0.860768,-1.811984,-1.959617,-0.553467
1047.000000,-0.459729,-0.778648,-1.764707,-1.908996,-0.374326
1048.000000,-0.481948,-0.722713,-1.612075,-1.885540,-0.681875
1049.000000,-0.517080,-0.645404,-1.462390,-1.827096,-0.459150
1050.000000,-0.555859,-0.585132,-1.346251,-1.783192,-0.480496
1051.000000,-0.577938,-0.580559,-1.253081,-1.755130,-0.650735
1052.000000,-0.631236,-0.582784,-1.164153,-1.745185,-0.582711
1053.000000,-0.598028,-0.584410,-1.083065,-1.741799,-0.515553
1054.000000,-0.613733,-0.619228,-1.013721,-1.726118,-0.465941
1055.000000,-0.580276,-0.635745,-0.942048,-1.709207,-0.169981
1056.000000,-0.552278,-0.647300,-0.889103,-1.701304,-0.470746
1057.000000,-0.510781,-0.684521,-0.852136,-1.705515,-0.125495
1058.000000,-0.421081,-0.651747,-0.804219,-1.589542,0.088971
1059.000000,-0.698729,-0.790241,-0.793859,-1.501916,-2.017841
1060.000000,-1.201410,-0.987202,-0.801708,-1.435375,-2.043037
1061.000000,-1.587341,-1.250010,-0.862091,-1.381403,-2.320570
1062.000000,-2.131434,-1.624668,-0.955289,-1.333827,-2.387999
1063.000000,-2.487387,-1.936023,-1.058631,-1.287396,-1.992024
1064.000000,-2.389083,-2.126505,-1.217020,-1.251723,-1.891768
1065.000000,-2.280982,-2.253514,-1.395152,-1.222642,-1.802545
1066.000000,-2.056050,-2.207190,-1.526948,-1.192742,-1.432202
1067.000000,-1.717834,-2.170406,-1.660468,-1.171861,-0.891825
1068.000000,-1.402361,-2.098166,-1.703780,-1.138265,-0.537267
1069.000000,-1.064212,-1.842009,-1.756640,-1.097136,-0.285970
1070.000000,-0.859625,-1.683177,-1.829172,-1.083285,-0.822889
1071.000000,-0.675594,-1.478075,-1.831020,-1.092517,-0.580592
1072.000000,-0.568301,-1.251499,-1.804476,-1.108376,-0.400901
1073.000000,-0.482598,-1.041089,-1.739206,-1.121512,-0.126223
1074.000000,-0.490184,-0.861844,-1.683713,-1.172396,-0.300754
1075.000000,-0.288188,-0.643196,-1.623540,-1.214231,0.169142
1076.000000,-0.117762,-0.457550,-1.519730,-1.230302,0.225483
1077.000000,-0.094797,-0.391515,-1.488586,-1.293641,-0.393155
1078.000000,-0.137681,-0.366325,-1.471293,-1.317935,-0.350578
1079.000000,0.002563,-0.314863,-1.321985,-1.354390,0.335538
1080.000000,0.047454,-0.167298,-1.176952,-1.390689,0.433586
1081.000000,0.057605,-0.051341,-1.021313,-1.407069,0.315364
1082.000000,0.316910,0.090884,-0.835197,-1.409300,0.700280
1083.000000,0.537321,0.181132,-0.679352,-1.414006,0.510283
1084.000000,0.767477,0.411666,-0.476340,-1.371040,1.290381
1085.000000,1.062852,0.629676,-0.239557,-1.329481,1.651429
1086.000000,1.449763,0.904715,0.010380,-1.214358,1.870350
1087.000000,1.645313,1.246213,0.213531,-1.136104,1.497591
1088.000000,1.790647,1.542654,0.385358,-1.103370,1.149074
1089.000000,1.804106,1.739544,0.596217,-0.922505,1.502044
1090.000000,2.832792,2.655745,1.503539,-0.301747,4.443973
1091.000000,3.284328,3.144937,2.389333,0.465649,3.562859
1092.000000,3.300714,3.155061,2.852947,1.221746,2.623558
1093.000000,3.320459,3.134746,3.042199,1.973813,2.605969
1094.000000,3.276543,3.064093,3.082257,2.586086,2.596855
1095.000000,2.878102,2.964342,2.995055,2.912120,2.379963
1096.000000,2.601590,2.864835,2.893431,3.004625,2.246892
1097.000000,2.396224,2.740584,2.771229,2.911264,1.782942
1098.000000,2.161254,2.627161,2.642004,2.767384,1.521404
1099.000000,1.902318,2.502585,2.503963,2.616484,1.326247
1100.000000,1.648326,2.224605,2.376221,2.493149,1.114826
1101.000000,1.345810,1.960395,2.246356,2.349106,0.746861
1102.000000,1.099790,1.760561,2.122838,2.214267,0.567439
1103.000000,0.916137,1.576069,2.032298,2.103405,0.620242
1104.000000,0.793279,1.403130,1.954807,2.027093,0.735539
1105.000000,0.710604,1.243382,1.886166,1.953868,0.725003
1106.000000,0.654452,1.062303,1.808707,1.876632,0.471923
1107.000000,0.625445,0.919732,1.748367,1.821592,0.414524
1108.000000,0.564630,0.791929,1.700356,1.769929,0.310414
1109.000000,0.493034,0.690877,1.659409,1.722253,0.393053
1110.000000,0.372622,0.587516,1.519194,1.670950,0.147484
1111.000000,0.393158,0.569715,1.411253,1.651027,0.592254
1112.000000,0.380511,0.550651,1.322118,1.620969,0.348418
1113.000000,0.359657,0.509038,1.219858,1.594117,0.175576
1114.000000,0.345972,0.463909,1.115422,1.570489,0.323015
1115.000000,0.335944,0.389372,0.999668,1.540277,0.010137
1116.000000,0.234391,0.359932,0.886995,1.519512,0.151165
1117.000000,0.173839,0.331473,0.795900,1.510677,0.068619
1118.000000,0.200844,0.339600,0.727906,1.523593,0.320745
1119.000000,0.171122,0.332043,0.669218,1.537985,0.260592
1120.000000,0.287543,0.388941,0.627171,1.471789,0.455778
1121.000000,0.277896,0.318523,0.604792,1.394427,0.011344
1122.000000,0.238456,0.270908,0.595254,1.336483,-0.182996
1123.000000,0.332212,0.376192,0.613693,1.283843,0.825903
1124.000000,0.318294,0.364518,0.593791,1.201304,0.208224
1125.000000,-0.019102,0.254003,0.516745,1.088662,-1.048746
1126.000000,-0.271980,0.046156,0.457678,0.960356,-1.273098
1127.000000,-0.350742,-0.037370,0.423623,0.861466,-0.533083
1128.000000,-0.505973,-0.024428,0.461664,0.791128,0.869808
1129.000000,-0.579787,-0.020322,0.464222,0.721057,0.502215
1130.000000,0.137471,0.040191,0.582904,0.674456,1.293308
1131.000000,0.871033,0.112240,0.528067,0.649244,0.511121
1132.000000,0.921214,0.100595,0.462958,0.624411,-0.511099
1133.000000,0.625938,-0.128469,0.493758,0.600949,0.062710
1134.000000,0.119555,-0.416597,0.286749,0.532211,-1.076262
1135.000000,-1.078590,-0.591420,-0.015099,0.419690,-2.180268
1136.000000,-1.614027,-0.500025,-0.283784,0.355820,-1.139034
1137.000000,-1.531196,-0.443703,-0.374621,0.313279,-0.352756
1138.000000,-1.552350,-0.676901,-0.523311,0.289397,-0.139209
1139.000000,-1.273817,-0.834964,-0.670855,0.238220,-0.156023
1140.000000,-0.303447,-0.970248,-0.698568,0.290234,0.957894
1141.000000,0.564162,-0.786321,-0.482816,0.254624,1.450508
1142.000000,1.170861,-0.315303,-0.138541,0.295231,1.446243
1143.000000,1.681405,0.080600,-0.108234,0.431189,1.523870
1144.000000,2.066945,0.775380,0.232260,0.534934,1.423032
1145.000000,2.063274,1.775953,1.118517,0.784333,1.322970
1146.000000,1.921662,2.322770,1.866702,0.948015,1.195333
1147.000000,1.988867,2.678555,2.431603,1.212039,1.876404
1148.000000,2.217616,2.951480,2.759774,1.493973,2.518610
1149.000000,2.249937,2.945003,2.917916,1.744486,1.874873
1150.000000,2.182904,2.715136,2.795216,1.868365,1.430809
1151.000000,1.934427,2.356891,2.588154,1.892131,0.494811
1152.000000,1.787302,2.213428,2.671198,2.063384,1.309607
1153.000000,-0.441193,0.830485,1.113483,0.778842,-4.213860
1154.000000,-2.295782,-0.506443,-0.237401,-0.422143,-3.298655
1155.000000,-3.410240,-1.925103,-1.651229,-1.584285,-3.194165
1156.000000,-3.592588,-2.816933,-2.739698,-2.410465,-2.654094
1157.000000,-3.489660,-3.155116,-3.167814,-2.823795,-2.034010
1158.000000,-2.847013,-3.214765,-3.202936,-2.996292,-1.650426
1159.000000,-2.482381,-3.170274,-3.182345,-3.046624,-1.768720
1160.000000,-2.215465,-3.106873,-3.199310,-3.089029,-1.977730
1161.000000,-2.012872,-2.963694,-3.124945,-3.001105,-1.771813
1162.000000,-1.888995,-2.842783,-2.998786,-2.852351,-1.550392
1163.000000,-1.836200,-2.505510,-2.884326,-2.740070,-1.507885
1164.000000,-1.738372,-2.255493,-2.763957,-2.606923,-1.377295
1165.000000,-1.591776,-2.025972,-2.652048,-2.470592,-1.307401
1166.000000,-1.462226,-1.842467,-2.541395,-2.366836,-1.179253
1167.000000,-1.388936,-1.733270,-2.467162,-2.299715,-1.218987
1168.000000,-1.289829,-1.646472,-2.398805,-2.227598,-1.050782
1169.000000,-1.226385,-1.560430,-2.330986,-2.169536,-1.084751
1170.000000,-1.150872,-1.443719,-2.253185,-2.121146,-0.953958
1171.000000,-1.089968,-1.343523,-2.167893,-2.078355,-0.892063
1172.000000,-1.023800,-1.269414,-2.110709,-2.041725,-0.902672
1173.000000,-0.979549,-1.194164,-1.940794,-2.005956,-0.836925
1174.000000,-0.909732,-1.124260,-1.798165,-1.967760,-0.744807
1175.000000,-0.819793,-1.039084,-1.647268,-1.919952,-0.502033
1176.000000,-0.724765,-0.960839,-1.519228,-1.874613,-0.410533
1177.000000,-0.654972,-0.893911,-1.434757,-1.854234,-0.568915
1178.000000,-0.568552,-0.832896,-1.365998,-1.841104,-0.417963
1179.000000,-0.512846,-0.774012,-1.299592,-1.829717,-0.502369
1180.000000,-0.510663,-0.727616,-1.221788,-1.816697,-0.475528
1181.000000,-0.510001,-0.675212,-1.149309,-1.793071,-0.277835
1182.000000,-0.461274,-0.615369,-1.089976,-1.786726,-0.221144
1183.000000,-0.441591,-0.551039,-1.028532,-1.685651,-0.055675
1184.000000,-0.315567,-0.478078,-0.968681,-1.592983,0.403388
1185.000000,0.075908,-0.409287,-0.900900,-1.486834,1.219811
1186.000000,0.555462,-0.351480,-0.841833,-1.395839,0.875133
1187.000000,0.940752,-0.216374,-0.772698,-1.326659,1.037182
1188.000000,1.545380,-0.017892,-0.703644,-1.267721,2.219250
1189.000000,2.321545,0.472323,-0.604102,-1.191992,3.314839
1190.000000,2.972406,1.476408,-0.478909,-1.087123,3.630266
1191.000000,3.204595,2.519907,-0.344124,-0.990244,2.750940
1192.000000,3.160994,2.868412,-0.175423,-0.899920,2.409519
1193.000000,3.067085,3.027607,0.054236,-0.792958,2.664306
1194.000000,2.935262,3.047428,0.364621,-0.673794,2.743552
1195.000000,2.705461,2.942587,0.728521,-0.543971,2.485215
1196.000000,2.579667,2.850466,1.187790,-0.405472,2.274699
1197.000000,2.452163,2.727075,1.747206,-0.244000,1.969624
1198.000000,2.252686,2.574188,2.192869,-0.075676,1.722611
1199.000000,2.033487,2.406714,2.448233,0.132266,1.620463
1200.000000,1.826120,2.208916,2.489903,0.361253,1.431948
1201.000000,1.629686,2.061968,2.411155,0.623475,1.282626
1202.000000,1.539848,1.976549,2.338465,0.953741,1.508458
1203.000000,1.449968,1.851789,2.253594,1.292247,1.278217
1204.000000,1.301260,1.679531,2.145344,1.580485,0.880012
1205.000000,1.189413,1.528075,2.038306,1.784223,0.873639
1206.000000,1.044949,1.361530,1.937827,1.886476,0.557134
1207.000000,0.800286,1.198616,1.839786,1.927052,0.289530
1208.000000,0.630001,1.075743,1.756421,1.908189,0.448892
1209.000000,0.564905,0.973591,1.672308,1.881501,0.572188
1210.000000,0.648472,0.962295,1.614108,1.882333,1.354934
1211.000000,0.755647,0.940351,1.561161,1.852347,1.088763
1212.000000,0.963043,0.905747,1.526413,1.836437,1.270320
1213.000000,1.012968,0.831910,1.446309,1.793683,0.565083
1214.000000,1.027616,0.798154,1.354555,1.751100,0.490164
1215.000000,0.806107,0.743312,1.258318,1.693917,0.214751
1216.000000,0.502251,0.674490,1.142515,1.632374,-0.550578
1217.000000,0.143090,0.662071,1.049692,1.589704,-0.369069
1218.000000,-1.685148,-0.049880,0.687981,1.347032,-4.827353
1219.000000,-3.281265,-0.989122,0.275033,1.083049,-3.741034
1220.000000,-3.759116,-2.081916,-0.163857,0.801264,-2.957568
1221.000000,-3.695402,-2.933129,-0.684021,0.491310,-2.744111
1222.000000,-3.551291,-3.358609,-1.311888,0.124116,-2.610154
1223.000000,-2.993704,-3.326755,-1.865895,-0.286232,-2.185102
1224.000000,-2.643814,-3.205600,-2.296075,-0.787063,-2.124667
1225.000000,-2.429978,-3.056151,-2.574209,-1.328795,-2.024537
1226.000000,-2.276213,-2.913839,-2.705051,-1.867723,-2.037530
1227.000000,-2.156370,-2.810842,-2.732856,-2.302268,-2.034614
1228.000000,-2.076788,-2.546784,-2.697602,-2.554960,-1.857820
1229.000000,-1.941987,-2.316559,-2.608310,-2.629613,-1.527521
1230.000000,-1.815446,-2.147305,-2.537831,-2.618124,-1.435553
1231.000000,-1.685915,-2.004089,-2.459536,-2.567016,-1.400026
1232.000000,-1.542670,-1.870710,-2.386068,-2.503663,-1.318978
1233.000000,-1.409633,-1.764949,-2.297740,-2.420390,-1.200478
1234.000000,-1.319157,-1.657470,-2.214602,-2.325249,-1.086381
1235.000000,-1.218342,-1.547382,-2.131560,-2.232942,-0.939196
1236.000000,-1.101297,-1.426705,-2.047042,-2.139898,-0.820156
1237.000000,-0.951784,-1.281872,-1.965809,-2.040947,-0.575796
1238.000000,-0.798600,-1.140544,-1.813562,-1.954583,-0.437655
1239.000000,-0.701175,-1.050275,-1.693658,-1.896312,-0.613041
1240.000000,-0.609733,-0.957792,-1.591063,-1.854385,-0.495531
1241.000000,-0.527427,-0.860959,-1.493908,-1.812201,-0.423564
1242.000000,-0.474430,-0.759660,-1.396735,-1.775401,-0.297536
1243.000000,-0.419786,-0.653375,-1.310850,-1.730489,-0.111381
1244.000000,-0.299035,-0.547889,-1.225152,-1.691590,0.006894
