0.000000,5.385165,5.385165,5.385165,5.385165,-0.564440
1.000000,3.756167,3.726990,3.735506,3.740687,-0.591984
2.000000,3.023817,2.996428,2.988028,2.998622,-0.642372
3.000000,2.578555,2.552203,2.531086,2.546994,-0.722771
4.000000,2.261444,2.244276,2.211823,2.231859,-0.870058
5.000000,2.013378,2.012814,1.970743,1.994679,-0.779997
6.000000,1.818328,1.827750,1.779725,1.806495,-0.743353
7.000000,1.656710,1.674783,1.621223,1.650634,-0.833764
8.000000,1.527433,1.548167,1.489338,1.517903,-0.498151
9.000000,1.422598,1.438394,1.374695,1.402628,-0.250946
10.000000,1.325799,1.334925,1.273108,1.300104,-0.388284
11.000000,1.244478,1.245657,1.182018,1.208869,-0.044846
12.000000,1.178501,1.168147,1.109060,1.126036,0.313852
13.000000,1.110643,1.097062,1.041911,1.048713,0.252823
14.000000,1.042672,1.032209,0.980397,0.976804,0.220897
15.000000,0.983498,0.971731,0.922847,0.909350,0.361777
16.000000,0.926488,0.916858,0.868710,0.846673,0.725156
17.000000,0.864641,0.864959,0.816825,0.786428,0.637926
18.000000,0.809724,0.813729,0.767562,0.729727,0.856038
19.000000,0.760437,0.763505,0.719354,0.674313,1.108299
20.000000,0.708731,0.715230,0.668918,0.619975,0.937468
21.000000,0.657419,0.667049,0.620537,0.565869,1.428539
22.000000,0.600964,0.612215,0.570812,0.517050,0.553768
23.000000,0.543223,0.559454,0.521882,0.468302,0.582015
24.000000,0.483598,0.508136,0.473811,0.419632,0.631304
25.000000,0.422442,0.453596,0.423400,0.368051,0.278578
26.000000,0.349057,0.392294,0.370068,0.311178,-0.013712
27.000000,0.283695,0.330327,0.315195,0.247558,0.160989
28.000000,0.205219,0.261352,0.254003,0.167854,0.197450
29.000000,0.053627,0.607499,0.982765,-0.222940,-0.499957
30.000000,-0.101581,0.440145,1.079523,-0.164402,-0.406204
31.000000,-0.218622,0.200996,1.088374,-0.102316,-0.540831
32.000000,-0.316442,0.105301,1.030037,-0.004561,-0.205830
33.000000,-0.545260,-0.067733,0.933420,0.088814,-0.792794
34.000000,-0.792502,-0.359340,0.786558,0.177757,-1.626560
35.000000,-0.907840,-0.534349,0.665750,0.313261,-0.904378
36.000000,-1.113059,-0.735328,0.466336,0.429281,-1.431374
37.000000,-1.318403,-0.924230,0.321187,0.628675,-1.011888
38.000000,-1.225074,-1.021096,0.194259,0.814552,-0.204678
39.000000,-1.288306,-1.218285,-0.069564,0.790912,-1.922152
40.000000,-1.527799,-1.437491,-0.333881,0.787728,-1.875906
41.000000,-1.704383,-1.678354,-0.750517,0.606557,-2.159897
42.000000,-1.724610,-1.793991,-1.037927,0.375802,-1.289230
43.000000,-1.785309,-1.739390,-1.322188,0.203609,-0.841922
44.000000,-1.276870,-1.426792,-1.485887,0.176606,0.372228
45.000000,-0.548955,-1.085369,-1.433502,0.241219,1.484866
46.000000,0.238051,-0.735896,-1.320131,0.185740,1.256670
47.000000,0.787400,-0.489932,-1.230537,0.139437,1.005518
48.000000,1.049194,-0.444606,-1.213420,-0.048716,0.214411
49.000000,1.088291,-0.167701,-1.086166,-0.273993,0.455264
50.000000,0.773652,0.084811,-1.010600,-0.517530,0.112510
51.000000,0.296313,0.316710,-1.006502,-1.050677,-0.798126
52.000000,-0.547192,0.232644,-1.170790,-1.649784,-2.166315
53.000000,-1.161772,0.092534,-1.247741,-2.202706,-1.862730
54.000000,-1.892670,-0.357622,-1.281692,-2.597244,-2.097671
55.000000,-2.324741,-1.061717,-1.368910,-2.665272,-1.787218
56.000000,-2.423294,-1.746819,-1.415655,-2.600928,-1.714579
57.000000,-2.132716,-2.229606,-1.471566,-2.492598,-1.242129
58.000000,-1.851280,-2.392506,-1.561939,-2.366412,-0.838155
59.000000,-1.422815,-2.409008,-1.457222,-2.168311,-0.322694
60.000000,-1.168387,-2.405584,-1.413135,-2.056689,-0.710797
61.000000,-0.851256,-2.213496,-1.294212,-1.930841,-0.394509
62.000000,-0.783735,-1.977173,-1.344284,-1.901272,-0.962291
63.000000,-1.054295,-1.954828,-1.589200,-1.918550,-1.876892
64.000000,-1.453314,-1.903386,-1.985582,-1.895259,-1.922578
65.000000,-1.636763,-1.832165,-2.400682,-1.898428,-1.539252
66.000000,-1.807889,-1.743370,-2.627822,-1.863800,-1.346397
67.000000,-1.804278,-1.697089,-2.706782,-1.856853,-1.170499
68.000000,-1.555803,-1.657622,-2.630529,-1.872885,-0.857836
69.000000,-1.523921,-1.820316,-2.647031,-1.879700,-1.774342
70.000000,-1.728325,-2.013554,-2.672631,-1.949642,-2.357141
71.000000,-1.689016,-2.034265,-2.504973,-1.890080,-1.278827
72.000000,-1.699282,-2.002332,-2.311664,-1.883080,-1.332756
73.000000,-1.645877,-1.817362,-2.122491,-1.849810,-0.798634
74.000000,-1.352999,-1.602844,-1.922503,-1.848036,-0.418589
75.000000,-0.890742,-1.423514,-1.754370,-1.885328,-0.183989
76.000000,-0.584672,-1.240040,-1.586723,-1.881871,0.234559
77.000000,-0.164377,-1.048423,-1.440822,-1.849385,0.692427
78.000000,0.208822,-0.881538,-1.323112,-1.780562,0.903737
79.000000,0.449483,-0.651233,-1.276036,-1.755743,0.483874
80.000000,0.801259,-0.239022,-1.178974,-1.693890,1.200615
81.000000,1.332363,0.187432,-1.041197,-1.550035,2.276892
82.000000,1.590647,0.642252,-0.901478,-1.386677,1.626280
83.000000,1.896765,1.159160,-0.648867,-1.199924,2.122950
84.000000,2.170163,1.614576,-0.374493,-0.998348,1.914197
85.000000,2.150714,1.909922,-0.131287,-0.824521,1.506937
86.000000,1.989774,2.082442,0.145004,-0.621108,1.673845
87.000000,2.029486,2.177962,0.473686,-0.395590,1.942017
88.000000,1.837548,2.129737,0.733117,-0.227752,1.347283
89.000000,1.708895,2.130311,1.120842,-0.069945,1.388734
90.000000,1.571867,2.011319,1.549724,0.090338,0.961403
91.000000,1.440570,1.839894,1.855601,0.265582,1.081633
92.000000,1.339999,1.791324,2.165980,0.573270,1.449629
93.000000,1.311348,1.675166,2.303179,0.982619,1.250999
94.000000,1.298096,1.597034,2.335094,1.445506,1.360682
95.000000,1.319518,1.532317,2.276743,1.807250,1.125660
96.000000,1.266791,1.425457,2.158482,2.048363,0.858190
97.000000,1.051403,1.246274,1.996272,2.138393,0.398426
98.000000,0.736827,1.061066,1.804351,2.067396,-0.296720
99.000000,0.409016,0.890578,1.677120,2.082991,-0.237486
100.000000,0.167226,0.797726,1.563608,2.161261,-0.011696
101.000000,-0.086443,0.670574,1.405714,2.094666,-0.321837
102.000000,-0.250469,0.499549,1.295518,2.044220,-0.322964
103.000000,-0.426519,0.262849,1.124286,1.910341,-1.333029
104.000000,-0.660213,-0.015704,0.968761,1.777436,-1.334945
105.000000,-1.100987,-0.344561,0.814902,1.633463,-1.843183
106.000000,-1.628123,-0.745002,0.613573,1.461391,-2.352993
107.000000,-2.083837,-1.123318,0.375255,1.289930,-2.185604
108.000000,-2.281349,-1.458943,0.141383,1.108673,-2.297712
109.000000,-2.525905,-1.890609,-0.167920,0.925892,-2.631852
110.000000,-2.754830,-2.384868,-0.561843,0.637869,-3.037477
111.000000,-2.823544,-2.684797,-1.051896,0.228881,-2.898227
112.000000,-2.762853,-2.764985,-1.574328,-0.162456,-2.366170
113.000000,-2.618044,-2.666904,-2.000605,-0.615305,-2.007312
114.000000,-2.420474,-2.555953,-2.312005,-1.077420,-1.788972
115.000000,-2.154865,-2.426738,-2.471494,-1.499981,-1.638683
116.000000,-2.000860,-2.352773,-2.567460,-1.967036,-2.023722
117.000000,-2.076862,-2.381346,-2.634242,-2.447446,-2.582583
118.000000,-2.078619,-2.326631,-2.560658,-2.638007,-2.030435
119.000000,-2.104447,-2.259162,-2.490539,-2.720508,-1.979644
120.000000,-2.068964,-2.123358,-2.402552,-2.669694,-1.601568
121.000000,-1.967428,-1.996100,-2.317336,-2.605843,-1.556518
122.000000,-1.680612,-1.864536,-2.214232,-2.509706,-1.117181
123.000000,-1.446162,-1.740886,-2.091993,-2.391146,-0.833302
124.000000,-1.167277,-1.617719,-1.978647,-2.276270,-0.551650
125.000000,-0.949568,-1.512637,-1.876457,-2.171170,-0.491579
126.000000,-0.789698,-1.411006,-1.800627,-2.095776,-0.807525
127.000000,-0.700344,-1.239569,-1.732906,-2.013434,-0.706585
128.000000,-0.633279,-1.095654,-1.659935,-1.916124,-0.508394
129.000000,-0.587719,-0.928426,-1.575452,-1.829918,-0.295383
130.000000,-0.573282,-0.804267,-1.484337,-1.771538,-0.390460
131.000000,-0.347668,-0.612342,-1.361247,-1.691365,0.342330
132.000000,-0.073255,-0.438967,-1.246964,-1.617815,0.677430
133.000000,0.244235,-0.261150,-1.135471,-1.532533,1.035926
134.000000,0.590115,-0.086276,-1.025899,-1.455478,1.297801
135.000000,1.005458,0.103424,-0.921318,-1.382298,1.368233
136.000000,1.305483,0.386280,-0.779346,-1.302297,1.587788
137.000000,1.531273,0.691537,-0.577878,-1.230403,1.600217
138.000000,1.704050,1.025010,-0.376811,-1.153172,1.752299
139.000000,1.806812,1.359385,-0.138334,-1.064955,1.757193
140.000000,1.783284,1.651404,0.089908,-0.965396,1.363823
141.000000,1.730999,1.810312,0.372619,-0.841742,1.487048
142.000000,1.655799,1.868250,0.648142,-0.722851,1.373777
143.000000,1.457219,1.796583,0.889475,-0.626302,0.887963
144.000000,1.142472,1.621095,1.063379,-0.559005,0.280333
145.000000,0.933257,1.466336,1.244486,-0.482654,0.363353
146.000000,0.689155,1.296082,1.449946,-0.356447,0.316864
147.000000,0.420150,1.114298,1.578972,-0.138744,0.104828
148.000000,0.212136,0.908480,1.624487,0.074792,-0.101994
149.000000,0.021521,0.647890,1.562348,0.305904,-0.721227
150.000000,-0.339117,0.358959,1.444464,0.484945,-1.444080
151.000000,-0.527820,0.146424,1.334603,0.811841,-0.434036
152.000000,-0.719832,-0.089174,1.192950,1.080651,-0.663324
153.000000,-0.894668,-0.289366,1.030420,1.288841,-0.781701
154.000000,-0.819998,-0.375483,0.892871,1.460964,-0.319520
155.000000,-0.477298,-0.447899,0.785579,1.612746,0.048103
156.000000,-0.478637,-0.575323,0.639486,1.713526,-0.430863
157.000000,-0.706509,-0.820998,0.415365,1.616708,-1.712592
158.000000,-1.130362,-1.166836,0.100510,1.382140,-2.491165
159.000000,-1.621771,-1.411344,-0.244786,1.133664,-2.245644
160.000000,-2.393542,-1.725195,-0.716183,0.754335,-3.058649
161.000000,-2.662027,-2.007892,-1.180653,0.350269,-2.231411
162.000000,-2.571379,-2.143191,-1.616366,-0.070989,-1.881874
163.000000,-2.396070,-2.226935,-1.978191,-0.585003,-1.920360
164.000000,-2.361814,-2.365279,-2.256603,-1.231134,-2.238792
165.000000,-2.182723,-2.464119,-2.448978,-1.846793,-2.145309
166.000000,-2.101642,-2.457461,-2.515553,-2.328229,-1.902551
167.000000,-2.006391,-2.329545,-2.461458,-2.585432,-1.524941
168.000000,-1.949433,-2.205131,-2.397480,-2.746005,-1.685037
169.000000,-1.738727,-2.062884,-2.258233,-2.736181,-1.195428
170.000000,-1.482348,-1.842961,-2.087656,-2.626011,-0.855509
171.000000,-1.178288,-1.654159,-1.960977,-2.485423,-0.352391
172.000000,-0.778253,-1.424665,-1.792530,-2.294282,0.559931
173.000000,-0.285961,-1.190323,-1.644475,-2.111029,0.707823
174.000000,0.166283,-0.898797,-1.525556,-1.922137,0.882985
175.000000,0.528440,-0.612498,-1.448287,-1.786568,0.705949
176.000000,0.785274,-0.323339,-1.367747,-1.671309,0.738983
177.000000,0.822490,-0.057872,-1.260697,-1.568561,0.705767
178.000000,0.832429,0.265602,-1.130293,-1.472474,0.738712
179.000000,0.920469,0.609298,-0.974914,-1.335131,1.279787
180.000000,1.019173,0.901349,-0.769055,-1.191237,1.149316
181.000000,0.973274,1.039483,-0.631059,-1.138512,0.536455
182.000000,0.938753,1.045835,-0.498776,-1.084992,0.551769
183.000000,0.874943,1.016519,-0.353247,-1.040513,0.444354
184.000000,0.769905,1.009103,-0.124703,-0.997433,0.801101
185.000000,0.721159,1.043644,0.154005,-0.966754,0.941404
186.000000,0.712621,1.015661,0.423833,-0.956856,0.478701
187.000000,0.726496,1.006014,0.715577,-0.898703,0.605870
188.000000,0.766315,0.990875,1.082836,-0.799833,0.630357
189.000000,0.734070,0.906760,1.418084,-0.693621,0.683482
190.000000,0.713890,0.859249,1.707238,-0.475930,0.893559
191.000000,0.845419,0.919753,1.895861,-0.237508,1.112174
192.000000,0.920416,0.956109,1.895873,0.028912,0.969536
193.000000,0.940021,0.973181,1.824458,0.372236,0.731174
194.000000,1.001123,0.972102,1.742518,0.940710,0.973755
195.000000,1.162818,1.038778,1.737587,1.760150,1.705232
196.000000,1.310132,1.180587,1.729955,2.522898,1.864016
197.000000,1.483363,1.301763,1.713799,2.912927,1.768432
198.000000,1.663375,1.386127,1.666518,2.982820,1.421217
199.000000,1.837003,1.491201,1.588438,2.864540,1.602663
200.000000,1.928867,1.616168,1.552081,2.720448,2.069250
201.000000,1.984729,1.728727,1.575910,2.550835,2.035305
202.000000,2.017455,1.867689,1.600521,2.350742,1.913468
203.000000,2.118352,2.054979,1.645089,2.200801,1.983764
204.000000,1.974604,2.096641,1.627483,2.040681,1.197063
205.000000,1.768173,2.013511,1.615732,1.928686,1.215591
206.000000,1.559972,1.879123,1.642812,1.831711,1.052492
207.000000,1.340745,1.734927,1.657735,1.748132,0.858714
208.000000,1.181351,1.686091,1.695112,1.692961,1.218915
209.000000,1.156439,1.606554,1.721475,1.611789,1.091296
210.000000,1.156268,1.508539,1.733311,1.552283,1.222928
211.000000,1.191465,1.424747,1.730283,1.536727,1.238067
212.000000,1.274788,1.358035,1.743909,1.528073,1.293712
213.000000,1.198777,1.235918,1.752654,1.514618,0.882097
214.000000,1.137488,1.188993,1.734323,1.487523,0.795896
215.000000,0.894154,1.060424,1.616423,1.436249,-0.018134
216.000000,0.573772,0.920843,1.476901,1.409262,-0.402908
217.000000,0.125306,0.763162,1.328501,1.371606,-0.911240
218.000000,-0.396341,0.501174,1.182584,1.321324,-1.620669
219.000000,-0.936487,0.249484,1.039867,1.280791,-1.549494
220.000000,-1.296261,-0.037922,0.880077,1.236793,-1.423992
221.000000,-1.488404,-0.333795,0.735117,1.194217,-1.062317
222.000000,-1.394644,-0.603653,0.624767,1.188603,-0.313487
223.000000,-1.116067,-0.839891,0.497833,1.207683,-0.286577
224.000000,-1.000989,-1.187355,0.380458,1.192823,-1.051074
225.000000,-1.027283,-1.487597,0.210245,1.102370,-1.585404
226.000000,-1.096030,-1.673504,0.036170,0.992353,-1.406030
227.000000,-1.275083,-1.698479,-0.130327,0.883507,-1.150514
228.000000,-1.423899,-1.580557,-0.362194,0.796608,-1.073414
229.000000,-1.416096,-1.474827,-0.628234,0.685089,-1.091600
230.000000,-1.121421,-1.276411,-0.887945,0.571257,-0.290144
231.000000,-0.967461,-1.195879,-1.216648,0.409481,-0.718760
232.000000,-0.822832,-1.191458,-1.528801,0.235181,-0.503091
233.000000,-0.590937,-1.135502,-1.678933,0.045514,0.002998
234.000000,-0.360291,-1.012625,-1.780044,-0.098590,-0.060505
235.000000,-0.113136,-0.718751,-1.658060,-0.197775,0.851041
236.000000,0.358115,-0.381582,-1.442569,-0.248294,1.306345
237.000000,0.812645,-0.049365,-1.174422,-0.262548,1.390591
238.000000,0.971030,0.190654,-0.916608,-0.443995,0.681513
239.000000,0.995081,0.361313,-0.745098,-0.745242,0.037428
240.000000,0.772874,0.393247,-0.616694,-1.185945,-0.181467
241.000000,0.491028,0.527197,-0.511427,-1.601394,0.044564
242.000000,0.146707,0.631325,-0.493132,-1.945861,-0.029832
243.000000,0.176603,0.787223,-0.411272,-1.948297,0.964449
244.000000,0.296188,0.914306,-0.296453,-1.948303,0.503494
245.000000,0.627547,0.963315,-0.059797,-1.729124,1.013145
246.000000,0.883643,0.912433,0.195906,-1.488144,0.933608
247.000000,1.161245,0.841531,0.480369,-1.190212,1.064233
248.000000,1.123534,0.875148,0.787813,-0.821917,0.983628
249.000000,0.708425,0.680880,0.892190,-0.710101,-1.260719
250.000000,0.269319,0.590247,0.904597,-0.582172,-0.843918
251.000000,-0.210728,0.441319,0.971785,-0.520229,-0.916761
252.000000,-1.117328,0.106430,0.830606,-0.726238,-2.085378
253.000000,-1.758164,-0.314018,0.647775,-0.911883,-1.483336
254.000000,-1.709636,-0.622849,0.489459,-0.994233,-1.248899
255.000000,-1.744623,-1.018946,0.144491,-0.970962,-1.190258
256.000000,-1.749300,-1.400860,-0.306527,-0.954756,-1.155647
257.000000,-1.519125,-1.787051,-0.793715,-0.990990,-1.210433
258.000000,-1.334640,-2.001877,-1.036760,-0.955202,-0.742456
259.000000,-1.146614,-1.820346,-1.093639,-0.829712,-0.457984
260.000000,-0.875616,-1.649522,-1.050886,-0.840508,-0.059826
261.000000,-0.573094,-1.463938,-1.032211,-0.630239,0.114587
262.000000,-0.294696,-1.156384,-1.042899,-0.502511,-0.063988
263.000000,-0.139339,-0.948152,-1.217278,-0.557969,-0.108307
264.000000,-0.072053,-0.784344,-1.345267,-0.609108,-0.181731
265.000000,-0.096117,-0.623329,-1.528994,-1.015224,-0.164775
266.000000,-0.339001,-0.576934,-1.762067,-1.838030,-0.962627
267.000000,-0.949669,-0.764712,-2.137200,-2.999713,-2.664908
268.000000,-1.693332,-1.105767,-2.418515,-3.496050,-2.891824
269.000000,-2.217450,-1.394169,-2.336204,-3.387766,-2.177886
270.000000,-2.621182,-1.737896,-2.320196,-3.208604,-2.197132
271.000000,-2.624548,-1.984010,-2.247573,-3.003292,-1.679840
272.000000,-2.330820,-2.153131,-2.092512,-2.817424,-1.564298
273.000000,-2.157433,-2.373789,-2.069506,-2.815608,-2.113938
274.000000,-1.859545,-2.362401,-1.947326,-2.620991,-0.912707
275.000000,-1.537989,-2.319608,-1.837522,-2.484136,-0.701765
276.000000,-1.201523,-2.133892,-1.699217,-2.318991,-0.042213
277.000000,-0.852431,-1.812827,-1.569558,-2.188304,0.171534
278.000000,-0.366468,-1.501808,-1.509369,-2.097745,0.015189
279.000000,-0.080201,-1.227412,-1.457711,-1.904718,0.307426
280.000000,0.216410,-0.907747,-1.424493,-1.758693,0.512376
281.000000,0.294813,-0.666666,-1.432233,-1.649165,0.265736
282.000000,0.371362,-0.380983,-1.411232,-1.478178,0.504808
283.000000,0.415735,-0.001693,-1.412408,-1.365162,0.208104
284.000000,0.381069,0.183585,-1.415284,-1.274992,0.161187
285.000000,0.413070,0.408293,-1.375177,-1.167947,0.653600
286.000000,0.641783,0.609868,-1.223175,-1.033818,1.238437
287.000000,0.879325,0.816699,-0.911016,-0.882011,1.484366
288.000000,1.187706,1.049812,-0.527954,-0.751411,1.524017
289.000000,1.499177,1.243022,-0.152360,-0.628638,1.583005
290.000000,1.744305,1.440404,0.324033,-0.498463,1.836898
291.000000,1.815738,1.624362,0.782999,-0.381565,1.672840
292.000000,1.733263,1.688937,1.210816,-0.285055,1.214027
293.000000,1.793345,1.873301,1.820522,-0.097853,1.836697
294.000000,1.858419,2.045006,2.222053,0.155710,1.918835
295.000000,1.970080,2.199744,2.552986,0.561473,2.310204
296.000000,2.021816,2.222951,2.642788,1.105229,1.990345
297.000000,2.120306,2.202878,2.627507,1.864976,1.951998
298.000000,2.009623,2.113432,2.535344,2.469320,1.540001
299.000000,1.942360,2.053081,2.451613,2.815259,1.718238
300.000000,1.723550,1.923751,2.319110,2.886727,1.245333
301.000000,1.571410,1.826901,2.222235,2.820433,1.221135
302.000000,1.473612,1.808308,2.150418,2.745725,1.465255
303.000000,1.517835,1.778574,2.121773,2.714545,1.773328
304.000000,1.398232,1.687755,2.052793,2.553720,1.126918
305.000000,1.418985,1.590024,1.990209,2.432682,1.336726
306.000000,1.412085,1.508982,1.907296,2.299587,1.170521
307.000000,1.423065,1.463563,1.849094,2.210917,1.528695
308.000000,1.440620,1.495284,1.817938,2.166863,1.855113
309.000000,1.632798,1.527944,1.802250,2.131595,2.025628
310.000000,1.794918,1.622901,1.788316,2.102671,2.091508
311.000000,2.021760,1.744388,1.800470,2.098600,2.278619
312.000000,2.145591,1.828407,1.829987,2.084285,2.177421
313.000000,2.207761,1.884267,1.841847,2.081658,2.202869
314.000000,2.238961,1.998643,1.856366,2.081718,2.215183
315.000000,2.120508,2.006545,1.815960,2.037971,1.548961
316.000000,1.886748,1.978160,1.767014,1.968117,1.090344
317.000000,1.605764,1.887177,1.701218,1.887726,0.707964
318.000000,1.354501,1.798713,1.670703,1.827121,0.915492
319.000000,1.165290,1.740414,1.655351,1.790360,1.329257
320.000000,1.000934,1.620316,1.633807,1.732526,0.758179
321.000000,0.857594,1.444389,1.596344,1.673823,0.363728
322.000000,0.828272,1.290363,1.559529,1.641012,0.517022
323.000000,0.674189,1.086393,1.492745,1.586918,0.108524
324.000000,0.392187,0.854687,1.456960,1.534680,0.012424
325.000000,0.299252,0.725046,1.429012,1.484584,0.372177
326.000000,0.286419,0.641797,1.408237,1.444135,0.312027
327.000000,0.159086,0.568020,1.355118,1.393857,-0.067818
328.000000,0.107731,0.454131,1.283734,1.358108,-0.153563
329.000000,0.145771,0.305183,1.215628,1.326320,0.183301
330.000000,0.027825,0.193098,1.125329,1.305278,-0.174450
331.000000,-0.129734,0.108903,1.005875,1.282538,-0.418337
332.000000,-0.212455,-0.007554,0.879042,1.252020,-0.461733
333.000000,-0.353505,-0.108663,0.716320,1.201330,-0.812113
334.000000,-0.572731,-0.189859,0.535345,1.183678,-0.705243
335.000000,-0.635341,-0.298551,0.412582,1.171092,-0.335691
336.000000,-0.673056,-0.430450,0.314119,1.167133,-0.505988
337.000000,-0.769276,-0.552210,0.228193,1.143982,-0.818219
338.000000,-0.871526,-0.731551,0.075067,1.092948,-1.234768
339.000000,-1.127026,-1.079876,-0.211078,1.008922,-1.710041
340.000000,-1.082159,-1.141499,-0.372310,0.956561,-0.178020
341.000000,-0.538287,-0.839712,-0.345295,0.940558,1.644934
342.000000,0.219448,-0.402439,-0.262685,0.942252,2.141674
343.000000,1.041096,0.084242,-0.084932,0.915092,1.938353
344.000000,1.897298,0.463159,0.101758,0.834895,1.587521
345.000000,2.896349,1.226062,0.645397,0.976225,3.557912
346.000000,3.126411,1.934579,1.255885,1.198207,2.985844
347.000000,2.953521,2.411315,1.819345,1.450117,2.244751
348.000000,2.774466,2.719913,2.238517,1.667666,1.942467
349.000000,2.709620,2.939025,2.477386,1.831877,2.002742
350.000000,2.426710,2.939727,2.689380,2.101108,2.178188
351.000000,2.107445,2.698578,2.705530,2.290351,1.557388
352.000000,1.905891,2.463953,2.658538,2.370353,1.381882
353.000000,1.747276,2.284401,2.607111,2.433800,1.255798
354.000000,1.536926,2.140887,2.505567,2.432235,0.992339
355.000000,1.391554,1.942865,2.447848,2.436305,1.446244
356.000000,1.395369,1.801812,2.409738,2.439259,1.561099
357.000000,1.447434,1.733148,2.383951,2.458714,1.620475
358.000000,1.570236,1.719596,2.385222,2.481947,1.830330
359.000000,1.764464,1.721373,2.401850,2.479647,1.958956
360.000000,1.848673,1.697668,2.354284,2.471879,1.889455
361.000000,1.894657,1.724623,2.262729,2.454046,1.833129
362.000000,1.861224,1.728438,2.154698,2.401322,1.527202
363.000000,1.762012,1.724787,2.065037,2.348873,1.371556
364.000000,1.596028,1.717289,1.989833,2.275929,1.131391
365.000000,1.400120,1.650805,1.855326,2.186951,0.899473
366.000000,1.232854,1.592214,1.750807,2.119594,1.005566
367.000000,1.139588,1.539579,1.682362,2.069712,1.077205
368.000000,0.993849,1.429375,1.607336,2.011672,0.637570
369.000000,0.893682,1.306160,1.537615,1.971356,0.611532
370.000000,0.858737,1.192722,1.467584,1.915069,0.695339
371.000000,0.768045,1.065044,1.422268,1.834617,0.547458
372.000000,0.649486,0.967863,1.389398,1.759785,0.573580
373.000000,0.569426,0.854345,1.352078,1.691800,0.185872
374.000000,0.538162,0.786897,1.340783,1.651629,0.444088
375.000000,0.544533,0.772835,1.318438,1.580776,0.787883
376.000000,0.730801,0.797568,1.312146,1.533551,1.461388
377.000000,1.065357,0.877115,1.324499,1.519541,2.046837
378.000000,1.456438,1.028733,1.316517,1.509273,1.838451
379.000000,1.729669,1.184904,1.293361,1.495923,1.716145
380.000000,1.692889,1.210751,1.228556,1.448265,0.680332
381.000000,1.546797,1.264715,1.164709,1.425309,0.736791
382.000000,1.222124,1.286751,1.111688,1.404579,0.457765
383.000000,0.796033,1.290490,1.043441,1.376098,-0.254006
384.000000,0.410832,1.292616,1.008704,1.368739,-0.012587
385.000000,0.231530,1.253441,0.994345,1.343832,-0.167074
386.000000,-0.008796,1.126126,0.971118,1.316009,-0.193500
387.000000,-0.384967,0.795302,0.910136,1.272545,-0.985648
388.000000,-0.363878,0.517620,0.932397,1.231382,-0.082979
389.000000,-0.342729,0.199573,0.966338,1.180137,0.142463
390.000000,-0.068373,0.180607,1.025481,1.138859,0.872893
391.000000,0.175052,0.111246,1.093974,1.088087,0.730434
392.000000,0.664094,0.151517,1.169487,1.056686,0.874035
393.000000,0.844955,0.363002,1.272381,1.026375,0.611848
394.000000,1.016750,0.548848,1.350451,1.020328,0.834472
395.000000,0.977917,0.751370,1.391981,1.035673,0.779111
396.000000,0.962214,0.931108,1.344966,1.039806,0.707953
397.000000,0.577420,0.983799,1.081272,0.988084,-0.641549
398.000000,0.330322,0.908996,0.835363,0.988286,-0.387515
399.000000,0.005380,0.785400,0.558607,0.987047,-0.455908
400.000000,-0.341754,0.506598,0.424642,0.971258,-0.564925
401.000000,-0.809338,0.163972,0.185968,0.948019,-1.069401
402.000000,-1.134424,-0.394988,-0.162532,0.881099,-1.812845
403.000000,-1.520020,-0.950056,-0.422468,0.851877,-1.757264
404.000000,-1.710526,-1.490774,-0.697792,0.824773,-1.148042
405.000000,-1.797749,-1.981448,-0.945201,0.772151,-0.954336
406.000000,-1.602163,-2.258136,-1.074341,0.651244,-0.473803
407.000000,-1.063001,-1.993734,-0.820480,0.429176,0.193912
408.000000,-0.557067,-1.757391,-0.743874,0.152464,0.294625
409.000000,0.019440,-1.363460,-0.519329,-0.100139,1.467612
410.000000,0.661090,-0.966849,-0.444769,-0.124427,1.564925
411.000000,1.198137,-0.520912,-0.370863,-0.197279,1.342332
412.000000,1.526405,0.118599,-0.320365,-0.146424,1.368577
413.000000,1.659829,0.716401,-0.274465,0.194914,1.022946
414.000000,1.556513,1.234151,-0.248481,0.567515,1.181437
415.000000,1.459265,1.714092,-0.185488,1.064787,1.256908
416.000000,1.516024,2.075036,-0.011988,1.656842,1.631501
417.000000,1.466735,2.105984,0.414924,2.255724,1.209394
418.000000,1.532828,2.128298,0.819728,2.464416,1.386223
419.000000,1.670629,2.089272,1.329133,2.648989,1.839626
420.000000,1.998264,2.195240,2.008385,2.806934,2.662029
421.000000,2.173621,2.287572,2.563191,2.905573,2.449690
422.000000,2.584480,2.496643,3.126435,3.086875,3.075429
423.000000,2.824849,2.663745,3.339625,3.179792,2.874088
424.000000,2.813468,2.681824,3.266833,3.088659,2.371482
425.000000,2.636385,2.634250,3.124344,2.959252,2.074934
426.000000,2.465011,2.533228,2.944124,2.822130,1.823572
427.000000,2.152122,2.429007,2.735137,2.747430,1.493009
428.000000,1.829855,2.303090,2.553180,2.625802,1.236174
429.000000,1.524496,2.132665,2.348519,2.481765,0.839439
430.000000,1.264090,1.937702,2.183371,2.363015,0.761456
431.000000,1.233330,1.875294,2.136226,2.368140,1.636454
432.000000,1.206737,1.728687,2.072281,2.358730,1.358984
433.000000,1.176867,1.559061,2.006404,2.312362,1.088995
434.000000,1.189614,1.410030,1.932692,2.233043,0.876345
435.000000,1.279327,1.317279,1.887566,2.178557,1.173680
436.000000,1.050275,1.184073,1.799259,2.081046,0.491922
437.000000,0.955538,1.124933,1.757006,2.010541,0.917132
438.000000,0.850687,1.061675,1.697904,1.937016,0.561907
439.000000,0.761399,1.031369,1.627313,1.853186,0.412320
440.000000,0.400687,0.921673,1.492714,1.739815,-0.584722
441.000000,0.177159,0.692386,1.371054,1.648242,-0.624400
442.000000,-0.138950,0.496182,1.226439,1.575016,-0.508447
443.000000,-0.355795,0.338906,1.085719,1.524376,-0.365677
444.000000,-0.713993,0.120654,0.928378,1.451235,-1.174969
445.000000,-0.821290,-0.150436,0.785552,1.391135,-1.051807
446.000000,-0.982594,-0.372970,0.636987,1.321775,-1.305823
447.000000,-1.295842,-0.745452,0.477173,1.252210,-1.787160
448.000000,-1.493349,-1.013104,0.357854,1.211122,-1.045263
449.000000,-1.724026,-1.414706,0.199487,1.124748,-2.075462
450.000000,-2.018436,-1.710401,-0.006537,0.995046,-2.265149
451.000000,-2.146728,-1.953351,-0.355798,0.864398,-1.996679
452.000000,-2.037466,-2.087641,-0.715697,0.692124,-1.602487
453.000000,-1.990362,-2.111918,-1.054042,0.503115,-1.241329
454.000000,-1.650895,-1.920841,-1.309825,0.342092,-0.570823
455.000000,-1.302153,-1.770592,-1.582211,0.162749,-0.587060
456.000000,-0.867675,-1.542135,-1.650198,0.008799,0.106143
457.000000,-0.485119,-1.295310,-1.726033,-0.142026,0.175848
458.000000,-0.273607,-1.207671,-1.767105,-0.338130,-0.324931
459.000000,-0.091137,-0.965958,-1.722301,-0.476375,0.243672
460.000000,0.076916,-0.702259,-1.585443,-0.650096,0.142734
461.000000,0.261045,-0.364382,-1.394379,-0.927762,0.975709
462.000000,0.670366,0.071059,-1.153054,-1.047304,2.021719
463.000000,1.191792,0.483263,-0.946965,-1.086939,1.931789
464.000000,1.526972,0.793858,-0.706377,-1.074141,1.675334
465.000000,1.839173,1.092031,-0.500211,-1.104119,1.518348
466.000000,1.988652,1.330768,-0.247724,-0.924504,1.760923
467.000000,1.980972,1.595163,0.084311,-0.758623,2.027470
468.000000,1.964741,1.882625,0.376350,-0.521621,1.917883
469.000000,2.001859,2.073290,0.803785,-0.232990,1.935987
470.000000,2.086679,2.247052,1.325301,0.288783,2.074508
471.000000,2.053974,2.250270,1.796907,0.778908,1.809284
472.000000,1.967301,2.145821,2.155941,1.231094,1.728313
473.000000,1.894509,2.054546,2.369951,1.622454,1.648923
474.000000,1.794047,1.975006,2.417795,2.020100,1.491250
475.000000,1.605680,1.882682,2.384777,2.244242,1.167832
476.000000,1.463927,1.779652,2.289703,2.400287,1.121096
477.000000,1.406877,1.707290,2.227141,2.558800,1.439670
478.000000,1.354345,1.645508,2.188161,2.576179,1.384241
479.000000,1.298669,1.569927,2.109180,2.592343,1.224602
480.000000,1.325149,1.491957,2.049562,2.589111,1.315316
481.000000,1.376005,1.444877,1.972596,2.550134,1.393855
482.000000,1.316739,1.381923,1.857601,2.462447,1.154339
483.000000,1.290440,1.337106,1.770184,2.373710,1.257182
484.000000,1.310291,1.313053,1.708332,2.273874,1.311847
485.000000,1.363859,1.349228,1.677973,2.207157,1.592000
486.000000,1.332746,1.361460,1.626611,2.111615,1.232951
487.000000,1.227952,1.281555,1.543455,2.004480,0.548485
488.000000,0.972853,1.154032,1.445783,1.907902,-0.203937
489.000000,0.649642,1.028073,1.348373,1.806090,-0.469725
490.000000,0.183784,0.874248,1.242356,1.721302,-0.718725
491.000000,-0.441833,0.626683,1.122371,1.609146,-1.690805
492.000000,-1.158094,0.300289,0.973265,1.461721,-2.423859
493.000000,-1.869717,-0.188866,0.786553,1.305634,-2.895594
494.000000,-2.298151,-0.715461,0.614938,1.181881,-2.254314
495.000000,-2.163576,-1.102095,0.544473,1.135312,-0.439244
496.000000,-1.917091,-1.474860,0.460179,1.077109,-0.607816
497.000000,-1.606160,-1.749564,0.317108,1.001420,-0.855555
498.000000,-1.239457,-1.904230,0.125374,0.913803,-1.192842
499.000000,-0.984446,-1.970103,-0.089654,0.819504,-1.160250
500.000000,-1.168247,-1.984380,-0.373580,0.697762,-1.265735
501.000000,-1.717434,-2.134477,-0.912732,0.474524,-2.785996
502.000000,-2.130852,-2.172898,-1.488693,0.208884,-2.598661
503.000000,-2.301308,-2.075573,-1.997902,-0.080963,-2.150880
504.000000,-2.280640,-1.945962,-2.308216,-0.358625,-1.488530
505.000000,-2.245424,-2.005567,-2.513412,-0.666476,-1.492357
506.000000,-2.056942,-2.091833,-2.619713,-1.078051,-1.860488
507.000000,-1.823037,-2.090570,-2.560020,-1.517553,-1.504136
508.000000,-1.501285,-1.958392,-2.366738,-1.831053,-0.665189
509.000000,-1.343291,-1.863545,-2.210968,-2.072016,-0.750865
510.000000,-1.087566,-1.720214,-2.040102,-2.165834,-0.241014
511.000000,-0.669521,-1.425463,-1.846515,-2.153544,0.148808
512.000000,-0.365508,-1.175076,-1.678688,-2.112649,-0.113326
513.000000,-0.029614,-0.853930,-1.436322,-1.976730,0.921525
514.000000,0.407028,-0.571438,-1.225277,-1.842510,1.206059
515.000000,0.808489,-0.243357,-1.098363,-1.728025,1.510719
516.000000,1.190017,0.200238,-0.960934,-1.598616,1.743640
517.000000,1.716210,0.692540,-0.791620,-1.427048,2.035791
518.000000,2.036897,1.149514,-0.571921,-1.210181,2.260828
519.000000,2.183934,1.600514,-0.353970,-1.013350,1.975552
520.000000,2.210129,1.933799,-0.110573,-0.819855,1.857324
521.000000,2.136651,2.122223,0.265193,-0.602449,1.651226
522.000000,1.999201,2.259254,0.687316,-0.339430,1.556702
523.000000,1.705462,2.146889,1.037194,-0.082035,0.977100
524.000000,1.520733,2.036502,1.348290,0.192053,1.136996
525.000000,1.370645,1.922667,1.652434,0.383523,1.156505
526.000000,1.182297,1.764539,1.914479,0.554253,0.777419
527.000000,1.001819,1.595494,2.079441,0.753449,0.714969
528.000000,0.924450,1.406465,2.105977,0.985407,0.623652
529.000000,0.727831,1.203548,2.071010,1.166115,0.197716
530.000000,0.544979,1.028002,1.995402,1.377889,0.279271
531.000000,0.446030,0.878747,1.893864,1.725994,0.307054
532.000000,0.381243,0.750788,1.826948,2.024419,0.423034
533.000000,0.383891,0.713513,1.725327,2.224172,0.690084
534.000000,0.463426,0.646675,1.618419,2.269291,0.589666
535.000000,0.483460,0.551364,1.500063,2.253419,0.331330
536.000000,0.552663,0.524742,1.405992,2.276462,0.629021
537.000000,0.573449,0.491930,1.299826,2.241156,0.484458
538.000000,0.480081,0.448737,1.171592,2.131962,0.194253
539.000000,0.463508,0.491152,1.077035,2.066831,0.562024
540.000000,0.533471,0.535159,0.990577,1.984479,0.615707
541.000000,0.521902,0.583074,0.914911,1.897561,0.607339
542.000000,0.712877,0.679167,0.866086,1.865208,1.556939
543.000000,1.115231,0.769837,0.871039,1.795559,1.809457
544.000000,1.555764,0.958052,0.876273,1.739463,2.172151
545.000000,1.889875,1.243259,0.872082,1.677751,1.726529
546.000000,2.107549,1.499348,0.907241,1.616262,1.494836
547.000000,1.849672,1.685019,0.927519,1.528511,0.665442
548.000000,1.482386,1.831410,0.951887,1.420031,0.345773
549.000000,0.849228,1.663122,1.003173,1.304127,-0.584675
550.000000,0.364724,1.469487,1.071294,1.197859,-0.397380
551.000000,0.000328,1.324314,1.165544,1.109481,-0.049944
552.000000,-0.331587,0.971233,1.198006,1.002539,-0.724516
553.000000,-0.670173,0.548047,1.146954,0.926428,-1.070521
554.000000,-0.631333,0.161750,1.156804,0.849714,-0.429242
555.000000,-0.499934,-0.079742,1.277718,0.784599,0.157536
556.000000,-0.826426,-0.547833,1.104394,0.700947,-1.420256
557.000000,-0.854174,-0.789320,0.977321,0.638234,-0.843664
558.000000,-0.908623,-1.038472,0.803216,0.562634,-1.280981
559.000000,-1.153404,-1.161303,0.454737,0.523897,-1.510638
560.000000,-1.510797,-1.298581,0.046556,0.473532,-1.488217
561.000000,-1.663148,-1.569265,-0.553769,0.370292,-2.088156
562.000000,-1.954607,-1.757343,-1.362777,0.203378,-2.160898
563.000000,-2.001413,-1.807023,-2.000154,-0.030192,-1.672733
564.000000,-1.878735,-1.848651,-2.416080,-0.274699,-1.178126
565.000000,-1.710881,-1.901201,-2.562461,-0.511886,-0.867499
566.000000,-1.435524,-1.767853,-2.591647,-0.872530,-0.803803
567.000000,-1.101287,-1.678919,-2.474270,-1.208814,-0.579855
568.000000,-0.782958,-1.506994,-2.303751,-1.429252,-0.190505
569.000000,-0.505433,-1.294411,-2.058750,-1.602858,0.109754
570.000000,-0.261416,-1.083865,-1.864796,-1.673001,0.265597
571.000000,-0.009820,-0.807411,-1.723598,-1.662779,0.356319
572.000000,0.154841,-0.538439,-1.571242,-1.746740,0.174832
573.000000,0.303767,-0.280928,-1.382131,-1.788076,0.506368
574.000000,0.407373,-0.070882,-1.257265,-1.871016,0.617831
575.000000,0.381472,0.048784,-1.232130,-1.978556,0.089493
576.000000,0.060852,0.025139,-1.196954,-2.203518,-1.417552
577.000000,-0.515605,-0.150476,-1.287706,-2.400368,-2.492792
578.000000,-1.371856,-0.444596,-1.364860,-2.524975,-2.611344
579.000000,-2.149541,-0.792471,-1.409737,-2.496417,-2.180861
580.000000,-2.635565,-1.237885,-1.477369,-2.483016,-2.218800
581.000000,-2.891105,-1.912820,-1.597545,-2.563273,-2.935448
582.000000,-2.858167,-2.496156,-1.710565,-2.563002,-2.702131
583.000000,-2.750661,-2.902553,-1.843347,-2.525430,-2.444383
584.000000,-2.709335,-3.092537,-2.011847,-2.520593,-2.365615
585.000000,-2.672137,-3.107248,-2.204691,-2.537178,-2.364619
586.000000,-2.372330,-2.877872,-2.275409,-2.414769,-1.622238
587.000000,-2.024473,-2.575101,-2.278447,-2.293265,-1.053453
588.000000,-1.749669,-2.337423,-2.305588,-2.182829,-1.071668
589.000000,-1.572078,-2.215510,-2.376216,-2.120065,-1.438940
590.000000,-1.404916,-2.117366,-2.434610,-2.078814,-1.510446
591.000000,-1.311437,-1.933645,-2.431389,-1.999609,-1.179556
592.000000,-1.282212,-1.747422,-2.375781,-1.909635,-0.952177
593.000000,-1.303580,-1.618212,-2.350066,-1.864529,-1.198809
594.000000,-1.227812,-1.481982,-2.304188,-1.832965,-1.077194
595.000000,-1.059612,-1.301245,-2.208318,-1.790766,-0.699958
596.000000,-0.919332,-1.175612,-2.071822,-1.743135,-0.500325
597.000000,-0.792454,-1.092429,-1.917685,-1.698925,-0.324350
598.000000,-0.597027,-1.002969,-1.775750,-1.670367,-0.237664
599.000000,-0.366539,-0.850207,-1.646301,-1.641527,0.048759
600.000000,-0.203874,-0.685870,-1.527896,-1.623105,0.094695
601.000000,-0.067528,-0.551310,-1.384740,-1.612256,0.159928
602.000000,-0.028055,-0.472627,-1.269375,-1.617606,-0.191121
603.000000,-0.000280,-0.356883,-1.162590,-1.634600,-0.172873
604.000000,-0.047353,-0.248330,-1.056546,-1.656363,-0.207396
605.000000,-0.014813,-0.138094,-0.919960,-1.648817,0.436304
606.000000,0.077853,-0.014780,-0.812917,-1.602435,0.921305
607.000000,0.296584,0.090586,-0.747385,-1.540520,0.769731
608.000000,0.426677,0.151826,-0.700283,-1.492934,0.053221
609.000000,0.524007,0.148960,-0.627704,-1.464294,-0.216278
610.000000,0.356422,0.121792,-0.543327,-1.437680,-0.373986
611.000000,-0.126485,0.011900,-0.495329,-1.384450,-0.851601
612.000000,-0.716204,-0.106556,-0.483745,-1.337249,-1.322118
613.000000,-0.879416,-0.161842,-0.405980,-1.270357,-0.577367
614.000000,-1.200510,-0.381277,-0.370939,-1.216078,-1.528592
615.000000,-1.579190,-0.821442,-0.406087,-1.151919,-1.934945
616.000000,-1.724622,-1.248129,-0.464217,-1.121240,-1.497285
617.000000,-1.751851,-1.605506,-0.592304,-1.137387,-1.586572
618.000000,-1.706185,-1.646254,-0.711529,-1.123410,-0.659079
619.000000,-1.364602,-1.582252,-0.905890,-1.057276,-0.213394
620.000000,-1.089270,-1.596062,-1.235398,-0.991736,-0.753047
621.000000,-0.647893,-1.387973,-1.478611,-0.907808,0.433301
622.000000,-0.103312,-1.082570,-1.527369,-0.828900,0.757325
623.000000,0.129145,-0.953837,-1.524633,-0.723806,0.333623
624.000000,0.265004,-0.691564,-1.388904,-0.614060,0.360612
625.000000,0.549374,-0.357001,-1.370960,-0.538468,0.455786
626.000000,0.335043,-0.210628,-1.599477,-0.539460,-0.486385
627.000000,0.185674,0.049641,-1.654865,-0.535164,0.136775
628.000000,0.263815,0.249181,-1.495233,-0.507891,0.685006
629.000000,0.372982,0.399744,-1.291523,-0.530189,0.855059
630.000000,0.493950,0.643798,-1.065064,-0.558821,1.002343
631.000000,0.886770,0.731409,-0.750709,-0.597869,1.173447
632.000000,0.891606,0.628812,-0.526267,-0.679236,0.068650
633.000000,0.861913,0.654496,-0.355644,-0.699184,0.532037
634.000000,0.895683,0.745964,0.038799,-0.533048,1.005613
635.000000,0.998184,0.889609,0.563100,-0.395652,1.428316
636.000000,1.250563,1.291361,1.147031,-0.074810,2.152619
637.000000,2.022248,1.781249,1.904213,1.150360,3.051644
638.000000,2.564079,2.162549,2.399847,2.933204,2.900635
639.000000,2.791216,2.395158,2.657278,3.722570,2.573857
640.000000,2.818168,2.503887,2.825568,3.775252,2.349954
641.000000,2.611073,2.449020,2.719282,3.570240,1.737247
642.000000,2.279480,2.433046,2.565041,3.376531,1.490257
643.000000,1.957455,2.351708,2.447562,3.115436,1.292050
644.000000,1.639041,2.216041,2.311408,2.946941,0.979412
645.000000,1.291706,2.048621,2.158304,2.786882,0.626384
646.000000,0.945407,1.813750,2.028045,2.573850,-0.003190
647.000000,0.699387,1.571539,1.916684,2.457019,0.282687
648.000000,0.563939,1.374906,1.832216,2.350962,0.708333
649.000000,0.585791,1.236830,1.788313,2.273651,1.153484
650.000000,0.684083,1.098416,1.745134,2.225081,1.091620
651.000000,0.907780,1.008415,1.697813,2.119306,0.948815
652.000000,1.022154,0.924024,1.687126,2.008002,0.771109
653.000000,1.030587,0.857177,1.661169,1.929081,0.732299
654.000000,0.882132,0.801539,1.609188,1.845661,0.465471
655.000000,0.804132,0.823407,1.566600,1.785413,0.732056
656.000000,0.487183,0.790224,1.442696,1.706849,-0.590215
657.000000,-0.071619,0.573779,1.219198,1.565692,-1.815994
658.000000,-0.543470,0.347370,1.015787,1.451144,-1.264557
659.000000,-0.979204,0.031598,0.808906,1.346795,-1.271524
660.000000,-1.532146,-0.335935,0.575258,1.239907,-1.484785
661.000000,-1.889625,-0.825803,0.312075,1.101139,-2.114415
662.000000,-1.913273,-1.302721,0.044694,1.012685,-1.938209
663.000000,-2.338298,-1.997097,-0.377561,0.825305,-2.976834
664.000000,-2.623504,-2.530270,-0.846061,0.605505,-2.698765
665.000000,-3.005423,-3.077400,-1.519339,0.209549,-3.368280
666.000000,-2.941181,-3.080845,-2.006379,-0.207089,-2.462811
667.000000,-2.780313,-2.863894,-2.331755,-0.704843,-1.937303
668.000000,-2.465597,-2.681580,-2.504880,-1.240672,-1.610032
669.000000,-2.188835,-2.504429,-2.561800,-1.740690,-1.343513
670.000000,-1.839552,-2.382125,-2.569060,-2.196153,-1.531240
671.000000,-1.672443,-2.264360,-2.544124,-2.480758,-1.617676
672.000000,-1.550469,-2.154128,-2.467453,-2.575626,-1.351751
673.000000,-1.422018,-1.962880,-2.361629,-2.540968,-0.998855
674.000000,-1.416495,-1.841849,-2.291626,-2.495873,-1.320932
675.000000,-1.340707,-1.633778,-2.226796,-2.404834,-1.164323
676.000000,-1.226817,-1.491411,-2.127017,-2.288604,-1.070565
677.000000,-1.150851,-1.390788,-2.008886,-2.196662,-0.989253
678.000000,-1.119168,-1.309588,-1.919001,-2.122673,-0.851292
679.000000,-1.030494,-1.261728,-1.848263,-2.075735,-0.891811
680.000000,-0.967597,-1.192802,-1.783129,-2.029975,-0.863307
681.000000,-0.875446,-1.089329,-1.697905,-1.972002,-0.608801
682.000000,-0.830547,-1.029340,-1.640020,-1.927383,-0.771788
683.000000,-0.810133,-1.004789,-1.553737,-1.887512,-0.741169
684.000000,-0.731128,-0.920978,-1.465968,-1.837725,-0.474951
685.000000,-0.728207,-0.886859,-1.352719,-1.817881,-0.897631
686.000000,-0.776085,-0.856401,-1.271566,-1.774050,-0.811217
687.000000,-0.823450,-0.851206,-1.222214,-1.721126,-1.011244
688.000000,-0.863499,-0.856761,-1.185523,-1.684235,-0.889347
689.000000,-1.193900,-0.942285,-1.200317,-1.680477,-1.987154
690.000000,-1.259431,-0.968745,-1.170296,-1.652835,-1.019718
691.000000,-1.167736,-0.967177,-1.101414,-1.596242,0.154040
692.000000,-1.057223,-0.957495,-1.053664,-1.555758,0.132453
693.000000,-0.773951,-0.895578,-1.011733,-1.478828,1.129985
694.000000,0.678525,-0.767217,-0.908799,-1.389165,2.427492
695.000000,2.104810,-0.433830,-0.800657,-1.252017,2.445478
696.000000,2.684996,0.037431,-0.682543,-1.137384,2.329678
697.000000,2.802062,0.687202,-0.571930,-1.048479,1.717581
698.000000,2.678406,1.506084,-0.454409,-0.969003,1.703903
699.000000,2.382157,2.654542,-0.299773,-0.896970,1.741987
700.000000,2.064466,2.975355,-0.130394,-0.814126,1.329404
701.000000,1.721257,2.772260,0.019903,-0.722646,0.969730
702.000000,1.613165,2.646974,0.278552,-0.626359,1.335937
703.000000,1.551442,2.480724,0.630419,-0.539542,1.490244
704.000000,1.445271,2.218128,0.994729,-0.414026,1.310555
705.000000,1.431678,2.009908,1.480189,-0.278672,1.320440
706.000000,1.395267,1.780713,1.856117,-0.145244,0.895964
707.000000,1.439323,1.729128,2.262765,0.048040,1.561982
708.000000,1.433950,1.673326,2.462157,0.267401,1.470634
709.000000,1.349285,1.554197,2.584318,0.508790,0.956502
710.000000,1.236570,1.470682,2.494371,0.784539,0.816832
711.000000,1.152187,1.395391,2.299661,1.034561,0.531786
712.000000,0.862315,1.249745,2.129627,1.292773,0.191576
713.000000,0.489874,1.044346,1.920236,1.474315,-0.272507
714.000000,0.239187,0.872110,1.696644,1.569580,-0.202229
715.000000,0.051794,0.721585,1.512333,1.674407,-0.032651
716.000000,-0.256679,0.523298,1.284721,1.638552,-0.882386
717.000000,-0.591449,0.186539,1.075220,1.574086,-1.337146
718.000000,-0.891311,-0.193370,0.855485,1.469513,-1.609858
719.000000,-1.289353,-0.554376,0.624784,1.463676,-2.004710
720.000000,-1.882429,-1.004782,0.365695,1.328991,-2.591506
721.000000,-2.309867,-1.489928,0.077473,1.093993,-2.696823
722.000000,-2.589707,-1.951466,-0.302862,0.849281,-2.690057
723.000000,-2.664139,-2.264064,-0.737027,0.546396,-2.378635
724.000000,-2.476652,-2.388879,-1.104787,0.206658,-1.649472
725.000000,-2.241932,-2.449126,-1.475527,-0.198997,-1.616130
726.000000,-1.992000,-2.364122,-1.758110,-0.649763,-1.492559
727.000000,-1.699748,-2.210209,-2.010977,-1.047023,-1.205267
728.000000,-1.431315,-2.042465,-2.166001,-1.428741,-1.030691
729.000000,-1.335570,-1.911850,-2.232081,-1.819869,-1.172864
730.000000,-1.220882,-1.754321,-2.234855,-2.085803,-1.049268
731.000000,-1.124584,-1.594039,-2.197841,-2.233987,-1.020018
732.000000,-1.043815,-1.413102,-2.115941,-2.314218,-0.812582
733.000000,-0.953144,-1.233242,-1.998874,-2.328740,-0.581402
734.000000,-0.800562,-1.108014,-1.892270,-2.280946,-0.410750
735.000000,-0.719416,-1.010872,-1.827225,-2.249102,-0.653729
736.000000,-0.677166,-0.942673,-1.745567,-2.198692,-0.834598
737.000000,-0.655177,-0.892333,-1.652877,-2.177850,-0.721158
738.000000,-0.766417,-0.900273,-1.587923,-2.174888,-1.170327
739.000000,-0.955781,-0.906271,-1.539215,-2.145575,-1.349509
740.000000,-1.080908,-0.916296,-1.472636,-2.103231,-1.249867
741.000000,-1.176530,-0.930066,-1.398901,-2.050789,-1.248762
742.000000,-1.403205,-1.015794,-1.341358,-2.010920,-1.757870
743.000000,-1.458666,-1.107572,-1.277883,-1.944675,-1.362432
744.000000,-1.370752,-1.185698,-1.232996,-1.873892,-0.788446
745.000000,-1.173069,-1.182592,-1.162969,-1.802575,0.063665
746.000000,-0.938457,-1.157239,-1.097539,-1.714627,0.209605
747.000000,-0.490770,-1.150216,-1.050954,-1.628091,0.300642
748.000000,0.030572,-1.036115,-1.006940,-1.540438,0.745412
749.000000,0.553405,-0.841448,-0.942322,-1.459653,1.089150
750.000000,1.007006,-0.540977,-0.863889,-1.358383,1.690726
751.000000,1.365381,-0.143805,-0.783420,-1.251426,1.484963
752.000000,1.642048,0.553696,-0.707665,-1.132782,1.528283
753.000000,1.026129,0.740355,-0.778167,-1.082056,-1.539022
754.000000,0.322289,0.692985,-0.893223,-1.069429,-1.636293
755.000000,-0.386688,0.469733,-0.965180,-1.041260,-1.062952
756.000000,-1.305398,-0.031232,-1.089149,-1.042993,-1.917394
757.000000,-1.958549,-0.433095,-1.214813,-1.048834,-1.363358
758.000000,-2.020133,-1.074597,-1.348982,-1.091274,-1.949189
759.000000,-2.356216,-2.023207,-1.618862,-1.179840,-2.941454
760.000000,-2.612777,-2.707653,-1.895671,-1.278072,-2.511725
761.000000,-2.590015,-3.002211,-2.125670,-1.378570,-2.196863
762.000000,-2.597589,-3.085123,-2.223045,-1.497338,-1.984277
763.000000,-2.525940,-2.888322,-2.362325,-1.649672,-2.011265
764.000000,-2.302140,-2.739762,-2.522717,-1.822060,-1.968726
765.000000,-2.206069,-2.694125,-2.701408,-1.985574,-2.114879
766.000000,-2.203571,-2.622273,-2.810951,-2.139709,-2.233709
767.000000,-2.296342,-2.636534,-2.886783,-2.306159,-2.459638
768.000000,-2.290603,-2.561462,-2.872138,-2.371220,-2.118801
769.000000,-2.124528,-2.332290,-2.749633,-2.325681,-1.371948
770.000000,-1.884995,-2.123881,-2.626880,-2.247532,-1.024371
771.000000,-1.637220,-1.962497,-2.517211,-2.168819,-0.985918
772.000000,-1.347838,-1.834810,-2.427570,-2.070485,-0.986910
773.000000,-1.093539,-1.704365,-2.266447,-1.990611,-0.873655
774.000000,-0.868922,-1.524252,-2.090035,-1.896622,-0.291826
775.000000,-0.723185,-1.347795,-1.966576,-1.843010,-0.315667
776.000000,-0.671333,-1.209123,-1.872964,-1.827287,-0.739903
777.000000,-0.550343,-1.003592,-1.785683,-1.790269,-0.404998
778.000000,-0.414044,-0.804006,-1.683499,-1.754626,-0.219698
779.000000,-0.401216,-0.680619,-1.556122,-1.728688,-0.201117
780.000000,-0.408298,-0.606990,-1.457511,-1.726819,-0.330561
781.000000,-0.373905,-0.564220,-1.392198,-1.740601,-0.665988
782.000000,-0.470856,-0.541309,-1.350786,-1.769494,-0.989816
783.000000,-0.840690,-0.623046,-1.354662,-1.782847,-2.049025
784.000000,-1.211458,-0.771598,-1.344301,-1.782329,-1.736295
785.000000,-1.489702,-0.894751,-1.303411,-1.779353,-1.319568
786.000000,-1.614131,-0.939435,-1.235687,-1.750082,-0.981599
787.000000,-1.692697,-1.069450,-1.149902,-1.742271,-1.185293
788.000000,-1.485170,-1.244926,-1.071605,-1.719000,-1.047464
789.000000,-1.166258,-1.372390,-1.016748,-1.646061,-0.265938
790.000000,-1.058142,-1.544543,-1.012817,-1.599175,-0.853035
791.000000,-1.054098,-1.667744,-1.018766,-1.563549,-0.934427
792.000000,-1.025313,-1.740747,-1.037477,-1.538343,-1.065298
793.000000,-1.085109,-1.649936,-1.087602,-1.516114,-1.269198
794.000000,-1.284679,-1.570929,-1.206817,-1.487222,-1.049647
795.000000,-0.904011,-1.293932,-1.245538,-1.397887,0.703092
796.000000,-0.221845,-0.874152,-1.167897,-1.263584,1.686709
797.000000,0.467833,-0.395879,-1.123343,-1.103092,1.551007
798.000000,1.273685,0.130554,-1.053992,-0.933703,1.840162
799.000000,1.899150,0.502757,-0.971944,-0.807761,1.657216
800.000000,1.958687,0.891782,-0.879020,-0.713807,1.257707
801.000000,1.892394,1.342861,-0.633107,-0.595151,1.616919
802.000000,1.767325,1.677140,-0.332605,-0.482771,1.207627
803.000000,1.660668,2.013083,0.293142,-0.350535,1.444630
804.000000,1.577309,2.214172,0.954417,-0.262944,1.362640
805.000000,1.466334,2.095349,1.457703,-0.192927,0.860504
806.000000,1.348797,1.932035,1.898686,-0.036069,1.131229
807.000000,1.328505,1.818439,2.248475,0.115021,1.159517
808.000000,1.331047,1.738108,2.492101,0.311239,1.464439
809.000000,1.407946,1.719980,2.585240,0.591987,1.696525
810.000000,1.509800,1.703395,2.621912,0.922184,1.392042
811.000000,1.563403,1.657517,2.621637,1.361183,1.449372
812.000000,1.598153,1.652156,2.592887,1.814396,1.423198
813.000000,1.548679,1.602952,2.545438,2.268287,1.342305
814.000000,1.479356,1.575246,2.487873,2.507510,1.435839
815.000000,1.508499,1.616702,2.360129,2.575566,1.580088
816.000000,1.520470,1.623898,2.207465,2.545521,1.527580
817.000000,1.520226,1.619042,2.083838,2.495356,1.422648
818.000000,1.485121,1.565270,1.949065,2.413349,1.168646
819.000000,1.296607,1.429247,1.798319,2.259923,0.483743
820.000000,1.120502,1.356575,1.703340,2.180731,0.690608
821.000000,0.872894,1.247084,1.581033,2.098044,0.280482
822.000000,0.627516,1.142588,1.492472,2.038212,0.227937
823.000000,0.497796,1.085445,1.422392,2.020141,0.669749
824.000000,0.587311,1.040592,1.378919,2.012086,1.079567
825.000000,0.727480,1.006905,1.385930,1.961987,1.640027
826.000000,1.077963,0.988969,1.386860,1.888623,1.800036
827.000000,1.503870,0.986547,1.391110,1.826658,1.787092
828.000000,1.849087,1.056953,1.394457,1.767576,2.047833
829.000000,2.066634,1.276222,1.393346,1.724056,2.105339
830.000000,2.106944,1.467648,1.411123,1.696244,1.918721
831.000000,1.948279,1.645961,1.397343,1.635999,1.163924
832.000000,1.792514,1.804942,1.384359,1.594800,1.079825
833.000000,1.461629,1.789827,1.349080,1.530348,0.423718
834.000000,1.242215,1.785537,1.332561,1.495047,1.056897
835.000000,1.102170,1.752533,1.314973,1.493236,1.312608
836.000000,0.954959,1.615117,1.263575,1.461123,0.418595
837.000000,0.713800,1.434074,1.197856,1.421637,-0.151933
838.000000,0.691100,1.251144,1.168569,1.382728,0.184525
839.000000,0.212257,0.905961,1.152192,1.307974,-1.092216
840.000000,-0.360659,0.561694,1.120632,1.255813,-0.971908
841.000000,-0.662683,0.323195,1.141521,1.207698,-0.733174
842.000000,-0.839933,0.050191,1.157894,1.158000,-0.836317
843.000000,-0.840204,0.008614,1.186669,1.139468,0.238169
844.000000,-0.387200,-0.085065,1.212234,1.127484,0.764884
845.000000,0.004760,-0.255219,1.179974,1.096188,0.590577
846.000000,0.342235,-0.243811,1.125786,1.063278,0.602198
847.000000,0.555432,-0.217458,1.019264,1.012802,0.020521
848.000000,0.730529,-0.086009,0.940945,1.012494,0.941768
849.000000,0.745645,0.260051,0.833669,1.075184,0.862403
850.000000,0.704533,0.515429,0.695187,1.109481,0.447382
851.000000,0.566230,0.657280,0.601411,1.171647,-0.002930
852.000000,0.527874,0.784587,0.485837,1.235938,-0.311791
853.000000,0.093510,0.631570,0.399927,1.241408,-0.923003
854.000000,-0.353390,0.389486,0.191882,1.223735,-0.771632
855.000000,-0.252577,0.457815,0.092496,1.248145,1.040179
856.000000,0.238665,0.670133,0.299332,1.298978,1.729319
857.000000,1.087780,1.227836,0.936312,1.405645,2.417630
858.000000,1.988042,1.581478,1.694477,1.490555,2.323915
859.000000,2.479899,1.757955,2.658718,1.509908,1.756421
860.000000,2.758215,2.192425,3.378806,1.630392,2.672738
861.000000,2.827443,2.577482,3.554467,1.857378,2.593602
862.000000,2.737632,2.832066,3.503435,2.076365,2.466726
863.000000,2.755441,3.064191,3.362292,2.400823,2.760429
864.000000,2.777024,3.098944,3.165207,2.548587,2.461820
865.000000,2.524990,2.886452,2.941091,2.512796,1.790746
866.000000,2.190071,2.605057,2.699679,2.445589,1.139838
867.000000,1.846392,2.310510,2.518988,2.369424,0.785256
868.000000,1.402630,2.050152,2.302391,2.247885,0.495386
869.000000,1.038153,1.896923,2.158607,2.232981,0.668950
870.000000,0.721217,1.662819,2.026845,2.170507,0.270453
871.000000,0.554829,1.457030,1.944532,2.113689,0.355378
872.000000,0.477359,1.271105,1.889770,2.076252,0.429023
873.000000,0.435589,1.022503,1.849288,1.988769,0.285115
874.000000,0.330494,0.770853,1.801160,1.888451,0.191813
875.000000,0.433181,0.642437,1.743692,1.848882,0.751733
876.000000,0.227729,0.443610,1.586504,1.730267,-0.630911
877.000000,0.001663,0.284422,1.424389,1.655515,-0.632414
878.000000,-0.051096,0.232565,1.319044,1.598466,0.060279
879.000000,0.006405,0.200768,1.269843,1.574095,0.480360
880.000000,-0.033545,0.243353,1.190589,1.576401,0.639329
881.000000,0.374201,0.338273,1.137221,1.620967,1.166542
882.000000,0.685118,0.368829,1.051460,1.641181,0.676523
883.000000,0.750060,0.369692,0.900408,1.654931,0.217012
884.000000,0.741197,0.395634,0.752444,1.670607,0.293509
885.000000,0.865325,0.425381,0.689794,1.673603,1.141134
886.000000,0.969714,0.770150,0.716580,1.680136,1.648235
887.000000,1.377011,1.229972,0.825034,1.684922,2.086856
888.000000,1.799236,1.557411,0.969306,1.678414,1.689061
889.000000,2.124345,1.843359,1.129301,1.702493,1.719427
890.000000,2.124936,2.039665,1.350466,1.678965,1.448168
891.000000,1.958273,2.044926,1.563296,1.638347,1.206308
892.000000,1.655875,2.044425,1.742254,1.580907,0.947882
893.000000,1.500523,2.082039,1.938449,1.490026,1.143793
894.000000,1.372667,2.077273,2.106429,1.400179,1.217538
895.000000,1.384445,2.023261,2.180838,1.371935,1.532059
896.000000,1.440228,1.928916,2.394923,1.395409,1.502649
897.000000,1.499158,1.777019,2.501893,1.438653,1.330785
898.000000,1.532081,1.696821,2.496576,1.515122,1.439370
899.000000,1.564907,1.627602,2.434619,1.574609,1.469160
900.000000,1.591151,1.617228,2.380179,1.676018,1.684754
901.000000,1.606797,1.620800,2.275065,1.755522,1.600323
902.000000,1.568489,1.600550,2.185152,1.790003,1.190063
903.000000,1.481640,1.553583,2.121380,1.818952,1.043270
904.000000,1.384340,1.510058,2.052218,1.847284,0.995241
905.000000,1.345653,1.501595,1.986641,1.864770,1.495729
906.000000,1.247941,1.460163,1.881233,1.943069,1.158807
907.000000,1.187622,1.413285,1.749707,1.990804,0.890871
908.000000,1.050084,1.304476,1.620029,1.963914,0.231226
909.000000,0.920757,1.196954,1.502460,1.918332,0.235313
910.000000,0.697315,1.084993,1.423206,1.880043,0.547758
911.000000,0.516271,0.963769,1.358884,1.809670,0.428405
912.000000,0.300093,0.849898,1.296890,1.752496,-0.087618
913.000000,0.205732,0.737653,1.231113,1.714975,-0.325492
914.000000,0.175997,0.656820,1.189150,1.686634,0.073133
915.000000,0.063809,0.478076,1.138083,1.630184,0.152431
916.000000,-0.216729,0.262226,1.065092,1.539472,-0.798599
917.000000,-0.365389,0.068359,1.001988,1.434383,-0.698189
918.000000,-0.298375,0.029588,0.944635,1.361714,-0.028163
919.000000,-0.616389,-0.132624,0.843029,1.263876,-1.183540
920.000000,-1.013865,-0.416786,0.698035,1.174787,-1.434653
921.000000,-1.021617,-0.650843,0.561514,1.113727,-0.821595
922.000000,-0.871739,-0.699691,0.480791,1.087237,-0.018318
923.000000,-0.692367,-0.579448,0.439182,1.076021,0.840704
924.000000,0.015611,-0.384204,0.438075,1.089780,1.695563
925.000000,0.988916,-0.099485,0.382026,1.102289,2.013289
926.000000,2.097844,0.616219,0.474808,1.155708,2.904541
927.000000,2.580494,1.245263,0.615964,1.210853,2.202831
928.000000,2.680321,1.713446,0.921025,1.259384,1.975811
929.000000,2.065751,1.789459,0.982620,1.209689,-0.385625
930.000000,1.640586,1.981103,1.074551,1.155778,0.194886
931.000000,0.669968,1.752552,0.931028,1.023870,-1.224514
932.000000,0.014283,1.580938,1.048983,0.958994,-0.485789
933.000000,-0.570954,1.362037,1.273005,0.913710,-0.286794
934.000000,-0.565344,1.044014,1.288961,0.859985,-0.361149
935.000000,-0.778937,0.635847,1.070363,0.679515,-0.647474
936.000000,-0.706296,-0.028617,0.936495,0.478647,-0.960575
937.000000,-0.590126,-0.438600,1.108367,0.378333,-0.032609
938.000000,-0.435167,-0.766419,1.220914,0.419611,0.317658
939.000000,-0.375519,-0.716970,1.455129,0.407313,-0.137684
940.000000,-0.553495,-1.006753,1.320130,0.147431,-1.319476
941.000000,-0.499164,-0.902195,1.233155,-0.050874,-0.733454
942.000000,-0.510596,-0.814432,1.180347,-0.052311,-0.078734
943.000000,-1.129525,-1.148466,0.245325,-0.430578,-2.007296
944.000000,-1.426601,-1.320375,-0.654327,-0.780809,-1.346490
945.000000,-1.227883,-1.284341,-1.326539,-0.957455,-0.572223
946.000000,-1.158377,-1.188710,-2.137525,-0.966839,-0.491604
947.000000,-1.200367,-1.222771,-2.535219,-0.955082,-0.331874
948.000000,-0.805481,-1.321783,-2.748286,-1.064693,-0.428524
949.000000,-0.729255,-1.448381,-2.576190,-1.151468,-1.046334
950.000000,-0.815008,-1.367748,-2.505630,-1.165247,-0.912653
951.000000,-0.980015,-1.421753,-2.294317,-1.337871,-1.145637
952.000000,-1.217126,-1.585588,-2.252815,-1.645852,-1.301880
953.000000,-1.559062,-1.548458,-2.317498,-2.126456,-1.862127
954.000000,-1.610012,-1.525679,-2.277149,-2.438576,-1.410127
955.000000,-1.790195,-1.674999,-2.262420,-2.720135,-1.840434
956.000000,-1.779540,-1.710149,-2.133156,-2.867990,-1.249464
957.000000,-1.754904,-1.751929,-2.091939,-2.878082,-1.213380
958.000000,-1.712803,-1.825067,-2.111214,-2.886313,-1.694865
959.000000,-1.726141,-1.803011,-2.070273,-2.673868,-1.391416
960.000000,-1.541549,-1.785200,-1.929314,-2.526004,-1.009902
961.000000,-1.520614,-1.770261,-1.862854,-2.322204,-1.197132
962.000000,-1.541417,-1.767013,-1.863177,-2.220924,-1.384246
963.000000,-1.467354,-1.695544,-1.741634,-2.152017,-1.410077
964.000000,-1.389145,-1.653002,-1.660959,-2.071883,-1.083078
965.000000,-1.413952,-1.547124,-1.647290,-1.989284,-1.161386
966.000000,-1.391160,-1.518480,-1.641081,-1.899091,-1.115189
967.000000,-1.640925,-1.660849,-1.731093,-1.937117,-2.416071
968.000000,-1.773746,-1.692958,-1.784206,-1.963124,-1.990371
969.000000,-2.032181,-1.796066,-1.822558,-1.980728,-2.261054
970.000000,-1.972313,-1.775972,-1.801767,-1.885906,-1.022636
971.000000,-2.025075,-1.795576,-1.802699,-1.849927,-1.451127
972.000000,-1.803276,-1.792486,-1.798700,-1.845231,-1.413557
973.000000,-1.741571,-1.820661,-1.775918,-1.778966,-1.763288
974.000000,-2.180836,-2.178651,-1.949422,-1.870643,-3.604062
975.000000,-2.693121,-2.446015,-2.072098,-1.981348,-3.141536
976.000000,-2.820176,-2.559429,-2.158879,-2.044596,-2.440894
977.000000,-3.011360,-2.631493,-2.290682,-2.150972,-2.893289
978.000000,-3.016056,-2.657721,-2.346159,-2.216589,-2.508813
979.000000,-2.748045,-2.627659,-2.384199,-2.244851,-2.319175
980.000000,-2.554819,-2.657438,-2.415926,-2.272748,-2.234771
981.000000,-2.415691,-2.602825,-2.400123,-2.266277,-1.898621
982.000000,-2.166904,-2.525427,-2.355750,-2.238990,-1.667148
983.000000,-1.906156,-2.396201,-2.275377,-2.166384,-1.232655
984.000000,-1.672132,-2.172727,-2.207856,-2.108983,-1.142249
985.000000,-1.434444,-1.976864,-2.139406,-2.038785,-1.041520
986.000000,-1.221140,-1.822222,-2.067790,-1.979835,-0.839782
987.000000,-1.045175,-1.631494,-1.972897,-1.927108,-0.801654
988.000000,-0.972259,-1.480711,-1.906258,-1.877143,-0.876376
989.000000,-0.882999,-1.326171,-1.829990,-1.829380,-0.705592
990.000000,-0.786293,-1.160768,-1.784163,-1.787180,-0.565345
991.000000,-0.715959,-1.017580,-1.730995,-1.745023,-0.484641
992.000000,-0.608448,-0.873111,-1.673842,-1.695578,-0.255539
993.000000,-0.470868,-0.769909,-1.615269,-1.650726,-0.204502
994.000000,-0.413272,-0.697782,-1.513821,-1.628088,-0.449457
995.000000,-0.386501,-0.635586,-1.418949,-1.609108,-0.457220
996.000000,-0.393654,-0.603787,-1.352900,-1.598773,-0.547761
997.000000,-0.448268,-0.570592,-1.254702,-1.566642,-0.496679
998.000000,-0.560021,-0.543348,-1.175252,-1.551983,-0.704044
999.000000,-0.626076,-0.541564,-1.098757,-1.535075,-0.743995
1000.000000,-0.710449,-0.566627,-1.020905,-1.546002,-0.836279
1001.000000,-0.825687,-0.628007,-0.966528,-1.557879,-1.113443
1002.000000,-1.037280,-0.761760,-0.933146,-1.579362,-1.528713
1003.000000,-1.285031,-0.946518,-0.936934,-1.600285,-1.932158
1004.000000,-1.501525,-1.087437,-0.934886,-1.558472,-1.327588
1005.000000,-2.292573,-1.529934,-1.043383,-1.572551,-3.630667
1006.000000,-2.671153,-1.920691,-1.155367,-1.583989,-2.522842
1007.000000,-2.565537,-2.212188,-1.246651,-1.543720,-1.651068
1008.000000,-2.504472,-2.451953,-1.365769,-1.521210,-1.986592
1009.000000,-2.495867,-2.563287,-1.512707,-1.496148,-1.848084
1010.000000,-1.981273,-2.466215,-1.637456,-1.445537,-1.251534
1011.000000,-1.698347,-2.313641,-1.762649,-1.406078,-1.204389
1012.000000,-1.555549,-2.133506,-1.887355,-1.369847,-1.030696
1013.000000,-1.351849,-1.987594,-1.998808,-1.361670,-1.029017
1014.000000,-0.892557,-1.749120,-1.947012,-1.306577,0.312892
1015.000000,-0.509458,-1.303289,-1.862110,-1.248657,0.569489
1016.000000,-0.189781,-1.000335,-1.784290,-1.216775,0.311498
1017.000000,0.102338,-0.787523,-1.711648,-1.187798,0.321145
1018.000000,0.410154,-0.530205,-1.612954,-1.151163,0.354880
1019.000000,0.437187,-0.269133,-1.507223,-1.124957,0.431929
1020.000000,0.380406,-0.086867,-1.408189,-1.116847,0.310333
1021.000000,0.454631,0.136554,-1.267869,-1.100803,0.652753
1022.000000,0.593839,0.383193,-1.093521,-1.092745,0.966059
1023.000000,0.832681,0.695377,-0.885071,-1.068581,1.438783
1024.000000,1.163966,0.893952,-0.668762,-0.993710,1.853781
1025.000000,1.516421,1.064716,-0.262609,-0.910032,1.796476
1026.000000,1.704335,1.236745,0.078858,-0.824984,1.496306
1027.000000,1.698399,1.342260,0.329456,-0.772946,1.025309
1028.000000,1.600243,1.442131,0.644942,-0.685584,1.057094
1029.000000,1.428758,1.526607,0.981772,-0.569587,1.094691
1030.000000,1.318527,1.638678,1.297721,-0.382025,1.301332
1031.000000,1.254258,1.679221,1.599984,-0.112733,1.222099
1032.000000,1.222221,1.633672,1.825362,0.224149,0.926846
1033.000000,1.243327,1.574046,2.033614,0.717007,1.187709
1034.000000,1.290319,1.494788,2.075907,1.317897,1.334509
1035.000000,1.330017,1.441547,2.067276,2.342546,1.554041
1036.000000,1.363894,1.408411,2.045148,2.873180,1.461564
1037.000000,1.421981,1.407196,1.994431,2.981779,1.269409
1038.000000,1.365301,1.368920,1.911252,2.946555,0.919161
1039.000000,1.323377,1.349623,1.841656,2.864996,1.093540
1040.000000,1.167137,1.284781,1.769068,2.693614,0.752379
1041.000000,1.152899,1.295038,1.725595,2.596411,1.468882
1042.000000,1.197629,1.347926,1.676497,2.495324,1.530110
1043.000000,1.356669,1.382857,1.616285,2.408040,1.635374
1044.000000,1.407797,1.380889,1.528968,2.236426,1.244576
1045.000000,1.508080,1.332130,1.449254,2.083127,1.091633
1046.000000,1.381083,1.274176,1.387367,1.969180,0.880223
1047.000000,1.343390,1.288815,1.381774,1.894950,1.415045
1048.000000,1.158461,1.296918,1.354832,1.810759,0.738976
1049.000000,1.193510,1.340454,1.355782,1.757563,1.425226
1050.000000,1.189057,1.398862,1.333979,1.708548,1.015571
1051.000000,1.185747,1.331302,1.312626,1.647591,0.711475
1052.000000,1.077861,1.267115,1.322665,1.590437,0.887439
1053.000000,1.226636,1.225067,1.330457,1.534942,1.308582
1054.000000,1.227999,1.249302,1.337706,1.473745,1.496617
1055.000000,1.832135,1.521285,1.407320,1.471249,3.217898
1056.000000,2.328972,1.788602,1.477350,1.480533,2.705588
1057.000000,2.725681,2.023870,1.592685,1.530004,2.859587
1058.000000,2.852499,2.269753,1.725897,1.574147,2.489369
1059.000000,2.865600,2.370695,1.830052,1.615548,2.262412
1060.000000,2.663256,2.492161,1.962528,1.657970,2.334680
1061.000000,2.440425,2.512875,1.988220,1.684384,1.768134
1062.000000,2.240148,2.521816,2.017038,1.735815,1.897795
1063.000000,2.058581,2.464683,2.015136,1.763861,1.633567
1064.000000,1.944604,2.416963,2.038831,1.791933,1.721139
1065.000000,1.741055,2.222480,2.037023,1.786904,1.374351
1066.000000,1.728480,2.118325,2.067591,1.802557,1.724741
1067.000000,1.760867,2.040036,2.091221,1.843358,2.018908
1068.000000,1.829120,1.987976,2.132833,1.894790,1.967659
1069.000000,1.874262,1.955167,2.139106,1.931310,1.950591
1070.000000,2.026356,1.944938,2.174474,1.990130,2.171696
1071.000000,2.034823,1.942159,2.182734,1.994936,1.842571
1072.000000,1.956582,1.908608,2.168399,1.985801,1.678026
1073.000000,1.916739,1.912957,2.153071,1.981441,1.792245
1074.000000,1.850061,1.892115,2.124474,1.978039,1.642333
1075.000000,1.750053,1.902887,2.055453,1.979433,1.662799
1076.000000,1.697386,1.878124,1.998347,1.979962,1.588525
1077.000000,1.636721,1.809714,1.924619,1.956298,1.390126
1078.000000,1.488541,1.713910,1.845578,1.930633,1.045169
1079.000000,1.390206,1.634310,1.785556,1.899118,1.141176
1080.000000,1.216139,1.500908,1.705526,1.861718,0.771072
1081.000000,1.036205,1.392896,1.647958,1.830140,0.675851
1082.000000,0.941080,1.326853,1.604051,1.811065,0.952276
1083.000000,0.941564,1.257411,1.578389,1.793647,1.079970
1084.000000,0.947162,1.213364,1.557501,1.781587,1.246737
1085.000000,1.094907,1.183716,1.561892,1.748935,1.499538
1086.000000,1.306431,1.173439,1.558722,1.727824,1.648960
1087.000000,1.430491,1.176653,1.536309,1.696337,1.510576
1088.000000,1.511346,1.221134,1.512495,1.669606,1.449674
1089.000000,1.514710,1.237452,1.480008,1.641556,1.248984
1090.000000,1.493253,1.317763,1.439028,1.614726,1.389621
1091.000000,1.428060,1.404657,1.411585,1.601100,1.329473
1092.000000,1.423197,1.471121,1.399411,1.588489,1.493485
1093.000000,1.385520,1.498527,1.369746,1.576892,1.256043
1094.000000,1.384636,1.502560,1.346939,1.562255,1.214565
1095.000000,1.493467,1.544195,1.348832,1.575972,1.977293
1096.000000,1.671668,1.590772,1.365092,1.584754,2.205362
1097.000000,1.773447,1.634751,1.389101,1.577634,1.933766
1098.000000,1.890567,1.671137,1.434461,1.566817,1.731340
1099.000000,2.082808,1.772037,1.492812,1.565244,2.097100
1100.000000,2.116480,1.867678,1.588284,1.556523,2.177531
1101.000000,1.869007,1.845808,1.635630,1.530870,1.062991
1102.000000,1.551681,1.731047,1.627092,1.494460,0.360471
1103.000000,1.402840,1.703535,1.633793,1.467120,0.949095
1104.000000,1.179780,1.678574,1.627337,1.446449,0.964413
1105.000000,0.793085,1.510897,1.574437,1.407088,0.373668
1106.000000,0.554819,1.278468,1.489635,1.357965,-0.065442
1107.000000,0.662862,1.174157,1.459734,1.345087,0.857045
1108.000000,0.690152,1.115710,1.446039,1.358708,1.087349
1109.000000,0.799646,1.054537,1.466373,1.379538,1.479431
1110.000000,0.940690,0.916496,1.453977,1.407904,1.008884
1111.000000,1.285617,0.958973,1.470796,1.455370,1.519719
1112.000000,1.487344,1.112517,1.488777,1.494619,1.770680
1113.000000,1.604200,1.178061,1.512957,1.521070,1.554162
1114.000000,1.579489,1.217959,1.526481,1.531437,1.258172
1115.000000,1.649919,1.333492,1.489836,1.527645,1.161041
1116.000000,1.670879,1.559352,1.457626,1.527752,1.582753
1117.000000,1.557938,1.637522,1.425645,1.526201,1.271886
1118.000000,1.378766,1.628971,1.380301,1.513036,0.732917
1119.000000,1.353918,1.608065,1.325684,1.521489,1.113907
1120.000000,1.448473,1.702905,1.279039,1.535986,1.552842
1121.000000,1.189710,1.593675,1.260005,1.521399,0.377370
1122.000000,1.043172,1.466622,1.303854,1.504331,0.580976
1123.000000,1.086646,1.397099,1.319289,1.507184,0.823694
1124.000000,1.039267,1.374048,1.339669,1.513826,0.845837
1125.000000,0.876020,1.369886,1.417318,1.485945,0.927964
1126.000000,1.059650,1.310173,1.543445,1.448319,1.077222
1127.000000,0.919574,1.154324,1.537083,1.389437,-0.005863
1128.000000,0.867910,1.159987,1.541618,1.356960,0.627622
1129.000000,0.663522,1.010009,1.467416,1.281162,0.026298
1130.000000,0.548256,0.831602,1.448890,1.203067,0.470667
1131.000000,0.088993,0.673286,1.307477,1.150058,-0.772566
1132.000000,-0.077742,0.496687,1.151133,1.144093,-0.747892
1133.000000,-0.238105,0.378521,1.054794,1.127747,0.004108
1134.000000,-0.024349,0.389776,1.043195,1.142641,1.004465
1135.000000,0.009758,0.349384,1.026357,1.193075,0.765207
1136.000000,0.535358,0.329961,0.997813,1.297274,1.476911
1137.000000,1.701114,0.769100,1.131859,1.412377,3.498609
1138.000000,2.525067,1.042640,1.290385,1.494447,2.471752
1139.000000,3.000935,1.528228,1.441837,1.564194,2.579955
1140.000000,3.440178,2.187658,1.634735,1.715166,3.092204
1141.000000,3.482274,3.052192,2.000182,1.851682,3.109388
1142.000000,3.079127,3.347829,2.231967,1.925019,2.410462
1143.000000,2.855404,3.289141,2.351497,1.984070,2.094575
1144.000000,2.731041,3.153625,2.461527,2.074675,2.323417
1145.000000,2.429335,2.958520,2.459415,2.109831,1.740132
1146.000000,2.043464,2.710043,2.380408,2.069216,1.258517
1147.000000,1.832581,2.442000,2.389856,2.054966,1.391009
1148.000000,1.723087,2.303240,2.369348,2.079214,1.551716
1149.000000,1.564810,2.176881,2.378048,2.072737,1.533774
1150.000000,1.411317,1.965828,2.308802,2.000204,1.028516
1151.000000,1.381854,1.771726,2.312487,1.994941,1.146802
1152.000000,1.368281,1.662207,2.310201,1.991804,1.334410
1153.000000,1.327675,1.584924,2.272170,1.977022,1.354757
1154.000000,1.247344,1.461350,2.187259,1.945820,1.151300
1155.000000,1.195171,1.354771,2.094393,1.891001,0.784667
1156.000000,1.223237,1.353734,2.036997,1.870646,1.279847
1157.000000,1.222632,1.345418,1.941993,1.887717,1.330186
1158.000000,1.130516,1.275403,1.852580,1.858299,0.906431
1159.000000,0.852941,1.090850,1.699691,1.789363,-0.271695
1160.000000,0.243656,0.760142,1.424893,1.619086,-2.177697
1161.000000,-0.490345,0.430747,1.167660,1.515617,-1.997010
1162.000000,-1.108018,0.155051,0.994507,1.468107,-1.221074
1163.000000,-1.706902,-0.184733,0.815583,1.395773,-1.511162
1164.000000,-1.901834,-0.479667,0.641087,1.332278,-1.045360
1165.000000,-1.731892,-0.812060,0.461281,1.259357,-1.440879
1166.000000,-1.579593,-1.252017,0.301818,1.183190,-1.368453
1167.000000,-1.654689,-1.735999,0.091536,1.040931,-1.573017
1168.000000,-1.583304,-2.072320,-0.139920,0.931786,-1.278930
1169.000000,-1.526754,-2.125816,-0.374151,0.832617,-0.909884
1170.000000,-1.319247,-1.851440,-0.566268,0.712023,-0.615428
1171.000000,-1.152431,-1.614096,-0.797530,0.543858,-0.671200
1172.000000,-0.822610,-1.424541,-1.006904,0.425477,-0.129040
1173.000000,-0.692283,-1.290428,-1.291281,0.240636,-0.707119
1174.000000,-0.536070,-1.159982,-1.478939,0.038611,-0.217069
1175.000000,-0.370604,-0.951836,-1.560307,-0.115461,0.124849
1176.000000,-0.139016,-0.735833,-1.653628,-0.224995,0.344308
1177.000000,-0.238418,-0.607296,-1.809552,-0.506709,-0.561091
1178.000000,-0.065485,-0.440307,-1.819316,-0.781781,0.029206
1179.000000,-0.080660,-0.360426,-1.731216,-1.150030,-0.292039
1180.000000,-0.224789,-0.344154,-1.493820,-1.501184,-0.493607
1181.000000,-0.310887,-0.255124,-1.259151,-1.762218,0.013438
1182.000000,-0.024711,-0.158419,-1.070558,-1.889841,0.673817
1183.000000,0.098282,0.013388,-0.884900,-1.976050,0.577596
1184.000000,0.338793,0.133896,-0.743746,-1.967564,0.698017
1185.000000,0.711045,0.240869,-0.555339,-1.859820,0.940370
1186.000000,1.020011,0.345963,-0.360076,-1.817625,1.149522
1187.000000,1.176452,0.624690,-0.131125,-1.796956,1.183297
1188.000000,1.389919,0.840811,0.092885,-1.740680,1.195054
1189.000000,1.199714,0.948555,0.190830,-1.683712,-0.337256
1190.000000,0.552427,0.919866,0.169500,-1.485483,-1.515757
1191.000000,-0.527387,0.525794,0.026320,-1.431878,-2.695909
1192.000000,-1.334591,0.055829,-0.152842,-1.431481,-1.797632
1193.000000,-2.153983,-0.505457,-0.320208,-1.447466,-2.124650
1194.000000,-2.639777,-1.236900,-0.742691,-1.599288,-2.607722
1195.000000,-2.542837,-1.741206,-1.142474,-1.621736,-1.681797
1196.000000,-2.199997,-2.108753,-1.565122,-1.635088,-1.400314
1197.000000,-1.935573,-2.274428,-1.650206,-1.549551,-0.806536
1198.000000,-1.583031,-2.354640,-1.767617,-1.472001,-0.529693
1199.000000,-1.104232,-2.235973,-1.763478,-1.437269,-0.438634
1200.000000,-0.772187,-1.976432,-1.666667,-1.417142,-0.209495
1201.000000,-0.578591,-1.678959,-1.723751,-1.427457,-0.556381
1202.000000,-0.447244,-1.455097,-1.814335,-1.477875,-0.234131
1203.000000,-0.437491,-1.241953,-1.890785,-1.471192,-0.489126
1204.000000,-0.248643,-0.831578,-1.822866,-1.416401,0.396312
1205.000000,-0.026017,-0.491055,-1.738897,-1.366457,0.776020
1206.000000,0.308653,-0.168516,-1.665628,-1.345739,0.910512
1207.000000,0.563495,0.068048,-1.597712,-1.175170,0.872586
1208.000000,0.911263,0.290880,-1.512396,-1.072174,1.026652
1209.000000,0.879401,0.394181,-1.394303,-1.027477,0.271411
1210.000000,0.747179,0.455739,-1.198488,-0.947644,0.207287
1211.000000,0.607906,0.580113,-0.896631,-0.943542,0.293449
1212.000000,0.514902,0.681222,-0.660960,-1.039710,0.462418
1213.000000,0.398517,0.828600,-0.378267,-1.100471,0.527262
1214.000000,0.375408,0.799133,-0.051153,-1.260682,0.162325
1215.000000,0.437723,0.758614,0.219855,-1.416891,0.476080
1216.000000,0.458829,0.683788,0.458432,-1.626649,0.364122
1217.000000,0.561011,0.688387,0.702654,-1.691841,0.923685
1218.000000,0.800937,0.756870,1.019630,-1.606209,1.561756
1219.000000,1.176053,0.975377,1.378230,-1.198058,1.674437
1220.000000,1.463655,1.218248,1.716983,-0.523809,1.724175
1221.000000,1.688895,1.400107,2.032425,0.564008,1.617784
1222.000000,1.583100,1.393449,2.094049,1.346274,0.691272
1223.000000,1.352867,1.339143,2.116670,2.187009,0.491286
1224.000000,1.032604,1.278636,1.940122,2.781850,-0.006948
1225.000000,0.646253,1.174262,1.723084,2.846391,-0.207978
1226.000000,0.037479,1.016492,1.446669,2.647513,-1.285893
1227.000000,-0.591755,0.733099,1.147402,2.289123,-2.051073
1228.000000,-1.442695,0.275581,0.792619,1.873108,-2.564200
1229.000000,-1.825563,-0.132644,0.642283,1.676127,-1.329139
1230.000000,-2.033737,-0.627183,0.515960,1.486413,-1.155143
1231.000000,-1.994947,-1.205671,0.372033,1.370548,-1.254759
1232.000000,-1.712574,-1.600580,0.242397,1.260965,-0.868235
1233.000000,-1.366527,-1.995760,0.080730,1.177882,-1.110909
1234.000000,-1.207935,-2.117762,-0.003922,0.998620,-0.699699
1235.000000,-1.105084,-2.132654,-0.141635,0.750747,-0.781563
1236.000000,-0.799209,-1.853384,-0.192276,0.591773,0.019783
1237.000000,-0.761631,-1.612599,-0.403302,0.335931,-0.736852
1238.000000,-0.693054,-1.312316,-0.738670,0.037405,-0.814446
1239.000000,-0.851513,-1.288095,-1.213698,-0.203255,-1.371705
1240.000000,-0.890492,-1.230132,-1.670355,-0.377409,-0.946329
1241.000000,-1.132818,-1.183735,-2.055863,-0.587805,-1.062035
1242.000000,-1.329889,-1.277559,-2.269884,-0.915492,-1.610535
1243.000000,-1.299101,-1.218184,-2.267124,-1.119407,-0.747728
1244.000000,-1.083064,-1.170554,-2.144820,-1.210359,-0.430477
