0.000000,5.385165,5.385165,5.385165,5.385165,3.429241
1.000000,3.769567,3.749862,3.748086,3.747458,2.785859
2.000000,3.036119,3.012876,3.011646,3.006928,2.082734
3.000000,2.595953,2.562407,2.564565,2.556515,1.265221
4.000000,2.283154,2.253052,2.254424,2.242785,1.463412
5.000000,2.030996,2.023706,2.020515,2.008510,1.652871
6.000000,1.833383,1.843684,1.835628,1.823265,1.512429
7.000000,1.672082,1.691651,1.681134,1.668782,1.167984
8.000000,1.543247,1.568032,1.551153,1.538349,1.242545
9.000000,1.425842,1.454472,1.438886,1.425296,0.828549
10.000000,1.313755,1.342047,1.337498,1.325243,0.207302
11.000000,1.230079,1.250659,1.249936,1.238917,1.733989
12.000000,1.138665,1.160576,1.166645,1.158714,-0.102952
13.000000,1.059172,1.083936,1.091764,1.086870,0.429320
14.000000,1.002467,1.018675,1.026865,1.022489,1.768580
15.000000,0.963608,0.960530,0.969214,0.962870,2.352044
16.000000,0.909396,0.905337,0.915598,0.906841,2.028949
17.000000,0.864382,0.848228,0.860498,0.850504,0.800052
18.000000,0.827179,0.798788,0.813006,0.798859,1.707294
19.000000,0.775213,0.752111,0.764396,0.749570,1.396614
20.000000,0.742226,0.723564,0.718880,0.705645,2.957084
21.000000,0.701816,0.681977,0.672477,0.660378,1.976309
22.000000,0.672731,0.650369,0.627086,0.615852,1.542864
23.000000,0.629078,0.615492,0.583728,0.571529,1.262723
24.000000,0.578195,0.567536,0.537464,0.526604,0.577303
25.000000,0.485673,0.510638,0.488756,0.481581,0.163557
26.000000,0.402622,0.455022,0.440752,0.438433,0.192666
27.000000,0.310434,0.408540,0.394080,0.395410,-0.105930
28.000000,0.242536,0.381289,0.368638,0.377112,1.164935
29.000000,0.604636,1.455415,1.573236,1.863755,1.158625
30.000000,0.860797,1.221985,1.640722,1.775429,1.099160
31.000000,1.116777,1.104497,1.619287,1.704434,1.134221
32.000000,1.509376,1.081520,1.718687,1.671817,1.430017
33.000000,1.162871,0.892377,1.678060,1.597419,-0.177575
34.000000,0.794894,0.785667,1.559901,1.518940,-0.351736
35.000000,0.628917,0.843936,1.455415,1.471936,0.400278
36.000000,0.243025,0.779664,1.317745,1.397339,-0.413227
37.000000,-0.009225,0.892534,1.320413,1.383410,0.523272
38.000000,0.243447,0.844848,1.281460,1.381731,0.781438
39.000000,0.703449,0.881273,1.300832,1.425611,1.337026
40.000000,1.077784,0.987864,1.211752,1.515381,1.729437
41.000000,1.892145,1.227402,1.255739,1.577525,2.403410
42.000000,2.463587,1.488901,1.370680,1.733757,2.623721
43.000000,2.801991,1.980452,1.504190,1.846226,2.291524
44.000000,2.720793,2.309351,1.641030,1.854916,1.455537
45.000000,2.602344,2.511484,1.841341,1.850017,1.763377
46.000000,2.414713,2.771066,2.035565,1.867737,1.959610
47.000000,2.154490,2.792047,2.201222,1.924833,1.708206
48.000000,1.921912,2.710045,2.197289,1.918992,1.412381
49.000000,1.822261,2.544329,2.162430,1.910959,1.172631
50.000000,1.542055,2.277118,2.071057,1.775825,0.622990
51.000000,1.208783,1.970737,1.975146,1.686604,0.516916
52.000000,0.952133,1.685699,1.871227,1.625955,0.565156
53.000000,0.809198,1.488332,1.899869,1.595839,0.781956
54.000000,0.584058,1.317403,1.880040,1.569535,0.163227
55.000000,0.501650,1.133584,1.827109,1.572957,0.246174
56.000000,0.401182,0.903009,1.815766,1.562400,0.034936
57.000000,0.305393,0.712003,1.762344,1.572844,0.112754
58.000000,0.252066,0.606144,1.731998,1.545809,0.609781
59.000000,0.469529,0.589186,1.707703,1.547478,1.156474
60.000000,0.520551,0.567600,1.615358,1.517763,0.447179
61.000000,0.547440,0.523413,1.462349,1.473645,0.109184
62.000000,0.400702,0.392598,1.251518,1.384102,-0.572262
63.000000,0.093642,0.201128,1.053713,1.368024,-0.817576
64.000000,-0.291925,0.129629,0.937777,1.383556,-0.528662
65.000000,-0.468642,0.073138,0.814732,1.383435,-0.240616
66.000000,-0.552043,0.065656,0.678118,1.440194,-0.073175
67.000000,-0.248522,0.155371,0.607338,1.498022,1.047374
68.000000,0.363152,0.242910,0.589897,1.572784,1.711997
69.000000,0.934193,0.200914,0.576009,1.609719,1.344209
70.000000,0.754737,-0.057840,0.471327,1.524636,-1.381476
71.000000,0.910940,-0.044733,0.474953,1.458101,0.319395
72.000000,0.662608,0.164401,0.467085,1.353819,0.246748
73.000000,-0.338355,0.109118,0.267808,1.170885,-1.618473
74.000000,-0.559803,0.419768,0.337377,1.140749,0.597509
75.000000,0.173180,0.741725,0.455204,1.096551,1.002364
76.000000,0.978839,1.374803,0.877806,1.109531,2.574205
77.000000,1.411913,1.435454,1.165018,1.063949,1.390098
78.000000,2.082430,1.213876,1.224449,0.989218,0.612743
79.000000,1.917465,0.991188,1.033312,0.899677,0.134392
80.000000,1.604609,1.373265,1.007111,0.874514,0.066362
81.000000,0.513131,1.155148,0.919170,0.812086,-0.690463
82.000000,-0.375261,0.782657,0.929251,0.695753,-1.217266
83.000000,-0.551174,1.208068,1.299907,0.642006,0.078525
84.000000,-0.248093,1.322912,1.731774,0.775836,1.017372
85.000000,0.142148,1.365148,2.013782,0.933451,1.173927
86.000000,1.253726,1.341706,2.412496,1.305763,2.327755
87.000000,2.411553,1.657641,2.516547,1.706286,2.337611
88.000000,2.909245,2.147165,2.526470,2.044272,2.356096
89.000000,3.123375,2.737752,2.697924,2.343915,2.780446
90.000000,3.074908,2.976349,2.950005,2.605316,2.283519
91.000000,2.892462,3.160437,2.936907,2.832102,2.343939
92.000000,2.729611,3.224941,2.882669,3.013518,2.212642
93.000000,2.500925,3.055867,2.856820,3.016506,1.745896
94.000000,2.317851,2.910989,2.745885,2.969753,2.035949
95.000000,2.160188,2.743227,2.603168,2.840171,1.665845
96.000000,2.025006,2.560426,2.442777,2.721988,1.757777
97.000000,1.810332,2.352897,2.323756,2.532799,1.272527
98.000000,1.738914,2.204469,2.280606,2.384416,1.470201
99.000000,1.548107,2.004350,2.229805,2.251514,1.162819
100.000000,1.435010,1.864306,2.187880,2.219852,1.155885
101.000000,1.232539,1.686796,2.143213,2.117831,0.801064
102.000000,1.157309,1.543648,2.128402,2.047154,0.925943
103.000000,0.993622,1.426646,2.061769,2.017373,0.684184
104.000000,0.840129,1.255156,1.961790,1.925146,0.408951
105.000000,0.546764,1.053403,1.831164,1.802193,-0.287492
106.000000,0.216799,0.786576,1.650909,1.633076,-0.787098
107.000000,-0.042765,0.626685,1.519511,1.545195,-0.251926
108.000000,-0.194017,0.464906,1.411093,1.502630,0.004667
109.000000,-0.233326,0.361080,1.300818,1.493062,0.272401
110.000000,-0.216104,0.203897,1.185258,1.466726,-0.207667
111.000000,-0.147790,0.051117,1.046556,1.450567,-0.563697
112.000000,-0.010683,-0.031317,0.964072,1.498143,0.486139
113.000000,0.129038,-0.059344,0.920796,1.530302,0.822775
114.000000,0.208270,-0.057391,0.849121,1.541360,0.796551
115.000000,0.467137,0.052634,0.799223,1.554070,0.869617
116.000000,0.693192,0.180968,0.692525,1.508718,-0.144915
117.000000,0.064844,0.018906,0.519314,1.398745,-2.263127
118.000000,-1.340096,-0.502242,0.186179,1.216331,-3.457724
119.000000,-2.565886,-1.245942,-0.199581,0.986796,-3.063513
120.000000,-3.061252,-1.814177,-0.607405,0.784342,-2.265828
121.000000,-3.138554,-2.229306,-1.056674,0.526532,-2.235150
122.000000,-2.801453,-2.484517,-1.485058,0.272277,-1.586299
123.000000,-2.384237,-2.635391,-1.859964,-0.005660,-1.621757
124.000000,-1.986152,-2.627223,-2.077040,-0.335419,-1.276616
125.000000,-1.730953,-2.578270,-2.119712,-0.669704,-1.124393
126.000000,-1.516594,-2.491221,-2.085256,-1.071957,-1.256466
127.000000,-1.438263,-2.306988,-2.086497,-1.435364,-1.244686
128.000000,-1.366517,-2.062950,-2.091092,-1.805827,-1.300380
129.000000,-1.329146,-1.832380,-2.079005,-2.050707,-1.113030
130.000000,-1.138771,-1.589429,-1.943523,-2.108005,-0.214382
131.000000,-0.784934,-1.283195,-1.760481,-2.028729,0.434730
132.000000,-0.414854,-1.054717,-1.673275,-1.954682,0.478230
133.000000,0.055384,-0.784691,-1.598917,-1.834901,0.764318
134.000000,0.367787,-0.623498,-1.583909,-1.758522,0.137874
135.000000,0.444421,-0.480276,-1.581479,-1.645750,0.064069
136.000000,0.306974,-0.333403,-1.559144,-1.528088,-0.155154
137.000000,0.547381,0.048249,-1.346973,-1.346303,1.472779
138.000000,0.822021,0.521764,-1.031630,-1.170736,1.816722
139.000000,1.192081,0.955965,-0.714218,-1.038767,1.630134
140.000000,1.486969,1.204237,-0.441389,-0.903947,1.365435
141.000000,1.759719,1.326699,-0.142587,-0.764643,1.245458
142.000000,1.708945,1.449521,0.143302,-0.679504,1.349567
143.000000,1.592621,1.525774,0.472906,-0.610955,1.357055
144.000000,1.550154,1.686526,0.821614,-0.527865,1.484696
145.000000,1.627362,1.872635,1.228188,-0.414244,1.741593
146.000000,1.783143,2.085528,1.704400,-0.205473,1.956440
147.000000,1.881388,2.085606,2.134251,0.163416,1.891587
148.000000,1.894725,2.001146,2.408028,0.714216,1.664101
149.000000,1.732043,1.843923,2.450396,1.252520,0.966873
150.000000,1.563996,1.735868,2.370621,1.768603,1.016714
151.000000,1.367443,1.645758,2.236203,2.218428,0.984333
152.000000,1.174830,1.555230,2.116291,2.455643,0.951797
153.000000,1.055566,1.495337,2.012088,2.588942,1.113942
154.000000,1.057727,1.421469,1.948813,2.572884,0.966865
155.000000,0.986787,1.306449,1.876478,2.478258,0.652973
156.000000,0.919763,1.175342,1.823974,2.390911,0.636373
157.000000,0.876902,1.054903,1.706433,2.315357,0.726587
158.000000,0.731554,0.924798,1.570521,2.231088,0.386681
159.000000,0.681418,0.908047,1.478993,2.170080,0.779975
160.000000,0.611968,0.842387,1.389151,2.049920,0.226481
161.000000,0.727314,0.855888,1.352256,1.962279,1.226681
162.000000,0.713611,0.826957,1.293896,1.869767,0.633181
163.000000,0.726801,0.745114,1.232592,1.772873,0.319030
164.000000,0.409016,0.588055,1.136719,1.688143,-0.815738
165.000000,0.195537,0.461456,1.032925,1.620949,-0.999742
166.000000,-0.341069,0.334981,0.921622,1.579219,-1.134913
167.000000,-0.936059,0.124089,0.790382,1.468463,-1.580583
168.000000,-1.577673,-0.071396,0.658387,1.350093,-1.514742
169.000000,-1.510108,-0.267298,0.610682,1.271201,-0.285257
170.000000,-1.543249,-0.482704,0.523181,1.192210,-1.162097
171.000000,-1.361446,-0.899713,0.450480,1.136460,-0.464094
172.000000,-0.641021,-1.029302,0.431092,1.112403,1.134243
173.000000,0.224316,-1.026670,0.407396,1.103734,1.528910
174.000000,0.621172,-0.726127,0.376581,1.083525,1.017967
175.000000,1.157546,-0.350567,0.372075,1.044245,0.679496
176.000000,1.644344,0.230059,0.426179,1.005614,1.437289
177.000000,2.040483,1.247602,0.612976,1.003139,2.701329
178.000000,2.383343,2.196720,0.989002,1.031085,2.835116
179.000000,3.018993,2.928475,1.600366,1.205481,3.531992
180.000000,3.252012,3.271896,2.295670,1.382690,2.867596
181.000000,3.115092,3.216668,2.603921,1.544424,2.238624
182.000000,2.786534,2.962524,2.793684,1.685076,1.763127
183.000000,2.573295,2.795471,2.935333,1.828327,1.950501
184.000000,2.217787,2.670694,3.010550,1.962691,1.740765
185.000000,1.930336,2.554064,2.946303,2.092531,1.492863
186.000000,1.739154,2.409698,2.822757,2.181673,1.353235
187.000000,1.600322,2.211741,2.705334,2.206412,1.142239
188.000000,1.372000,2.005284,2.573318,2.203806,0.850375
189.000000,1.097533,1.699916,2.380593,2.108209,0.409261
190.000000,0.808933,1.415646,2.231005,2.024603,0.082149
191.000000,0.549939,1.195416,2.090754,1.887922,0.104759
192.000000,0.241843,0.977444,1.896666,1.763477,-0.321264
193.000000,-0.082405,0.699641,1.697361,1.639620,-0.677014
194.000000,-0.263841,0.465910,1.564478,1.605369,-0.442770
195.000000,-0.293236,0.297391,1.491964,1.607994,-0.037449
196.000000,-0.310209,0.148377,1.418052,1.606922,0.068645
197.000000,-0.521174,-0.136155,1.219033,1.518851,-1.364790
198.000000,-0.647982,-0.387303,1.027381,1.453096,-1.301089
199.000000,-0.789284,-0.566486,0.791785,1.379897,-1.054395
200.000000,-1.013490,-0.699126,0.571566,1.352044,-0.963961
201.000000,-1.316212,-0.872766,0.352104,1.294670,-1.208964
202.000000,-1.357585,-1.041130,0.114602,1.167099,-1.554534
203.000000,-0.868689,-0.872727,0.024802,1.209941,0.914314
204.000000,-0.504322,-0.770815,-0.094050,1.247931,0.575502
205.000000,-0.057070,-0.668669,-0.172474,1.337211,0.981138
206.000000,0.403624,-0.603319,-0.274879,1.395062,0.751038
207.000000,0.937701,-0.314244,-0.377950,1.406404,0.687796
208.000000,0.981211,0.049507,-0.404652,1.447634,1.114039
209.000000,1.026702,0.340505,-0.400263,1.363340,0.836786
210.000000,0.950059,0.587043,-0.351448,1.263914,0.704545
211.000000,0.975829,0.882868,-0.267445,1.209459,0.889585
212.000000,1.130621,1.281740,0.007868,1.247300,1.370816
213.000000,1.102780,1.261026,0.335780,1.195207,0.987089
214.000000,1.094277,1.265603,0.595120,1.119427,0.788999
215.000000,1.025547,1.173343,0.685291,0.997351,0.386416
216.000000,0.968627,1.155201,0.785123,0.902794,0.623589
217.000000,0.696449,1.094323,1.073734,0.753224,0.181805
218.000000,0.522546,0.983098,1.327344,0.649685,0.238597
219.000000,0.447310,0.938237,1.545649,0.680301,0.477337
220.000000,0.643821,1.008875,1.825003,0.938662,1.218595
221.000000,0.833812,1.077723,2.107339,1.259526,1.409186
222.000000,1.082669,1.051675,2.327705,1.673613,1.266834
223.000000,1.242378,1.035329,2.159761,2.106833,0.996566
224.000000,1.207544,0.961493,1.990615,2.281360,0.359713
225.000000,1.169362,1.035387,1.883742,2.417286,1.053750
226.000000,1.074295,1.072738,1.811339,2.444845,0.995934
227.000000,1.033796,1.176984,1.753483,2.671033,1.112979
228.000000,1.111423,1.305289,1.676973,2.788740,1.385988
229.000000,1.298692,1.385447,1.618150,2.771535,1.200098
230.000000,1.345915,1.384203,1.582246,2.707003,1.247670
231.000000,1.299587,1.293366,1.491811,2.600748,0.486189
232.000000,1.238259,1.227362,1.371330,2.539761,0.391825
233.000000,0.981839,1.168909,1.284634,2.271254,0.052948
234.000000,0.618854,1.181823,1.211119,2.069620,-0.382384
235.000000,0.318078,1.149846,1.215059,1.901132,0.522765
236.000000,0.320752,1.148702,1.212616,1.778433,0.635576
237.000000,0.519319,1.168613,1.278328,1.694515,1.132674
238.000000,0.462662,0.937123,1.291218,1.547949,-0.170030
239.000000,0.582575,0.732107,1.299750,1.450772,0.073657
240.000000,0.478021,0.482596,1.243911,1.379337,0.119757
241.000000,0.437417,0.466716,1.183473,1.316566,0.478337
242.000000,0.406138,0.571061,1.156713,1.242609,1.023834
243.000000,1.118447,0.976258,1.240545,1.251708,2.322910
244.000000,1.456724,1.263447,1.348322,1.247723,1.369563
245.000000,1.845504,1.469073,1.410729,1.294111,1.787038
246.000000,2.146604,1.682048,1.517141,1.341651,1.992382
247.000000,2.309321,1.802012,1.614582,1.427105,1.990941
248.000000,2.244401,2.108000,1.692039,1.523087,2.137111
249.000000,2.335731,2.290128,1.768865,1.596474,1.782927
250.000000,2.277036,2.401562,1.818370,1.616839,1.655371
251.000000,2.109500,2.412813,1.917649,1.617982,1.481598
252.000000,1.869538,2.332935,1.950368,1.615196,1.160195
253.000000,1.658011,2.147353,2.013223,1.639895,1.309933
254.000000,1.383174,2.012784,2.030012,1.684636,0.571827
255.000000,1.141468,1.837610,1.983511,1.673027,0.568780
256.000000,1.111648,1.737935,1.995383,1.710287,1.362442
257.000000,1.216556,1.674353,1.991469,1.742934,1.624774
258.000000,1.120860,1.508272,2.007241,1.701095,0.918652
259.000000,0.996130,1.288847,1.935512,1.619799,0.046683
260.000000,0.977261,1.145724,1.897492,1.556639,0.502460
261.000000,0.919189,1.094474,1.885287,1.577664,1.071840
262.000000,0.865632,1.118540,1.872956,1.611767,1.376735
263.000000,0.819955,1.044226,1.744044,1.622209,0.715531
264.000000,0.776387,0.953363,1.627961,1.603443,-0.259223
265.000000,0.458776,0.776527,1.444582,1.515321,-1.132454
266.000000,0.120637,0.582091,1.296904,1.464404,-0.445120
267.000000,-0.880204,0.077549,1.003238,1.289373,-2.563082
268.000000,-1.923923,-0.479975,0.633190,1.137256,-3.038022
269.000000,-2.463857,-0.902665,0.303798,1.003647,-2.440951
270.000000,-2.771711,-1.499251,-0.094770,0.833607,-2.625730
271.000000,-3.298149,-2.420612,-0.736956,0.477738,-3.482824
272.000000,-3.180260,-2.993643,-1.348304,0.076669,-2.756909
273.000000,-3.084165,-3.250750,-2.046841,-0.610582,-2.975589
274.000000,-2.899333,-3.135259,-2.413719,-1.227219,-2.209158
275.000000,-2.699971,-2.951342,-2.613428,-1.870252,-1.997630
276.000000,-2.319160,-2.774170,-2.673543,-2.339016,-1.539582
277.000000,-2.006519,-2.505323,-2.634965,-2.559120,-1.168327
278.000000,-1.642195,-2.268582,-2.538691,-2.634039,-1.088336
279.000000,-1.381407,-2.086607,-2.396309,-2.585809,-0.895190
280.000000,-1.147616,-1.919405,-2.290344,-2.509327,-0.840440
281.000000,-0.983485,-1.687161,-2.209507,-2.415752,-0.739088
282.000000,-0.882327,-1.502290,-2.143479,-2.314821,-0.675957
283.000000,-0.822946,-1.296107,-2.077070,-2.246032,-0.802862
284.000000,-0.822259,-1.164749,-2.004086,-2.169824,-0.892880
285.000000,-0.765349,-1.013463,-1.902016,-2.077671,-0.561332
286.000000,-0.704640,-0.895931,-1.825615,-2.013383,-0.433822
287.000000,-0.606123,-0.792727,-1.700491,-1.950150,-0.167626
288.000000,-0.471235,-0.694487,-1.577010,-1.878583,-0.131010
289.000000,-0.266198,-0.595785,-1.470355,-1.786094,0.089413
290.000000,-0.055046,-0.466166,-1.347978,-1.701281,0.462837
291.000000,0.142680,-0.343880,-1.184977,-1.645851,0.499560
292.000000,0.269269,-0.235046,-1.051310,-1.616364,0.417055
293.000000,0.492130,-0.057615,-0.864258,-1.563545,0.944283
294.000000,0.760535,0.187022,-0.692928,-1.491179,1.346813
295.000000,0.968884,0.415485,-0.518381,-1.415733,1.360620
296.000000,1.169072,0.642903,-0.370575,-1.374671,1.240403
297.000000,1.384668,0.854268,-0.237769,-1.296381,1.186353
298.000000,1.391323,1.058924,-0.103683,-1.215323,0.928783
299.000000,1.273114,1.240929,0.030347,-1.154498,0.859242
300.000000,1.048960,1.305575,0.159544,-1.101921,0.425701
301.000000,0.860223,1.325966,0.304460,-0.982516,0.448962
302.000000,0.789596,1.382431,0.507239,-0.847858,0.932076
303.000000,0.811523,1.340237,0.773904,-0.636715,1.179661
304.000000,0.847685,1.231656,1.079622,-0.442150,1.142842
305.000000,0.928868,1.092046,1.298241,-0.240002,0.743720
306.000000,1.017334,0.998021,1.464247,-0.046050,0.750709
307.000000,0.886848,0.872517,1.508118,0.113336,0.170636
308.000000,0.792919,0.837688,1.551195,0.325376,0.784398
309.000000,0.535061,0.751195,1.494132,0.504658,-0.042958
310.000000,0.384471,0.739864,1.386949,0.710673,0.038310
311.000000,0.447611,0.822827,1.338001,0.987735,1.101294
312.000000,0.819542,0.912613,1.344207,1.317654,1.798452
313.000000,1.288196,1.086648,1.358000,1.714979,2.656994
314.000000,1.938600,1.285198,1.347124,2.043523,2.585691
315.000000,2.435373,1.522524,1.337303,2.189107,2.231392
316.000000,2.565508,1.712031,1.343282,2.211417,1.800644
317.000000,2.296916,1.820902,1.302362,2.100262,0.553245
318.000000,1.849531,1.851465,1.295017,1.996241,0.549246
319.000000,1.522553,2.059590,1.341422,1.908149,1.115733
320.000000,1.052474,2.118069,1.398277,1.765951,0.263723
321.000000,0.691960,2.041510,1.462623,1.654843,0.355741
322.000000,0.680212,1.895803,1.496525,1.583863,0.491926
323.000000,0.882137,1.716338,1.557328,1.527913,1.359334
324.000000,1.154858,1.645408,1.673774,1.495896,2.110430
325.000000,1.501597,1.551126,1.779457,1.462194,1.681061
326.000000,1.790922,1.528003,1.870551,1.460327,1.688981
327.000000,1.995513,1.672868,1.987239,1.471127,1.656562
328.000000,1.913292,1.731986,2.003292,1.485053,1.243492
329.000000,1.737421,1.740951,2.078962,1.521596,1.404578
330.000000,1.679776,1.850257,2.138118,1.599865,1.488478
331.000000,1.558687,1.889534,2.099080,1.659573,1.175578
332.000000,1.330890,1.837624,1.980035,1.659554,0.610998
333.000000,1.241909,1.738386,1.828092,1.651067,0.829706
334.000000,1.041502,1.535155,1.666678,1.626113,0.495464
335.000000,0.823430,1.396984,1.538772,1.623444,0.520311
336.000000,0.665075,1.257416,1.442689,1.617470,0.467995
337.000000,0.450095,1.027352,1.376037,1.601743,-0.444845
338.000000,0.301650,0.917078,1.353773,1.589076,0.184923
339.000000,0.160711,0.747100,1.286443,1.606338,-0.158873
340.000000,0.013487,0.562271,1.286757,1.630235,-0.071847
341.000000,0.196531,0.571732,1.362034,1.665028,1.582425
342.000000,0.324074,0.493124,1.345736,1.608966,-0.222805
343.000000,-0.493987,0.013328,1.142541,1.408601,-2.648363
344.000000,-1.243907,-0.500625,0.870712,1.201465,-2.413443
345.000000,-1.705636,-0.967248,0.654272,1.032078,-1.652413
346.000000,-2.399314,-1.442134,0.403109,0.872412,-1.658269
347.000000,-2.589261,-1.737751,0.095332,0.763200,-1.855050
348.000000,-2.222587,-2.031609,-0.184312,0.667527,-1.501969
349.000000,-1.905777,-2.136043,-0.511799,0.541490,-1.292080
350.000000,-1.699839,-2.139810,-0.851439,0.487434,-0.920705
351.000000,-1.714759,-2.409882,-1.284174,0.352257,-1.758146
352.000000,-1.683122,-2.427137,-1.662026,0.182914,-1.741213
353.000000,-1.690066,-2.206077,-2.023886,-0.080383,-1.608833
354.000000,-1.682540,-2.008715,-2.228873,-0.456252,-1.422415
355.000000,-1.729124,-1.903041,-2.333693,-0.859154,-1.351451
356.000000,-1.597459,-1.793634,-2.346918,-1.309274,-1.243022
357.000000,-1.552711,-1.716266,-2.278528,-1.811361,-1.553964
358.000000,-1.444823,-1.631479,-2.212963,-2.133999,-1.118416
359.000000,-1.326527,-1.547955,-2.109708,-2.330858,-0.866539
360.000000,-1.312518,-1.558252,-2.064127,-2.457177,-1.282266
361.000000,-1.243796,-1.455774,-2.064984,-2.427510,-0.894782
362.000000,-1.201831,-1.413939,-2.025795,-2.371460,-1.372618
363.000000,-1.356328,-1.435500,-1.921771,-2.357984,-1.806038
364.000000,-1.556456,-1.471824,-1.832900,-2.307085,-1.740585
365.000000,-1.628704,-1.501453,-1.779306,-2.250413,-1.594478
366.000000,-1.773375,-1.542774,-1.730473,-2.196646,-1.580231
367.000000,-1.708209,-1.493381,-1.652482,-2.085733,-1.087287
368.000000,-1.566577,-1.502716,-1.605481,-2.026753,-1.138454
369.000000,-1.446752,-1.545019,-1.576727,-1.971869,-1.174974
370.000000,-1.325594,-1.523813,-1.566016,-1.927697,-1.012620
371.000000,-1.230350,-1.562866,-1.527134,-1.940542,-1.194539
372.000000,-1.258894,-1.551729,-1.494665,-1.907084,-1.196140
373.000000,-1.307991,-1.498942,-1.478744,-1.816396,-1.408384
374.000000,-1.299933,-1.428298,-1.464724,-1.729988,-1.196085
375.000000,-1.264510,-1.343527,-1.443316,-1.664919,-0.868919
376.000000,-0.982140,-1.166157,-1.391883,-1.579121,0.142168
377.000000,-0.824535,-1.102096,-1.340641,-1.510021,-0.418878
378.000000,-0.424837,-0.940018,-1.285577,-1.438848,0.510505
379.000000,-0.233481,-0.846226,-1.284013,-1.403210,-0.383454
380.000000,0.133993,-0.662648,-1.214083,-1.364009,0.866191
381.000000,0.133432,-0.516115,-1.196613,-1.313320,0.138286
382.000000,0.102484,-0.454501,-1.174951,-1.284526,-0.742951
383.000000,-0.016603,-0.272293,-1.084917,-1.245083,0.076029
384.000000,-0.047922,-0.169866,-1.017989,-1.229052,-0.618706
385.000000,-0.324024,-0.065468,-0.941533,-1.208964,-0.215010
386.000000,-0.333889,-0.072871,-0.841783,-1.187499,0.200135
387.000000,-0.313477,-0.086839,-0.821545,-1.166349,-0.714007
388.000000,-0.434589,-0.229495,-0.777777,-1.164238,-0.341877
389.000000,-0.219830,-0.145368,-0.698774,-1.168753,0.298952
390.000000,0.387562,-0.032645,-0.534391,-1.107245,2.157270
391.000000,1.330194,0.457739,-0.253469,-1.039942,3.120645
392.000000,2.732067,1.412233,0.141110,-0.906641,3.223323
393.000000,3.474041,2.343251,0.737247,-0.680773,3.240849
394.000000,3.408369,2.902854,1.335209,-0.443850,2.389518
395.000000,2.958851,2.911825,1.783147,-0.221303,1.509241
396.000000,2.370557,2.636110,1.889398,-0.021187,0.527833
397.000000,1.822030,2.501860,2.016471,0.161355,0.442617
398.000000,1.285395,2.395275,2.003028,0.426419,0.699052
399.000000,1.061886,2.361480,2.139106,0.847239,1.387978
400.000000,0.871539,2.128336,2.009059,1.219552,0.687587
401.000000,1.042572,1.947477,2.018308,1.637451,1.256634
402.000000,0.970976,1.606263,1.956273,1.808810,0.115511
403.000000,1.258684,1.462260,2.023533,2.159576,1.890074
404.000000,1.324981,1.370495,2.086392,2.337246,1.619101
405.000000,1.383125,1.295468,2.045550,2.321454,0.896766
406.000000,1.284353,1.335863,1.985886,2.198786,0.816262
407.000000,1.732952,1.556809,2.076938,2.240366,2.021381
408.000000,1.616412,1.649106,2.086027,2.153602,1.437208
409.000000,1.662158,1.707412,2.105632,2.164292,1.817040
410.000000,1.971490,1.915396,2.104930,2.154264,2.271958
411.000000,2.233062,2.029905,2.074005,2.175398,2.197592
412.000000,2.104307,2.152107,1.982357,2.175422,1.620487
413.000000,2.072754,2.062458,1.869117,2.135612,1.496710
414.000000,1.905140,1.963938,1.775893,2.099106,1.133553
415.000000,1.700677,1.965403,1.752386,2.068336,1.302744
416.000000,1.530798,1.989218,1.791111,2.040717,1.414324
417.000000,1.472661,1.897672,1.826974,2.034901,1.351978
418.000000,1.457885,1.881407,1.852283,2.026386,1.420187
419.000000,1.534176,1.835308,1.844492,2.012594,1.451397
420.000000,1.545736,1.730431,1.864469,1.964241,1.322921
421.000000,1.545651,1.637076,1.859541,1.909060,1.416148
422.000000,1.421575,1.543309,1.868234,1.820416,0.826532
423.000000,1.299710,1.468717,1.793314,1.726066,0.932611
424.000000,1.096533,1.392734,1.711663,1.641936,0.548894
425.000000,1.041834,1.355725,1.700022,1.615511,1.072177
426.000000,0.941562,1.295230,1.689882,1.619743,0.977506
427.000000,0.885796,1.203587,1.604611,1.612688,0.582406
428.000000,0.862618,1.133638,1.568815,1.609550,0.845033
429.000000,0.888873,1.039461,1.503912,1.577071,0.616659
430.000000,0.891787,1.006517,1.436495,1.587999,1.123825
431.000000,0.880749,0.941538,1.359512,1.574249,0.927329
432.000000,1.107264,1.007042,1.349228,1.619368,1.692814
433.000000,1.102926,0.989102,1.308238,1.577790,0.724717
434.000000,1.063840,0.987028,1.272773,1.533971,0.190019
435.000000,0.999502,0.963253,1.248205,1.532518,0.780945
436.000000,0.650921,0.818262,1.157769,1.502082,-1.329946
437.000000,-0.014163,0.726801,1.072773,1.432076,-1.209054
438.000000,-0.866218,0.465479,0.940876,1.367096,-2.619647
439.000000,-2.354928,-0.035611,0.728555,1.247635,-3.687391
440.000000,-3.805436,-1.124527,0.411920,1.046271,-3.924405
441.000000,-3.634596,-2.166137,0.086128,0.850595,-2.780964
442.000000,-3.412345,-2.972556,-0.220886,0.673013,-2.394710
443.000000,-3.068060,-3.160578,-0.561640,0.496085,-1.948076
444.000000,-2.762415,-3.157736,-0.964630,0.292093,-2.162061
445.000000,-2.281629,-3.019320,-1.410968,0.080341,-1.570196
446.000000,-2.115522,-2.843308,-1.900426,-0.231231,-1.970455
447.000000,-2.009359,-2.712993,-2.245552,-0.591550,-1.904450
448.000000,-1.957137,-2.553459,-2.466673,-0.988788,-1.771124
449.000000,-1.653584,-2.246194,-2.425674,-1.264223,-0.746865
450.000000,-1.533166,-1.961734,-2.414868,-1.542623,-1.004793
451.000000,-1.249513,-1.723836,-2.316110,-1.733761,-0.548048
452.000000,-0.798221,-1.435224,-2.174550,-1.736421,0.322056
453.000000,-0.224269,-1.131057,-1.962189,-1.666801,0.951658
454.000000,0.223851,-0.765025,-1.736347,-1.521230,1.304788
455.000000,0.696526,-0.474937,-1.584824,-1.444777,1.120539
456.000000,1.189229,-0.048203,-1.345367,-1.285293,1.674261
457.000000,1.492685,0.414799,-1.121857,-1.084841,1.722800
458.000000,1.586231,0.844381,-0.904203,-0.942140,1.439614
459.000000,1.944794,1.372874,-0.452014,-0.564435,2.766634
460.000000,2.223544,1.853770,0.078240,-0.229496,2.446223
461.000000,2.362567,2.205659,0.626913,0.162671,2.411149
462.000000,2.442477,2.383624,1.190941,0.548754,2.300706
463.000000,2.494115,2.432676,1.694367,0.988191,2.110759
464.000000,2.302924,2.408499,2.123582,1.424807,1.919609
465.000000,2.148637,2.373580,2.390741,1.787946,1.768391
466.000000,2.013184,2.306223,2.581554,2.169040,1.771594
467.000000,1.888553,2.235809,2.666449,2.429462,1.694641
468.000000,1.742721,2.156906,2.648803,2.563138,1.418695
469.000000,1.634083,2.002189,2.560627,2.646872,1.401946
470.000000,1.540417,1.872989,2.477030,2.679694,1.321983
471.000000,1.431101,1.745475,2.376636,2.631371,1.234348
472.000000,1.295185,1.611065,2.247531,2.542345,1.019361
473.000000,1.234538,1.509009,2.133652,2.461445,1.116061
474.000000,1.187472,1.431789,2.034742,2.401528,1.168081
475.000000,1.179932,1.382796,1.967183,2.340756,1.287643
476.000000,1.207034,1.341835,1.901359,2.303409,1.375350
477.000000,1.288688,1.312433,1.846484,2.269386,1.429659
478.000000,1.356428,1.312535,1.808140,2.234844,1.458297
479.000000,1.399643,1.306933,1.728637,2.174190,1.376504
480.000000,1.395447,1.297125,1.656962,2.121323,1.243277
481.000000,1.409296,1.314315,1.598092,2.075237,1.445591
482.000000,1.389959,1.346848,1.540075,2.014304,1.325789
483.000000,1.341806,1.361628,1.486528,1.947818,1.209787
484.000000,1.388377,1.406805,1.459318,1.899051,1.628894
485.000000,1.437458,1.426908,1.433758,1.855907,1.460917
486.000000,1.444443,1.439077,1.408813,1.809599,1.477101
487.000000,1.424126,1.420621,1.377675,1.759922,1.166566
488.000000,1.454445,1.407653,1.367350,1.724663,1.296305
489.000000,1.263263,1.353707,1.338420,1.648617,0.607566
490.000000,1.121279,1.325379,1.319242,1.586629,0.748550
491.000000,0.832734,1.213852,1.286729,1.514338,0.053976
492.000000,0.679948,1.143789,1.282419,1.455349,0.481010
493.000000,0.177069,0.950292,1.224170,1.374106,-1.167636
494.000000,0.330260,0.900563,1.241095,1.347742,1.408751
495.000000,0.509032,0.894138,1.257448,1.331435,1.591271
496.000000,0.814082,0.863611,1.259670,1.310177,1.350691
497.000000,1.034947,0.883828,1.257713,1.292409,1.355804
498.000000,1.625709,0.903750,1.256603,1.290033,1.423353
499.000000,1.611769,1.011448,1.260336,1.287826,1.343500
500.000000,1.590104,1.124089,1.284330,1.293875,1.493447
501.000000,1.630241,1.332723,1.294094,1.306868,1.515125
502.000000,1.690610,1.498997,1.320220,1.336027,1.589472
503.000000,1.728695,1.857348,1.358216,1.361700,1.541613
504.000000,1.747379,1.863243,1.351522,1.382348,1.326820
505.000000,1.539237,1.750621,1.318085,1.377867,0.400736
506.000000,1.221526,1.632512,1.262501,1.359455,0.002115
507.000000,1.074161,1.618932,1.281674,1.358904,0.971336
508.000000,1.176529,1.706787,1.346451,1.381642,1.919325
509.000000,1.324709,1.793045,1.469697,1.410626,1.821095
510.000000,1.734156,1.876416,1.597294,1.458030,1.970522
511.000000,2.044609,1.877133,1.744507,1.477222,1.523560
512.000000,2.136031,1.877029,1.859348,1.509988,1.639516
513.000000,1.877215,1.779612,2.027614,1.524323,0.967797
514.000000,1.826424,1.815851,2.035510,1.536574,1.680690
515.000000,1.630246,1.872118,1.983694,1.536069,1.195110
516.000000,1.513955,1.933443,1.938166,1.525899,1.086423
517.000000,1.436630,1.922313,1.911907,1.545508,1.330306
518.000000,1.522306,1.832231,1.885387,1.560424,1.416540
519.000000,1.507227,1.788997,1.882953,1.622104,1.635660
520.000000,1.529965,1.695937,1.847628,1.657577,1.350912
521.000000,1.551187,1.639855,1.804920,1.715589,1.226543
522.000000,1.594980,1.613715,1.784956,1.765401,1.556526
523.000000,1.478741,1.573156,1.718849,1.844846,0.764708
524.000000,1.363644,1.495447,1.687790,1.820238,1.133854
525.000000,1.294205,1.469899,1.698900,1.784593,1.049618
526.000000,1.788317,1.709963,1.861205,1.859163,3.243996
527.000000,1.983727,1.825149,1.911602,1.890697,2.295762
528.000000,2.249686,1.904076,1.899668,1.905217,2.035234
529.000000,2.206009,1.846257,1.838302,1.879414,1.173019
530.000000,2.216818,1.846754,1.784355,1.856560,1.359518
531.000000,1.790785,1.839383,1.748760,1.826544,1.224089
532.000000,1.703863,1.871484,1.750557,1.825946,1.865888
533.000000,1.638913,1.959652,1.778600,1.820216,1.732591
534.000000,1.731630,1.993212,1.764707,1.816744,1.636557
535.000000,1.734364,2.003472,1.766287,1.829810,1.425302
536.000000,1.751128,1.806857,1.772733,1.847394,1.353680
537.000000,1.654284,1.709933,1.772037,1.839547,1.423723
538.000000,1.563178,1.627402,1.762169,1.801274,1.318192
539.000000,1.505857,1.643914,1.743691,1.771008,1.390393
540.000000,1.468191,1.628174,1.734426,1.732109,1.273786
541.000000,1.390066,1.599716,1.715888,1.699550,0.998116
542.000000,1.259097,1.483538,1.669804,1.658272,0.806667
543.000000,1.240697,1.426676,1.687729,1.657898,1.232104
544.000000,1.171948,1.362563,1.681084,1.629623,1.072130
545.000000,1.017223,1.269845,1.652820,1.602933,0.524220
546.000000,0.891737,1.173373,1.514254,1.579843,0.352314
547.000000,0.520936,0.935681,1.358656,1.508555,-1.083220
548.000000,0.092093,0.742318,1.236116,1.452734,-0.699714
549.000000,-0.486941,0.461420,1.135512,1.371280,-1.318357
550.000000,-1.218041,0.043584,0.969778,1.268313,-2.301227
551.000000,-1.748519,-0.317392,0.836022,1.191914,-1.728112
552.000000,-1.954795,-0.731743,0.626609,1.089778,-1.928394
553.000000,-2.162221,-1.215372,0.414906,1.030660,-1.734013
554.000000,-2.265322,-1.726420,0.157635,0.947710,-1.937539
555.000000,-2.073469,-2.062190,-0.094302,0.883561,-1.568845
556.000000,-2.097909,-2.338352,-0.435469,0.662572,-2.099387
557.000000,-1.912369,-2.266769,-0.757644,0.492296,-1.403690
558.000000,-1.793812,-2.225403,-1.100861,0.301437,-1.408936
559.000000,-1.609285,-2.100503,-1.439454,0.153206,-1.182076
560.000000,-1.616127,-1.958945,-1.804990,-0.084767,-1.625547
561.000000,-1.443918,-1.847356,-2.040453,-0.331971,-1.273414
562.000000,-1.328459,-1.683046,-2.137713,-0.658728,-0.891457
563.000000,-1.139663,-1.518052,-2.168313,-0.991641,-0.512947
564.000000,-0.967894,-1.334425,-2.135709,-1.331687,-0.333731
565.000000,-0.713805,-1.208302,-2.055938,-1.638315,-0.381108
566.000000,-0.545340,-1.041032,-1.977259,-1.877764,-0.474406
567.000000,-0.427649,-0.930670,-1.822814,-2.024853,-0.336760
568.000000,-0.475189,-0.862155,-1.744123,-2.137883,-0.759187
569.000000,-0.599612,-0.835390,-1.659432,-2.209597,-0.940636
570.000000,-0.706486,-0.748593,-1.533049,-2.219551,-0.886952
571.000000,-0.802921,-0.701200,-1.453204,-2.185884,-0.914674
572.000000,-0.983532,-0.721463,-1.382099,-2.147756,-1.151513
573.000000,-1.006407,-0.757042,-1.314591,-2.113358,-0.796656
574.000000,-1.020276,-0.832934,-1.249979,-2.078471,-0.981120
575.000000,-1.201890,-0.976822,-1.245898,-2.048951,-1.848143
576.000000,-1.502000,-1.161862,-1.218879,-2.029748,-2.363637
577.000000,-1.507587,-1.275717,-1.183210,-1.914180,-0.792942
578.000000,-1.683490,-1.365149,-1.154813,-1.844268,-1.036535
579.000000,-1.928533,-1.497912,-1.167901,-1.778951,-1.660953
580.000000,-1.888401,-1.664833,-1.151671,-1.686919,-1.775627
581.000000,-1.286386,-1.659107,-1.103076,-1.589875,0.012270
582.000000,-0.987529,-1.537573,-1.071272,-1.482414,0.438551
583.000000,-1.660178,-1.981053,-1.260018,-1.500347,-3.187824
584.000000,-2.306859,-2.431934,-1.534737,-1.540766,-3.337023
585.000000,-2.800572,-2.679783,-1.845989,-1.621059,-3.166534
586.000000,-3.056685,-2.617973,-2.060620,-1.628223,-2.241741
587.000000,-3.111110,-2.638820,-2.233167,-1.655573,-1.904775
588.000000,-2.729800,-2.600077,-2.321504,-1.677049,-1.799077
589.000000,-2.371303,-2.513735,-2.358297,-1.710812,-1.733425
590.000000,-1.931926,-2.354105,-2.313889,-1.684598,-1.180209
591.000000,-1.598175,-2.263068,-2.217417,-1.654399,-0.738312
592.000000,-1.302523,-2.182239,-2.095187,-1.635716,-0.527669
593.000000,-1.037477,-1.920954,-2.012048,-1.642273,-0.545404
594.000000,-0.737047,-1.629082,-1.914911,-1.648668,-0.338898
595.000000,-0.497780,-1.308040,-1.777248,-1.640395,-0.067037
596.000000,-0.385457,-1.095815,-1.655567,-1.639059,-0.222652
597.000000,-0.281094,-0.896762,-1.594610,-1.639224,-0.036833
598.000000,-0.113107,-0.674238,-1.518509,-1.607095,0.211347
599.000000,-0.009422,-0.453973,-1.438651,-1.573466,0.103872
600.000000,0.142294,-0.238867,-1.331863,-1.520811,0.616928
601.000000,0.349592,-0.068536,-1.290892,-1.469807,0.642589
602.000000,0.381981,0.016495,-1.304298,-1.439041,0.051033
603.000000,0.333965,0.102553,-1.185781,-1.432042,-0.031385
604.000000,0.320525,0.165866,-1.028591,-1.418108,0.005526
605.000000,0.041203,0.115650,-0.874880,-1.401053,-0.548918
606.000000,-0.134658,0.154375,-0.734333,-1.344141,-0.037590
607.000000,-0.093787,0.201667,-0.587365,-1.329339,0.244011
608.000000,0.026636,0.242756,-0.414795,-1.300203,0.480561
609.000000,0.089485,0.275118,-0.236376,-1.266470,0.263321
610.000000,0.299155,0.213198,-0.095496,-1.233482,0.243295
611.000000,0.284136,0.078833,-0.020054,-1.289440,-0.169519
612.000000,0.084060,-0.019364,0.005395,-1.398244,-0.653457
613.000000,-0.042480,-0.006116,0.107638,-1.325832,0.051562
614.000000,-0.079981,0.020384,0.216542,-1.192304,0.179762
615.000000,-0.174009,0.127297,0.260548,-1.017505,-0.111442
616.000000,-0.279298,0.033794,0.270685,-0.914395,-0.789473
617.000000,-0.302881,-0.132342,0.201580,-0.819616,-0.919240
618.000000,-0.444967,-0.287065,0.094478,-0.680710,-0.478938
619.000000,-0.564328,-0.340842,0.073565,-0.481450,0.052537
620.000000,-0.588877,-0.390165,-0.117819,-0.325825,0.128774
621.000000,-0.651640,-0.482769,-0.471018,-0.278896,-1.102429
622.000000,-0.622663,-0.502020,-0.601357,-0.254585,-0.907476
623.000000,-1.032937,-0.834380,-0.832168,-0.290658,-1.900911
624.000000,-1.984735,-1.498923,-1.278481,-0.522407,-3.051227
625.000000,-2.636865,-2.023690,-1.522261,-0.875108,-2.701638
626.000000,-3.020683,-2.447804,-2.001558,-1.362257,-3.125818
627.000000,-3.171488,-2.656584,-2.400684,-1.889380,-2.754199
628.000000,-3.139997,-2.817132,-2.707797,-2.425301,-2.704514
629.000000,-2.947611,-2.916142,-2.828833,-2.767863,-2.527940
630.000000,-2.811457,-2.940614,-2.845924,-3.009658,-2.381670
631.000000,-2.519343,-2.804505,-2.716972,-3.024203,-1.817134
632.000000,-2.299034,-2.699697,-2.575556,-2.909552,-1.730620
633.000000,-2.076710,-2.565077,-2.494507,-2.776933,-1.619554
634.000000,-1.758646,-2.324030,-2.365380,-2.597857,-0.977170
635.000000,-1.433085,-2.115657,-2.233057,-2.397063,-0.789796
636.000000,-1.206377,-1.885796,-2.096139,-2.270630,-0.692298
637.000000,-1.048399,-1.720518,-2.007310,-2.203636,-0.947540
638.000000,-0.995699,-1.602967,-1.986962,-2.188004,-1.371324
639.000000,-1.095034,-1.502031,-1.994962,-2.160432,-1.453802
640.000000,-1.371732,-1.479933,-2.049795,-2.174521,-2.054836
641.000000,-1.542382,-1.449964,-2.032036,-2.120229,-1.503505
642.000000,-1.303794,-1.239524,-1.909833,-1.947499,0.188142
643.000000,-0.955649,-1.027300,-1.778956,-1.822498,0.376248
644.000000,-0.678948,-0.936640,-1.660390,-1.749612,-0.048914
645.000000,-0.362693,-0.931685,-1.590589,-1.713601,-0.625308
646.000000,0.018105,-0.856186,-1.456322,-1.631942,0.156239
647.000000,0.081948,-0.713691,-1.313868,-1.547073,0.511386
648.000000,0.091965,-0.521602,-1.171829,-1.491310,0.469773
649.000000,0.212646,-0.307092,-1.031750,-1.460409,0.490478
650.000000,0.446707,-0.004906,-0.904466,-1.451892,0.269748
651.000000,0.467721,0.241156,-0.814175,-1.437427,0.131357
652.000000,0.365364,0.230277,-0.731052,-1.439546,-0.008991
653.000000,0.097936,0.111455,-0.681627,-1.453621,-0.743002
654.000000,-0.242758,0.053889,-0.679535,-1.439620,-0.716731
655.000000,-0.247802,0.255059,-0.639455,-1.393860,0.457119
656.000000,-0.442156,0.197676,-0.650975,-1.349740,-0.408052
657.000000,-0.474540,0.077969,-0.617774,-1.294388,-0.061543
658.000000,-0.117512,0.017507,-0.497179,-1.208775,0.372511
659.000000,0.426830,0.084433,-0.287720,-1.088073,0.996503
660.000000,0.676606,0.305661,0.098142,-0.941284,1.241094
661.000000,1.500268,0.836709,0.584358,-0.766703,2.128071
662.000000,2.188108,1.430074,0.880848,-0.555947,2.220419
663.000000,2.474050,1.980552,1.123617,-0.342658,1.728134
664.000000,2.214148,2.130741,1.299552,-0.238444,0.530959
665.000000,1.403739,1.606198,1.284163,-0.289901,-1.460247
666.000000,0.339899,1.251938,1.046259,-0.382362,-1.577156
667.000000,-0.680749,0.942052,0.750682,-0.427123,-1.193921
668.000000,-1.376396,0.684010,0.520234,-0.357110,-0.712356
669.000000,-1.788563,0.172472,0.181832,-0.300762,-1.122112
670.000000,-1.702817,-0.466569,-0.130621,-0.099849,-1.299208
671.000000,-2.000496,-1.843147,-0.722492,-0.207337,-2.623657
672.000000,-1.998695,-2.665248,-1.031078,-0.534779,-1.390680
673.000000,-2.082024,-3.011635,-1.237977,-0.987007,-1.441640
674.000000,-2.076087,-2.989165,-1.481150,-1.410238,-1.565777
675.000000,-1.964967,-2.632896,-1.804605,-1.586212,-1.194157
676.000000,-1.612662,-2.357860,-1.958410,-1.937899,-1.206793
677.000000,-1.631970,-2.244888,-2.166923,-2.374341,-1.556989
678.000000,-1.582336,-2.173786,-2.293682,-2.597300,-1.314091
679.000000,-1.538684,-2.089983,-2.429479,-2.710348,-1.435267
680.000000,-1.369110,-1.899052,-2.382436,-2.554781,-0.483853
681.000000,-1.177161,-1.585345,-2.392245,-2.384810,-0.354437
682.000000,-0.888813,-1.424328,-2.390091,-2.219418,-0.268197
683.000000,-0.797021,-1.347105,-2.403391,-2.107822,-0.904699
684.000000,-0.712380,-1.277068,-2.331134,-2.038224,-1.065779
685.000000,-0.987584,-1.334597,-2.196251,-2.118658,-1.633773
686.000000,-1.254212,-1.371919,-2.070494,-2.109360,-1.508232
687.000000,-1.534098,-1.375787,-1.999849,-2.122057,-1.573039
688.000000,-1.677805,-1.418204,-1.978411,-2.152535,-1.632914
689.000000,-1.950188,-1.553872,-2.006765,-2.267804,-2.331146
690.000000,-2.077369,-1.778974,-2.032729,-2.352636,-2.267185
691.000000,-2.138516,-1.936740,-1.965565,-2.410172,-1.936425
692.000000,-2.156651,-2.053031,-1.955198,-2.434636,-1.782114
693.000000,-2.156466,-2.088118,-1.933960,-2.419468,-1.681802
694.000000,-1.842902,-2.014094,-1.845224,-2.305427,-0.679727
695.000000,-1.549327,-1.915164,-1.800203,-2.157313,-0.873477
696.000000,-1.204779,-1.790186,-1.728025,-2.006776,-0.366391
697.000000,-0.803937,-1.634041,-1.621907,-1.878135,0.016831
698.000000,-0.457828,-1.499287,-1.549339,-1.797212,-0.154037
699.000000,-0.329005,-1.262337,-1.471888,-1.715580,-0.077648
700.000000,-0.252474,-1.057902,-1.479921,-1.667848,-0.573359
701.000000,-0.405307,-0.933502,-1.520389,-1.602989,-1.076282
702.000000,-0.539522,-0.767544,-1.535949,-1.562761,-0.555825
703.000000,-0.554316,-0.571814,-1.501491,-1.509218,-0.191578
704.000000,-0.594387,-0.519832,-1.466108,-1.456224,-0.233256
705.000000,-0.536268,-0.446612,-1.403731,-1.425421,-0.300063
706.000000,-0.441563,-0.489899,-1.373324,-1.411245,-0.685606
707.000000,-0.213172,-0.448889,-1.275484,-1.340092,0.482180
708.000000,-0.563204,-0.657582,-1.297276,-1.364624,-1.688271
709.000000,-0.737144,-0.784017,-1.208362,-1.353209,-0.934469
710.000000,-0.753251,-0.761620,-1.072527,-1.360345,-0.312155
711.000000,-0.508083,-0.571260,-0.911220,-1.349382,0.496133
712.000000,-0.334687,-0.330724,-0.696662,-1.316477,1.547565
713.000000,0.384832,-0.184995,-0.504015,-1.280234,1.103877
714.000000,1.081845,0.026462,-0.381955,-1.236012,1.355694
715.000000,1.607200,0.285562,-0.224416,-1.165644,1.244263
716.000000,1.832745,0.691135,-0.099864,-1.101516,1.219880
717.000000,1.578621,0.817010,-0.045309,-1.050954,0.725055
718.000000,1.325670,1.472953,0.000999,-1.012660,0.267945
719.000000,0.951945,1.860699,0.016650,-0.903439,0.021213
720.000000,0.677637,1.958630,0.153904,-0.743451,0.245609
721.000000,0.511400,1.852728,0.484892,-0.552437,0.672194
722.000000,0.269891,1.409533,0.625404,-0.393120,-0.239960
723.000000,-0.172556,0.940778,0.514289,-0.295376,-1.479890
724.000000,-0.342324,0.596341,0.535732,-0.259538,-0.475497
725.000000,-0.403564,0.372289,0.662136,-0.139128,0.196328
726.000000,-0.532996,0.160205,0.911157,-0.061715,0.405759
727.000000,-0.163437,0.150629,0.940340,0.004644,0.869866
728.000000,0.831397,0.443832,1.592952,0.179216,1.484671
729.000000,1.609916,0.975562,2.035551,0.432744,1.901706
730.000000,2.048052,1.408644,2.203592,0.824336,1.775575
731.000000,2.388535,1.777767,2.221896,1.416945,2.058458
732.000000,2.457765,2.191735,2.082616,1.837053,1.763794
733.000000,2.181774,2.470946,1.945181,1.989310,0.902254
734.000000,1.903752,2.503310,1.831915,2.102760,0.995275
735.000000,1.581542,2.344636,1.704680,2.110174,0.568878
736.000000,1.011535,2.070118,1.510384,2.045012,-0.264725
737.000000,0.638986,1.885374,1.458256,1.881966,0.285101
738.000000,0.342152,1.589838,1.429766,1.971561,-0.348230
739.000000,-0.024681,1.262325,1.431916,1.935513,-0.505148
740.000000,-0.871126,0.591790,1.126076,1.659073,-2.732594
741.000000,-1.426109,-0.172615,0.769724,1.366596,-2.222473
742.000000,-2.184706,-1.060847,0.404477,0.944345,-2.500085
743.000000,-2.590601,-1.801414,0.111917,0.541432,-2.494740
744.000000,-2.716476,-2.331109,-0.278263,0.123191,-2.060517
745.000000,-2.196611,-2.361590,-0.462813,-0.119738,-0.673011
746.000000,-2.040175,-2.390757,-0.886481,-0.533344,-1.548094
747.000000,-1.963881,-2.539900,-1.501393,-1.028564,-2.058577
748.000000,-1.706923,-2.456177,-1.955026,-1.355296,-1.327628
749.000000,-1.514612,-2.361575,-2.333473,-1.607092,-1.203580
750.000000,-1.492370,-2.063960,-2.479751,-1.745160,-0.717392
751.000000,-1.316355,-1.857528,-2.571865,-1.880518,-0.749280
752.000000,-1.044985,-1.649284,-2.585160,-1.898374,-0.792190
753.000000,-0.890441,-1.423646,-2.482505,-1.782914,-0.625095
754.000000,-0.802478,-1.271682,-2.419063,-1.785888,-0.805120
755.000000,-0.855997,-1.291171,-2.344850,-1.851828,-0.973812
756.000000,-0.855431,-1.194859,-2.206997,-1.882264,-0.763020
757.000000,-0.920446,-1.083219,-2.157094,-1.969067,-1.107431
758.000000,-1.101325,-1.098790,-2.115300,-2.103211,-1.477258
759.000000,-1.311627,-1.165725,-2.102771,-2.247118,-1.789355
760.000000,-1.509038,-1.297443,-2.015178,-2.342443,-1.897332
761.000000,-1.746184,-1.419085,-1.960188,-2.410727,-1.917650
762.000000,-1.891460,-1.519223,-1.886728,-2.426184,-1.831241
763.000000,-2.036390,-1.681972,-1.843022,-2.416752,-2.177462
764.000000,-1.995219,-1.757547,-1.780839,-2.364994,-1.591151
765.000000,-2.039627,-1.875775,-1.830861,-2.336144,-2.098590
766.000000,-2.070859,-2.011983,-1.833074,-2.285376,-2.068310
767.000000,-2.014419,-2.055676,-1.775263,-2.230115,-1.572668
768.000000,-1.809537,-2.022756,-1.739196,-2.154449,-1.174761
769.000000,-1.718350,-1.955833,-1.712617,-2.091096,-1.094765
770.000000,-1.503794,-1.870529,-1.714100,-1.988431,-1.067884
771.000000,-1.240280,-1.761208,-1.703762,-1.901789,-0.872267
772.000000,-1.119088,-1.676509,-1.703457,-1.819938,-1.047716
773.000000,-1.081589,-1.542811,-1.714651,-1.739552,-1.026002
774.000000,-0.991333,-1.438063,-1.698575,-1.662111,-0.676083
775.000000,-0.870436,-1.258784,-1.670510,-1.629615,-0.492470
776.000000,-0.866823,-1.114483,-1.677694,-1.586293,-0.866877
777.000000,-0.738713,-0.983107,-1.642520,-1.510474,-0.442893
778.000000,-0.477245,-0.830181,-1.554393,-1.441895,0.233306
779.000000,-0.335749,-0.714334,-1.463706,-1.392775,0.000996
780.000000,-0.296917,-0.633344,-1.385297,-1.378053,-0.312091
781.000000,-0.107071,-0.541914,-1.291092,-1.355051,0.022607
782.000000,-0.073576,-0.461981,-1.222169,-1.347265,-0.350785
783.000000,-0.340662,-0.447529,-1.160909,-1.374290,-1.114042
784.000000,-0.481961,-0.431778,-1.117035,-1.384968,-0.617209
785.000000,-0.420947,-0.377554,-1.002061,-1.375553,0.148802
786.000000,-0.283179,-0.191579,-0.844920,-1.362861,1.188793
787.000000,0.119555,-0.003344,-0.700205,-1.331746,1.850520
788.000000,1.104048,0.168271,-0.550680,-1.271916,2.470140
789.000000,2.377775,0.586096,-0.331065,-1.160741,3.194754
790.000000,3.123692,1.236497,-0.059364,-1.021639,2.958044
791.000000,3.203227,1.913492,0.247891,-0.857975,2.669806
792.000000,3.066081,2.558164,0.633588,-0.674249,2.394768
793.000000,2.915875,3.010100,1.107021,-0.403271,2.434688
794.000000,2.670707,3.076476,1.575053,-0.125059,2.231267
795.000000,2.497369,2.976369,1.983018,0.283480,2.230458
796.000000,2.370245,2.819122,2.319319,0.778923,2.146190
797.000000,2.242530,2.655076,2.460585,1.242502,1.869624
798.000000,2.143481,2.531554,2.480108,1.676752,1.981854
799.000000,2.010015,2.349567,2.441972,1.988003,1.629826
800.000000,1.847414,2.182533,2.390396,2.192570,1.453870
801.000000,1.687067,2.039052,2.306957,2.288348,1.352923
802.000000,1.560255,1.915432,2.242019,2.327853,1.241296
803.000000,1.508146,1.847271,2.252112,2.370355,1.695529
804.000000,1.519281,1.794061,2.232207,2.355171,1.671188
805.000000,1.583309,1.751071,2.198910,2.322672,1.756186
806.000000,1.722394,1.746714,2.173246,2.323353,2.014532
807.000000,1.872306,1.765506,2.147388,2.295588,2.001849
808.000000,1.908872,1.761450,2.111526,2.237082,1.900238
809.000000,1.905950,1.766100,2.048563,2.184155,1.710663
810.000000,1.859202,1.769210,1.983620,2.140180,1.569145
811.000000,1.719227,1.753232,1.913209,2.079169,1.322877
812.000000,1.571734,1.740723,1.851635,2.034104,1.252762
813.000000,1.458887,1.700229,1.796697,2.015855,1.335453
814.000000,1.375584,1.661423,1.749455,1.988574,1.306647
815.000000,1.310087,1.612722,1.700966,1.952490,1.259443
816.000000,1.331329,1.555779,1.665785,1.919917,1.441667
817.000000,1.404549,1.512759,1.650484,1.895953,1.618550
818.000000,1.442760,1.468718,1.625383,1.866778,1.516283
819.000000,1.442200,1.422844,1.605204,1.820478,1.276194
820.000000,1.457147,1.394733,1.595360,1.778579,1.309714
821.000000,1.385624,1.374784,1.580782,1.733982,1.065957
822.000000,1.301535,1.376434,1.578484,1.700314,1.210994
823.000000,1.242027,1.369381,1.556635,1.665986,1.232478
824.000000,1.251550,1.374088,1.540125,1.639198,1.325701
825.000000,1.280534,1.396787,1.524773,1.615517,1.458438
826.000000,1.322682,1.379121,1.485993,1.587560,1.254820
827.000000,1.326974,1.337005,1.444177,1.566391,1.218884
828.000000,1.385625,1.334705,1.418474,1.549912,1.517011
829.000000,1.413681,1.354900,1.401211,1.542887,1.461127
830.000000,1.368117,1.349406,1.383121,1.535763,1.225887
831.000000,1.341051,1.359732,1.376712,1.529371,1.080239
832.000000,1.321699,1.353084,1.375432,1.527239,1.071147
833.000000,1.195314,1.328723,1.361543,1.505963,0.846140
834.000000,0.873692,1.212091,1.315546,1.466342,-0.393222
835.000000,0.512807,1.054784,1.266371,1.421004,-0.752540
836.000000,-0.026501,0.856514,1.182459,1.352817,-1.501525
837.000000,-0.669678,0.622022,1.076786,1.280026,-1.582227
838.000000,-1.156411,0.337575,0.988685,1.217383,-1.011053
839.000000,-1.298500,0.004692,0.912703,1.161031,-0.986954
840.000000,-1.416768,-0.379797,0.814350,1.102584,-1.305808
841.000000,-1.327362,-0.755802,0.736581,1.060705,-1.100743
842.000000,-1.207512,-1.124429,0.640936,1.023319,-1.041327
843.000000,-1.279758,-1.476794,0.514988,0.971401,-1.342388
844.000000,-1.258111,-1.551792,0.381754,0.929226,-0.893733
845.000000,-1.368930,-1.683381,0.149287,0.861734,-1.783917
846.000000,-1.521850,-1.710932,-0.119708,0.770229,-1.783902
847.000000,-1.738731,-1.760191,-0.482645,0.636063,-2.053600
848.000000,-1.869154,-1.860956,-0.983324,0.483223,-2.010149
849.000000,-1.950145,-1.879146,-1.493469,0.342996,-1.537355
850.000000,-1.931669,-1.893537,-1.977790,0.150375,-1.781244
851.000000,-1.864921,-1.893676,-2.299476,-0.049636,-1.551860
852.000000,-1.719291,-1.875986,-2.443405,-0.304091,-1.383824
853.000000,-1.598597,-1.842657,-2.470566,-0.633057,-1.433317
854.000000,-1.361556,-1.729298,-2.272561,-0.939063,-0.425964
855.000000,-1.076291,-1.558765,-2.085527,-1.300548,-0.360249
856.000000,-0.886061,-1.431470,-1.915238,-1.669769,-0.601316
857.000000,-0.650960,-1.245666,-1.741935,-1.935914,-0.225377
858.000000,-0.379488,-1.061310,-1.621633,-2.139591,-0.161570
859.000000,-0.296910,-0.912704,-1.512182,-2.208831,0.010597
860.000000,-0.218456,-0.730566,-1.402364,-2.178798,0.058060
861.000000,-0.097762,-0.579153,-1.328344,-2.119161,-0.095095
862.000000,-0.005996,-0.411695,-1.258117,-2.040384,0.237203
863.000000,0.245871,-0.147316,-1.151637,-1.927568,1.224754
864.000000,0.677969,0.067524,-1.044290,-1.740621,2.044543
865.000000,1.098084,0.280610,-0.907843,-1.589185,1.612553
866.000000,1.425740,0.525343,-0.788322,-1.446801,0.989857
867.000000,1.446268,0.665055,-0.665209,-1.339389,0.318376
868.000000,1.227773,0.802475,-0.528123,-1.271046,0.298752
869.000000,0.916481,0.956890,-0.393996,-1.196628,0.690296
870.000000,0.586808,1.028582,-0.238603,-1.130683,0.197297
871.000000,0.477475,1.155528,-0.059452,-1.070340,0.529199
872.000000,0.657103,1.281584,0.171124,-0.998483,1.072623
873.000000,0.799426,1.234444,0.452101,-0.919845,0.896866
874.000000,0.909185,1.109142,0.664657,-0.859391,1.147921
875.000000,1.142158,1.050718,0.920849,-0.732845,1.219231
876.000000,0.334819,0.491369,0.867337,-0.809959,-2.529314
877.000000,-1.047760,-0.260979,0.473597,-0.976064,-3.387999
878.000000,-1.868344,-0.747314,0.161183,-1.041467,-2.038235
879.000000,-2.397465,-1.150813,-0.156492,-1.110152,-1.470594
880.000000,-2.646526,-1.362821,-0.414319,-1.090990,-1.014666
881.000000,-2.224956,-1.572653,-0.617667,-1.080125,-0.907334
882.000000,-1.728688,-1.909567,-0.981361,-1.158276,-1.392775
883.000000,-1.459808,-2.097297,-1.347454,-1.158551,-0.994747
884.000000,-1.259320,-2.214189,-1.711296,-1.332781,-0.722197
885.000000,-1.033634,-2.206938,-1.850474,-1.437482,-0.152594
886.000000,-0.791575,-1.812841,-1.854924,-1.440945,0.057253
887.000000,-0.392927,-1.273369,-1.755451,-1.502481,0.220701
888.000000,-0.089850,-0.928036,-1.665752,-1.547702,0.236509
889.000000,0.165486,-0.657728,-1.613534,-1.572121,0.306217
890.000000,0.330825,-0.427424,-1.489189,-1.491078,0.513205
891.000000,0.536551,-0.157259,-1.352563,-1.200087,0.878984
892.000000,0.744235,0.218484,-1.250657,-0.894823,1.046488
893.000000,1.096056,0.633450,-1.043746,-0.541929,1.624882
894.000000,1.372030,0.976387,-0.895560,-0.414154,1.459551
895.000000,1.728373,1.323403,-0.652916,0.055709,2.021012
896.000000,2.012543,1.652133,0.022756,0.796467,2.150818
897.000000,2.162072,1.884149,0.855479,1.609414,1.917608
898.000000,2.151229,2.056218,1.475757,2.271656,1.818279
899.000000,2.174838,2.183893,1.952987,2.680841,1.840111
900.000000,2.064307,2.230549,2.243503,2.904967,1.685445
901.000000,1.910723,2.206227,2.408685,2.916234,1.539662
902.000000,1.738135,2.122166,2.499125,2.760775,1.205148
903.000000,1.554124,1.977922,2.485964,2.606957,1.007409
904.000000,1.390716,1.880391,2.445488,2.481956,1.079183
905.000000,1.256885,1.747695,2.361958,2.372545,1.057717
906.000000,1.133707,1.602735,2.261636,2.493369,0.992351
907.000000,1.058090,1.473907,2.152253,2.619516,0.925108
908.000000,0.971128,1.330082,2.035613,2.561692,0.635151
909.000000,0.872001,1.188048,1.935087,2.470565,0.618924
910.000000,0.750138,1.047775,1.831580,2.351577,0.443883
911.000000,0.602705,0.908449,1.719330,2.236802,0.265869
912.000000,0.413954,0.784786,1.603485,2.152527,-0.028601
913.000000,0.248859,0.670815,1.471419,2.054521,-0.230712
914.000000,0.122232,0.568211,1.378528,1.980094,0.040090
915.000000,-0.033958,0.437413,1.255379,1.881632,-0.306357
916.000000,-0.149693,0.307387,1.133096,1.796109,-0.235874
917.000000,-0.130114,0.205169,1.038103,1.733561,0.145567
918.000000,-0.238464,0.059565,0.913731,1.650714,-0.882499
919.000000,-0.494556,-0.127274,0.774604,1.572132,-1.240710
920.000000,-0.695697,-0.315704,0.639266,1.499785,-1.283186
921.000000,-0.948392,-0.509049,0.504803,1.423438,-1.290531
922.000000,-1.447892,-0.736179,0.368170,1.334912,-1.835312
923.000000,-1.684996,-0.974617,0.227363,1.223575,-1.847470
924.000000,-1.839126,-1.311489,0.043005,1.121790,-1.937293
925.000000,-1.891457,-1.558733,-0.179315,0.993853,-1.698276
926.000000,-1.863170,-1.734754,-0.439675,0.853064,-1.444477
927.000000,-1.575842,-1.794467,-0.684232,0.741472,-0.598805
928.000000,-1.615343,-1.859184,-1.036007,0.558633,-2.032638
929.000000,-1.924912,-2.028775,-1.537137,0.273928,-3.075147
930.000000,-2.066490,-2.068390,-1.906046,-0.006829,-2.242556
931.000000,-2.298442,-2.150288,-2.184929,-0.348906,-2.470414
932.000000,-2.616831,-2.205045,-2.323859,-0.725185,-2.479007
933.000000,-2.577638,-2.211623,-2.336414,-1.109033,-2.109344
934.000000,-2.386492,-2.231436,-2.350032,-1.553743,-2.171998
935.000000,-2.329268,-2.254804,-2.313744,-1.986843,-2.066758
936.000000,-2.232491,-2.286761,-2.282897,-2.306228,-2.027932
937.000000,-2.055071,-2.314431,-2.242294,-2.428129,-1.633553
938.000000,-1.894010,-2.214027,-2.147107,-2.409216,-1.342611
939.000000,-1.756796,-2.061512,-2.077103,-2.367032,-1.483511
940.000000,-1.652247,-1.988180,-2.032387,-2.304206,-1.541154
941.000000,-1.484792,-1.864418,-1.979841,-2.210200,-1.209553
942.000000,-1.392388,-1.739147,-1.924432,-2.114404,-1.184546
943.000000,-1.384155,-1.660754,-1.885140,-2.035905,-1.305571
944.000000,-1.293167,-1.548531,-1.834384,-1.969684,-1.037756
945.000000,-1.179073,-1.440504,-1.793273,-1.901950,-0.982268
946.000000,-1.117216,-1.326743,-1.759966,-1.846641,-0.900597
947.000000,-1.010715,-1.228776,-1.742767,-1.802062,-0.637454
948.000000,-0.815041,-1.132988,-1.670403,-1.730463,-0.319207
949.000000,-0.729388,-1.049942,-1.575804,-1.678868,-0.624531
950.000000,-0.690725,-0.976050,-1.523448,-1.646924,-0.829473
951.000000,-0.673117,-0.939575,-1.461759,-1.624913,-0.855230
952.000000,-0.713748,-0.902559,-1.394408,-1.599235,-0.834162
953.000000,-0.824974,-0.844159,-1.340200,-1.576276,-0.793782
954.000000,-0.862775,-0.813351,-1.277555,-1.554717,-0.751512
955.000000,-0.771288,-0.751282,-1.200486,-1.529686,-0.298044
956.000000,-0.685150,-0.705093,-1.125162,-1.516780,-0.381726
957.000000,-0.418033,-0.620750,-1.042555,-1.508152,0.964509
958.000000,-0.094435,-0.581784,-0.979435,-1.471102,1.235235
959.000000,0.427699,-0.457226,-0.891411,-1.393435,1.689660
960.000000,1.294759,-0.177377,-0.761607,-1.322622,3.014374
961.000000,0.727211,-0.360770,-0.816259,-1.337906,-3.508038
962.000000,-1.263855,-0.707061,-0.901970,-1.357148,-3.317086
963.000000,-3.196105,-1.278578,-1.002234,-1.394824,-3.036832
964.000000,-3.776862,-1.902130,-1.103113,-1.402516,-2.094213
965.000000,-3.865327,-2.762352,-1.231320,-1.412935,-2.048263
966.000000,-3.120890,-3.216437,-1.365932,-1.411192,-1.748508
967.000000,-2.585318,-3.360121,-1.530934,-1.424820,-1.577226
968.000000,-2.147804,-3.259398,-1.732940,-1.450977,-1.423975
969.000000,-1.863345,-3.097704,-1.861868,-1.451109,-1.060757
970.000000,-1.526055,-2.957273,-1.911908,-1.426713,-0.681666
971.000000,-1.157025,-2.402489,-1.892239,-1.400310,-0.178522
972.000000,-0.726260,-1.891141,-1.815212,-1.352811,0.280863
973.000000,-0.168903,-1.344993,-1.655782,-1.259155,0.927401
974.000000,0.230522,-0.978759,-1.535553,-1.200879,0.597033
975.000000,0.538905,-0.614479,-1.457039,-1.144587,0.587944
976.000000,0.806383,-0.223841,-1.314791,-1.069155,0.930874
977.000000,0.844245,0.080902,-1.318741,-1.044151,0.452586
978.000000,0.779127,0.405662,-1.289512,-1.034700,0.657814
979.000000,0.713869,0.626549,-1.328572,-1.023521,0.319517
980.000000,0.715532,0.831317,-1.390427,-0.969004,0.592848
981.000000,0.672256,0.977893,-1.064199,-0.889718,0.757621
982.000000,0.788557,1.075899,-0.674154,-0.783506,0.932889
983.000000,0.856057,1.073051,-0.243097,-0.663489,0.939237
984.000000,0.885983,1.045879,0.058221,-0.584589,0.469532
985.000000,0.886247,1.043375,0.410190,-0.525004,0.611325
986.000000,0.807342,0.961077,0.725845,-0.470426,0.435840
987.000000,0.701463,0.962741,1.046795,-0.504510,0.489009
988.000000,0.747456,1.032598,1.449879,-0.433111,1.137679
989.000000,1.016437,1.218841,1.852496,-0.298916,1.580355
990.000000,1.233276,1.347117,2.159546,-0.263168,1.507442
991.000000,1.576292,1.507433,2.369138,0.677749,1.971120
992.000000,1.764582,1.564989,2.382643,1.910622,1.636398
993.000000,1.809932,1.613388,2.296227,3.035292,1.740708
994.000000,1.826021,1.733183,2.261463,3.461467,1.937981
995.000000,1.933036,1.829806,2.229593,3.488235,2.051062
996.000000,1.866450,1.880176,2.128197,3.294448,1.649257
997.000000,1.799275,1.883223,2.048260,3.063759,1.279612
998.000000,1.714664,1.836178,1.968001,2.873645,1.276672
999.000000,1.593549,1.774594,1.927071,2.703759,1.307420
1000.000000,1.525464,1.804172,1.904968,2.577019,1.773161
1001.000000,1.620108,1.818819,1.900026,2.468960,2.102105
1002.000000,1.762229,1.851985,1.878386,2.350656,1.909150
1003.000000,1.879128,1.862177,1.860498,2.224127,1.860708
1004.000000,1.987775,1.853487,1.878902,2.146809,1.914269
1005.000000,1.945062,1.798322,1.875141,2.072186,1.650506
1006.000000,1.829096,1.777149,1.878527,1.992820,1.565773
1007.000000,1.696404,1.762751,1.868281,1.935242,1.285808
1008.000000,1.591044,1.754711,1.838167,1.884400,1.344215
1009.000000,1.521740,1.768981,1.812141,1.866503,1.567955
1010.000000,1.496536,1.738971,1.805311,1.840571,1.532186
1011.000000,1.471682,1.672177,1.769682,1.809682,1.445712
1012.000000,1.374103,1.557405,1.716696,1.750524,0.795496
1013.000000,1.312631,1.474621,1.673555,1.708896,1.026155
1014.000000,1.174816,1.372042,1.614162,1.683908,0.871192
1015.000000,1.052972,1.302756,1.553982,1.662013,0.939131
1016.000000,0.961110,1.251607,1.522794,1.654232,1.047061
1017.000000,1.031424,1.238084,1.516563,1.653117,1.151636
1018.000000,1.067128,1.223354,1.513522,1.638399,1.222802
1019.000000,1.110748,1.164248,1.501524,1.611450,1.019381
1020.000000,1.151608,1.108340,1.470093,1.600264,1.067735
1021.000000,1.207537,1.076388,1.429113,1.577394,1.296294
1022.000000,1.311985,1.164459,1.408327,1.575594,1.656362
1023.000000,1.444244,1.247209,1.395685,1.574109,1.836827
1024.000000,0.858122,1.024868,1.245784,1.477380,-1.918483
1025.000000,0.049801,0.696614,1.083342,1.360479,-2.349619
1026.000000,-0.671882,0.408964,0.956578,1.284990,-1.477690
1027.000000,-1.510202,0.068663,0.843202,1.226931,-1.507331
1028.000000,-2.337892,-0.361192,0.707015,1.165451,-1.702563
1029.000000,-2.356486,-0.903222,0.509255,1.089215,-2.108249
1030.000000,-2.139334,-1.418175,0.309241,1.007045,-1.598534
1031.000000,-2.134802,-1.971437,0.067419,0.896835,-1.661334
1032.000000,-2.045384,-2.404306,-0.135009,0.791718,-1.410156
1033.000000,-1.881196,-2.650548,-0.399240,0.680829,-1.232739
1034.000000,-1.631822,-2.381379,-0.685142,0.550444,-1.132844
1035.000000,-1.478151,-2.082850,-1.007779,0.421239,-1.000062
1036.000000,-1.272336,-1.899588,-1.329093,0.284657,-0.792893
1037.000000,-1.137914,-1.748508,-1.635208,0.140590,-0.836994
1038.000000,-0.956743,-1.550088,-1.835807,-0.012255,-0.445447
1039.000000,-0.804739,-1.333075,-1.947070,-0.228864,-0.462188
1040.000000,-0.655399,-1.171365,-1.984177,-0.480674,-0.336063
1041.000000,-0.454269,-0.953797,-1.960922,-0.725926,0.117072
1042.000000,-0.187838,-0.741360,-1.930055,-0.892288,0.339946
1043.000000,-0.008956,-0.551083,-1.907488,-1.114779,0.335407
1044.000000,0.160595,-0.379622,-1.653546,-1.317304,0.255712
1045.000000,0.261909,-0.242738,-1.411249,-1.519890,0.079096
1046.000000,0.247579,-0.133955,-1.261530,-1.673094,0.043174
1047.000000,0.167086,-0.020902,-1.133280,-1.767526,-0.015111
1048.000000,0.087328,0.042499,-1.004927,-1.816692,-0.007076
1049.000000,0.038994,0.120512,-0.848143,-1.812178,0.061644
1050.000000,-0.052473,0.137507,-0.759786,-1.836692,-0.326980
1051.000000,-0.144879,0.085312,-0.663256,-1.875564,-0.350467
1052.000000,-0.178903,0.022799,-0.569397,-1.924559,-0.111659
1053.000000,-0.181733,-0.023139,-0.475806,-1.985036,0.160289
1054.000000,-0.107174,-0.018598,-0.352108,-1.768212,0.635893
1055.000000,0.173903,0.037668,-0.214915,-1.525976,0.773390
1056.000000,0.519466,0.136062,-0.068936,-1.367186,0.947468
1057.000000,0.632484,0.197792,0.081203,-1.246432,0.370762
1058.000000,0.259709,0.008336,0.057626,-1.201135,-1.553756
1059.000000,-0.249449,-0.220551,0.028121,-1.119675,-1.609921
1060.000000,-0.793050,-0.346681,-0.036339,-1.080718,-1.537155
1061.000000,-1.456691,-0.512289,-0.265667,-1.039532,-1.829461
1062.000000,-2.076356,-0.826735,-0.690159,-1.052132,-2.300057
1063.000000,-2.194473,-1.216441,-1.185122,-1.082236,-2.135656
1064.000000,-2.252300,-1.667153,-1.684961,-1.122610,-2.027514
1065.000000,-2.277314,-2.050390,-2.069097,-1.178652,-1.902550
1066.000000,-2.205971,-2.342551,-2.314045,-1.260064,-1.749020
1067.000000,-1.964975,-2.419979,-2.364458,-1.299930,-1.312940
1068.000000,-1.805071,-2.294763,-2.385267,-1.423025,-1.459105
1069.000000,-1.589947,-2.128550,-2.333103,-1.499824,-1.066885
1070.000000,-1.427988,-2.004734,-2.231042,-1.597064,-1.151229
1071.000000,-1.544683,-2.015655,-2.276902,-1.875705,-2.222838
1072.000000,-1.696841,-1.957825,-2.307978,-2.144287,-2.030245
1073.000000,-1.706598,-1.858825,-2.288431,-2.311101,-1.550165
1074.000000,-1.779643,-1.773904,-2.273303,-2.418775,-1.485167
1075.000000,-1.794761,-1.685930,-2.232810,-2.444890,-1.264651
1076.000000,-1.552310,-1.595750,-2.181377,-2.420691,-1.028776
1077.000000,-1.332621,-1.551645,-2.106853,-2.369931,-0.972118
1078.000000,-1.145179,-1.464928,-1.948741,-2.286185,-0.627843
1079.000000,-0.982865,-1.432406,-1.828098,-2.215832,-0.700917
1080.000000,-0.894757,-1.410865,-1.740304,-2.123658,-0.856524
1081.000000,-0.739439,-1.212957,-1.626578,-2.001660,-0.277983
1082.000000,-0.500429,-0.983889,-1.485470,-1.882414,0.178342
1083.000000,-0.331816,-0.805207,-1.363538,-1.786113,0.195522
1084.000000,0.071313,-0.526241,-1.206422,-1.678016,1.252635
1085.000000,0.940293,-0.061349,-0.970720,-1.510873,2.908851
1086.000000,1.950547,0.557956,-0.677128,-1.317275,3.442459
1087.000000,2.725112,1.244378,-0.383196,-1.114441,3.058909
1088.000000,3.104010,1.844903,-0.056052,-0.857575,2.576440
1089.000000,3.076095,2.327438,0.283484,-0.602708,2.296482
1090.000000,2.837595,2.680598,0.703384,-0.317701,2.272861
1091.000000,2.511045,2.778559,1.238643,-0.014917,1.971945
1092.000000,2.162057,2.680686,1.676804,0.279469,1.406212
1093.000000,1.930807,2.587277,2.021325,0.614943,1.453490
1094.000000,1.701873,2.412871,2.226622,0.939943,1.177147
1095.000000,1.487527,2.191750,2.333936,1.280839,1.197541
1096.000000,1.332984,1.969059,2.364275,1.608079,1.205827
1097.000000,1.283590,1.785222,2.351789,1.869911,1.172930
1098.000000,1.150812,1.603136,2.268027,2.033702,0.815663
1099.000000,1.174652,1.504690,2.237624,2.184876,1.287455
1100.000000,1.154921,1.385221,2.191944,2.256623,1.103520
1101.000000,1.010492,1.227663,2.078803,2.268327,0.501599
1102.000000,0.744620,1.061732,1.924867,2.180325,-0.173803
1103.000000,0.590754,0.916036,1.814463,2.095017,0.015843
1104.000000,0.343786,0.810068,1.703022,2.025706,0.101488
1105.000000,0.126384,0.705397,1.565533,1.960697,0.137070
1106.000000,0.005483,0.581184,1.409169,1.887306,-0.037547
1107.000000,0.040777,0.456115,1.269725,1.826955,-0.037369
1108.000000,-0.020382,0.344741,1.135238,1.753794,-0.314125
1109.000000,0.014621,0.217528,1.042538,1.728928,0.330079
1110.000000,0.114439,0.132037,0.961515,1.731823,0.733902
1111.000000,0.355539,0.164309,0.909534,1.735517,1.188411
1112.000000,0.722072,0.348020,0.909331,1.743277,1.638584
1113.000000,1.341792,0.572261,0.922064,1.767029,2.122693
1114.000000,1.709787,0.755746,0.927326,1.745786,1.315730
1115.000000,1.952522,0.986546,0.933467,1.688707,1.294992
1116.000000,1.957209,1.304004,0.936513,1.611184,1.203627
1117.000000,1.875163,1.723419,0.965086,1.553505,1.607548
1118.000000,1.639614,2.167739,1.031874,1.501666,1.415007
1119.000000,1.792492,2.462067,1.096271,1.479431,2.030687
1120.000000,2.027920,2.586590,1.233769,1.467504,2.342572
1121.000000,2.173224,2.522118,1.462060,1.459826,2.049839
1122.000000,2.159103,2.375858,1.788441,1.477841,1.793486
1123.000000,2.178118,2.230033,2.084361,1.494740,1.800183
1124.000000,1.981030,2.128413,2.275494,1.505957,1.292689
1125.000000,1.706591,2.020224,2.384187,1.505394,1.089580
1126.000000,1.533488,1.955995,2.468132,1.511646,1.232894
1127.000000,1.181773,1.734994,2.381080,1.460017,0.137685
1128.000000,0.897992,1.596950,2.337691,1.455016,0.439163
1129.000000,0.638798,1.376261,2.182619,1.389064,0.065782
1130.000000,0.420054,1.133195,2.011382,1.336341,0.060222
1131.000000,0.140280,0.906987,1.829669,1.327831,-0.057049
1132.000000,0.213315,0.768789,1.698466,1.411036,0.503541
1133.000000,0.219915,0.622338,1.564427,1.478359,0.515764
1134.000000,0.347163,0.548417,1.502581,1.546751,0.702913
1135.000000,0.338529,0.418418,1.399742,1.568964,-0.067811
1136.000000,0.452075,0.307138,1.340950,1.628275,0.392281
1137.000000,0.452637,0.346271,1.274850,1.689298,0.511495
1138.000000,0.361709,0.303787,1.202100,1.746996,0.003090
1139.000000,0.245103,0.336292,1.107871,1.765209,0.249810
1140.000000,0.339931,0.375952,0.985984,1.750813,0.182711
1141.000000,0.289198,0.447322,0.873857,1.706880,0.147177
1142.000000,0.457806,0.529986,0.815693,1.674755,1.315004
1143.000000,0.860542,0.649716,0.754029,1.622166,1.463942
1144.000000,1.357228,0.843033,0.765748,1.631612,2.035663
1145.000000,1.044169,0.832275,0.647410,1.534526,-1.008181
1146.000000,0.878818,0.770123,0.525654,1.469158,-0.519680
1147.000000,0.295834,0.563714,0.504146,1.375177,-0.915010
1148.000000,-0.285285,0.494655,0.459112,1.307027,-0.607538
1149.000000,-1.128495,0.272064,0.452187,1.191171,-0.830234
1150.000000,-2.082926,-0.945614,0.074132,0.873813,-3.693381
1151.000000,-2.792318,-2.002705,-0.448033,0.542225,-3.075539
1152.000000,-3.053975,-2.819881,-1.319794,0.195459,-2.599409
1153.000000,-3.220202,-3.228447,-2.361935,-0.220679,-2.500641
1154.000000,-3.188044,-3.360816,-3.104761,-0.619130,-2.192829
1155.000000,-2.767942,-3.138211,-3.227496,-1.024767,-2.058175
1156.000000,-2.408927,-2.960124,-3.119784,-1.397749,-1.613667
1157.000000,-2.123022,-2.774017,-2.967393,-1.606877,-1.420148
1158.000000,-1.853202,-2.638858,-2.781033,-1.802198,-1.301409
1159.000000,-1.735141,-2.562373,-2.704512,-1.973517,-1.659792
1160.000000,-1.706458,-2.350414,-2.666835,-2.139407,-1.909561
1161.000000,-1.740315,-2.184645,-2.611361,-2.230275,-1.794382
1162.000000,-1.713600,-2.019648,-2.551945,-2.264801,-1.389789
1163.000000,-1.699197,-1.872952,-2.495312,-2.260517,-1.341455
1164.000000,-1.583600,-1.740823,-2.444092,-2.229349,-1.152766
1165.000000,-1.468729,-1.653663,-2.332054,-2.174914,-1.351864
1166.000000,-1.388583,-1.618061,-2.262318,-2.149429,-1.402421
1167.000000,-1.418000,-1.617945,-2.207059,-2.137943,-1.532108
1168.000000,-1.401143,-1.598463,-2.149198,-2.091650,-1.274622
1169.000000,-1.423723,-1.551532,-2.096156,-2.060020,-1.285000
1170.000000,-1.412131,-1.485738,-1.972158,-2.033292,-1.303742
1171.000000,-1.352167,-1.411910,-1.858826,-1.997760,-1.113497
1172.000000,-1.260210,-1.376890,-1.766818,-1.984848,-1.085455
1173.000000,-1.217126,-1.345481,-1.681255,-1.973747,-1.060975
1174.000000,-1.148393,-1.322493,-1.604590,-1.968768,-0.937927
1175.000000,-0.999415,-1.247074,-1.517455,-1.901192,-0.522534
1176.000000,-0.837465,-1.145304,-1.443154,-1.844917,-0.219715
1177.000000,-0.689957,-1.037231,-1.390182,-1.798716,-0.342152
1178.000000,-0.584205,-0.980783,-1.358819,-1.776169,-0.666048
1179.000000,-0.543339,-0.937214,-1.320902,-1.761487,-1.003274
1180.000000,-0.473022,-0.828535,-1.244912,-1.671433,-0.056978
1181.000000,-0.407663,-0.707858,-1.163497,-1.583236,0.361299
1182.000000,-0.110022,-0.511853,-1.084831,-1.491718,1.196331
1183.000000,0.321770,-0.286167,-1.009624,-1.404052,1.076043
1184.000000,0.780215,-0.062033,-0.949927,-1.328953,0.877361
1185.000000,0.802813,0.030974,-0.898376,-1.274236,-0.074559
1186.000000,0.671038,0.046992,-0.845879,-1.240514,-0.336593
1187.000000,0.356973,0.104094,-0.771375,-1.214106,-0.200901
1188.000000,0.007486,0.207839,-0.719320,-1.197523,-0.388512
1189.000000,-0.125875,0.455213,-0.629778,-1.151087,0.585729
1190.000000,0.265597,0.683015,-0.485492,-1.072559,1.523680
1191.000000,0.964253,0.947709,-0.303701,-0.980671,2.084755
1192.000000,1.945810,1.285056,-0.004948,-0.876523,2.998900
1193.000000,2.616996,1.611276,0.370634,-0.768054,2.547337
1194.000000,2.919578,2.007080,0.860056,-0.645800,2.640681
1195.000000,2.929432,2.429484,1.398986,-0.482601,2.447191
1196.000000,2.769522,2.643679,1.888807,-0.290151,2.075297
1197.000000,2.517840,2.719211,2.308826,-0.027590,2.070023
1198.000000,2.358523,2.735835,2.566025,0.276537,1.980916
1199.000000,2.095396,2.601471,2.598472,0.622687,1.451816
1200.000000,1.799001,2.397251,2.462791,1.013474,1.022365
1201.000000,1.528166,2.177147,2.290636,1.404776,0.730205
1202.000000,1.155067,1.877118,2.060210,1.727781,0.192850
1203.000000,0.776000,1.638320,1.881912,1.961316,0.140828
1204.000000,0.483543,1.397190,1.744840,2.051594,0.078691
1205.000000,0.334280,1.196520,1.698810,2.051114,0.367032
1206.000000,0.158329,0.978610,1.643208,1.951088,-0.057031
1207.000000,0.079955,0.732920,1.585986,1.854228,-0.174500
1208.000000,0.021414,0.480803,1.552359,1.790247,-0.132119
1209.000000,0.015004,0.302954,1.510574,1.759277,0.055438
1210.000000,0.136514,0.278768,1.499460,1.742634,0.999349
1211.000000,0.357744,0.291246,1.464724,1.708447,0.943325
1212.000000,-0.325462,-0.126213,1.132861,1.414356,-2.839597
1213.000000,-1.122796,-0.613087,0.785696,1.131985,-2.751667
1214.000000,-1.820690,-1.067247,0.415807,0.887868,-2.331982
1215.000000,-2.475640,-1.530040,0.014008,0.695003,-2.129376
1216.000000,-2.822655,-1.868981,-0.403805,0.521494,-1.936251
1217.000000,-2.454069,-2.067903,-0.830671,0.373126,-1.549756
1218.000000,-2.125178,-2.197043,-1.278799,0.233575,-1.422882
1219.000000,-1.911326,-2.296627,-1.686135,0.030387,-1.457526
1220.000000,-1.714915,-2.395692,-1.986781,-0.229547,-1.316887
1221.000000,-1.555886,-2.429584,-2.184448,-0.565001,-1.278065
1222.000000,-1.480194,-2.175992,-2.258364,-1.031937,-1.279656
1223.000000,-1.412236,-1.941574,-2.262404,-1.508261,-1.172333
1224.000000,-1.327306,-1.756296,-2.223479,-1.980305,-1.099869
1225.000000,-1.276639,-1.605485,-2.188805,-2.347429,-1.102180
1226.000000,-1.231692,-1.482286,-2.122766,-2.539872,-1.073385
1227.000000,-1.189245,-1.409270,-2.056467,-2.611610,-1.082330
1228.000000,-1.146900,-1.345104,-1.990378,-2.591955,-0.962406
1229.000000,-1.079948,-1.263249,-1.928011,-2.491783,-0.753749
1230.000000,-0.940000,-1.166922,-1.886883,-2.348494,-0.391814
1231.000000,-0.796502,-1.076757,-1.849602,-2.217509,-0.367604
1232.000000,-0.532181,-0.934062,-1.650924,-2.054931,0.164222
1233.000000,-0.337044,-0.826856,-1.482434,-1.941349,-0.097218
1234.000000,-0.138780,-0.703266,-1.331412,-1.837130,0.116684
1235.000000,-0.097197,-0.608820,-1.216699,-1.782864,-0.239899
1236.000000,0.033188,-0.466740,-1.096601,-1.703029,0.197356
1237.000000,0.098993,-0.279534,-0.991056,-1.621510,0.500284
1238.000000,0.240351,-0.095073,-0.898853,-1.558605,0.502918
1239.000000,0.313625,0.061626,-0.811741,-1.522031,0.401123
1240.000000,0.641443,0.238102,-0.712947,-1.510200,1.116621
1241.000000,0.968101,0.456122,-0.614430,-1.510068,1.667178
1242.000000,1.261889,0.616491,-0.500577,-1.378158,1.532583
1243.000000,1.616332,0.907448,-0.362063,-1.229876,1.842305
1244.000000,1.816394,1.155038,-0.214769,-1.099848,1.464043
