0.000000,5.385165,5.385165,5.385165,5.385165,-0.028313
1.000000,3.749741,3.742398,3.738623,3.742495,-0.269611
2.000000,3.025101,3.006137,2.997859,3.002284,0.719174
3.000000,2.588477,2.559850,2.547237,2.552031,0.519623
4.000000,2.272407,2.251188,2.231655,2.236842,-0.136053
5.000000,2.042190,2.025007,1.996850,2.002558,1.369860
6.000000,1.868531,1.847978,1.810223,1.817702,1.864339
7.000000,1.718580,1.703858,1.660332,1.665580,1.825654
8.000000,1.594855,1.584301,1.536865,1.535431,1.809556
9.000000,1.490925,1.476415,1.427460,1.422029,1.456579
10.000000,1.388550,1.378940,1.331772,1.323787,1.495129
11.000000,1.291341,1.292814,1.245895,1.234799,1.354796
12.000000,1.205661,1.212658,1.168834,1.154889,1.526170
13.000000,1.134898,1.144588,1.101031,1.083073,2.040175
14.000000,1.073000,1.084930,1.040503,1.016483,1.877459
15.000000,1.018841,1.025712,0.984773,0.954714,2.031425
16.000000,0.975995,0.971171,0.933929,0.896714,2.267940
17.000000,0.929379,0.917577,0.885474,0.843405,1.832281
18.000000,0.878853,0.867391,0.840904,0.795090,1.762516
19.000000,0.833552,0.822799,0.797662,0.748130,1.743342
20.000000,0.783095,0.778432,0.753858,0.702671,1.483383
21.000000,0.728815,0.737483,0.712901,0.658811,1.446024
22.000000,0.678397,0.695835,0.670765,0.615695,1.252505
23.000000,0.624494,0.649623,0.630041,0.573545,1.048871
24.000000,0.564246,0.603154,0.592095,0.533452,0.838932
25.000000,0.505363,0.554382,0.551658,0.493694,0.729661
26.000000,0.445266,0.503253,0.513000,0.455882,0.760875
27.000000,0.384895,0.458373,0.481079,0.423612,0.652633
28.000000,0.307336,0.417316,0.471392,0.411749,-0.020281
29.000000,0.397600,0.876874,1.498024,2.013969,-0.422699
30.000000,0.156809,0.699608,1.391602,1.899178,-0.505331
31.000000,-0.169094,0.494845,1.293682,1.802422,-0.787542
32.000000,-0.462424,0.313467,1.207544,1.704057,-0.556248
33.000000,-0.967615,-0.021491,1.028122,1.557945,-2.333375
34.000000,-1.510673,-0.421696,0.836264,1.432497,-2.696514
35.000000,-2.059351,-0.896074,0.610733,1.263110,-2.666662
36.000000,-2.495565,-1.468009,0.317691,1.060616,-2.729092
37.000000,-2.787236,-1.996513,0.003742,0.849506,-2.537924
38.000000,-2.605394,-2.246782,-0.314082,0.661771,-1.954599
39.000000,-2.352010,-2.324394,-0.655271,0.497272,-1.633472
40.000000,-2.102798,-2.327350,-1.000894,0.325557,-1.466628
41.000000,-1.855417,-2.288307,-1.372460,0.138378,-1.457244
42.000000,-1.603327,-2.236997,-1.702670,-0.068703,-1.274934
43.000000,-1.437802,-2.063691,-1.954903,-0.332252,-1.155281
44.000000,-1.309863,-1.882115,-2.100741,-0.615676,-1.024651
45.000000,-1.135608,-1.671868,-2.129034,-0.906000,-0.626196
46.000000,-0.941755,-1.449006,-2.105882,-1.241143,-0.497528
47.000000,-0.799233,-1.249931,-2.060537,-1.557482,-0.567964
48.000000,-0.714198,-1.124873,-1.983388,-1.852255,-0.747578
49.000000,-0.649705,-1.029681,-1.893437,-2.073268,-0.728268
50.000000,-0.653481,-0.942945,-1.808916,-2.180360,-0.640840
51.000000,-0.708115,-0.867360,-1.736972,-2.233268,-0.757032
52.000000,-0.842106,-0.855060,-1.713794,-2.263521,-1.237154
53.000000,-0.928439,-0.848533,-1.630942,-2.240109,-1.168856
54.000000,-1.063741,-0.876823,-1.558524,-2.201919,-1.372159
55.000000,-1.225962,-0.957339,-1.487691,-2.153830,-1.373664
56.000000,-1.394048,-1.071315,-1.414703,-2.116493,-1.520160
57.000000,-1.413631,-1.161379,-1.332854,-2.065828,-1.286301
58.000000,-1.480334,-1.248841,-1.287750,-2.003396,-1.437320
59.000000,-1.526009,-1.357451,-1.267570,-1.945722,-1.554553
60.000000,-1.575893,-1.487530,-1.259331,-1.898412,-1.550480
61.000000,-1.688600,-1.655513,-1.274230,-1.870470,-2.025548
62.000000,-1.827175,-1.751071,-1.298163,-1.850089,-1.848273
63.000000,-1.824150,-1.814984,-1.316736,-1.777157,-1.322885
64.000000,-1.760709,-1.838508,-1.348691,-1.705423,-1.248479
65.000000,-1.669903,-1.844950,-1.417879,-1.635862,-1.204060
66.000000,-1.398887,-1.775165,-1.487211,-1.552982,-0.945639
67.000000,-1.184697,-1.708353,-1.545116,-1.470632,-0.889180
68.000000,-1.159247,-1.649392,-1.601170,-1.422272,-1.218176
69.000000,-1.319132,-1.664445,-1.697398,-1.413448,-1.948789
70.000000,-1.630106,-1.764567,-1.837292,-1.437894,-2.498884
71.000000,-1.862523,-1.755099,-1.928506,-1.452268,-2.056613
72.000000,-2.123725,-1.813301,-1.985838,-1.490258,-2.245130
73.000000,-2.135062,-1.817208,-1.986751,-1.507593,-1.544107
74.000000,-1.988887,-1.797905,-1.951710,-1.524790,-1.328731
75.000000,-1.762707,-1.786199,-1.919530,-1.567077,-1.354434
76.000000,-1.585442,-1.775672,-1.866352,-1.607529,-1.162129
77.000000,-1.192031,-1.685120,-1.776272,-1.608290,-0.241605
78.000000,-0.837437,-1.535747,-1.657068,-1.581599,0.316231
79.000000,-0.630098,-1.398507,-1.579919,-1.582745,-0.316868
80.000000,-0.301954,-1.160349,-1.487343,-1.575348,0.175230
81.000000,-0.037364,-0.981240,-1.392082,-1.573871,-0.092804
82.000000,-0.078302,-0.787253,-1.334180,-1.561189,-0.527282
83.000000,-0.250704,-0.654283,-1.297555,-1.549081,-0.393300
84.000000,-0.252478,-0.529540,-1.263863,-1.525015,-0.337661
85.000000,-0.297111,-0.338561,-1.216659,-1.488855,0.082678
86.000000,-0.217626,-0.129566,-1.177037,-1.438866,0.309972
87.000000,0.138024,0.016317,-1.117507,-1.382041,0.999537
88.000000,0.666876,0.181500,-1.005954,-1.294300,1.742503
89.000000,1.179427,0.491843,-0.842202,-1.202095,1.645861
90.000000,1.419040,0.653180,-0.641225,-1.131059,1.043398
91.000000,1.607300,0.889765,-0.430299,-1.027523,1.174368
92.000000,1.506275,1.119598,-0.182331,-0.951460,0.689277
93.000000,1.274537,1.328307,0.042709,-0.891716,0.794002
94.000000,1.057943,1.499135,0.284953,-0.835132,0.746657
95.000000,1.019641,1.606672,0.594918,-0.770600,0.896237
96.000000,0.840532,1.594232,0.881437,-0.743574,0.419360
97.000000,0.795893,1.497874,1.071876,-0.720022,0.495964
98.000000,0.725333,1.300367,1.196417,-0.675751,0.493156
99.000000,0.570204,1.056534,1.366958,-0.586723,0.099564
100.000000,0.445465,0.946302,1.449135,-0.373320,0.414161
101.000000,0.621093,0.931770,1.620464,-0.060229,1.283044
102.000000,0.798781,0.987797,1.784370,0.416001,1.424055
103.000000,0.838078,0.930292,1.795753,0.840269,0.590954
104.000000,1.111158,0.942030,1.825344,1.383299,1.131487
105.000000,1.350210,0.943681,1.803159,1.950046,1.230989
106.000000,1.258956,0.974504,1.724573,2.274398,0.616648
107.000000,1.140422,1.040242,1.618988,2.300908,0.885171
108.000000,1.322164,1.165990,1.485239,2.210901,1.270922
109.000000,1.275629,1.366255,1.360742,2.173420,1.020856
110.000000,0.762708,1.303915,1.208266,1.954549,-0.747981
111.000000,0.111590,0.891687,0.984763,1.732857,-1.888897
112.000000,-0.468385,0.479615,0.850512,1.628454,-1.348910
113.000000,-1.277760,0.124043,0.691596,1.511352,-1.693165
114.000000,-1.976785,-0.422695,0.541930,1.414416,-1.629082
115.000000,-1.948815,-0.862739,0.437582,1.355674,-0.538156
116.000000,-1.537157,-1.121140,0.406563,1.305236,-0.231062
117.000000,-1.644917,-1.788018,0.247890,1.123223,-1.733618
118.000000,-1.695193,-2.512291,0.014192,0.853436,-2.038769
119.000000,-2.113338,-3.084898,-0.397607,0.481684,-3.093345
120.000000,-2.643144,-3.109409,-1.017294,0.133820,-2.837167
121.000000,-2.872942,-2.839616,-1.786225,-0.206548,-2.143871
122.000000,-2.809042,-2.720709,-2.455199,-0.533342,-2.147446
123.000000,-2.783904,-2.667210,-2.813444,-0.951420,-2.435992
124.000000,-2.579056,-2.626327,-2.984090,-1.372338,-2.291058
125.000000,-2.340827,-2.607015,-2.949108,-1.734013,-1.870737
126.000000,-2.129935,-2.528542,-2.778238,-1.932146,-1.343916
127.000000,-1.915824,-2.362866,-2.640407,-2.082003,-1.200041
128.000000,-1.611808,-2.183281,-2.520300,-2.158789,-0.954386
129.000000,-1.216581,-1.891028,-2.358432,-2.100726,-0.382264
130.000000,-0.909678,-1.639822,-2.168257,-2.053365,-0.394034
131.000000,-0.526317,-1.362739,-1.905617,-1.965078,0.497835
132.000000,-0.251531,-1.144585,-1.750686,-1.918924,0.104041
133.000000,0.017851,-0.870711,-1.598944,-1.813229,0.296592
134.000000,0.059141,-0.653218,-1.514001,-1.791090,-0.229559
135.000000,0.190308,-0.426197,-1.453890,-1.745631,0.175292
136.000000,0.103933,-0.256895,-1.418805,-1.689923,0.126657
137.000000,0.151402,-0.073938,-1.329448,-1.642800,0.336898
138.000000,0.123860,0.073078,-1.246350,-1.628170,0.193153
139.000000,0.192046,0.132236,-1.125011,-1.624827,-0.003689
140.000000,0.118846,0.182008,-1.008746,-1.579127,-0.196840
141.000000,0.068624,0.102935,-0.914391,-1.498958,-0.106364
142.000000,0.002667,0.103960,-0.797205,-1.441927,0.103568
143.000000,0.914034,0.560312,-0.391898,-1.191600,3.364863
144.000000,1.584615,1.014690,-0.010595,-1.006967,2.277366
145.000000,2.113594,1.376242,0.364959,-0.878312,1.958035
146.000000,2.470975,1.728007,0.734832,-0.763589,1.850940
147.000000,2.563403,1.923883,1.089865,-0.614808,1.412862
148.000000,2.056181,2.059840,1.433640,-0.434509,1.298562
149.000000,1.682762,2.070507,1.644301,-0.193918,0.804932
150.000000,1.398065,2.070510,1.824709,0.110469,0.791698
151.000000,1.195162,2.073437,1.875644,0.461929,0.973440
152.000000,0.984022,1.985852,1.870904,0.824921,0.476668
153.000000,0.841340,1.622524,1.836794,1.321601,0.659803
154.000000,0.799639,1.390172,1.825617,1.797421,0.601059
155.000000,0.693682,1.175035,1.737534,2.085503,0.264505
156.000000,0.600911,1.017159,1.688123,2.244902,0.578552
157.000000,0.537949,0.868808,1.597854,2.261665,0.104752
158.000000,0.355557,0.704841,1.518326,2.193943,-0.178744
159.000000,0.212970,0.625077,1.480381,2.081990,0.024960
160.000000,0.276402,0.596933,1.492465,2.020454,0.529345
161.000000,0.374160,0.589011,1.526572,1.913609,1.003808
162.000000,0.614940,0.674423,1.549601,1.859046,1.003103
163.000000,1.031173,0.789250,1.388007,1.821962,1.381789
164.000000,1.202249,0.824777,1.259710,1.788659,0.707859
165.000000,1.076973,0.821816,1.120960,1.698424,0.045353
166.000000,0.809768,0.738261,0.986801,1.621815,-0.097710
167.000000,0.574820,0.757423,0.898587,1.556672,0.050084
168.000000,0.264026,0.856658,0.832413,1.526014,0.248107
169.000000,0.146206,0.939066,0.821161,1.522191,0.309890
170.000000,0.221114,0.942334,0.816585,1.537083,0.301518
171.000000,0.453834,0.930791,0.821052,1.567790,0.653960
172.000000,0.839527,1.014958,0.938102,1.610440,1.065766
173.000000,1.329631,1.072321,1.079895,1.474501,1.867705
174.000000,1.733157,1.350741,1.254664,1.401290,1.982323
175.000000,1.735800,1.617664,1.398810,1.312788,0.794766
176.000000,1.638713,1.826489,1.464000,1.228099,0.653712
177.000000,2.041784,2.280095,1.761061,1.248595,2.534832
178.000000,2.135726,2.479890,2.040397,1.278357,2.250798
179.000000,2.457391,2.772302,2.363496,1.421955,3.113863
180.000000,2.728495,2.840786,2.483714,1.550409,2.499033
181.000000,2.912088,2.840477,2.526279,1.674320,2.483645
182.000000,2.729782,2.751287,2.519316,1.829944,2.165824
183.000000,2.588287,2.602029,2.446032,1.939975,1.961955
184.000000,2.462334,2.575269,2.513312,2.086267,2.483006
185.000000,2.338876,2.560182,2.554137,2.191243,2.028136
186.000000,2.145345,2.501460,2.530320,2.211198,1.637248
187.000000,2.007362,2.351180,2.478778,2.238469,1.555951
188.000000,1.899259,2.236087,2.407067,2.256580,1.469915
189.000000,1.743944,2.101158,2.357729,2.269304,1.700271
190.000000,1.601146,1.976814,2.279064,2.221846,1.344663
191.000000,1.620910,1.904454,2.227453,2.187728,1.734621
192.000000,1.584797,1.821858,2.145109,2.133649,1.408003
193.000000,1.418067,1.681835,2.015557,2.021963,0.697761
194.000000,1.155150,1.468335,1.889871,1.935406,0.400151
195.000000,0.970203,1.304450,1.816953,1.887806,0.401635
196.000000,0.634056,1.150837,1.743814,1.833876,0.063418
197.000000,0.379158,1.022485,1.646673,1.789989,0.203007
198.000000,0.237592,0.887226,1.558008,1.736741,0.019339
199.000000,0.248143,0.766618,1.464971,1.708215,0.498771
200.000000,0.265319,0.683201,1.393903,1.682947,0.536796
201.000000,0.528737,0.614157,1.356678,1.680516,1.353528
202.000000,0.792412,0.583005,1.332034,1.670101,1.407640
203.000000,1.098917,0.639835,1.310128,1.651099,1.305562
204.000000,1.173464,0.688777,1.226199,1.615566,0.701293
205.000000,1.151989,0.698703,1.144387,1.595575,0.205966
206.000000,0.904505,0.752117,1.080364,1.583114,-0.011878
207.000000,0.988599,0.969165,1.089673,1.586110,2.009833
208.000000,1.009996,1.200709,1.084929,1.581560,1.449769
209.000000,1.236858,1.376047,1.058231,1.545462,1.378630
210.000000,1.575929,1.538440,1.048954,1.516387,1.109266
211.000000,1.841451,1.535238,0.992211,1.477743,0.878033
212.000000,1.682171,1.596424,0.989732,1.462452,1.469115
213.000000,1.137783,1.388623,0.970986,1.401315,-0.644681
214.000000,0.751064,1.352708,1.016279,1.320096,-0.066275
215.000000,0.373515,1.342523,1.053965,1.248097,-0.286852
216.000000,0.648028,1.694117,1.280442,1.254529,1.778410
217.000000,0.804981,1.664360,1.527503,1.269757,1.861332
218.000000,1.331957,1.620735,1.767805,1.269194,1.261383
219.000000,1.588710,1.536871,1.907170,1.238983,1.014612
220.000000,1.901010,1.540680,2.037156,1.239499,1.220725
221.000000,1.717249,1.573231,2.013496,1.203818,1.224425
222.000000,1.383799,1.415180,1.898316,1.163584,0.655155
223.000000,1.108037,1.494889,1.755348,1.167166,0.237209
224.000000,0.890689,1.479032,1.691761,1.198827,0.176036
225.000000,0.622839,1.493682,1.678027,1.232660,0.158514
226.000000,0.372101,1.255063,1.680919,1.305341,0.235347
227.000000,0.159679,0.952161,1.468338,1.349737,-0.240401
228.000000,0.071213,0.759213,1.336158,1.423583,-0.150448
229.000000,0.131969,0.675468,1.260242,1.483889,0.469886
230.000000,0.290333,0.576877,1.227434,1.554320,0.718376
231.000000,0.412034,0.448876,1.201509,1.538258,0.554129
232.000000,0.419592,0.295916,1.049203,1.465465,-0.398122
233.000000,2.707512,1.381349,1.607550,1.749804,4.330627
234.000000,3.523295,2.379943,1.996929,2.030457,3.163141
235.000000,3.538310,3.008384,2.261910,2.246333,2.392347
236.000000,3.393694,3.239345,2.276107,2.374079,1.960647
237.000000,3.243773,3.208947,2.219341,2.302122,1.561287
238.000000,2.476730,3.032009,2.172397,2.230290,1.240560
239.000000,1.904611,2.774878,2.105495,2.131438,0.851480
240.000000,1.515105,2.560408,2.025996,2.050928,0.787741
241.000000,1.258394,2.423692,1.976608,1.998441,0.878574
242.000000,1.172620,2.403994,2.011565,1.950404,1.200323
243.000000,1.099980,1.996328,2.043189,1.974388,0.953094
244.000000,1.097788,1.693785,2.059610,1.966746,0.861215
245.000000,1.100679,1.479916,2.066006,1.966525,0.805551
246.000000,1.161618,1.365785,2.084171,1.910047,1.162074
247.000000,1.144660,1.302350,2.103987,1.852652,1.154333
248.000000,1.198499,1.288632,2.105896,1.828775,1.208500
249.000000,1.209100,1.290777,2.057248,1.801538,0.942954
250.000000,1.236849,1.304417,2.006430,1.770849,0.968412
251.000000,1.208405,1.317647,1.973618,1.752600,1.056255
252.000000,1.185775,1.293668,1.971200,1.762557,1.065874
253.000000,1.093910,1.268587,1.758966,1.771409,0.803598
254.000000,0.965443,1.201656,1.567035,1.754470,0.339881
255.000000,0.866368,1.162930,1.434275,1.748743,0.490342
256.000000,0.828176,1.129762,1.355903,1.759697,0.884851
257.000000,0.979748,1.199321,1.360562,1.823870,1.769482
258.000000,1.400250,1.356720,1.436620,1.910814,2.484767
259.000000,1.876214,1.516310,1.518298,1.954106,2.095334
260.000000,2.298319,1.687316,1.606667,1.985900,2.082244
261.000000,2.640907,1.897674,1.706715,2.029969,2.300767
262.000000,2.741954,2.120660,1.783587,2.083329,2.235970
263.000000,2.465962,2.270568,1.830787,1.970652,1.706078
264.000000,2.258543,2.414844,1.869717,1.883466,1.670949
265.000000,1.942387,2.398450,1.859039,1.796035,1.049591
266.000000,1.537302,2.267127,1.798816,1.710261,0.636358
267.000000,1.007649,1.947711,1.686116,1.607477,-0.312451
268.000000,0.559941,1.568401,1.571852,1.521843,-0.455914
269.000000,0.188025,1.304537,1.510799,1.478557,-0.076793
270.000000,-0.225791,0.959251,1.406697,1.411298,-0.866903
271.000000,-0.475386,0.633471,1.329791,1.363091,-0.468646
272.000000,-0.570089,0.288292,1.236471,1.292620,-0.734821
273.000000,-0.783861,-0.095173,1.117312,1.207076,-1.404270
274.000000,-1.121465,-0.521600,1.020063,1.120539,-1.540839
275.000000,-1.184499,-0.828480,0.939268,1.056817,-1.129438
276.000000,-1.256345,-1.041244,0.847824,0.991104,-0.805657
277.000000,-1.143162,-1.044429,0.725240,0.954665,-0.233558
278.000000,-0.922314,-1.047179,0.502307,0.905037,-0.399765
279.000000,-0.726667,-1.134422,0.261100,0.855542,-0.664482
280.000000,-0.693515,-1.151419,-0.045402,0.782901,-0.975313
281.000000,-0.648299,-1.166651,-0.371183,0.722111,-0.602923
282.000000,-0.714867,-1.135376,-0.690800,0.658255,-0.534824
283.000000,-0.906220,-1.114231,-1.067750,0.549976,-1.243886
284.000000,-0.691992,-0.863719,-1.281369,0.609139,0.288380
285.000000,-0.319936,-0.616629,-1.382257,0.716819,0.689284
286.000000,0.029344,-0.377832,-1.402614,0.853033,0.925369
287.000000,0.358246,-0.219563,-1.285474,0.921515,0.884030
288.000000,0.852097,-0.031670,-1.117854,0.882424,0.934458
289.000000,1.027240,0.219717,-0.957239,0.923533,1.124786
290.000000,1.252484,0.603300,-0.572505,1.136060,1.725771
291.000000,1.479915,0.959977,-0.200275,1.364586,1.926574
292.000000,1.836022,1.372808,0.311728,1.764973,2.393041
293.000000,2.137926,1.837239,0.925069,2.345122,2.304776
294.000000,2.440004,2.127160,1.607439,2.941131,2.600419
295.000000,2.532438,2.312436,2.119593,3.334661,2.395476
296.000000,2.452073,2.364645,2.389392,3.366842,1.915311
297.000000,2.322032,2.398123,2.521129,3.456971,1.979688
298.000000,2.079738,2.306072,2.502948,3.276622,1.313421
299.000000,1.774941,2.183563,2.459357,3.031068,1.100679
300.000000,1.441632,1.993012,2.382199,2.853495,0.721770
301.000000,1.207859,1.824478,2.289894,2.678379,0.731139
302.000000,0.922422,1.629506,2.190296,2.539467,0.573455
303.000000,0.818560,1.483875,2.161437,2.500716,0.812982
304.000000,0.708609,1.291924,2.037055,2.438630,0.571564
305.000000,0.654744,1.102485,1.908028,2.344887,0.449679
306.000000,0.631259,0.973226,1.802139,2.264284,0.620514
307.000000,0.611329,0.811229,1.704901,2.154650,0.458805
308.000000,0.561168,0.731580,1.630246,2.082877,0.589593
309.000000,0.497608,0.641550,1.541539,2.011606,0.243885
310.000000,0.509242,0.619249,1.456192,1.981558,0.499422
311.000000,0.534325,0.620750,1.388530,1.954439,0.782684
312.000000,0.652535,0.668428,1.319707,1.940462,1.067347
313.000000,0.879831,0.745320,1.284594,1.981759,1.844925
314.000000,1.197416,0.848234,1.222060,1.946289,1.647176
315.000000,1.315986,0.906241,1.130615,1.870343,0.777781
316.000000,1.236956,0.888058,1.040049,1.775949,0.069634
317.000000,0.935846,0.843310,0.912266,1.680288,-0.636275
318.000000,0.461015,0.814708,0.844859,1.611410,-0.270589
319.000000,-0.017237,0.870153,0.798196,1.552076,-0.174692
320.000000,-0.768424,0.676978,0.714312,1.437432,-2.095569
321.000000,-1.751173,0.129083,0.556686,1.291114,-3.050256
322.000000,-2.224532,-0.638087,0.420613,1.148496,-2.200381
323.000000,-2.553448,-1.798214,0.222174,1.006311,-1.989947
324.000000,-2.486951,-2.507062,0.092308,0.872292,-0.935007
325.000000,-2.289816,-2.812190,-0.120900,0.698599,-1.597781
326.000000,-1.952747,-2.794311,-0.434614,0.528218,-1.625117
327.000000,-1.766999,-2.615157,-0.769875,0.328817,-1.432051
328.000000,-1.572371,-2.495361,-1.164091,0.170534,-1.170172
329.000000,-1.678569,-2.462108,-1.558945,-0.011600,-1.458045
330.000000,-1.594658,-2.262472,-1.945491,-0.175512,-1.314772
331.000000,-1.451062,-1.963963,-2.233579,-0.353509,-1.075232
332.000000,-1.281311,-1.735600,-2.377249,-0.515115,-0.723638
333.000000,-1.146354,-1.530807,-2.463772,-0.717886,-0.593090
334.000000,-1.032495,-1.506374,-2.496428,-0.934425,-0.940226
335.000000,-0.902107,-1.380607,-2.396543,-1.121714,-0.729264
336.000000,-0.783642,-1.234986,-2.245105,-1.304949,-0.545837
337.000000,-0.761709,-1.131417,-2.093197,-1.456772,-0.628730
338.000000,-0.723424,-1.036145,-1.983189,-1.573808,-0.423959
339.000000,-0.695965,-0.957833,-1.933532,-1.650920,-0.815798
340.000000,-0.852745,-0.972659,-1.853621,-1.774437,-1.416813
341.000000,-0.870326,-0.915708,-1.663487,-1.812498,-0.625182
342.000000,-0.668246,-0.790551,-1.468196,-1.777180,0.349306
343.000000,-0.528784,-0.693488,-1.306128,-1.792505,0.349593
344.000000,-0.541880,-0.684470,-1.304510,-1.863287,-1.004898
345.000000,-0.322130,-0.675185,-1.241435,-1.858849,-0.703815
346.000000,-0.071783,-0.595403,-1.121186,-1.780729,0.537709
347.000000,-0.064596,-0.485099,-1.007904,-1.686094,0.735836
348.000000,-0.095394,-0.419168,-0.925796,-1.641808,0.562456
349.000000,0.500526,-0.286201,-0.826327,-1.627926,0.518395
350.000000,1.569670,0.109174,-0.708483,-1.531128,1.178553
351.000000,2.119749,0.476036,-0.593788,-1.373386,1.336325
352.000000,1.563676,0.413432,-0.576654,-1.299791,-0.534572
353.000000,1.029951,0.315358,-0.564307,-1.225286,-0.385718
354.000000,0.771106,0.866139,-0.494574,-1.210375,-0.008926
355.000000,0.382392,1.463913,-0.423211,-1.132254,0.393708
356.000000,-0.110459,1.419994,-0.367705,-1.043521,0.340158
357.000000,0.370288,1.254555,-0.278000,-0.956155,0.484801
358.000000,0.749213,1.138101,-0.207152,-0.884270,0.438089
359.000000,1.041119,1.153127,-0.012713,-0.770610,0.610307
360.000000,0.866074,0.802756,0.368589,-0.681621,-0.066261
361.000000,0.546327,0.264352,0.614765,-0.619468,-0.402624
362.000000,-0.550815,-0.077197,0.402952,-0.643111,-1.634921
363.000000,-2.095776,-0.833233,-0.141183,-0.733459,-2.430215
364.000000,-3.151199,-1.753796,-0.342798,-0.797407,-2.339056
365.000000,-3.037679,-2.192710,-0.389352,-0.826089,-1.066075
366.000000,-2.680704,-2.266790,-0.712901,-0.847627,-0.423231
367.000000,-1.966424,-2.143260,-0.892441,-0.813283,0.238888
368.000000,-0.922890,-1.866920,-0.816951,-0.766971,0.824494
369.000000,0.126318,-1.682974,-0.730803,-0.625019,0.778404
370.000000,0.678570,-1.456289,-0.917464,-0.256146,0.599004
371.000000,0.584410,-1.517356,-1.510697,-0.203854,-0.757202
372.000000,0.349035,-1.249805,-1.489574,-0.529671,-0.499381
373.000000,-0.092446,-0.788348,-1.480645,-1.076152,-0.527924
374.000000,-0.640013,-0.398114,-1.679296,-1.056228,-0.956050
375.000000,-1.060062,-0.310203,-1.910240,-1.049569,-0.852561
376.000000,-0.720249,-0.118961,-1.812374,-1.228322,0.357357
377.000000,-0.410975,-0.055519,-1.700223,-1.381762,0.580607
378.000000,-0.023770,-0.090011,-1.544359,-1.300782,0.848526
379.000000,0.186958,-0.350543,-1.628224,-1.523467,-0.239465
380.000000,0.663362,-0.344270,-1.430760,-1.626154,0.768586
381.000000,0.628259,-0.122713,-1.317088,-1.880295,0.169498
382.000000,0.232365,-0.179934,-1.158874,-1.831527,-0.808168
383.000000,-0.327593,-0.284487,-0.859716,-1.875138,-1.005335
384.000000,-0.411985,-0.166439,-0.452929,-1.877882,-0.517409
385.000000,-0.581920,0.125927,-0.181210,-1.813189,0.222298
386.000000,-0.318198,0.320153,0.103722,-1.598990,1.036841
387.000000,0.811701,1.030149,0.605561,-1.070456,2.611503
388.000000,2.038512,1.814045,1.076652,-0.433768,2.686077
389.000000,2.747601,2.691774,1.528770,0.160193,2.313975
390.000000,3.038418,3.045273,2.141097,1.104264,2.367757
391.000000,2.919297,3.104935,2.782808,2.011037,1.807271
392.000000,2.654667,3.225389,3.080557,3.010661,2.070257
393.000000,2.315213,3.126747,3.020956,3.379067,1.575116
394.000000,2.183006,3.029372,3.005989,3.463058,1.932778
395.000000,2.030330,2.872286,2.917802,3.261430,1.781591
396.000000,1.957293,2.680231,2.724714,3.020594,1.559136
397.000000,1.642672,2.329449,2.476418,2.699979,0.699588
398.000000,1.518259,2.080400,2.317750,2.474787,1.066073
399.000000,1.311253,1.887896,2.242669,2.300545,0.981493
400.000000,1.023379,1.640806,2.082135,2.124260,0.443042
401.000000,0.903018,1.535016,2.034630,2.109751,0.996573
402.000000,0.598275,1.203750,1.892182,1.932698,-0.735260
403.000000,0.330421,1.003755,1.828022,1.837763,-0.202780
404.000000,0.067596,0.765747,1.756337,1.775103,-0.235078
405.000000,-0.058223,0.553123,1.680387,1.726668,-0.118817
406.000000,-0.398178,0.317859,1.563626,1.614835,-0.469320
407.000000,-0.280284,0.209904,1.406480,1.528207,-0.229674
408.000000,-0.067681,0.164255,1.311063,1.506210,0.767018
409.000000,0.355370,0.228783,1.292808,1.582585,1.600657
410.000000,0.720796,0.353904,1.251173,1.607280,1.406557
411.000000,1.183195,0.419012,1.251611,1.660939,1.480701
412.000000,1.607034,0.768785,1.240994,1.750762,1.645614
413.000000,1.681662,0.976459,1.226465,1.806066,1.086053
414.000000,1.645568,1.242112,1.206584,1.859443,1.437025
415.000000,1.701892,1.516964,1.206827,1.895854,1.586186
416.000000,1.773637,1.866814,1.235980,1.914734,1.684437
417.000000,1.776221,2.159443,1.352434,1.881437,1.668599
418.000000,1.733908,2.188584,1.391985,1.810648,1.004074
419.000000,1.530929,2.034045,1.423780,1.743428,0.695740
420.000000,1.265457,1.877102,1.504122,1.660530,0.495966
421.000000,0.929314,1.665681,1.495815,1.593102,0.193288
422.000000,0.566020,1.406077,1.675214,1.498412,0.072487
423.000000,0.308513,1.216341,1.763267,1.421084,-0.118954
424.000000,0.015748,0.924228,1.783051,1.292817,-0.573654
425.000000,-0.196151,0.647017,1.778608,1.175823,-0.420834
426.000000,-0.370353,0.341637,1.785232,1.059868,-0.560293
427.000000,-0.520374,0.025576,1.759561,1.001259,-0.586092
428.000000,-0.551037,-0.154196,1.649627,0.934841,-0.263378
429.000000,-0.357906,-0.214723,1.490188,0.905382,0.266520
430.000000,-0.116152,-0.194035,1.400670,0.943600,0.639264
431.000000,0.324846,-0.026420,1.375753,0.983499,1.322585
432.000000,0.680612,0.100572,1.288352,1.145382,0.997968
433.000000,0.817948,0.160735,1.202431,1.225005,0.320680
434.000000,1.505363,0.715846,1.435001,1.513585,3.095701
435.000000,2.151056,1.319438,1.690125,1.815034,3.078433
436.000000,2.490319,1.851437,1.850961,2.089309,2.520855
437.000000,2.963053,2.460796,2.126536,2.391584,3.071090
438.000000,3.225902,2.837888,2.396122,2.553893,2.680533
439.000000,2.960963,2.974242,2.588285,2.589615,2.387942
440.000000,2.468143,2.801257,2.537695,2.482425,1.107344
441.000000,2.285429,2.704408,2.593805,2.439726,1.736335
442.000000,1.978238,2.598478,2.592473,2.357018,1.506370
443.000000,1.681128,2.504148,2.548349,2.279344,1.213288
444.000000,1.620592,2.366526,2.621457,2.270258,2.001462
445.000000,1.711193,2.190535,2.603570,2.214579,1.614541
446.000000,1.481827,1.964732,2.484167,2.078815,0.699864
447.000000,1.208890,1.660682,2.336979,1.924655,0.216988
448.000000,0.744256,1.256387,2.096038,1.718596,-1.005480
449.000000,0.106256,0.885533,1.884650,1.553088,-0.998476
450.000000,-0.436353,0.666292,1.708743,1.427926,-0.843084
451.000000,-0.786230,0.375403,1.529508,1.323754,-0.876535
452.000000,-1.191988,-0.001462,1.309449,1.169718,-1.607914
453.000000,-1.252336,-0.313377,1.160092,1.059004,-1.278741
454.000000,-1.225467,-0.679880,0.945727,1.006661,-0.888428
455.000000,-1.205033,-0.987325,0.728844,0.967061,-0.758745
456.000000,-1.162857,-1.163507,0.537961,0.946466,-0.680566
457.000000,-0.877979,-1.226904,0.327162,0.968474,-0.295269
458.000000,-0.770997,-1.203414,0.051921,0.939031,-0.802737
459.000000,-0.649315,-1.123268,-0.188039,0.941163,-0.333233
460.000000,-0.616910,-1.099690,-0.368294,0.905620,-0.613773
461.000000,-0.562351,-1.048129,-0.611953,0.861029,-0.439329
462.000000,-0.581638,-0.885042,-0.851347,0.842738,-0.374212
463.000000,-0.566993,-0.812007,-1.127460,0.819958,-0.740533
464.000000,-0.719986,-0.826523,-1.544169,0.559638,-1.015361
465.000000,-0.766964,-0.831293,-1.858623,0.209729,-0.846417
466.000000,-0.879840,-0.861575,-2.020492,-0.258026,-0.978025
467.000000,-0.999969,-0.935784,-2.067675,-1.014381,-0.970286
468.000000,-0.968280,-0.892037,-1.912178,-1.789354,-0.591494
469.000000,-0.622641,-0.764459,-1.648299,-2.196855,0.693032
470.000000,-0.304475,-0.610965,-1.435070,-2.275435,0.666943
471.000000,0.096511,-0.471419,-1.229560,-2.369230,0.802248
472.000000,0.516090,-0.349885,-0.967824,-2.360045,0.753530
473.000000,0.961648,-0.121014,-0.715921,-2.190842,1.221202
474.000000,1.119131,0.178758,-0.514975,-2.188977,1.375716
475.000000,1.406373,0.545649,-0.305998,-2.090068,1.858951
476.000000,1.713249,1.036882,-0.091820,-1.856558,1.956789
477.000000,2.148006,1.689710,0.141766,-1.514957,2.392712
478.000000,2.268347,2.186768,0.432835,-1.031301,2.002979
479.000000,2.140425,2.246852,0.631756,-0.648564,1.366248
480.000000,1.922622,2.230779,0.866177,-0.318005,1.178508
481.000000,1.642967,2.094738,1.044763,-0.042321,0.736957
482.000000,1.269436,1.935919,1.192480,0.358506,0.568812
483.000000,0.982458,1.747754,1.391891,0.706277,0.647600
484.000000,0.859414,1.608335,1.619235,0.988695,0.811431
485.000000,0.761388,1.458843,1.773129,1.220669,0.751330
486.000000,0.712852,1.297274,1.876875,1.385668,0.499209
487.000000,0.577371,1.025064,1.891270,1.402411,-0.082791
488.000000,0.325871,0.736723,1.809708,1.448108,-0.541499
489.000000,-0.202081,0.397287,1.536724,1.297606,-1.544292
490.000000,-0.735320,0.055978,1.297955,1.196822,-1.546573
491.000000,-1.268526,-0.288654,1.046415,1.031023,-1.793573
492.000000,-1.636550,-0.624669,0.814710,0.853785,-1.747852
493.000000,-1.828531,-0.950563,0.563625,0.756732,-1.573681
494.000000,-1.632399,-1.164555,0.393248,0.824807,-0.741408
495.000000,-1.399633,-1.321324,0.219046,0.893939,-0.484783
496.000000,-0.982047,-1.346065,0.091234,1.070478,0.207751
497.000000,-0.464971,-1.250855,-0.062309,1.283225,0.676287
498.000000,0.251038,-0.990317,-0.120952,1.520520,1.538955
499.000000,0.697164,-0.649302,-0.165072,1.520938,1.108885
500.000000,1.038242,-0.306409,-0.212989,1.514029,0.957805
501.000000,1.145650,0.068418,-0.236456,1.480857,0.735708
502.000000,1.152114,0.471257,-0.222646,1.477107,0.767622
503.000000,0.950790,0.836603,-0.231565,1.419513,0.647949
504.000000,0.969239,1.135563,-0.154795,1.454365,1.185121
505.000000,0.988637,1.344701,-0.075043,1.466340,1.049418
506.000000,1.178497,1.511884,0.205218,1.564113,1.570288
507.000000,1.514761,1.706166,0.821847,1.711131,2.200366
508.000000,1.889074,1.814437,1.576703,1.915578,2.318382
509.000000,2.107209,1.956729,2.362943,2.176774,2.238426
510.000000,2.260511,2.065241,2.818729,2.376651,2.039817
511.000000,2.276437,2.158059,3.044804,2.552836,1.945314
512.000000,2.023777,2.108617,2.991056,2.527260,1.179975
513.000000,1.759403,2.057371,2.884186,2.453632,1.072244
514.000000,1.623926,2.031944,2.777933,2.437565,1.536507
515.000000,1.571329,2.045142,2.690388,2.443456,1.730918
516.000000,1.490912,1.991373,2.555180,2.421922,1.536075
517.000000,1.587622,1.916042,2.442004,2.444862,1.670140
518.000000,1.607524,1.788086,2.275324,2.418310,1.270424
519.000000,1.548834,1.677436,2.163032,2.434512,1.297825
520.000000,1.466723,1.594620,2.080339,2.435960,1.347027
521.000000,1.359560,1.485384,1.992797,2.406910,1.011852
522.000000,1.278331,1.480408,1.936431,2.396424,1.293977
523.000000,1.259957,1.474934,1.884079,2.363128,1.174368
524.000000,1.220274,1.421879,1.816409,2.291726,1.087422
525.000000,1.113303,1.327199,1.749442,2.205189,0.783971
526.000000,1.018462,1.227647,1.659940,2.094429,0.428301
527.000000,0.871193,1.121662,1.566330,1.994246,0.582195
528.000000,0.685409,1.036191,1.462608,1.873532,0.288627
529.000000,0.505437,0.939916,1.365186,1.783203,0.268681
530.000000,0.400664,0.832362,1.281012,1.712046,0.309048
531.000000,0.379727,0.767979,1.202578,1.658112,0.321787
532.000000,0.384023,0.685681,1.180017,1.620620,0.671809
533.000000,0.428521,0.601285,1.161045,1.588146,0.493867
534.000000,0.413210,0.490294,1.104927,1.538051,0.061291
535.000000,0.305638,0.382565,1.023943,1.491621,-0.491839
536.000000,0.421879,0.415838,0.986925,1.459445,1.003805
537.000000,0.605962,0.482128,0.950719,1.421830,1.741485
538.000000,1.114417,0.684856,0.966486,1.391219,2.335834
539.000000,1.776788,0.919292,0.974466,1.356369,1.953872
540.000000,2.204069,1.096654,0.948670,1.311831,1.026781
541.000000,2.090738,1.271685,0.951383,1.265478,0.854721
542.000000,1.821755,1.384298,0.919360,1.256320,0.752727
543.000000,1.652674,1.697934,0.939265,1.272825,1.770321
544.000000,1.540512,2.089309,0.972418,1.264719,1.611439
545.000000,1.349148,2.258658,0.989297,1.220003,0.261812
546.000000,1.115341,2.064711,1.038740,1.179790,-0.095735
547.000000,0.617124,1.600740,1.008490,1.101966,-1.131108
548.000000,0.206283,1.236718,1.107836,1.079251,0.155870
549.000000,-0.775407,0.544956,1.061725,0.994713,-2.001860
550.000000,-1.442332,-0.062745,0.952164,0.880961,-2.142210
551.000000,-1.851783,-0.606377,0.825891,0.793899,-1.776660
552.000000,-1.910766,-1.055810,0.572884,0.664366,-1.520142
553.000000,-2.151195,-1.570721,0.279706,0.530727,-1.355787
554.000000,-2.048829,-2.054167,-0.115027,0.356617,-1.753255
555.000000,-1.721253,-2.104040,-0.252510,0.240836,-0.893090
556.000000,-1.642171,-2.190295,-0.896653,0.104520,-1.516747
557.000000,-1.593739,-2.124444,-1.644088,-0.074086,-1.393782
558.000000,-1.575008,-2.181163,-2.381926,-0.249804,-1.358421
559.000000,-1.319175,-1.925519,-2.676492,-0.392410,-0.663722
560.000000,-1.287079,-1.710047,-2.723769,-0.591055,-0.806783
561.000000,-1.106147,-1.542599,-2.678332,-0.815837,-0.713259
562.000000,-1.100078,-1.504468,-2.672085,-1.211431,-1.355167
563.000000,-1.016423,-1.438709,-2.653705,-1.502832,-0.991246
564.000000,-1.265413,-1.439173,-2.693708,-1.810420,-1.754244
565.000000,-1.433011,-1.508643,-2.594574,-1.965408,-1.580865
566.000000,-1.666746,-1.544940,-2.520874,-2.213944,-1.842886
567.000000,-1.697546,-1.553458,-2.381275,-2.374597,-1.593934
568.000000,-1.767066,-1.549334,-2.320780,-2.483283,-1.511048
569.000000,-1.604133,-1.557598,-2.133884,-2.467068,-1.053408
570.000000,-1.486874,-1.549502,-1.969652,-2.385475,-1.006684
571.000000,-1.309661,-1.552117,-1.848315,-2.305089,-0.979876
572.000000,-1.180865,-1.496513,-1.756159,-2.234841,-0.978491
573.000000,-1.097567,-1.498727,-1.692869,-2.226328,-1.149737
574.000000,-1.007378,-1.377339,-1.581831,-2.182262,-0.538811
575.000000,-0.744981,-1.204826,-1.480565,-2.058292,0.520972
576.000000,-0.498386,-1.011214,-1.371464,-1.959144,0.334034
577.000000,-0.308819,-0.875198,-1.300243,-1.862342,-0.219347
578.000000,-0.101384,-0.766932,-1.253288,-1.836210,-0.602445
579.000000,-0.068475,-0.715891,-1.251688,-1.742238,-0.592996
580.000000,-0.154732,-0.579402,-1.212027,-1.621085,0.355842
581.000000,0.071530,-0.316314,-1.144524,-1.493693,1.387187
582.000000,0.162679,-0.140388,-1.084616,-1.421239,0.091194
583.000000,0.312857,0.084483,-1.056016,-1.362694,-0.030339
584.000000,0.669397,0.304330,-0.933126,-1.263394,0.800361
585.000000,0.571415,0.214092,-0.856624,-1.233532,-0.080845
586.000000,0.605434,0.390003,-0.663071,-1.130586,1.529058
587.000000,0.934978,0.655253,-0.471430,-1.040103,1.304603
588.000000,1.067252,0.841188,-0.301606,-0.977969,0.485235
589.000000,1.253562,1.185612,-0.097830,-0.925047,1.494316
590.000000,1.908497,1.559583,0.234783,-0.824672,2.474260
591.000000,2.552828,2.068972,0.844369,-0.641054,3.556891
592.000000,2.824467,2.496382,1.516952,-0.416902,2.657115
593.000000,2.870732,2.623445,2.112747,-0.240118,1.780998
594.000000,2.749574,2.609264,2.474761,0.063447,1.855472
595.000000,2.478042,2.592854,2.518772,0.410483,1.584266
596.000000,2.092261,2.465791,2.516618,0.912077,1.734818
597.000000,1.873608,2.373963,2.506069,1.468848,1.690587
598.000000,1.876837,2.369531,2.500352,2.023845,1.839837
599.000000,1.847338,2.301387,2.468311,2.383248,1.753888
600.000000,1.967231,2.246101,2.434312,2.633022,2.158765
601.000000,2.075683,2.124754,2.376241,2.742729,2.255187
602.000000,2.099986,2.034657,2.344867,2.716605,1.898233
603.000000,2.101849,2.035351,2.323059,2.663206,1.925882
604.000000,2.087996,2.013091,2.266703,2.556542,1.785582
605.000000,1.879673,1.944907,2.200235,2.383709,1.205775
606.000000,1.656191,1.867541,2.102682,2.259641,1.180013
607.000000,1.534903,1.815759,2.038393,2.187867,1.308938
608.000000,1.432929,1.768537,2.012761,2.146330,1.422022
609.000000,1.286414,1.695608,1.949616,2.089023,1.079343
610.000000,1.237611,1.578502,1.867246,2.015126,0.964657
611.000000,1.141010,1.423393,1.736649,1.919565,0.691998
612.000000,1.012331,1.302310,1.640129,1.865068,0.666396
613.000000,0.928477,1.213615,1.604707,1.839553,1.050338
614.000000,0.886691,1.120077,1.560144,1.796624,0.887464
615.000000,0.802610,1.058664,1.514019,1.763806,0.531623
616.000000,0.800912,1.009585,1.469319,1.714487,0.638661
617.000000,0.866672,0.970192,1.441950,1.686569,0.962657
618.000000,0.742560,0.868940,1.388489,1.662054,0.411590
619.000000,0.759802,0.853557,1.361621,1.643941,1.060332
620.000000,0.729851,0.791828,1.285013,1.593718,0.174426
621.000000,0.801161,0.821615,1.217966,1.529788,0.962792
622.000000,0.672446,0.816836,1.150024,1.473087,0.423431
623.000000,0.580451,0.705339,1.058788,1.434067,-0.162331
624.000000,0.469945,0.674876,0.994210,1.409598,0.668030
625.000000,0.543324,0.689211,0.964935,1.392044,0.456493
626.000000,0.085379,0.555473,0.895364,1.345018,-1.345925
627.000000,0.174843,0.529653,0.869300,1.335476,1.148840
628.000000,0.827016,0.734257,0.859368,1.336056,2.383064
629.000000,1.209902,0.766225,0.860145,1.326692,1.425753
630.000000,1.290492,0.816594,0.828192,1.271596,-0.411232
631.000000,1.081017,0.344202,0.751425,1.167458,-2.608714
632.000000,-3.054641,-0.811474,0.547079,1.024225,-3.888891
633.000000,-4.306000,-2.002745,0.278972,0.882684,-2.656046
634.000000,-3.974331,-2.988737,0.037461,0.760172,-1.607020
635.000000,-3.427802,-3.226188,-0.168777,0.681036,-1.168694
636.000000,-2.707138,-2.757548,-0.397021,0.613825,-0.598906
637.000000,-1.929390,-2.840589,-0.823552,0.502664,-1.026895
638.000000,-1.318380,-2.854544,-1.087817,0.383102,-0.439305
639.000000,0.531778,-1.679823,-0.505079,0.564918,3.740511
640.000000,1.227352,-1.262464,-0.300479,0.590324,1.040133
641.000000,1.458327,-0.803504,-0.447533,0.597852,0.317579
642.000000,1.451105,-0.251523,-0.784236,0.519671,-0.606759
643.000000,1.275352,0.104843,-1.015752,0.342253,-0.696158
644.000000,-0.536403,-0.066299,-1.655290,0.014559,-1.530853
645.000000,-1.716372,-0.696263,-2.368956,-0.515648,-2.306069
646.000000,-2.414010,-1.427896,-2.616083,-1.226134,-2.137173
647.000000,-2.581089,-1.866846,-2.856326,-1.993479,-1.784273
648.000000,-2.630315,-2.285213,-3.003124,-2.477017,-1.682398
649.000000,-2.466735,-3.208368,-2.971514,-2.748063,-1.516212
650.000000,-2.182975,-3.209437,-2.843242,-2.752510,-1.478063
651.000000,-1.801171,-2.950352,-2.551826,-2.652392,-0.760101
652.000000,-1.411572,-2.590636,-2.159110,-2.445372,-0.251190
653.000000,-0.912830,-2.225854,-1.812435,-2.168820,0.362215
654.000000,-0.882286,-2.124505,-1.825473,-2.219467,-1.336021
655.000000,-0.619904,-1.798765,-1.740190,-2.130447,-0.424753
656.000000,-0.923520,-1.755530,-1.897059,-2.164527,-1.842272
657.000000,-0.861896,-1.461584,-1.763629,-2.064923,-0.006855
658.000000,-0.780973,-1.091640,-1.602471,-1.955431,0.702523
659.000000,-0.183158,-0.702344,-1.750159,-1.822581,0.987666
660.000000,0.220727,-0.282368,-1.671266,-1.664614,1.060930
661.000000,0.994134,-0.009389,-1.578839,-1.490263,0.790223
662.000000,1.021194,0.055956,-1.500091,-1.314338,0.103568
663.000000,0.741868,-0.063008,-1.459294,-1.216819,-0.272829
664.000000,0.215151,0.017778,-1.425186,-1.231542,-0.899963
665.000000,-0.737737,-0.370010,-1.483831,-1.412053,-2.161386
666.000000,-1.535745,-0.454074,-1.530440,-1.596134,-1.975430
667.000000,-1.975193,-0.871528,-1.568379,-1.715109,-1.697366
668.000000,-2.060976,-1.240111,-1.515468,-1.765336,-1.013425
669.000000,-2.041376,-1.634944,-1.503078,-2.042519,-1.166753
670.000000,-1.764045,-1.975895,-1.499435,-2.133197,-1.142009
671.000000,-1.735703,-2.350472,-1.695047,-2.247139,-1.986983
672.000000,-1.692239,-2.487504,-1.894222,-2.265488,-1.574834
673.000000,-1.694666,-2.465072,-2.073219,-2.226752,-0.963739
674.000000,-1.745484,-2.432730,-2.106253,-2.188195,-1.422369
675.000000,-1.644225,-2.152476,-2.144202,-2.063528,-0.851838
676.000000,-1.344875,-1.910697,-2.005922,-1.949221,-0.800852
677.000000,-1.187601,-1.747096,-2.086282,-1.871567,-0.954923
678.000000,-1.206509,-1.711048,-2.207862,-1.812403,-1.080064
679.000000,-1.265352,-1.739227,-2.363659,-1.809267,-1.646993
680.000000,-1.349434,-1.709628,-2.416276,-1.773886,-1.253821
681.000000,-1.416941,-1.574514,-2.410432,-1.775353,-1.170695
682.000000,-1.491447,-1.525605,-2.372746,-1.818961,-1.364069
683.000000,-1.632452,-1.606838,-2.357869,-1.921685,-1.789883
684.000000,-1.637967,-1.624010,-2.298247,-1.916102,-1.719974
685.000000,-1.732353,-1.704377,-2.175039,-1.957268,-1.738407
686.000000,-1.980138,-1.872407,-2.137170,-1.972959,-2.339830
687.000000,-2.169715,-2.013166,-2.131208,-2.077091,-2.350093
688.000000,-2.210316,-2.095414,-2.151278,-2.169838,-2.142020
689.000000,-2.316630,-2.156482,-2.182868,-2.267858,-2.390036
690.000000,-2.357223,-2.216910,-2.188906,-2.323581,-2.170335
691.000000,-2.255304,-2.240681,-2.132004,-2.332525,-1.889154
692.000000,-2.136627,-2.233142,-2.092202,-2.309792,-1.778309
693.000000,-1.953945,-2.134243,-2.041408,-2.247102,-1.225549
694.000000,-1.632859,-2.012381,-1.949970,-2.153752,-0.761285
695.000000,-1.314547,-1.885419,-1.884320,-2.029762,-0.606159
696.000000,-0.927365,-1.658758,-1.793808,-1.896552,0.001908
697.000000,-0.517437,-1.415608,-1.701520,-1.781150,0.168758
698.000000,-0.307929,-1.234967,-1.643205,-1.722631,-0.249146
699.000000,-0.206575,-1.019362,-1.573502,-1.668489,-0.294770
700.000000,-0.092891,-0.794621,-1.517296,-1.612103,-0.082837
701.000000,-0.036504,-0.552222,-1.449420,-1.521473,0.292292
702.000000,0.033234,-0.283370,-1.365662,-1.439406,0.533930
703.000000,0.154740,-0.100330,-1.280273,-1.391491,0.311016
704.000000,0.253180,0.009410,-1.210259,-1.342395,0.131242
705.000000,0.332165,0.118399,-1.134214,-1.311196,0.264264
706.000000,0.365594,0.169820,-1.011078,-1.281371,0.450742
707.000000,0.441667,0.252721,-0.847527,-1.235707,0.940416
708.000000,0.612305,0.420190,-0.671921,-1.186505,1.110413
709.000000,0.775524,0.572711,-0.462893,-1.132021,0.810503
710.000000,0.819962,0.653635,-0.267678,-1.112288,0.381178
711.000000,0.874401,0.716385,-0.052772,-1.090663,0.645431
712.000000,0.753114,0.714402,0.168543,-1.075743,0.366769
713.000000,0.549644,0.725961,0.346864,-1.048805,0.204638
714.000000,0.526039,0.833087,0.537718,-1.002519,0.726148
715.000000,0.572385,0.898080,0.733466,-0.958300,0.583359
716.000000,0.529348,0.905634,0.860647,-0.864840,0.475681
717.000000,0.181951,0.601851,0.792950,-0.837005,-1.190806
718.000000,-0.153987,0.254860,0.756673,-0.818657,-1.303689
719.000000,-0.504839,0.023615,0.763366,-0.694507,-0.850621
720.000000,-0.931097,-0.185535,0.661023,-0.570450,-1.280495
721.000000,-1.361435,-0.428406,0.474411,-0.432606,-1.291447
722.000000,-1.474758,-0.673980,0.198273,-0.282106,-1.642284
723.000000,-1.498276,-0.874947,0.005616,-0.170791,-1.260735
724.000000,-1.630631,-1.185330,-0.155366,-0.151988,-1.259729
725.000000,-1.464097,-1.425338,-0.264416,-0.079735,-0.574605
726.000000,-1.247049,-1.625685,-0.394268,-0.163970,-0.496112
727.000000,-1.240463,-1.667000,-0.735651,-0.545883,-1.698265
728.000000,-1.548355,-1.793008,-1.204458,-1.071342,-2.457555
729.000000,-1.688376,-1.878186,-1.534496,-1.524527,-1.843297
730.000000,-1.845585,-1.827677,-1.725735,-1.940219,-1.437288
731.000000,-1.991694,-1.786431,-1.922317,-2.441618,-1.469594
732.000000,-1.905652,-1.722941,-2.037940,-2.853087,-1.452134
733.000000,-1.588639,-1.660040,-2.056926,-2.900350,-1.029899
734.000000,-1.470346,-1.645454,-2.135737,-2.869968,-1.317916
735.000000,-1.417250,-1.684804,-2.157847,-2.792805,-1.210581
736.000000,-1.288406,-1.687358,-2.118413,-2.678339,-0.884914
737.000000,-1.250844,-1.631617,-1.978632,-2.671569,-1.287517
738.000000,-1.371240,-1.535960,-1.875147,-2.674685,-1.616669
739.000000,-1.493359,-1.535992,-1.844101,-2.638875,-1.893424
740.000000,-1.546664,-1.531765,-1.773075,-2.515362,-1.430087
741.000000,-1.720387,-1.547787,-1.735960,-2.442239,-1.637005
742.000000,-1.852858,-1.593620,-1.717708,-2.370975,-1.878730
743.000000,-1.944545,-1.707231,-1.740592,-2.309339,-2.036921
744.000000,-1.901737,-1.752773,-1.746635,-2.261087,-1.706255
745.000000,-1.906071,-1.785723,-1.771526,-2.192860,-1.439426
746.000000,-1.876724,-1.862731,-1.799435,-2.130039,-1.467418
747.000000,-1.734539,-1.859709,-1.760094,-1.996043,-1.235347
748.000000,-1.542261,-1.812659,-1.684178,-1.885651,-1.252066
749.000000,-1.307493,-1.675929,-1.614979,-1.797896,-0.677594
750.000000,-1.020213,-1.537615,-1.544380,-1.694923,-0.103814
751.000000,-0.800669,-1.410226,-1.490934,-1.624491,-0.409161
752.000000,-0.696438,-1.285941,-1.456265,-1.572329,-0.749237
753.000000,-0.537457,-1.112379,-1.438664,-1.536022,-0.539867
754.000000,-0.619767,-1.034100,-1.432716,-1.524115,-1.085396
755.000000,-0.860044,-1.000310,-1.441389,-1.541213,-1.213890
756.000000,-1.065990,-0.974611,-1.478991,-1.564690,-1.384208
757.000000,-1.319330,-1.028311,-1.513955,-1.564510,-1.908476
758.000000,-1.911374,-1.228355,-1.588312,-1.574505,-2.965732
759.000000,-2.396218,-1.563791,-1.664922,-1.621450,-3.003765
760.000000,-2.680954,-1.940792,-1.760813,-1.679613,-2.664762
761.000000,-2.849319,-2.258037,-1.850594,-1.742945,-2.652630
762.000000,-2.818856,-2.439232,-1.899285,-1.792121,-2.308279
763.000000,-2.649936,-2.583786,-1.933177,-1.856465,-2.248903
764.000000,-2.404353,-2.578889,-1.951738,-1.886139,-1.848143
765.000000,-2.249215,-2.559970,-1.989363,-1.923273,-1.915233
766.000000,-2.126590,-2.540855,-2.031390,-1.977605,-2.026056
767.000000,-2.071453,-2.495403,-2.083972,-2.012543,-2.037281
768.000000,-1.945894,-2.347956,-2.097817,-2.008635,-1.661603
769.000000,-1.882256,-2.197637,-2.125013,-1.988380,-1.587076
770.000000,-1.836221,-2.096173,-2.177326,-1.991450,-1.707656
771.000000,-1.711847,-1.964720,-2.179871,-1.968717,-1.421637
772.000000,-1.546763,-1.844502,-2.148817,-1.926645,-1.222946
773.000000,-1.430215,-1.720173,-2.113660,-1.873227,-1.095773
774.000000,-1.327886,-1.635324,-2.061443,-1.833270,-1.081768
775.000000,-1.179826,-1.536859,-2.003518,-1.798434,-0.970489
776.000000,-1.103910,-1.439943,-1.953971,-1.769916,-1.045197
777.000000,-1.032878,-1.324051,-1.887921,-1.741774,-0.873206
778.000000,-0.957285,-1.229304,-1.789477,-1.709178,-0.717533
779.000000,-0.897002,-1.149316,-1.695150,-1.697952,-0.782643
780.000000,-0.923021,-1.087576,-1.632178,-1.717183,-1.125524
781.000000,-0.905922,-1.039452,-1.559734,-1.721910,-0.985952
782.000000,-0.944889,-1.019570,-1.504970,-1.723178,-1.086288
783.000000,-0.968184,-0.986440,-1.437377,-1.718367,-0.766515
784.000000,-0.931335,-0.932220,-1.377497,-1.695311,-0.463227
785.000000,-0.740810,-0.863424,-1.301908,-1.663863,-0.036938
786.000000,-0.521112,-0.766734,-1.213322,-1.630288,0.314511
787.000000,-0.018907,-0.614331,-1.089545,-1.571210,1.860802
788.000000,0.435513,-0.500977,-0.999339,-1.504543,1.329027
789.000000,0.993226,-0.331718,-0.901138,-1.427041,1.688189
790.000000,1.374228,-0.104196,-0.803912,-1.366791,0.933259
791.000000,1.577957,0.143318,-0.723255,-1.303419,0.722255
792.000000,1.500263,0.573286,-0.628189,-1.233219,1.565298
793.000000,1.766568,1.146602,-0.503232,-1.141905,2.359538
794.000000,2.069517,1.840039,-0.333298,-1.047629,2.746938
795.000000,2.365030,2.351645,-0.149155,-0.945757,2.321682
796.000000,2.405905,2.483534,0.049655,-0.844864,1.524509
797.000000,2.386973,2.377270,0.307373,-0.710376,1.929998
798.000000,2.090566,2.231859,0.557758,-0.604547,1.201807
799.000000,1.916828,2.178416,0.950069,-0.454830,1.895813
800.000000,1.673734,2.101842,1.384861,-0.295708,1.211008
801.000000,1.591869,2.051301,1.778758,-0.132373,1.185309
802.000000,1.287208,1.873460,2.034750,0.006759,0.492377
803.000000,1.277000,1.736147,2.190292,0.200869,1.148497
804.000000,1.094403,1.559298,2.205455,0.429763,1.040011
805.000000,0.903485,1.342124,2.080119,0.638619,0.311436
806.000000,0.749163,1.227991,1.953883,0.907714,0.454733
807.000000,0.803995,1.102644,1.794911,1.204298,0.737647
808.000000,0.699173,1.047401,1.693533,1.480008,0.664777
809.000000,0.609964,0.907658,1.594586,1.728008,0.639821
810.000000,0.583488,0.793980,1.516380,1.899520,0.132766
811.000000,0.431471,0.635714,1.435648,1.933160,-0.368326
812.000000,0.089470,0.508901,1.309713,1.900355,-1.035524
813.000000,-0.320385,0.275272,1.151429,1.810437,-1.284436
814.000000,-0.826026,0.031079,0.970547,1.704530,-1.343970
815.000000,-1.270223,-0.135414,0.802154,1.587281,-1.355536
816.000000,-1.700563,-0.396671,0.656585,1.460326,-1.737596
817.000000,-1.735614,-0.696019,0.486848,1.306732,-1.161016
818.000000,-1.792166,-1.094876,0.328762,1.180642,-1.626735
819.000000,-1.932053,-1.593768,0.045195,1.023970,-2.049358
820.000000,-2.110211,-2.010717,-0.237471,0.891136,-2.245791
821.000000,-2.163582,-2.261711,-0.565678,0.768198,-2.122485
822.000000,-2.209337,-2.276348,-0.834420,0.620167,-1.702175
823.000000,-2.093099,-2.187872,-1.192497,0.419960,-1.416684
824.000000,-1.856493,-2.059651,-1.515888,0.162569,-1.168656
825.000000,-1.534120,-1.906874,-1.679059,-0.093704,-0.810302
826.000000,-1.300956,-1.775959,-1.842358,-0.350330,-1.024983
827.000000,-1.106198,-1.680997,-1.954862,-0.679211,-0.772436
828.000000,-0.926852,-1.539521,-1.996112,-0.952162,-0.569805
829.000000,-0.570907,-1.256979,-1.905321,-1.223013,0.606145
830.000000,-0.160354,-0.906452,-1.724330,-1.327299,1.206801
831.000000,0.271188,-0.593403,-1.549380,-1.439164,0.931808
832.000000,0.554609,-0.360863,-1.392700,-1.483820,0.424452
833.000000,0.809166,-0.144252,-1.249102,-1.598032,0.451489
834.000000,0.856621,0.090947,-1.105488,-1.632490,0.801300
835.000000,0.770897,0.300020,-0.972045,-1.545969,0.852858
836.000000,0.813547,0.592524,-0.805381,-1.452565,1.145228
837.000000,0.841649,0.785771,-0.716618,-1.454188,0.497443
838.000000,0.909056,0.986704,-0.585413,-1.429428,0.714997
839.000000,0.697552,0.911714,-0.474267,-1.472217,-0.246594
840.000000,0.533065,0.780017,-0.308042,-1.439688,0.077734
841.000000,0.092400,0.581234,-0.179022,-1.425591,-0.744501
842.000000,-0.167770,0.465660,-0.052335,-1.367488,-0.582024
843.000000,-0.566049,0.285566,0.040070,-1.337974,-0.924577
844.000000,-0.701304,0.049855,0.125046,-1.319313,-0.826269
845.000000,-1.040845,-0.295713,0.108189,-1.356390,-1.387901
846.000000,-1.382022,-0.833773,0.011429,-1.441959,-2.123554
847.000000,-1.707237,-1.245125,-0.170188,-1.571547,-2.001314
848.000000,-1.779561,-1.543060,-0.350553,-1.618732,-1.395389
849.000000,-1.789661,-1.624701,-0.791289,-1.594576,-1.107617
850.000000,-1.751325,-1.761448,-1.495305,-1.566849,-1.346676
851.000000,-1.553859,-1.774539,-2.045030,-1.535253,-1.249444
852.000000,-1.394011,-1.805212,-2.358864,-1.549277,-1.278717
853.000000,-1.230533,-1.717085,-2.403813,-1.514205,-0.665677
854.000000,-1.343202,-1.774438,-2.596189,-1.620409,-1.618452
855.000000,-1.197868,-1.655295,-2.554171,-1.640254,-0.710432
856.000000,-1.126289,-1.498403,-2.556130,-1.647697,-0.927040
857.000000,-1.156017,-1.419794,-2.525973,-1.739045,-1.392877
858.000000,-1.289116,-1.398998,-2.492620,-1.829787,-1.316373
859.000000,-1.204392,-1.393136,-2.373535,-2.016424,-1.238913
860.000000,-1.255027,-1.332278,-2.271289,-2.193393,-1.040524
861.000000,-1.201650,-1.249487,-2.109399,-2.253758,-0.713577
862.000000,-0.830755,-1.047330,-1.896787,-2.137623,0.491438
863.000000,-0.381984,-0.880446,-1.676294,-2.000272,0.911728
864.000000,0.009747,-0.654820,-1.523847,-1.942733,0.557456
865.000000,0.261281,-0.590632,-1.400182,-1.951269,-0.029427
866.000000,0.408500,-0.525535,-1.256571,-1.999302,-0.269359
867.000000,0.199512,-0.423053,-1.140756,-2.006663,-0.590466
868.000000,-0.267215,-0.363181,-1.095994,-2.047249,-1.154290
869.000000,-0.709468,-0.301103,-1.073358,-2.012259,-1.126186
870.000000,-1.047039,-0.264731,-1.039406,-1.995276,-1.151461
871.000000,-1.187078,-0.217132,-0.989722,-1.908713,-0.504755
872.000000,-1.299167,-0.434893,-0.953988,-1.855117,-0.766934
873.000000,-1.348014,-0.877303,-0.993688,-1.810745,-1.229614
874.000000,-1.452354,-1.391406,-0.966946,-1.783936,-1.381699
875.000000,-1.371347,-1.781998,-0.999359,-1.709262,-0.803462
876.000000,-1.905037,-2.372933,-1.113287,-1.660151,-2.353371
877.000000,-2.529254,-2.907919,-1.273937,-1.664579,-3.085273
878.000000,-2.687254,-2.956877,-1.426507,-1.676718,-2.359479
879.000000,-2.666139,-2.874276,-1.579093,-1.692477,-1.972554
880.000000,-2.699406,-2.765982,-1.761346,-1.697813,-1.893975
881.000000,-2.459623,-2.697780,-1.958532,-1.704931,-1.676926
882.000000,-2.164418,-2.630435,-2.296152,-1.726317,-1.812063
883.000000,-1.971888,-2.503908,-2.577650,-1.775526,-1.583385
884.000000,-1.861140,-2.391250,-2.694335,-1.765259,-1.562547
885.000000,-1.636023,-2.256798,-2.619119,-1.772961,-0.932060
886.000000,-1.471618,-2.052295,-2.510790,-1.773576,-0.946681
887.000000,-1.159752,-1.737113,-2.330327,-1.707935,-0.359953
888.000000,-0.819818,-1.461901,-2.114151,-1.627077,0.018803
889.000000,-0.393929,-1.191671,-1.903780,-1.526005,0.409176
890.000000,-0.140167,-0.956452,-1.741326,-1.451381,0.239109
891.000000,0.145188,-0.730757,-1.621444,-1.391900,0.358161
892.000000,0.214584,-0.534845,-1.543366,-1.443968,-0.057857
893.000000,0.225963,-0.348064,-1.452884,-1.518537,0.053248
894.000000,0.133978,-0.159946,-1.374713,-1.574855,-0.028418
895.000000,-0.023967,-0.097359,-1.360990,-1.622435,-0.580764
896.000000,-0.209099,-0.012315,-1.275292,-1.643699,-0.442160
897.000000,-0.232829,0.029061,-1.120404,-1.631260,-0.104342
898.000000,-0.328132,-0.002154,-1.007460,-1.602707,-0.308702
899.000000,-0.496521,-0.143548,-0.935320,-1.597668,-0.739077
900.000000,-0.516302,-0.268914,-0.857440,-1.588704,-0.673578
901.000000,-0.598692,-0.452533,-0.796650,-1.613455,-0.795756
902.000000,-0.745632,-0.570063,-0.708570,-1.623639,-0.695043
903.000000,-0.832821,-0.711348,-0.626616,-1.614356,-0.621487
904.000000,-1.292298,-1.134818,-0.671407,-1.690989,-2.535683
905.000000,-1.634579,-1.407111,-0.762261,-1.761773,-1.928182
906.000000,-1.712628,-1.571507,-0.803484,-1.729463,-1.120795
907.000000,-1.908203,-1.845084,-1.000438,-1.674755,-1.722678
908.000000,-2.111058,-2.059139,-1.326635,-1.660432,-1.895637
909.000000,-1.809168,-2.076325,-1.723098,-1.633910,-1.398577
910.000000,-1.648398,-2.062315,-2.121176,-1.599210,-1.278844
911.000000,-1.547151,-1.953871,-2.472689,-1.543681,-0.779373
912.000000,-1.337456,-1.870072,-2.624055,-1.468747,-0.769851
913.000000,-1.079047,-1.797833,-2.634819,-1.399258,-0.698150
914.000000,-0.989997,-1.579086,-2.573049,-1.345481,-0.984915
915.000000,-0.881738,-1.426488,-2.404580,-1.331932,-0.792114
916.000000,-0.798386,-1.322125,-2.228552,-1.287962,-0.415196
917.000000,-0.582002,-1.080628,-2.049671,-1.257371,0.216425
918.000000,-0.465924,-0.868922,-1.925661,-1.294918,-0.162904
919.000000,-0.253695,-0.696745,-1.776895,-1.367262,0.011163
920.000000,-0.094079,-0.549605,-1.665696,-1.439079,-0.074304
921.000000,0.127895,-0.392163,-1.509985,-1.490590,0.684777
922.000000,0.384837,-0.152055,-1.319959,-1.447108,1.553141
923.000000,0.765444,0.078972,-1.159162,-1.414228,1.482430
924.000000,1.080919,0.341302,-0.878530,-1.386189,1.237324
925.000000,1.465320,0.627510,-0.626994,-1.290650,1.440827
926.000000,1.588941,0.864293,-0.452940,-1.219511,1.209934
927.000000,1.490682,1.018084,-0.226515,-1.183950,1.138394
928.000000,1.472329,1.279716,0.060664,-1.109094,1.416586
929.000000,1.346881,1.414257,0.265327,-1.049141,0.712869
930.000000,1.252312,1.581319,0.506410,-0.959714,1.043058
931.000000,0.973316,1.483579,0.617884,-0.954004,-0.007312
932.000000,0.722277,1.275241,0.745771,-0.956697,0.017723
933.000000,0.419543,1.088515,0.890416,-0.965149,0.070577
934.000000,0.248697,0.916908,1.074354,-0.687912,-0.043028
935.000000,-0.064046,0.683269,1.205859,-0.478716,-0.352928
936.000000,-0.199949,0.446621,1.255238,-0.413289,-0.655143
937.000000,-0.398572,0.194751,1.166056,-0.249569,-0.918659
938.000000,-0.608409,-0.083349,1.120300,0.024636,-0.859320
939.000000,-0.911824,-0.333646,0.979017,0.146509,-1.414821
940.000000,-1.155046,-0.640868,0.844177,0.262538,-1.433482
941.000000,-1.286240,-0.788581,0.642090,0.293387,-1.188768
942.000000,-1.155236,-0.847301,0.430662,0.510837,-0.274897
943.000000,-0.991761,-0.903057,0.252940,0.786442,-0.077928
944.000000,-0.682430,-0.930684,0.115260,1.236416,0.010052
945.000000,-0.397378,-0.933762,-0.069365,1.588605,-0.163603
946.000000,-0.118913,-0.873258,-0.221541,1.811444,-0.002602
947.000000,0.045720,-0.703743,-0.331796,1.843854,0.445000
948.000000,0.116936,-0.564103,-0.515866,1.899631,0.230104
949.000000,0.012232,-0.426195,-0.693336,1.707251,-0.452697
950.000000,-0.072304,-0.293201,-0.957710,1.549851,-0.535422
951.000000,-0.270651,-0.236904,-1.123436,1.160329,-0.868026
952.000000,-0.662001,-0.373614,-1.348698,0.465566,-1.316249
953.000000,-0.953055,-0.508313,-1.553402,-0.177024,-1.135431
954.000000,-1.230917,-0.738619,-1.757014,-0.909840,-1.765825
955.000000,-1.417319,-0.889914,-1.801458,-1.591797,-1.378003
956.000000,-1.351664,-0.948502,-1.678979,-1.942707,-0.435388
957.000000,-1.021875,-0.977421,-1.453733,-2.073863,0.391316
958.000000,-0.507052,-0.879460,-1.178950,-2.085145,1.506040
959.000000,0.544696,-0.554664,-0.767304,-1.799482,2.456841
960.000000,1.463973,-0.271069,-0.428434,-1.707772,1.820743
961.000000,2.102987,0.175832,-0.094977,-1.391540,1.863781
962.000000,2.364180,0.827847,0.129599,-1.117564,1.724139
963.000000,2.062337,1.321869,0.218379,-1.027621,0.634552
964.000000,1.585547,1.983350,0.302394,-0.915937,0.603045
965.000000,1.169126,2.306527,0.354162,-0.827410,0.063279
966.000000,0.950928,2.446846,0.511677,-0.562647,0.914967
967.000000,0.695388,2.305682,0.577367,-0.293858,0.668383
968.000000,0.185391,1.666193,0.341011,-0.361793,-1.457871
969.000000,-0.201936,1.037875,0.280619,-0.263103,-0.975648
970.000000,-0.430985,0.585458,0.256466,-0.139973,-0.833299
971.000000,-0.629779,0.301639,0.505072,0.098359,0.237244
972.000000,-0.190172,0.442659,1.274906,0.496351,2.254675
973.000000,1.020064,0.927514,2.005630,0.942582,2.486047
974.000000,2.089446,1.519080,2.670214,1.435333,2.592269
975.000000,2.796378,2.172384,2.969627,1.932209,2.494641
976.000000,2.910379,2.418211,2.930258,2.236580,1.991938
977.000000,2.613945,2.516359,2.765915,2.343099,1.628919
978.000000,2.281884,2.729686,2.543488,2.380643,1.325771
979.000000,2.172117,2.914176,2.435735,2.577054,2.143571
980.000000,2.128308,2.993150,2.430439,2.715642,2.300529
981.000000,1.974598,2.809437,2.312185,2.672579,1.453742
982.000000,1.884276,2.536124,2.214376,2.619292,1.350485
983.000000,1.858908,2.310081,2.191148,2.546478,1.335249
984.000000,1.639086,2.085972,2.150380,2.484523,1.100763
985.000000,1.297239,1.849314,2.103123,2.378880,0.678997
986.000000,1.275332,1.760219,2.086466,2.312641,1.349084
987.000000,1.234378,1.694475,2.063361,2.221391,1.156953
988.000000,1.142470,1.639222,2.101455,2.107779,0.923341
989.000000,1.108805,1.502388,2.103416,1.990535,0.964830
990.000000,1.151963,1.332291,2.084391,1.910877,0.900331
991.000000,1.154589,1.316224,2.059980,1.869081,1.358290
992.000000,1.240383,1.334357,1.986190,1.847508,1.536041
993.000000,1.398939,1.370707,1.920268,1.867956,1.659856
994.000000,1.339991,1.319856,1.790607,1.830702,0.731496
995.000000,1.236268,1.282086,1.654715,1.795860,0.411795
996.000000,1.007769,1.154996,1.541721,1.735683,0.224574
997.000000,0.778561,1.077181,1.469461,1.700788,0.438135
998.000000,0.574978,1.068232,1.442423,1.740652,0.837044
999.000000,0.444731,0.991374,1.336966,1.735754,0.071252
1000.000000,0.463217,0.963564,1.238468,1.744514,0.513689
1001.000000,0.532743,0.871467,1.191708,1.727866,0.398246
1002.000000,0.777293,0.818812,1.188099,1.693767,1.620314
1003.000000,1.087144,0.769864,1.202201,1.664012,2.087882
1004.000000,2.077635,0.987169,1.271205,1.651763,2.835290
1005.000000,2.623750,1.269707,1.353246,1.625064,2.229436
1006.000000,2.924089,1.659719,1.389604,1.617877,2.183200
1007.000000,2.773362,2.003803,1.420324,1.613541,1.707806
1008.000000,2.620035,2.285868,1.482661,1.630810,1.867822
1009.000000,2.471209,2.688598,1.582432,1.631525,2.393736
1010.000000,2.380153,2.780661,1.675456,1.611003,2.137479
1011.000000,2.313753,2.797709,1.736826,1.637060,2.134291
1012.000000,2.326176,2.692804,1.783664,1.666953,2.064423
1013.000000,2.161928,2.485753,1.763626,1.664604,1.380752
1014.000000,2.061209,2.339647,1.879794,1.702119,1.960922
1015.000000,2.015013,2.261832,2.014224,1.757760,1.947480
1016.000000,1.883042,2.146566,2.110566,1.756649,1.549687
1017.000000,1.644752,2.013757,2.120170,1.734537,0.955332
1018.000000,1.486364,1.853903,2.061366,1.710703,0.627292
1019.000000,1.200206,1.660110,2.037969,1.686155,0.543546
1020.000000,1.093411,1.596517,2.045978,1.710133,1.427865
1021.000000,1.149242,1.571299,2.071873,1.729345,1.780097
1022.000000,1.455699,1.609532,2.088778,1.766058,2.237064
1023.000000,1.731324,1.670999,2.061620,1.774122,1.893961
1024.000000,1.921263,1.637687,1.989722,1.813990,1.623476
1025.000000,1.933286,1.606237,1.944289,1.863813,1.626023
1026.000000,1.781276,1.554504,1.869201,1.887434,1.115751
1027.000000,1.532217,1.554121,1.812819,1.891989,1.015573
1028.000000,1.448257,1.635035,1.785166,1.898648,1.487940
1029.000000,1.327011,1.667545,1.711544,1.902532,1.016375
1030.000000,1.195546,1.618777,1.652536,1.887288,0.993772
1031.000000,1.155775,1.530843,1.589707,1.868394,0.867378
1032.000000,1.073271,1.362956,1.515345,1.817286,0.498501
1033.000000,0.858111,1.228480,1.477011,1.763007,0.474733
1034.000000,0.683346,1.091817,1.397369,1.685453,0.157810
1035.000000,0.655352,1.010208,1.350258,1.648506,0.937774
1036.000000,0.765136,1.039569,1.344421,1.627022,1.406412
1037.000000,0.911908,1.058823,1.360714,1.609206,1.104537
1038.000000,0.798353,0.883475,1.346718,1.554263,-0.214886
1039.000000,0.600495,0.693841,1.311817,1.468116,-0.945338
1040.000000,0.260538,0.527006,1.243207,1.403194,-0.549263
1041.000000,-0.297557,0.344687,1.144343,1.333645,-0.704075
1042.000000,-0.928757,0.136883,0.978677,1.250567,-1.215058
1043.000000,-1.452371,-0.231335,0.776178,1.166968,-2.154313
1044.000000,-1.834732,-0.653879,0.547105,1.042583,-2.322138
1045.000000,-2.132239,-1.186752,0.296055,0.919918,-1.903266
1046.000000,-2.298399,-1.764864,0.060870,0.808256,-1.790588
1047.000000,-2.225362,-2.114613,-0.166349,0.740543,-1.332442
1048.000000,-2.065827,-2.251135,-0.533066,0.672432,-1.620425
1049.000000,-1.945909,-2.307989,-0.935080,0.588002,-1.866233
1050.000000,-1.893012,-2.359275,-1.380761,0.433784,-1.767211
1051.000000,-1.885307,-2.379067,-1.820681,0.202920,-1.882746
1052.000000,-1.966459,-2.339467,-2.141822,-0.149486,-1.961632
1053.000000,-1.978115,-2.218140,-2.336590,-0.568220,-1.901055
1054.000000,-1.924385,-2.074819,-2.390110,-1.035434,-1.712172
1055.000000,-1.873746,-1.970784,-2.426943,-1.543634,-1.587582
1056.000000,-1.838916,-1.910791,-2.465504,-1.984810,-1.734000
1057.000000,-1.747485,-1.879159,-2.430972,-2.289647,-1.536400
1058.000000,-1.660617,-1.831864,-2.325361,-2.497374,-1.490245
1059.000000,-1.549012,-1.747310,-2.188384,-2.500281,-1.181445
1060.000000,-1.369837,-1.631162,-2.062162,-2.408552,-0.694024
1061.000000,-1.217755,-1.541371,-1.974662,-2.324959,-0.973359
1062.000000,-1.114306,-1.451271,-1.889771,-2.231131,-1.031260
1063.000000,-0.992192,-1.353853,-1.781442,-2.141481,-0.903942
1064.000000,-0.938950,-1.277065,-1.679550,-2.055471,-0.929220
1065.000000,-0.975553,-1.205732,-1.599367,-2.009176,-0.855191
1066.000000,-0.859983,-1.072336,-1.508113,-1.962487,-0.347054
1067.000000,-0.662819,-0.927885,-1.433656,-1.900346,0.070010
1068.000000,-0.588506,-0.831723,-1.384102,-1.835023,-0.585761
1069.000000,-0.523300,-0.778832,-1.337204,-1.766756,-0.742754
1070.000000,-0.578506,-0.831184,-1.317273,-1.738283,-1.361005
1071.000000,-0.678938,-0.804044,-1.270309,-1.695772,-0.738970
1072.000000,-0.967219,-0.789880,-1.225522,-1.654773,-1.104659
1073.000000,-0.950120,-0.736075,-1.156410,-1.579492,-0.220365
1074.000000,-0.898577,-0.677545,-1.097074,-1.504381,-0.326698
1075.000000,-0.558125,-0.590639,-1.031150,-1.438276,0.103178
1076.000000,-0.408141,-0.602393,-0.953044,-1.383038,-0.068433
1077.000000,-0.398248,-0.792588,-0.915247,-1.369707,-1.314189
1078.000000,-0.701163,-0.914441,-0.882254,-1.355584,-1.587642
1079.000000,-1.326763,-1.152658,-0.906792,-1.355158,-2.642365
1080.000000,-2.316947,-1.373339,-1.000681,-1.367530,-2.833361
1081.000000,-3.211226,-1.822271,-1.096111,-1.381948,-2.872971
1082.000000,-3.307104,-2.175399,-1.197310,-1.386896,-2.481273
1083.000000,-3.254537,-2.660452,-1.354904,-1.401439,-2.595449
1084.000000,-2.914051,-2.884179,-1.506868,-1.411342,-1.995431
1085.000000,-2.454288,-2.886248,-1.624565,-1.401389,-1.144010
1086.000000,-2.061436,-2.792293,-1.798021,-1.378452,-1.143969
1087.000000,-1.729160,-2.549556,-1.968127,-1.359700,-0.955709
1088.000000,-1.474646,-2.399199,-2.065531,-1.356994,-1.395855
1089.000000,-1.321780,-2.195167,-2.112005,-1.374010,-1.305343
1090.000000,-1.381245,-2.029203,-2.099072,-1.438449,-1.466749
1091.000000,-1.540965,-1.925267,-2.164073,-1.504140,-1.896944
1092.000000,-1.477083,-1.713219,-2.079071,-1.511553,-0.757480
1093.000000,-1.133505,-1.383533,-1.973499,-1.482788,0.207716
1094.000000,-0.910038,-1.179146,-1.908922,-1.473673,-0.226132
1095.000000,-0.695357,-1.095664,-1.884978,-1.478144,-0.428495
1096.000000,-0.322546,-0.995845,-1.839465,-1.509587,-0.232598
1097.000000,-0.254033,-0.950622,-1.767279,-1.576975,-0.497594
1098.000000,-0.474112,-0.886757,-1.713505,-1.609506,-0.786457
1099.000000,-0.425572,-0.743046,-1.573706,-1.590486,0.071615
1100.000000,-0.254500,-0.538647,-1.412230,-1.518709,0.371980
1101.000000,-0.230981,-0.307466,-1.274562,-1.507017,-0.115696
1102.000000,-0.140936,-0.223804,-1.150696,-1.478412,-0.121569
1103.000000,0.279135,-0.154717,-0.946988,-1.442872,1.032803
1104.000000,0.458955,-0.035800,-0.786626,-1.419600,0.857054
1105.000000,0.756196,0.219868,-0.642859,-1.389999,1.684247
1106.000000,1.134119,0.425195,-0.521762,-1.382018,1.270358
1107.000000,1.491655,0.662126,-0.427722,-1.344804,0.889888
1108.000000,1.535118,1.001820,-0.276535,-1.300223,0.964903
1109.000000,1.518026,1.170376,-0.122939,-1.223278,0.665582
1110.000000,0.878067,1.107665,-0.004111,-1.179213,-0.590736
1111.000000,0.401193,1.137035,0.220745,-1.101636,-0.452026
1112.000000,-0.175673,1.010342,0.257041,-1.062162,-1.230862
1113.000000,-0.820172,0.551417,0.120058,-0.994302,-1.419290
1114.000000,-1.442374,0.083111,0.007041,-0.966178,-1.605757
1115.000000,-1.640051,-0.506032,-0.070546,-0.999102,-1.362658
1116.000000,-1.660097,-0.855555,-0.121292,-0.993658,-0.670328
1117.000000,-1.332673,-1.018614,-0.034072,-0.972066,-0.085108
1118.000000,-0.958080,-1.174804,0.157289,-0.886115,0.022673
1119.000000,-0.207560,-1.060721,0.385276,-0.682378,1.286497
1120.000000,0.131310,-0.986258,0.292437,-0.530024,-0.077038
1121.000000,0.079782,-1.096622,0.158259,-0.324878,-0.968510
1122.000000,0.137990,-0.879985,0.210044,-0.190674,0.119129
1123.000000,0.398218,-0.448912,0.140156,-0.141101,1.023316
1124.000000,-0.081396,-0.213167,-0.118822,-0.158472,-0.387733
1125.000000,-0.322067,-0.122395,-0.645593,-0.224212,-0.988897
1126.000000,-0.098430,-0.008978,-0.920247,-0.214518,-0.123589
1127.000000,-0.127006,0.010844,-1.109092,-0.047189,0.012023
1128.000000,-0.412979,-0.006934,-1.357922,0.292679,-0.070414
1129.000000,-0.509252,-0.425792,-1.673280,0.043500,-0.756658
1130.000000,-0.328743,-0.467839,-1.633534,-0.301246,-0.316631
1131.000000,-0.285766,-0.276569,-1.542749,-0.250506,0.038053
1132.000000,-0.098784,-0.162252,-1.160392,0.182141,0.726720
1133.000000,0.548416,0.098460,-0.398144,0.717758,2.265611
1134.000000,1.184279,0.494626,0.281633,1.041226,1.571935
1135.000000,1.320560,0.732402,0.622868,0.056547,0.223848
1136.000000,1.492101,0.893795,0.892657,-0.347086,0.675531
1137.000000,2.063426,1.479355,1.459146,0.795792,2.710192
1138.000000,2.059055,1.971233,1.853705,1.615429,2.154861
1139.000000,2.023573,2.357767,1.848542,2.078911,1.488255
1140.000000,2.343757,2.608117,2.155822,3.053666,1.907932
1141.000000,2.431556,2.665533,2.475746,3.351408,1.720919
1142.000000,2.060251,2.538629,2.487601,3.440112,1.407020
1143.000000,1.863547,2.266149,2.369934,3.392652,1.457410
1144.000000,2.073622,2.272207,2.528188,3.454973,2.455709
1145.000000,2.188730,2.406923,2.655265,3.382789,2.429671
1146.000000,2.277765,2.446749,2.632956,3.203481,2.174406
1147.000000,2.217314,2.218685,2.505624,2.933701,1.350934
1148.000000,2.122132,2.066304,2.394640,2.721143,1.223362
1149.000000,1.632531,1.877030,2.250102,2.390308,0.237091
1150.000000,1.147482,1.664865,2.109986,2.215239,0.149971
1151.000000,0.724937,1.502591,1.990986,2.124851,0.239046
1152.000000,0.529698,1.407418,1.882243,2.018068,0.482666
1153.000000,0.327093,1.294414,1.716980,1.883583,0.352499
1154.000000,0.257124,1.026504,1.579050,1.802841,-0.092520
1155.000000,0.549845,0.923164,1.623490,1.861743,1.467109
1156.000000,1.073759,0.960172,1.718226,1.941778,2.399308
1157.000000,1.452823,1.054584,1.695692,1.976092,1.979610
1158.000000,1.747237,1.110043,1.670896,1.975475,1.537616
1159.000000,2.139084,1.323776,1.696189,2.005790,1.722047
1160.000000,1.990862,1.434849,1.642261,1.968460,0.832359
1161.000000,1.601878,1.503826,1.588563,1.915354,0.585125
1162.000000,1.237168,1.515737,1.539545,1.839241,0.294533
1163.000000,0.958727,1.554187,1.490239,1.732757,0.333640
1164.000000,0.573490,1.633717,1.373641,1.657565,0.216764
1165.000000,0.182397,1.403810,1.198396,1.600387,-0.808874
1166.000000,-0.212552,0.995950,1.024174,1.539562,-1.023789
1167.000000,-0.513660,0.603468,0.910875,1.426936,-0.846861
1168.000000,-0.829421,0.229510,0.804291,1.339348,-0.777427
1169.000000,-1.198588,-0.314187,0.759915,1.270058,-1.083336
1170.000000,-1.230752,-0.709472,0.728476,1.187194,-0.957978
1171.000000,-1.210773,-1.080485,0.681783,1.108497,-0.978038
1172.000000,-1.221400,-1.377840,0.611672,1.045243,-0.916561
1173.000000,-1.288145,-1.714677,0.533267,0.967809,-1.072094
1174.000000,-1.225078,-1.920679,0.506710,0.826008,-0.906742
1175.000000,-1.163477,-1.828955,0.265926,0.663589,-0.802507
1176.000000,-0.872057,-1.535317,-0.074103,0.548038,0.178741
1177.000000,-0.805376,-1.447831,-0.545276,0.428608,-0.658637
1178.000000,-0.213821,-1.044568,-0.692040,0.439845,1.327019
1179.000000,0.442830,-0.546422,-0.825188,0.573649,1.633058
1180.000000,1.107063,-0.029945,-0.713046,0.756070,1.787073
1181.000000,1.520613,0.516957,-0.484730,0.968659,1.835410
1182.000000,1.989280,0.999773,-0.190430,1.170850,1.593438
1183.000000,1.964130,1.436733,0.099483,1.416476,1.409226
1184.000000,1.903633,1.801607,0.516575,1.786382,1.497262
1185.000000,1.867839,2.122101,1.350279,2.028110,1.750693
1186.000000,2.104966,2.443551,2.478346,2.301820,2.866020
1187.000000,2.325839,2.714137,3.100327,2.551529,2.692015
1188.000000,2.425325,2.646302,3.244154,2.677891,2.219814
1189.000000,2.525433,2.587239,3.288301,2.708668,2.308503
1190.000000,2.446056,2.455913,3.153705,2.694001,1.793871
1191.000000,2.237329,2.366631,3.045512,2.690193,1.886568
1192.000000,1.956756,2.239479,2.869974,2.602923,1.361094
1193.000000,1.773080,2.146865,2.737096,2.520465,1.342300
1194.000000,1.544559,2.044372,2.600853,2.430049,1.164177
1195.000000,1.424229,1.944881,2.490339,2.400432,1.199451
1196.000000,1.286816,1.780449,2.367431,2.368773,1.204615
1197.000000,1.236340,1.625666,2.289279,2.319311,1.123357
1198.000000,1.155651,1.496119,2.151020,2.254488,0.950127
1199.000000,1.095693,1.352746,2.023611,2.199042,0.864794
1200.000000,0.957178,1.222077,1.888192,2.119449,0.495342
1201.000000,0.824681,1.087280,1.775218,2.057401,0.539531
1202.000000,0.698820,1.003194,1.683674,2.001146,0.504567
1203.000000,0.574123,0.906174,1.600966,1.949096,0.331367
1204.000000,0.593009,0.889825,1.560515,1.938523,1.047677
1205.000000,0.782259,0.904182,1.535012,1.946635,1.489312
1206.000000,0.977544,0.916632,1.466965,1.931152,1.480252
1207.000000,1.212020,0.942379,1.402795,1.937697,1.571600
1208.000000,1.480531,0.982023,1.351855,1.895257,1.407276
1209.000000,1.513461,1.008788,1.280201,1.838465,1.032309
1210.000000,1.504303,1.127540,1.249222,1.794316,1.415379
1211.000000,1.392429,1.208327,1.191641,1.737535,0.885206
1212.000000,1.434489,1.385068,1.198889,1.714619,1.776458
1213.000000,1.524277,1.605785,1.209649,1.697378,1.790073
1214.000000,1.675887,1.714059,1.229841,1.672896,1.588891
1215.000000,1.685562,1.735280,1.240317,1.637448,1.269481
1216.000000,1.839762,1.763236,1.257456,1.573045,1.408840
1217.000000,1.814924,1.800699,1.300233,1.520503,1.800499
1218.000000,1.754343,1.841743,1.362380,1.482911,1.693256
1219.000000,1.800877,1.944938,1.449278,1.446349,1.919356
1220.000000,1.886471,1.960763,1.572818,1.430111,1.780679
1221.000000,1.991026,2.058402,1.705858,1.415862,2.006411
1222.000000,1.651419,1.823803,1.739488,1.380495,0.331406
1223.000000,1.484937,1.685616,1.812770,1.364515,0.906233
1224.000000,1.176565,1.529502,1.781370,1.345664,0.401059
1225.000000,0.905974,1.430346,1.710399,1.327026,0.459164
1226.000000,0.566703,1.329176,1.639779,1.308719,0.482849
1227.000000,0.303623,1.041173,1.479920,1.251588,-0.919056
1228.000000,-0.140344,0.749099,1.328052,1.201234,-1.082947
1229.000000,-0.343460,0.492360,1.247425,1.178260,-0.476772
1230.000000,-0.702332,0.165781,1.106391,1.164435,-1.107955
1231.000000,-1.044861,-0.207710,1.019949,1.157908,-0.948679
1232.000000,-0.962134,-0.315078,0.902233,1.176911,-0.455179
1233.000000,-0.893990,-0.548857,0.772772,1.208724,-0.736150
1234.000000,-1.082326,-0.773357,0.631254,1.177862,-1.137703
1235.000000,-1.076956,-1.024606,0.505002,1.110410,-1.104680
1236.000000,-0.964857,-1.222657,0.392009,1.059062,-0.532714
1237.000000,-0.874908,-1.129510,0.258571,1.016105,-0.111308
1238.000000,-0.571486,-0.911202,0.158319,1.011040,0.509324
1239.000000,-0.156156,-0.778339,0.016385,1.043433,0.591174
1240.000000,0.082668,-0.616147,-0.204705,1.008523,-0.121734
1241.000000,0.291443,-0.414063,-0.475376,1.047900,0.321637
1242.000000,0.199850,-0.414912,-0.620519,0.952124,-0.489062
1243.000000,0.375533,-0.121007,-0.686760,0.963441,1.218946
1244.000000,0.773395,0.384403,-0.541069,1.077889,2.063255
