0.000000,5.385165,5.385165,5.385165,5.385165,1.414913
1.000000,3.744954,3.741996,3.746566,3.748083,1.211095
2.000000,3.006693,3.006234,3.007986,3.010235,1.397998
3.000000,2.566630,2.556514,2.559450,2.563161,1.369206
4.000000,2.259322,2.245602,2.248456,2.251732,1.696562
5.000000,2.019321,2.011249,2.013687,2.017236,1.190234
6.000000,1.834551,1.826572,1.827037,1.832495,1.464974
7.000000,1.683532,1.675590,1.674955,1.680915,1.761432
8.000000,1.554282,1.550489,1.545448,1.551919,1.508906
9.000000,1.432182,1.436348,1.431646,1.439982,0.713177
10.000000,1.329591,1.334190,1.332028,1.341096,0.773535
11.000000,1.243146,1.247891,1.243529,1.253734,1.914321
12.000000,1.151496,1.163473,1.162608,1.172507,0.278631
13.000000,1.068482,1.085932,1.087080,1.097843,0.140360
14.000000,1.000485,1.013573,1.017623,1.029041,0.586191
15.000000,0.939856,0.949843,0.954545,0.965697,1.217316
16.000000,0.880577,0.891421,0.896493,0.906314,2.150273
17.000000,0.831856,0.832875,0.840362,0.849951,1.532738
18.000000,0.784888,0.777100,0.788216,0.795700,1.274989
19.000000,0.738999,0.727705,0.737166,0.743772,1.533962
20.000000,0.687413,0.677800,0.685725,0.693224,0.933692
21.000000,0.635483,0.627023,0.637292,0.643650,1.677421
22.000000,0.568949,0.573643,0.584190,0.593149,-1.213285
23.000000,0.507476,0.522842,0.532265,0.542581,-0.515057
24.000000,0.436563,0.467047,0.477097,0.490568,-1.160450
25.000000,0.341353,0.394340,0.415534,0.434132,-3.322556
26.000000,0.240836,0.317231,0.352280,0.377203,-1.748657
27.000000,0.171287,0.241275,0.285754,0.319434,-0.049528
28.000000,0.079928,0.151058,0.211213,0.263606,0.835553
29.000000,-0.820792,-0.643729,0.648833,1.099775,1.555166
30.000000,0.193682,-0.849263,0.634784,1.079539,0.061878
31.000000,0.694087,-1.314620,0.460204,1.060864,-0.231522
32.000000,1.239460,-0.684817,0.679638,1.125565,1.590076
33.000000,1.167322,-0.426396,0.817533,1.144598,0.614409
34.000000,0.331205,-0.500721,0.665253,1.029884,-1.018105
35.000000,0.317227,0.517679,0.582532,1.021127,0.016840
36.000000,-0.173621,0.527880,-0.004619,0.847818,-1.601001
37.000000,-1.335296,-0.164995,-0.693886,0.570127,-1.830616
38.000000,-1.828630,-0.862294,-1.240091,0.334732,-1.098361
39.000000,-1.706273,-1.616534,-1.762183,0.186189,-0.802562
40.000000,-1.920611,-1.894184,-2.147048,-0.036554,-1.003140
41.000000,-1.504086,-1.833575,-2.358234,-0.348481,-0.306280
42.000000,-0.833716,-2.012142,-1.961807,-0.352996,0.415643
43.000000,-0.425153,-1.958430,-1.748489,-0.362859,0.279935
44.000000,0.116660,-1.353625,-1.325334,-0.263352,1.000358
45.000000,0.798940,-0.975951,-0.459876,-0.153187,1.244754
46.000000,1.157552,-0.279437,0.077019,-0.316936,0.960192
47.000000,1.268594,0.493523,0.281587,-0.392005,0.863294
48.000000,1.429944,1.085119,0.347495,-0.373629,0.923098
49.000000,1.452638,1.630790,0.329170,-0.329376,1.119746
50.000000,1.549523,2.283422,0.725418,0.110282,1.608748
51.000000,1.495890,2.415992,1.003023,0.014648,0.821230
52.000000,1.480471,2.363478,0.946151,0.701344,0.926916
53.000000,1.743311,2.554229,1.401349,1.645519,2.009046
54.000000,1.733691,2.406697,1.918639,2.250882,1.282825
55.000000,1.731913,2.305702,2.203305,3.122248,1.824000
56.000000,1.789837,2.165472,2.483036,3.164754,1.173436
57.000000,1.892593,2.124733,2.721538,2.985395,1.516659
58.000000,1.643008,2.031372,2.698998,2.693454,1.124927
59.000000,1.708228,2.021194,2.700721,2.508098,1.759591
60.000000,1.614404,1.930035,2.666297,2.470227,1.534131
61.000000,1.794244,2.029069,2.623536,2.518120,2.042987
62.000000,1.808927,2.043698,2.494666,2.368712,1.694072
63.000000,1.818174,1.896692,2.372116,2.282442,1.371495
64.000000,1.608881,1.784076,2.189310,2.255190,0.882102
65.000000,1.490340,1.657779,2.045036,2.179658,1.034882
66.000000,1.330106,1.640399,1.968832,2.225581,1.321547
67.000000,1.320109,1.632524,1.939491,2.292212,1.713238
68.000000,1.414143,1.676463,1.924009,2.306483,1.859888
69.000000,1.569583,1.641961,1.890818,2.279203,1.637257
70.000000,1.871215,1.714100,1.892981,2.306891,2.426485
71.000000,2.136210,1.749294,1.951132,2.305938,2.511886
72.000000,2.021633,1.687294,1.913508,2.200642,1.157090
73.000000,1.885943,1.671363,1.830746,2.119285,1.163745
74.000000,1.832573,1.726963,1.801751,2.036674,1.349534
75.000000,1.568032,1.745333,1.737238,1.950462,1.127277
76.000000,1.454365,1.821423,1.755401,1.929826,1.978363
77.000000,1.660322,1.865584,1.765398,1.924022,2.071870
78.000000,1.640511,1.784489,1.738725,1.876294,1.086833
79.000000,1.583073,1.727880,1.690506,1.831782,1.065680
80.000000,1.699836,1.656065,1.689298,1.805189,1.673307
81.000000,1.476277,1.484108,1.621571,1.778334,0.883568
82.000000,1.149433,1.425915,1.562660,1.738983,0.508537
83.000000,1.318784,1.504077,1.593073,1.718943,1.849755
84.000000,1.554496,1.591441,1.664348,1.733738,2.085414
85.000000,1.265149,1.514232,1.634797,1.665364,0.318327
86.000000,1.236784,1.384108,1.610862,1.634287,0.667473
87.000000,1.443365,1.312601,1.604026,1.621276,1.401684
88.000000,1.268103,1.317416,1.569949,1.609487,1.000926
89.000000,1.100260,1.367223,1.568013,1.595520,1.402477
90.000000,1.337699,1.325118,1.513323,1.584732,1.231793
91.000000,1.455123,1.367117,1.441068,1.552060,1.115168
92.000000,1.325369,1.419087,1.433863,1.526857,0.827280
93.000000,1.237388,1.282654,1.414916,1.509663,0.565525
94.000000,1.097208,1.126285,1.397674,1.520302,0.764958
95.000000,0.861230,1.151776,1.370237,1.512036,0.101873
96.000000,0.886586,1.243247,1.336486,1.523807,1.260701
97.000000,1.002954,1.228362,1.288701,1.518735,1.194199
98.000000,1.092107,1.214685,1.286601,1.493210,0.611689
99.000000,1.198862,1.168832,1.299710,1.484617,0.893920
100.000000,1.652236,1.202849,1.288491,1.453178,1.433620
101.000000,1.338199,1.107137,1.280298,1.377857,0.251447
102.000000,1.111596,1.089039,1.310190,1.371077,0.434862
103.000000,0.545331,0.888831,1.155106,1.320317,-1.429914
104.000000,-0.121443,0.632557,0.970038,1.266604,-1.298839
105.000000,-0.996751,0.522950,0.959857,1.235259,-1.023252
106.000000,-1.884120,-0.056579,0.852817,1.124983,-1.961981
107.000000,-2.432633,-0.607967,0.678633,1.010566,-1.404355
108.000000,-2.155718,-0.982237,0.558310,0.966571,-0.953071
109.000000,-1.983629,-1.436762,0.360878,0.918861,-1.043933
110.000000,-1.972481,-2.021982,0.120266,0.808392,-1.308246
111.000000,-1.557127,-2.190648,-0.098768,0.773108,-0.697442
112.000000,-1.207598,-2.243026,-0.272977,0.789274,-0.194923
113.000000,-1.048213,-1.957757,-0.471847,0.678195,-0.456368
114.000000,-0.438895,-1.452500,-0.511457,0.595303,1.208044
115.000000,0.080084,-1.159467,-0.508944,0.654325,0.562162
116.000000,0.033641,-0.959445,-0.945355,0.597286,-0.962443
117.000000,-0.948109,-1.338552,-1.832276,0.216066,-3.283928
118.000000,-1.603699,-1.629678,-2.359006,-0.155918,-2.419175
119.000000,-2.651066,-2.017723,-2.813146,-0.817047,-2.908689
120.000000,-3.137398,-2.284970,-3.067028,-1.589278,-2.706682
121.000000,-2.880894,-2.257359,-2.848127,-2.085439,-1.177443
122.000000,-2.354612,-2.277980,-2.676577,-2.413756,-1.087742
123.000000,-2.076998,-2.277030,-2.445917,-2.575071,-1.215543
124.000000,-1.672609,-2.360468,-2.267968,-2.592966,-1.041294
125.000000,-1.383290,-2.420686,-2.194526,-2.542484,-1.445169
126.000000,-1.470042,-2.384373,-2.098903,-2.562670,-1.581148
127.000000,-1.468550,-2.116413,-2.004437,-2.494903,-1.134100
128.000000,-1.344568,-1.896670,-1.912840,-2.358962,-0.685667
129.000000,-1.310086,-1.658009,-1.854348,-2.282186,-0.889466
130.000000,-1.222693,-1.448371,-1.804505,-2.252030,-1.033079
131.000000,-0.858676,-1.300155,-1.713521,-2.099018,0.092789
132.000000,-0.597787,-1.177376,-1.670718,-1.992496,0.061028
133.000000,-0.419129,-1.031148,-1.616488,-1.840036,0.116110
134.000000,-0.262008,-0.949888,-1.654864,-1.742570,-0.274136
135.000000,-0.001353,-0.775304,-1.653385,-1.660527,-0.008903
136.000000,0.135121,-0.474629,-1.555700,-1.518173,0.666718
137.000000,0.146992,-0.296941,-1.384055,-1.437074,0.106329
138.000000,0.306191,-0.090427,-1.209497,-1.348118,0.767068
139.000000,0.481129,0.115032,-1.007171,-1.284608,0.423468
140.000000,0.617645,0.365789,-0.781045,-1.208999,0.539958
141.000000,0.667594,0.486635,-0.646538,-1.146937,0.865187
142.000000,0.829783,0.595515,-0.523411,-1.121533,0.743236
143.000000,0.748928,0.652224,-0.404128,-1.108977,0.414205
144.000000,0.834825,0.822492,-0.270967,-1.149232,0.742868
145.000000,0.648843,0.809014,-0.160963,-1.240674,-0.464462
146.000000,0.242303,0.632870,-0.035106,-1.310505,-0.864866
147.000000,-0.182626,0.548771,0.064081,-1.252883,-0.770725
148.000000,-0.564555,0.286254,0.098820,-1.233636,-0.894390
149.000000,-0.804486,0.191795,0.271893,-1.097663,-0.094779
150.000000,-0.601087,0.129609,0.548821,-0.896090,0.398963
151.000000,-0.153427,0.078047,0.697871,-0.788169,1.005824
152.000000,0.299386,0.054972,0.858037,-0.673455,0.973780
153.000000,0.489606,-0.081505,0.839131,-0.609950,-0.331628
154.000000,0.579905,-0.193575,0.975630,-0.512335,0.217733
155.000000,0.410108,-0.157708,0.960673,-0.352176,-0.296043
156.000000,-0.051510,-0.130655,0.697915,-0.148518,-0.868719
157.000000,-0.481047,-0.082663,0.594153,0.041685,-0.635904
158.000000,-0.613726,-0.029884,0.302478,0.140163,-0.822016
159.000000,-0.883068,-0.115382,0.119308,0.356044,-0.637965
160.000000,-1.617297,-0.706116,-0.385649,0.272756,-2.707017
161.000000,-2.018436,-1.415388,-0.929610,-0.203877,-2.290598
162.000000,-2.237306,-1.985292,-1.351999,-0.638694,-1.793351
163.000000,-2.233374,-2.119460,-1.602065,-1.022685,-1.334470
164.000000,-2.520807,-2.503474,-2.063567,-1.563027,-2.408103
165.000000,-2.453850,-2.698797,-2.337051,-2.179319,-2.521204
166.000000,-2.373658,-2.671894,-2.447825,-2.723714,-2.153936
167.000000,-2.556041,-2.776930,-2.617115,-3.056920,-2.761691
168.000000,-2.691980,-2.782398,-2.652216,-3.241171,-2.488562
169.000000,-2.552383,-2.727228,-2.645906,-3.161774,-2.045953
170.000000,-2.391869,-2.552712,-2.626402,-3.060541,-1.907187
171.000000,-2.179182,-2.358229,-2.548443,-2.906968,-1.267591
172.000000,-1.929859,-2.265193,-2.498849,-2.787714,-1.500837
173.000000,-1.617642,-2.154573,-2.345939,-2.606501,-0.948636
174.000000,-1.358017,-1.976458,-2.235093,-2.460144,-0.764312
175.000000,-1.257168,-1.875316,-2.182124,-2.334635,-1.434599
176.000000,-1.269669,-1.793062,-2.115825,-2.210317,-1.333666
177.000000,-1.214028,-1.640749,-2.064096,-2.110374,-1.248278
178.000000,-1.103475,-1.420268,-1.959777,-1.969231,-0.453419
179.000000,-0.890929,-1.171223,-1.835670,-1.839365,0.253136
180.000000,-0.487465,-0.908316,-1.661182,-1.733396,0.545176
181.000000,-0.057043,-0.700909,-1.508021,-1.654102,0.741022
182.000000,0.312936,-0.499917,-1.407207,-1.607400,0.427907
183.000000,0.541881,-0.346612,-1.325378,-1.528866,0.538117
184.000000,0.597017,-0.221607,-1.214338,-1.483086,0.451810
185.000000,0.577695,-0.008140,-1.096761,-1.436219,0.422670
186.000000,0.600734,0.259211,-0.968291,-1.367793,0.875138
187.000000,0.699333,0.538370,-0.790953,-1.319248,0.848368
188.000000,0.880071,0.777915,-0.580688,-1.255604,1.320208
189.000000,1.015045,0.892851,-0.398903,-1.223965,0.970182
190.000000,1.104130,0.943555,-0.212203,-1.152519,0.745701
191.000000,1.091096,0.969673,-0.054764,-1.085421,0.811557
192.000000,1.094005,1.050286,0.155294,-1.030773,0.867792
193.000000,0.791074,1.007229,0.272247,-1.038343,0.010707
194.000000,0.424299,0.882143,0.330905,-1.033670,-0.630272
195.000000,0.236316,0.824622,0.540503,-0.979781,-0.064261
196.000000,0.139294,0.755083,0.826295,-0.904678,0.403528
197.000000,0.035029,0.688516,1.141126,-0.739714,0.448086
198.000000,-0.041369,0.451460,1.259301,-0.595516,-0.345314
199.000000,0.024745,0.267884,1.234824,-0.451514,-0.405635
200.000000,0.119943,0.207366,1.209134,-0.201466,0.371513
201.000000,0.117372,0.145597,1.138785,0.024520,0.452712
202.000000,0.176243,0.109706,1.134616,0.397509,0.784883
203.000000,0.638757,0.288229,1.174748,0.834584,1.489599
204.000000,1.085825,0.558013,1.204074,1.275103,1.274757
205.000000,1.391063,0.796571,1.255798,1.902437,1.567550
206.000000,1.838395,1.082272,1.306754,2.446473,2.233424
207.000000,2.138519,1.375390,1.349443,2.703017,2.042258
208.000000,2.198553,1.802287,1.332396,2.652817,1.697976
209.000000,2.459456,2.329772,1.450143,2.543505,2.411497
210.000000,2.621347,2.657823,1.641212,2.447770,2.657672
211.000000,2.379856,2.703876,1.736100,2.282407,1.750453
212.000000,2.251331,2.654554,1.837845,2.193668,1.751295
213.000000,2.154115,2.490636,2.015500,2.098937,1.514234
214.000000,2.030878,2.427122,2.278173,2.063756,1.854362
215.000000,1.642056,2.212822,2.333980,1.969669,0.854531
216.000000,1.477869,2.001856,2.342841,1.876004,0.995698
217.000000,1.347844,1.869129,2.335232,1.815779,1.126115
218.000000,1.266477,1.781441,2.356621,1.742392,1.127039
219.000000,1.125035,1.648488,2.354808,1.712234,1.176863
220.000000,1.180105,1.486636,2.283040,1.698482,1.139492
221.000000,1.315500,1.476465,2.255226,1.720075,1.632363
222.000000,1.398137,1.453049,2.198849,1.734993,1.528599
223.000000,1.361450,1.387133,2.075137,1.762595,0.992949
224.000000,1.261878,1.255904,1.963665,1.804294,0.706649
225.000000,1.123243,1.201124,1.839420,1.801369,0.418652
226.000000,0.924527,1.161888,1.720556,1.793502,0.667594
227.000000,0.689436,1.090909,1.614092,1.771889,0.436999
228.000000,0.585313,1.033912,1.537453,1.790008,0.529106
229.000000,0.487549,0.948541,1.421563,1.795572,0.193448
230.000000,0.479860,0.878894,1.299501,1.775540,0.334483
231.000000,0.217787,0.662959,1.188848,1.725618,-0.813599
232.000000,-0.375125,0.299824,1.019044,1.621477,-2.595473
233.000000,-1.100401,-0.022581,0.871345,1.509990,-2.203469
234.000000,-1.866997,-0.389514,0.680432,1.405853,-2.370300
235.000000,-2.458174,-0.727720,0.569848,1.311649,-1.795918
236.000000,-2.657465,-1.235298,0.418674,1.176054,-2.044248
237.000000,-2.542177,-1.836020,0.203919,1.023395,-2.386323
238.000000,-2.445140,-2.354374,-0.036575,0.883794,-2.096800
239.000000,-2.284307,-2.593362,-0.322129,0.699938,-1.905430
240.000000,-2.271269,-2.701600,-0.676443,0.454553,-2.032929
241.000000,-2.042504,-2.522154,-1.068177,0.286174,-1.212470
242.000000,-1.831715,-2.278846,-1.512793,0.069848,-1.435096
243.000000,-1.564086,-2.043156,-1.796578,-0.114217,-0.839878
244.000000,-1.228888,-1.773157,-1.905325,-0.310587,-0.275704
245.000000,-0.810874,-1.559006,-1.908031,-0.415688,-0.019904
246.000000,-0.538785,-1.332001,-1.898424,-0.540910,0.088959
247.000000,-0.252027,-1.101868,-1.863576,-0.719542,-0.107955
248.000000,0.008746,-0.845764,-1.779295,-0.872074,0.361735
249.000000,0.244897,-0.549610,-1.634214,-0.992581,0.825923
250.000000,0.445754,-0.214581,-1.509535,-1.101310,0.907609
251.000000,0.761904,0.108463,-1.296409,-1.199972,1.546786
252.000000,0.813787,0.298183,-1.141907,-1.451472,0.046709
253.000000,0.827532,0.454618,-0.995041,-1.540434,0.352005
254.000000,0.732682,0.539694,-0.844659,-1.550731,0.341921
255.000000,0.600705,0.590317,-0.731789,-1.514708,0.291932
256.000000,0.137148,0.547948,-0.651227,-1.571674,-0.447281
257.000000,-0.012195,0.510634,-0.545922,-1.609438,-0.649191
258.000000,-0.232474,0.410553,-0.442991,-1.647583,-0.607499
259.000000,-0.621625,0.139312,-0.395743,-1.715329,-1.314071
260.000000,-0.832567,-0.070778,-0.247853,-1.739426,-0.517325
261.000000,-0.765836,-0.361377,-0.131751,-1.685080,-0.094804
262.000000,-0.627001,-0.393795,0.046781,-1.547554,-0.058624
263.000000,-0.580181,-0.529425,0.132756,-1.469603,-0.432897
264.000000,-0.166583,-0.538467,0.241714,-1.323968,0.396257
265.000000,0.018291,-0.553534,0.314674,-1.231552,0.271363
266.000000,-0.083449,-0.560087,0.258275,-1.174864,-0.533887
267.000000,-0.584055,-0.777416,-0.080816,-1.209901,-2.094310
268.000000,-0.968248,-0.976439,-0.641173,-1.250728,-1.900288
269.000000,-1.486601,-1.043551,-1.427333,-1.280702,-1.721399
270.000000,-2.020455,-1.303834,-2.271792,-1.308901,-2.064816
271.000000,-2.039517,-1.426193,-2.695742,-1.294961,-0.891630
272.000000,-1.985555,-1.713086,-2.773659,-1.372825,-1.909872
273.000000,-1.999404,-1.944844,-2.845784,-1.564514,-2.027146
274.000000,-1.977679,-2.174158,-2.815436,-1.789899,-1.783258
275.000000,-1.900424,-2.321339,-2.764468,-2.036042,-1.815172
276.000000,-2.074023,-2.361156,-2.664141,-2.278631,-1.965855
277.000000,-1.933979,-2.173557,-2.500500,-2.355528,-1.408425
278.000000,-1.810569,-2.047820,-2.388019,-2.460669,-1.498664
279.000000,-1.554503,-1.848565,-2.157346,-2.459184,-0.591700
280.000000,-1.334853,-1.671627,-2.037567,-2.466203,-0.726540
281.000000,-1.026416,-1.593418,-1.937286,-2.478112,-0.445449
282.000000,-0.682676,-1.370105,-1.803181,-2.294883,0.317387
283.000000,-0.269350,-1.140392,-1.671608,-2.163640,0.384661
284.000000,-0.044407,-0.930678,-1.601789,-2.053228,0.440531
285.000000,0.279356,-0.687199,-1.528155,-1.949236,0.640529
286.000000,0.568621,-0.378070,-1.421016,-1.808214,0.770977
287.000000,0.807955,-0.045796,-1.215697,-1.638022,1.341409
288.000000,1.019801,0.343221,-1.034964,-1.491283,1.261257
289.000000,1.223393,0.626898,-0.861582,-1.309605,1.320623
290.000000,1.364962,0.943375,-0.666154,-1.182513,1.297887
291.000000,1.524108,1.236040,-0.521398,-1.066993,1.536195
292.000000,1.362398,1.291807,-0.359973,-1.021205,0.666562
293.000000,1.434355,1.457975,-0.087362,-0.891481,1.595277
294.000000,1.456258,1.579178,0.194302,-0.823741,1.428518
295.000000,1.597130,1.730717,0.586249,-0.708979,1.913649
296.000000,1.557360,1.776370,1.017786,-0.586222,1.375995
297.000000,1.704028,1.762228,1.444016,-0.334694,1.503400
298.000000,1.474141,1.643873,1.781081,-0.147132,0.676229
299.000000,1.231836,1.489638,1.912313,0.020493,0.355225
300.000000,0.739751,1.253622,1.913043,0.159909,-0.454244
301.000000,0.357946,1.009196,1.847626,0.210607,-0.448356
302.000000,-0.013179,0.899153,1.724925,0.437128,-0.209214
303.000000,-0.164550,0.717278,1.620017,0.790057,-0.002835
304.000000,-0.250632,0.558769,1.517669,1.192630,-0.013089
305.000000,-0.200752,0.317633,1.394601,1.614427,-0.238750
306.000000,-0.085600,0.165767,1.303576,2.071501,0.093111
307.000000,0.031686,0.008060,1.200442,2.328593,0.376329
308.000000,0.288327,0.036905,1.170575,2.540834,1.377790
309.000000,0.562799,0.099363,1.127713,2.481867,1.215537
310.000000,0.879303,0.259270,1.071068,2.397169,0.883360
311.000000,1.175360,0.469576,1.012084,2.305070,1.113707
312.000000,1.460727,0.710600,1.046118,2.181628,1.392108
313.000000,1.321976,0.884520,0.973549,2.053308,0.780311
314.000000,1.257425,1.117259,0.932848,1.963300,0.943947
315.000000,1.264691,1.424788,0.847568,1.883456,0.906904
316.000000,0.963369,1.501957,0.750007,1.763078,-0.149911
317.000000,0.763768,1.600087,0.669147,1.657289,0.586680
318.000000,0.911810,1.598181,0.749467,1.609345,1.360985
319.000000,1.142934,1.690716,0.942905,1.585419,1.806222
320.000000,1.006500,1.569968,1.158290,1.493625,0.380545
321.000000,0.961686,1.310190,1.358080,1.360342,-0.248693
322.000000,0.883182,1.113318,1.637826,1.333904,0.277765
323.000000,0.579781,0.988949,1.882827,1.228156,0.095673
324.000000,0.189170,0.870909,2.160627,1.151967,0.255428
325.000000,0.355532,0.895065,2.498945,1.077146,1.069326
326.000000,0.673864,1.073324,2.581267,1.047857,1.039142
327.000000,1.149717,1.318478,2.639151,1.067871,2.094733
328.000000,1.539220,1.374094,2.458709,1.150788,1.691331
329.000000,1.697884,1.256991,2.264517,1.231692,1.136498
330.000000,1.672009,1.350605,2.152895,1.403829,1.199930
331.000000,1.848082,1.638602,2.133948,1.651494,2.084949
332.000000,1.712020,1.737388,2.034881,1.830881,1.545776
333.000000,1.764333,1.894256,2.040557,2.003712,1.933541
334.000000,2.063117,2.070110,2.073873,2.190967,2.365906
335.000000,2.217686,2.095525,2.055320,2.323177,1.857693
336.000000,2.245530,2.181479,2.138181,2.403844,2.204350
337.000000,2.296595,2.137181,2.131224,2.405519,1.850753
338.000000,1.963552,1.988714,1.974918,2.240526,0.503232
339.000000,1.445000,1.861970,1.779351,2.077907,0.022037
340.000000,0.892105,1.650974,1.654145,1.912991,-0.704229
341.000000,0.427727,1.438132,1.645072,1.804886,0.134210
342.000000,-0.070902,1.239926,1.574637,1.672071,-0.265710
343.000000,-0.224062,1.009426,1.536877,1.590235,-0.133787
344.000000,-0.260933,0.706879,1.498076,1.508842,-0.123749
345.000000,-0.004802,0.527426,1.455586,1.462237,0.375416
346.000000,0.009883,0.262174,1.417270,1.460044,0.210929
347.000000,0.001168,-0.042463,1.283857,1.401954,-0.333739
348.000000,0.095548,-0.084357,1.214314,1.340911,0.258520
349.000000,0.124190,-0.091924,1.163723,1.244564,-0.019348
350.000000,0.000667,-0.002631,1.102210,1.221644,-0.121423
351.000000,0.013245,0.013774,0.998512,1.256647,0.295745
352.000000,0.096074,0.056028,0.916460,1.253497,-0.010101
353.000000,0.102504,0.121929,0.818486,1.282137,0.332847
354.000000,0.182235,0.188335,0.657305,1.309760,0.304513
355.000000,0.206125,0.114516,0.498414,1.291157,-0.136909
356.000000,0.183177,0.110389,0.291543,1.299124,0.211493
357.000000,0.354493,0.272491,0.120289,1.265790,0.623369
358.000000,0.612882,0.438156,0.179899,1.290400,1.311083
359.000000,0.900616,0.714641,0.340387,1.372145,1.367874
360.000000,1.154018,0.959754,0.612787,1.434209,0.863200
361.000000,1.285622,1.083183,0.780544,1.414876,0.827049
362.000000,1.228989,1.192118,1.048771,1.418650,0.493671
363.000000,1.048322,1.228727,1.381565,1.382469,0.644273
364.000000,0.908230,1.289442,1.783383,1.276507,0.858361
365.000000,0.931963,1.436966,2.058514,1.208420,0.980033
366.000000,1.052480,1.578224,2.265687,1.084497,1.366992
367.000000,1.190504,1.590456,2.382363,0.941705,0.978787
368.000000,1.525738,1.641847,2.465309,1.060949,1.986226
369.000000,1.754169,1.682307,2.581780,1.255518,1.979213
370.000000,1.797130,1.714979,2.601109,1.513170,1.639021
371.000000,1.568978,1.603599,2.393648,1.563573,0.604335
372.000000,1.383033,1.479008,2.213907,1.630205,0.054368
373.000000,0.789405,1.234606,1.931197,1.601675,-0.983388
374.000000,0.256119,1.059012,1.758261,1.626061,-0.395696
375.000000,-0.295711,0.853957,1.632822,1.559507,-0.683996
376.000000,-0.574387,0.643013,1.506319,1.522187,-0.488053
377.000000,-0.772780,0.471539,1.343780,1.546411,-0.739422
378.000000,-0.598445,0.193841,1.167454,1.533194,-0.226294
379.000000,-1.128336,-0.431156,0.812477,1.389233,-2.522002
380.000000,-1.797380,-1.172876,0.439759,1.167997,-3.006411
381.000000,-2.189641,-1.630639,0.147905,0.938965,-2.025248
382.000000,-2.586261,-2.077208,-0.204794,0.610754,-2.568951
383.000000,-2.845698,-2.277258,-0.579794,0.172248,-2.303946
384.000000,-2.576712,-2.385104,-0.925697,-0.233662,-1.768529
385.000000,-2.363724,-2.483755,-1.355961,-0.720268,-2.119652
386.000000,-2.199212,-2.459343,-1.725387,-1.150411,-1.516739
387.000000,-2.139551,-2.513655,-2.148284,-1.842634,-2.256478
388.000000,-1.939949,-2.453256,-2.423724,-2.301385,-1.463805
389.000000,-1.846593,-2.262523,-2.570656,-2.577123,-1.439157
390.000000,-1.615496,-2.019442,-2.546904,-2.590223,-1.031037
391.000000,-1.473579,-1.858745,-2.424629,-2.536439,-0.848176
392.000000,-1.157845,-1.660367,-2.280073,-2.431486,-0.721779
393.000000,-1.191844,-1.594552,-2.196486,-2.460185,-1.595591
394.000000,-1.166806,-1.543012,-2.126071,-2.436122,-1.304596
395.000000,-1.167393,-1.431668,-2.034804,-2.376781,-1.032924
396.000000,-1.049832,-1.300609,-1.911819,-2.263568,-0.269879
397.000000,-0.938286,-1.082538,-1.798358,-2.139365,-0.141816
398.000000,-0.446467,-0.853513,-1.662704,-2.013741,0.836806
399.000000,0.135943,-0.566306,-1.448267,-1.879282,1.484207
400.000000,0.557827,-0.392025,-1.276656,-1.806429,0.780375
401.000000,0.727007,-0.278088,-1.177776,-1.737239,0.295615
402.000000,0.624919,-0.294221,-1.118957,-1.727192,-0.963565
403.000000,0.481281,-0.066170,-1.006504,-1.630872,0.193410
404.000000,0.079301,0.124686,-0.933353,-1.583696,-0.052145
405.000000,-0.147650,0.299633,-0.834720,-1.537459,-0.057667
406.000000,-0.118986,0.431163,-0.742595,-1.484226,0.502626
407.000000,0.445144,0.647991,-0.544726,-1.410325,1.184591
408.000000,0.598875,0.648272,-0.419782,-1.386431,0.703995
409.000000,1.221602,0.719590,-0.189283,-1.238265,2.046170
410.000000,1.716214,0.897775,0.020760,-1.076710,1.668895
411.000000,1.782173,1.053957,0.194162,-0.983669,0.925109
412.000000,1.945996,1.641749,0.495441,-0.783856,2.007746
413.000000,1.836118,1.681484,0.840342,-0.654581,0.588549
414.000000,1.759137,1.938078,1.336261,-0.455176,1.766278
415.000000,2.019417,2.281595,1.929770,-0.093893,2.625358
416.000000,2.403569,2.474084,2.347668,0.320526,2.609139
417.000000,2.344166,2.433410,2.501793,0.836683,1.943092
418.000000,2.483580,2.435299,2.432399,1.309581,1.773471
419.000000,2.427845,2.339782,2.300410,1.789532,1.840201
420.000000,2.318409,2.351299,2.300637,2.210290,2.210566
421.000000,2.146463,2.379069,2.297760,2.451802,1.914355
422.000000,2.096915,2.306411,2.352823,2.562779,1.833051
423.000000,2.022026,2.311850,2.293968,2.620741,1.556983
424.000000,1.962887,2.247938,2.265644,2.599510,1.645857
425.000000,1.821243,2.116109,2.235908,2.527885,1.566760
426.000000,1.703167,1.970643,2.178941,2.402260,1.382588
427.000000,1.678771,1.934522,2.140526,2.320341,1.729151
428.000000,1.634699,1.874470,2.106218,2.190425,1.395936
429.000000,1.559402,1.802802,2.029899,2.064145,1.344966
430.000000,1.528681,1.711204,1.982832,2.001025,1.449677
431.000000,1.569039,1.669619,1.977876,1.977073,1.607330
432.000000,1.483972,1.607845,1.922327,1.977063,1.357462
433.000000,1.520224,1.605385,1.934195,1.959395,1.619072
434.000000,1.372052,1.488336,1.849226,1.899946,0.597681
435.000000,1.345368,1.456304,1.781546,1.884940,1.308467
436.000000,1.134194,1.368359,1.672926,1.829050,0.516597
437.000000,0.995127,1.260581,1.604638,1.776562,0.638652
438.000000,0.719058,1.160913,1.533301,1.734452,0.292827
439.000000,0.772087,1.114504,1.486179,1.691516,0.826926
440.000000,0.552637,1.011926,1.399508,1.644158,0.306627
441.000000,0.351519,0.813118,1.295635,1.595380,-0.613825
442.000000,0.033918,0.607620,1.186064,1.521412,-0.943652
443.000000,-0.233961,0.341578,1.096796,1.490587,-1.099190
444.000000,-0.995555,0.082018,0.955418,1.406842,-2.501408
445.000000,-1.520965,-0.263579,0.843573,1.321348,-1.533545
446.000000,-2.083609,-0.692246,0.672188,1.188457,-2.759750
447.000000,-2.566154,-1.274221,0.427904,1.056350,-2.899442
448.000000,-2.803546,-1.808017,0.173394,0.922776,-2.606473
449.000000,-2.697479,-2.331932,-0.118633,0.777068,-2.327485
450.000000,-2.766986,-2.655269,-0.517450,0.568848,-2.471473
451.000000,-2.688209,-2.761693,-1.048309,0.314284,-2.574946
452.000000,-2.407405,-2.649513,-1.488219,0.078328,-1.733736
453.000000,-2.185049,-2.530494,-1.924043,-0.173634,-1.602895
454.000000,-1.970198,-2.327399,-2.132391,-0.447821,-1.309854
455.000000,-1.680524,-2.180586,-2.280052,-0.720821,-0.997405
456.000000,-1.267389,-1.933752,-2.235611,-0.951261,-0.505002
457.000000,-0.963180,-1.672796,-2.150259,-1.191233,-0.219104
458.000000,-0.797636,-1.512153,-2.093080,-1.473399,-0.782469
459.000000,-1.151786,-1.618429,-2.251868,-2.000625,-2.715563
460.000000,-1.764735,-1.800701,-2.407771,-2.522864,-3.169427
461.000000,-2.261184,-1.876392,-2.430425,-2.775429,-2.571446
462.000000,-2.571320,-1.954681,-2.393513,-2.806016,-2.133881
463.000000,-2.693908,-2.026532,-2.360248,-2.783368,-2.061776
464.000000,-2.504583,-2.096253,-2.298108,-2.681433,-1.939884
465.000000,-2.205283,-2.149961,-2.250078,-2.598535,-1.732889
466.000000,-1.988384,-2.203518,-2.169039,-2.486078,-1.560075
467.000000,-1.849301,-2.250333,-2.090005,-2.394460,-1.493264
468.000000,-1.682196,-2.224422,-2.011000,-2.296084,-1.268879
469.000000,-1.478430,-2.043887,-1.927130,-2.207715,-0.950667
470.000000,-1.338070,-1.837259,-1.854174,-2.132291,-1.046378
471.000000,-1.220766,-1.677845,-1.778255,-2.054283,-0.989717
472.000000,-1.093819,-1.551304,-1.731321,-1.981897,-0.886680
473.000000,-0.952776,-1.401910,-1.677124,-1.910626,-0.582388
474.000000,-0.821506,-1.234027,-1.623388,-1.824413,-0.286033
475.000000,-0.672005,-1.090943,-1.590843,-1.765402,-0.318377
476.000000,-0.617595,-1.006490,-1.603594,-1.716052,-0.762274
477.000000,-0.534654,-0.900218,-1.613569,-1.657707,-0.519402
478.000000,-0.500472,-0.806981,-1.600923,-1.603988,-0.417685
479.000000,-0.501791,-0.735588,-1.507602,-1.552973,-0.251856
480.000000,-0.452730,-0.626403,-1.368976,-1.493508,-0.052796
481.000000,-0.272899,-0.506725,-1.245372,-1.427641,0.050905
482.000000,-0.100347,-0.372336,-1.131473,-1.378928,0.262714
483.000000,0.041320,-0.281979,-1.019216,-1.340037,0.204585
484.000000,0.131678,-0.239529,-0.911794,-1.316428,0.128526
485.000000,0.071502,-0.247118,-0.838218,-1.323188,-0.392464
486.000000,-0.000405,-0.178387,-0.770308,-1.347989,-0.333815
487.000000,-0.130257,-0.134238,-0.701486,-1.387149,-0.310559
488.000000,-0.328097,-0.118844,-0.657517,-1.423363,-0.679619
489.000000,-0.656100,-0.158496,-0.651572,-1.399213,-0.991408
490.000000,-0.768191,-0.229016,-0.620493,-1.328324,-0.700304
491.000000,-1.101224,-0.454667,-0.625999,-1.286764,-1.730616
492.000000,-1.532834,-0.897258,-0.675152,-1.272429,-2.236114
493.000000,-1.642108,-1.285074,-0.734543,-1.233981,-1.292838
494.000000,-1.581907,-1.554242,-0.822788,-1.181018,-0.767965
495.000000,-1.421074,-1.466395,-0.870175,-1.115471,-0.029129
496.000000,-1.144550,-1.408739,-0.862554,-1.063724,-0.450080
497.000000,-0.824103,-1.425548,-0.928165,-1.018145,-0.879592
498.000000,-0.744360,-1.453870,-1.030568,-0.989159,-0.966615
499.000000,-0.668244,-1.378474,-1.142068,-0.974235,-0.459795
500.000000,-0.811667,-1.362829,-1.336062,-0.948896,-0.634692
501.000000,-0.806130,-1.183789,-1.559460,-0.916934,-0.446618
502.000000,-0.854701,-1.011189,-1.902834,-0.916690,-1.084485
503.000000,-0.864589,-0.961016,-2.161248,-0.952886,-1.015132
504.000000,-0.987298,-0.982068,-2.309614,-1.035950,-1.034257
505.000000,-1.354632,-1.270790,-2.378949,-1.184111,-2.210150
506.000000,-1.494627,-1.338660,-2.265093,-1.217067,-1.149985
507.000000,-1.557546,-1.390250,-2.193680,-1.304924,-1.411674
508.000000,-1.480889,-1.341556,-2.051365,-1.368104,-0.749643
509.000000,-1.543423,-1.438306,-1.968741,-1.499925,-1.369425
510.000000,-1.272092,-1.463037,-1.884327,-1.640381,-0.998432
511.000000,-1.197395,-1.490528,-1.723887,-1.791348,-0.803265
512.000000,-1.114964,-1.482205,-1.556861,-1.986440,-1.053387
513.000000,-1.155323,-1.466460,-1.465584,-2.137312,-0.832767
514.000000,-0.740384,-1.306889,-1.338321,-2.157628,0.919872
515.000000,-0.258501,-0.943479,-1.261116,-2.042696,1.327607
516.000000,0.327974,-0.694137,-1.158623,-1.903355,1.459118
517.000000,1.112593,-0.362841,-1.038562,-1.753595,1.414024
518.000000,1.843126,-0.061567,-0.905986,-1.573539,1.534363
519.000000,1.903154,0.439035,-0.823830,-1.401712,1.269089
520.000000,1.796939,0.953027,-0.737949,-1.281003,1.075816
521.000000,1.472539,1.337281,-0.714499,-1.140061,0.364531
522.000000,1.448316,1.868443,-0.537952,-0.898641,1.453016
523.000000,1.119087,1.990868,-0.438592,-0.792817,0.282405
524.000000,1.036986,1.894473,-0.259749,-0.690373,0.992094
525.000000,1.068822,1.799210,0.138749,-0.630089,1.276984
526.000000,1.272770,1.706535,0.464423,-0.534969,1.306648
527.000000,1.577880,1.851162,1.082010,-0.297758,2.564650
528.000000,1.941395,1.870696,1.581702,-0.066216,1.953634
529.000000,2.022164,1.862478,2.124509,0.120630,1.587711
530.000000,2.096520,1.919399,2.517317,0.387660,1.830478
531.000000,2.102872,2.007079,2.682186,0.663954,1.618786
532.000000,1.929796,2.005096,2.749242,1.096194,1.805698
533.000000,1.971949,2.160152,2.753747,1.627952,2.173621
534.000000,1.991114,2.171735,2.587258,2.067675,1.816991
535.000000,1.944388,2.143325,2.429408,2.472389,1.745396
536.000000,2.025511,2.166872,2.342962,2.660808,2.100826
537.000000,2.032034,2.070016,2.265256,2.728066,1.926068
538.000000,1.952600,2.021692,2.192632,2.669968,1.826475
539.000000,1.941078,2.007730,2.142481,2.629731,1.798671
540.000000,1.920310,1.967651,2.101895,2.544343,1.686533
541.000000,1.640270,1.849985,2.020413,2.388438,0.690295
542.000000,1.394357,1.729813,1.911755,2.274584,0.634399
543.000000,1.084403,1.547486,1.835241,2.154569,0.189158
544.000000,0.718184,1.386748,1.739011,2.003929,-0.004456
545.000000,0.370825,1.247627,1.658919,1.880606,0.149935
546.000000,0.243121,1.058839,1.588649,1.775925,0.127081
547.000000,-0.029096,0.805016,1.440079,1.658529,-0.625892
548.000000,-0.183902,0.549641,1.327602,1.558225,-0.533964
549.000000,-0.504949,0.171396,1.188949,1.436241,-1.481373
550.000000,-0.771784,-0.177714,1.066080,1.352187,-1.037523
551.000000,-0.942925,-0.353099,0.980290,1.315898,-0.606862
552.000000,-1.033074,-0.573128,0.858287,1.235379,-1.018401
553.000000,-0.897257,-0.596102,0.770841,1.244774,0.215824
554.000000,-0.478257,-0.566689,0.711595,1.247957,0.475376
555.000000,0.090394,-0.438400,0.712238,1.289183,1.496816
556.000000,0.423641,-0.387500,0.631302,1.305759,0.774611
557.000000,1.110055,-0.081044,0.616153,1.316213,1.710039
558.000000,1.502782,0.275535,0.619536,1.356505,1.823035
559.000000,1.788620,0.832601,0.627538,1.416679,1.767774
560.000000,1.657637,1.215676,0.576354,1.433358,1.037624
561.000000,1.412558,1.306922,0.526906,1.403765,-0.172617
562.000000,1.197706,1.595594,0.596482,1.414226,0.722099
563.000000,0.993576,1.674311,0.786281,1.407957,0.903246
564.000000,0.645575,1.597473,0.952373,1.383902,0.268785
565.000000,0.551249,1.444507,1.212504,1.384126,0.630786
566.000000,0.926784,1.518257,1.727633,1.401983,1.438767
567.000000,1.101870,1.468261,2.450293,1.426040,1.459496
568.000000,1.285884,1.436900,3.009284,1.467767,1.666528
569.000000,1.556925,1.392305,3.324848,1.481821,1.517361
570.000000,1.770963,1.476347,3.291602,1.508411,1.681868
571.000000,1.831492,1.720267,3.147320,1.658979,1.812349
572.000000,1.782783,1.767589,2.993372,1.751297,1.404538
573.000000,1.702508,1.786173,2.767255,1.868660,1.427822
574.000000,1.644818,1.848968,2.576731,1.973310,1.358789
575.000000,1.546372,1.848313,2.360611,2.031565,1.254657
576.000000,1.356910,1.732308,2.208030,2.041753,0.930253
577.000000,1.209113,1.603683,2.013459,2.075243,0.701728
578.000000,1.070543,1.478755,1.850669,2.095936,0.758169
579.000000,0.940135,1.381352,1.711772,2.166426,0.740916
580.000000,0.841000,1.286874,1.638899,2.194881,0.820641
581.000000,0.807037,1.173699,1.639344,2.179181,0.774450
582.000000,0.908346,1.142349,1.611442,2.202896,1.229055
583.000000,0.891080,1.052294,1.546845,2.122080,0.514669
584.000000,0.801377,0.936099,1.509488,2.024639,0.096664
585.000000,0.514180,0.764314,1.430217,1.869208,-0.639491
586.000000,0.355361,0.690854,1.346581,1.790351,0.112741
587.000000,0.090473,0.658988,1.273901,1.685024,0.269463
588.000000,-0.327161,0.457205,1.136830,1.533011,-1.194503
589.000000,-0.810413,0.135821,0.982550,1.366424,-1.819258
590.000000,-1.209413,-0.303661,0.794742,1.228790,-2.115766
591.000000,-1.510451,-0.642716,0.629976,1.196263,-1.238320
592.000000,-1.946386,-1.147257,0.449119,1.098778,-1.844964
593.000000,-1.947265,-1.454733,0.262107,1.012514,-1.391204
594.000000,-1.814458,-1.656056,0.057827,0.969416,-1.282131
595.000000,-1.419361,-1.622274,-0.117621,0.947022,-0.376137
596.000000,-1.283183,-1.702092,-0.312598,0.869134,-0.643294
597.000000,-1.020605,-1.791808,-0.529433,0.782874,-0.737183
598.000000,-0.727610,-1.618730,-0.754129,0.701756,-0.163458
599.000000,-0.503567,-1.394059,-1.016748,0.616808,-0.318876
600.000000,-0.366900,-1.050446,-1.230134,0.534648,0.238718
601.000000,-0.283564,-0.910092,-1.455118,0.383856,-0.273288
602.000000,-0.507668,-0.875257,-1.826021,0.144081,-1.721887
603.000000,-0.516524,-0.703091,-1.839988,-0.049603,-0.168291
604.000000,-0.516356,-0.569457,-1.787982,-0.300917,-0.274050
605.000000,-0.930096,-0.707561,-1.772752,-0.724559,-1.487786
606.000000,-1.234119,-0.821862,-1.822526,-1.204769,-1.507037
607.000000,-1.038149,-0.851530,-1.819360,-1.639288,-0.889560
608.000000,-0.867971,-0.770359,-1.585003,-1.895076,0.634678
609.000000,-0.715764,-0.695467,-1.342818,-2.043510,0.440411
610.000000,-0.617680,-0.901797,-1.202103,-2.236158,-1.058775
611.000000,-0.503858,-1.044129,-1.164415,-2.296513,-1.077400
612.000000,-0.563102,-0.975636,-1.082834,-2.335502,-1.135369
613.000000,-0.688275,-0.952838,-0.940823,-2.164623,0.487544
614.000000,-0.545461,-0.796412,-0.767546,-1.950316,1.288838
615.000000,-0.050824,-0.498487,-0.735365,-1.770916,0.487757
616.000000,0.007755,-0.411124,-0.799135,-1.787162,-1.067505
617.000000,-0.015328,-0.518923,-0.891618,-1.830498,-1.311517
618.000000,-0.986953,-1.273370,-1.116650,-1.790420,-1.746888
619.000000,-2.003403,-1.992484,-1.310277,-1.672484,-1.268698
620.000000,-2.470679,-2.142449,-1.590383,-1.538936,-1.361172
621.000000,-1.552485,-1.438288,-1.521504,-1.353697,1.220033
622.000000,-0.609565,-0.577168,-1.182729,-1.119476,1.381288
623.000000,0.751469,-0.081981,-0.981587,-0.895119,1.768907
624.000000,1.806304,0.054680,-0.759602,-0.701903,1.462628
625.000000,2.689661,0.617747,-0.188643,-0.552636,1.792691
626.000000,1.956098,0.753482,0.008020,-0.565148,-0.511412
627.000000,1.199765,0.837112,0.023181,-0.600176,-0.821956
628.000000,0.453705,1.192095,-0.270589,-0.672151,-0.521994
629.000000,-0.312946,1.259343,-0.648578,-0.769256,-0.797936
630.000000,-1.660831,0.839822,-1.095629,-1.102941,-2.055906
631.000000,-2.065234,-0.366536,-1.557590,-1.394696,-1.815827
632.000000,-2.283015,-1.642613,-1.948055,-1.520898,-1.819434
633.000000,-2.287259,-2.527391,-2.366739,-1.746765,-1.053700
634.000000,-1.533544,-2.287970,-2.039550,-1.568831,1.452098
635.000000,-0.334556,-1.997948,-1.404731,-1.096098,1.825184
636.000000,1.127444,-0.652845,-0.038884,-0.327311,2.489814
637.000000,2.251029,0.643697,1.193374,0.372949,1.986248
638.000000,2.869978,1.905791,2.417144,0.992434,2.141703
639.000000,2.770180,2.825885,3.036664,1.697320,1.983644
640.000000,2.545623,3.330762,3.201066,2.425090,1.618559
641.000000,2.191812,3.372640,2.928921,2.776762,1.357663
642.000000,1.978667,3.295709,2.714594,2.886294,1.315773
643.000000,1.776904,3.127341,2.535196,2.781826,1.375771
644.000000,1.622031,2.787905,2.423973,2.635188,1.379012
645.000000,1.507289,2.493185,2.272982,2.538191,1.189223
646.000000,1.487446,2.226621,2.338773,2.563415,1.336602
647.000000,1.332203,1.969687,2.296669,2.481740,0.688218
648.000000,1.262036,1.791589,2.290806,2.484343,1.094263
649.000000,1.225777,1.668014,2.308496,2.463501,1.227281
650.000000,1.164254,1.553646,2.346386,2.401410,0.901681
651.000000,1.055656,1.469637,2.348722,2.247424,0.854775
652.000000,1.207949,1.461753,2.383759,2.166229,1.385643
653.000000,1.220693,1.421301,2.344990,2.064286,1.182647
654.000000,1.130044,1.341098,2.177867,1.959850,0.847492
655.000000,1.213014,1.343867,2.059555,1.897555,1.295259
656.000000,1.222974,1.284725,1.899020,1.892998,0.950482
657.000000,1.015694,1.241309,1.746372,1.858825,0.429069
658.000000,0.832265,1.141687,1.597164,1.814280,0.312423
659.000000,0.634391,0.982231,1.442501,1.759530,-0.140965
660.000000,0.352281,0.881454,1.330705,1.765805,-0.042384
661.000000,0.050067,0.753452,1.222890,1.755390,-0.513604
662.000000,-0.216983,0.533933,1.113396,1.745092,-1.018320
663.000000,-0.761192,0.227818,0.956646,1.683767,-2.799682
664.000000,-1.577801,-0.169556,0.750997,1.518858,-3.392051
665.000000,-2.801308,-0.893982,0.472684,1.295456,-3.679057
666.000000,-3.293444,-1.639050,0.158665,1.047032,-2.906233
667.000000,-3.134307,-2.149217,-0.068478,0.857738,-1.938167
668.000000,-2.710786,-2.430227,-0.311600,0.681378,-1.324150
669.000000,-2.374914,-2.550733,-0.631033,0.465044,-1.601867
670.000000,-1.991374,-2.579239,-0.946354,0.234061,-1.634729
671.000000,-1.780344,-2.537728,-1.300886,-0.040065,-1.834296
672.000000,-1.622531,-2.385471,-1.629569,-0.290203,-1.236502
673.000000,-1.541782,-2.172544,-1.871616,-0.559333,-1.017110
674.000000,-1.497606,-2.000689,-2.069675,-0.916868,-1.397743
675.000000,-1.296784,-1.705256,-2.174524,-1.190807,-0.683290
676.000000,-1.075816,-1.481669,-2.199610,-1.487426,-0.765506
677.000000,-0.961133,-1.344570,-2.145488,-1.675205,-0.687323
678.000000,-0.843309,-1.245236,-2.057304,-1.827429,-0.447907
679.000000,-0.677842,-1.142275,-1.960645,-1.957539,-0.618400
680.000000,-0.650880,-1.029731,-1.879824,-1.997476,-0.553555
681.000000,-0.542667,-0.860019,-1.772341,-1.978444,-0.243322
682.000000,-0.393856,-0.726480,-1.658284,-1.968358,0.046381
683.000000,-0.431379,-0.686049,-1.569034,-1.988006,-0.647025
684.000000,-0.411289,-0.587165,-1.456837,-1.962311,-0.549924
685.000000,-0.559918,-0.647215,-1.353472,-2.011599,-1.367289
686.000000,-0.748934,-0.672252,-1.255093,-2.003335,-1.108669
687.000000,-1.054184,-0.720427,-1.211279,-1.965496,-1.223263
688.000000,-1.264625,-0.833355,-1.215628,-1.937967,-1.516293
689.000000,-1.623618,-0.978471,-1.223047,-1.911009,-1.951122
690.000000,-1.781452,-1.155393,-1.226626,-1.897712,-1.930255
691.000000,-1.879318,-1.353266,-1.185853,-1.856859,-1.278628
692.000000,-1.943061,-1.624866,-1.187871,-1.820425,-1.189516
693.000000,-1.783265,-1.745943,-1.184811,-1.750092,-0.512533
694.000000,-1.258705,-1.810591,-1.113666,-1.643631,0.330727
695.000000,-0.703370,-1.691168,-1.113974,-1.512788,0.066672
696.000000,-0.469130,-1.633569,-1.128867,-1.411079,-0.519566
697.000000,-0.190977,-1.478559,-1.139015,-1.340720,-0.141524
698.000000,-0.079077,-1.250355,-1.180584,-1.300167,-0.073494
699.000000,-0.045439,-0.836256,-1.175843,-1.228313,0.489742
700.000000,-0.127176,-0.522958,-1.227822,-1.173221,-0.273288
701.000000,-0.077862,-0.344513,-1.329011,-1.100368,-0.325649
702.000000,0.280942,0.056344,-1.353485,-1.012186,1.325051
703.000000,0.670182,0.374154,-1.249643,-0.928991,1.489272
704.000000,0.882228,0.534480,-1.144858,-0.813329,1.318564
705.000000,1.007838,0.571980,-0.987412,-0.787728,0.313494
706.000000,1.114148,0.681552,-0.862743,-0.758067,0.206087
707.000000,1.003348,0.834138,-0.616914,-0.706815,0.856510
708.000000,1.100466,1.131639,-0.133352,-0.624729,1.858294
709.000000,1.140210,1.271762,0.457061,-0.533689,1.434293
710.000000,1.365751,1.475855,1.059687,-0.444705,1.260126
711.000000,1.757228,1.770907,1.636019,-0.327422,1.910307
712.000000,1.650391,1.628036,1.876396,-0.340010,0.501556
713.000000,1.451969,1.548055,2.036724,-0.199503,1.029617
714.000000,1.398910,1.529503,2.081192,0.003227,1.234093
715.000000,1.269908,1.558299,2.075257,0.390897,0.790895
716.000000,0.975244,1.575511,2.111051,0.862026,0.710611
717.000000,1.047324,1.530526,2.099002,1.568688,0.868237
718.000000,0.349131,0.998954,1.738773,1.744113,-2.011838
719.000000,-0.630417,0.422914,1.278532,1.677578,-2.657854
720.000000,-1.601138,-0.180188,0.889780,1.328712,-2.716491
721.000000,-2.397983,-0.867611,0.537094,0.760784,-2.386828
722.000000,-3.074483,-1.487066,-0.095576,-0.143333,-2.737708
723.000000,-3.037523,-2.131219,-0.790480,-1.326496,-2.612669
724.000000,-2.809744,-2.580860,-1.396454,-2.416482,-2.240899
725.000000,-2.551483,-2.747751,-1.777967,-2.924548,-1.897488
726.000000,-2.295992,-2.739339,-1.991796,-2.948403,-1.446445
727.000000,-2.015782,-2.700326,-2.190578,-2.944136,-1.416704
728.000000,-1.747463,-2.468488,-2.370433,-2.879465,-1.308939
729.000000,-1.555921,-2.249708,-2.450974,-2.840117,-1.317247
730.000000,-1.435012,-2.068603,-2.476742,-2.734455,-1.322428
731.000000,-1.343335,-1.900552,-2.472276,-2.591068,-1.038720
732.000000,-1.242545,-1.709212,-2.374100,-2.544326,-0.953774
733.000000,-1.158523,-1.528976,-2.304812,-2.494545,-0.919094
734.000000,-1.072450,-1.383988,-2.247331,-2.435826,-0.910873
735.000000,-0.985102,-1.273757,-2.177371,-2.337819,-0.907401
736.000000,-0.992451,-1.229859,-2.126676,-2.268941,-1.074794
737.000000,-0.988651,-1.174752,-2.074850,-2.216692,-0.936658
738.000000,-0.979232,-1.125277,-1.942337,-2.195551,-0.876584
739.000000,-0.997961,-1.089263,-1.821210,-2.169163,-1.010402
740.000000,-1.041077,-1.064611,-1.721245,-2.144607,-1.125683
741.000000,-1.066503,-1.080135,-1.646795,-2.142360,-1.216995
742.000000,-1.113298,-1.099512,-1.556667,-2.089632,-1.151292
743.000000,-1.191186,-1.130601,-1.474009,-2.060402,-1.232763
744.000000,-1.132182,-1.109454,-1.378242,-2.010391,-0.619939
745.000000,-0.986004,-1.064943,-1.287821,-1.946325,-0.244695
746.000000,-0.863435,-1.029651,-1.239820,-1.903884,-0.574916
747.000000,-0.780223,-1.033149,-1.202580,-1.878681,-0.898410
748.000000,-0.658725,-1.055424,-1.175282,-1.797802,-1.021793
749.000000,-0.681438,-1.045144,-1.140176,-1.707499,-0.668313
750.000000,-0.658656,-0.951570,-1.081904,-1.608240,0.521651
751.000000,-0.601648,-0.861823,-1.060770,-1.534535,-0.173755
752.000000,-0.429664,-0.763128,-1.046920,-1.448725,-0.241136
753.000000,0.011597,-0.520680,-1.014248,-1.349000,0.658636
754.000000,0.232901,-0.422451,-0.990021,-1.265960,0.140530
755.000000,-0.104735,-0.511807,-0.988155,-1.208269,-0.801867
756.000000,-0.382997,-0.583111,-0.984529,-1.180181,-1.293453
757.000000,-0.607935,-0.598721,-0.995544,-1.151561,-1.150775
758.000000,-1.168097,-0.675291,-1.033640,-1.136847,-1.618946
759.000000,-1.703317,-0.898348,-1.080692,-1.130113,-2.047237
760.000000,-2.158401,-1.429062,-1.157013,-1.139593,-2.616578
761.000000,-2.458121,-1.837512,-1.247347,-1.177857,-2.623718
762.000000,-2.553633,-2.074182,-1.331693,-1.212095,-1.969471
763.000000,-2.661024,-2.455253,-1.468072,-1.270079,-2.449544
764.000000,-2.559416,-2.613264,-1.686181,-1.319984,-1.906630
765.000000,-2.559997,-2.764226,-2.050014,-1.410208,-2.655190
766.000000,-2.225530,-2.615278,-2.159564,-1.442741,-1.238457
767.000000,-2.035683,-2.497659,-2.179123,-1.491995,-1.183613
768.000000,-1.753316,-2.356679,-2.164385,-1.547532,-1.099867
769.000000,-1.412081,-2.107629,-2.082581,-1.554559,-0.263702
770.000000,-0.943563,-1.862593,-2.088878,-1.557460,-0.492326
771.000000,-0.673111,-1.564712,-1.995490,-1.517405,-0.004414
772.000000,-0.438804,-1.357925,-1.918642,-1.482098,-0.122824
773.000000,-0.330338,-1.157367,-1.932534,-1.453116,-0.611442
774.000000,-0.279243,-0.946644,-1.875308,-1.446101,-0.031872
775.000000,-0.167552,-0.625233,-1.786222,-1.463429,0.017952
776.000000,-0.286867,-0.541653,-1.728941,-1.476391,-0.565662
777.000000,-0.339159,-0.438971,-1.668878,-1.455222,-0.363991
778.000000,-0.346007,-0.380177,-1.613677,-1.445955,-0.662373
779.000000,-0.603876,-0.490512,-1.578314,-1.481637,-1.187227
780.000000,-0.957004,-0.618189,-1.536240,-1.580683,-1.583893
781.000000,-1.216257,-0.832077,-1.496386,-1.652999,-1.727645
782.000000,-1.554109,-1.058956,-1.507452,-1.728064,-1.877549
783.000000,-1.823675,-1.233759,-1.480628,-1.829064,-1.892925
784.000000,-1.872965,-1.425573,-1.449739,-1.880388,-1.354696
785.000000,-1.847617,-1.628311,-1.355682,-1.904442,-1.423965
786.000000,-1.687613,-1.698100,-1.341382,-1.888277,-0.907535
787.000000,-1.499101,-1.810268,-1.338155,-1.882760,-0.970426
788.000000,-1.311723,-1.902877,-1.350360,-1.867741,-1.064343
789.000000,-1.217663,-1.910181,-1.428882,-1.832616,-0.914470
790.000000,-1.184951,-1.888562,-1.518371,-1.787905,-1.312685
791.000000,-1.166056,-1.769512,-1.621945,-1.713663,-0.866106
792.000000,-0.869466,-1.467684,-1.635714,-1.616344,0.311845
793.000000,-0.593298,-1.169043,-1.620343,-1.497085,0.155825
794.000000,-0.478590,-1.025945,-1.699378,-1.426891,-0.387795
795.000000,-0.138308,-0.789849,-1.709888,-1.273405,0.191040
796.000000,0.098435,-0.636881,-1.661451,-1.204279,0.168320
797.000000,-0.052427,-0.550420,-1.671514,-1.161520,-0.354953
798.000000,-0.123018,-0.428253,-1.633844,-1.113469,-0.156326
799.000000,-0.032337,-0.306184,-1.537533,-1.112067,0.007286
800.000000,-0.053387,-0.114604,-1.394114,-1.094906,0.105793
801.000000,-0.003983,0.057034,-1.213550,-1.101074,0.437992
802.000000,0.239564,0.103858,-0.984656,-1.092927,0.790307
803.000000,0.682904,0.299621,-0.651234,-1.010304,1.817741
804.000000,1.161817,0.605155,-0.343827,-0.961523,2.017047
805.000000,1.529757,0.786970,-0.048470,-0.943844,1.542327
806.000000,1.702344,0.933753,0.169794,-0.906967,1.101249
807.000000,1.700110,1.131572,0.377287,-0.914141,0.731320
808.000000,1.358659,1.261864,0.568531,-0.934179,0.276055
809.000000,0.946824,1.360372,0.757357,-0.907526,0.303484
810.000000,0.605359,1.398776,0.997889,-0.837774,0.133826
811.000000,0.225459,1.267102,1.107040,-0.777924,-0.496901
812.000000,-0.211701,0.978334,0.947601,-0.728073,-1.186254
813.000000,-0.588491,0.504853,0.782847,-0.660053,-1.387276
814.000000,-0.658467,0.201952,0.872123,-0.457113,0.099961
815.000000,-0.488678,0.101121,0.975374,0.030514,1.016006
816.000000,-0.315238,-0.030530,0.990604,0.385753,0.276726
817.000000,0.100908,-0.082263,1.102416,0.897636,0.461054
818.000000,1.062814,0.200571,1.377526,1.917334,2.241522
819.000000,1.417519,0.382203,1.494262,2.460944,1.409696
820.000000,1.957342,0.910358,1.749604,3.092187,2.861409
821.000000,2.366698,1.458623,1.832260,3.124736,1.979018
822.000000,2.608429,2.104680,1.878471,2.917424,1.959169
823.000000,2.375338,2.559008,1.789897,2.747832,1.634814
824.000000,2.321312,2.667322,1.709113,2.670940,1.579053
825.000000,2.164012,2.720005,1.793517,2.619878,2.243679
826.000000,2.288411,2.865171,1.982241,2.621420,2.571708
827.000000,2.261834,2.836780,2.131140,2.590009,2.016715
828.000000,2.243706,2.634140,2.278194,2.517947,1.800407
829.000000,2.262404,2.559539,2.414555,2.460788,1.918770
830.000000,2.126952,2.357251,2.498116,2.389764,1.705478
831.000000,1.923662,2.249596,2.568559,2.314576,1.627530
832.000000,1.802964,2.144352,2.609320,2.233838,1.490575
833.000000,1.717835,2.072007,2.604340,2.125179,1.449894
834.000000,1.562182,1.982369,2.493830,2.015836,1.213783
835.000000,1.393191,1.818737,2.340405,1.928178,0.924654
836.000000,1.151332,1.584427,2.204912,1.839788,0.467932
837.000000,0.742730,1.305467,2.014894,1.714906,-0.507454
838.000000,0.376420,1.081441,1.815126,1.638685,-0.342481
839.000000,0.007980,0.827248,1.659955,1.561404,-0.548367
840.000000,-0.406203,0.541929,1.436368,1.471106,-1.010099
841.000000,-0.889302,0.170472,1.210453,1.362805,-1.745103
842.000000,-1.182419,-0.211133,0.991419,1.281651,-1.820640
843.000000,-1.460581,-0.579235,0.811711,1.232824,-1.583745
844.000000,-1.617663,-0.899242,0.657640,1.166625,-1.246372
845.000000,-1.712102,-1.221059,0.434646,1.056889,-1.463905
846.000000,-1.672267,-1.500110,0.144703,0.961575,-1.592351
847.000000,-1.611574,-1.645038,-0.144989,0.858598,-1.571314
848.000000,-1.518493,-1.743292,-0.419465,0.708800,-1.205676
849.000000,-1.509564,-1.807116,-0.746998,0.568812,-1.267880
850.000000,-1.437707,-1.787792,-1.069906,0.333955,-1.194343
851.000000,-1.390254,-1.707613,-1.414543,0.074383,-1.394539
852.000000,-1.225172,-1.551467,-1.655177,-0.159728,-0.806691
853.000000,-1.167561,-1.454031,-1.877912,-0.448770,-0.949407
854.000000,-1.025079,-1.355975,-1.997513,-0.737280,-0.587948
855.000000,-0.818633,-1.198444,-2.011819,-1.088186,-0.190054
856.000000,-0.548335,-1.026831,-1.953863,-1.520215,-0.074960
857.000000,-0.375765,-0.853244,-1.807066,-1.853818,0.043266
858.000000,-0.165168,-0.719889,-1.688526,-2.091920,0.057347
859.000000,-0.021628,-0.579599,-1.567915,-2.250603,0.083452
860.000000,0.052859,-0.437900,-1.427062,-2.291061,0.163516
861.000000,0.114571,-0.261363,-1.251548,-2.276279,0.221308
862.000000,0.170455,-0.140895,-1.086437,-2.226096,0.324512
863.000000,0.266815,0.024495,-0.946656,-2.164606,0.550354
864.000000,0.407005,0.172176,-0.832716,-2.082941,0.792017
865.000000,0.489392,0.250177,-0.725518,-2.016484,0.460812
866.000000,0.324288,0.215746,-0.665909,-1.989252,-0.996780
867.000000,-0.009223,0.120667,-0.621252,-1.901252,-1.355667
868.000000,-0.688081,-0.080369,-0.640833,-1.880533,-2.093228
869.000000,-1.450684,-0.329760,-0.653158,-1.846432,-1.864727
870.000000,-1.931152,-0.629909,-0.658798,-1.776816,-1.506300
871.000000,-1.975057,-0.996498,-0.639259,-1.667866,-1.482163
872.000000,-1.775464,-1.270951,-0.644849,-1.542232,-0.788375
873.000000,-1.316160,-1.429500,-0.584965,-1.427586,-0.142647
874.000000,-0.823911,-1.494392,-0.537344,-1.330694,0.326130
875.000000,-0.223447,-1.338569,-0.475787,-1.186152,1.110824
876.000000,-0.216245,-1.391100,-0.704878,-1.155722,-1.391073
877.000000,-0.220878,-1.295607,-0.950073,-1.096913,-0.769755
878.000000,-0.065956,-0.911286,-1.078077,-1.001001,0.496405
879.000000,0.126159,-0.468304,-1.119683,-0.860565,1.069495
880.000000,0.244716,0.010119,-1.043969,-0.683389,1.474622
881.000000,0.938322,0.477984,-0.897954,-0.465126,1.325946
882.000000,1.339102,0.764471,-0.812035,-0.323576,0.905083
883.000000,1.380819,0.918233,-0.776890,-0.150625,0.745406
884.000000,1.232421,0.957516,-0.852903,-0.024478,0.518804
885.000000,0.960548,0.849083,-0.837307,0.045549,0.405251
886.000000,0.844320,1.206909,-0.267465,0.158824,0.870151
887.000000,1.034172,1.565974,0.740048,0.377629,1.668005
888.000000,1.155049,1.631032,1.768356,0.585721,1.243123
889.000000,1.302290,1.595977,2.502501,0.815061,1.152936
890.000000,1.403415,1.472978,2.810465,1.015282,0.907580
891.000000,1.374492,1.373181,2.899607,1.192928,0.814005
892.000000,1.099849,1.295246,2.749956,1.278810,0.517276
893.000000,1.046776,1.322119,2.625563,1.397322,1.020680
894.000000,1.011160,1.376257,2.468882,1.454107,1.005266
895.000000,1.089358,1.472222,2.298961,1.592870,1.240324
896.000000,1.132216,1.467686,2.382702,1.826143,1.045077
897.000000,1.211184,1.345909,2.352559,2.021557,0.958437
898.000000,1.213556,1.298194,2.226510,2.257214,1.137044
899.000000,1.245016,1.268224,2.083344,2.413600,1.219873
900.000000,1.234660,1.265528,1.929948,2.487397,1.201979
901.000000,1.252484,1.260360,1.799054,2.509359,1.061246
902.000000,1.131421,1.214626,1.659961,2.395848,0.133323
903.000000,0.806895,1.061723,1.512554,2.220601,-0.562082
904.000000,0.255257,0.863593,1.365361,2.017552,-1.177048
905.000000,-0.391991,0.613608,1.239637,1.790802,-1.182628
906.000000,-1.143010,0.332105,1.077525,1.757201,-1.756580
907.000000,-1.570448,0.060408,0.888737,1.716951,-1.444276
908.000000,-1.984613,-0.424019,0.692532,1.556112,-2.219885
909.000000,-2.035755,-0.962329,0.530108,1.396023,-1.515484
910.000000,-2.064766,-1.560468,0.374990,1.201422,-1.545779
911.000000,-1.928039,-2.054505,0.211109,1.011569,-1.566333
912.000000,-1.910548,-2.261427,0.055721,0.849568,-1.586967
913.000000,-1.762664,-2.292944,-0.185274,0.690069,-1.620229
914.000000,-1.736440,-2.203510,-0.461452,0.549966,-1.506254
915.000000,-1.706251,-2.128032,-0.836727,0.411986,-1.500212
916.000000,-1.704036,-2.022946,-1.269442,0.204330,-1.621190
917.000000,-1.727525,-2.000284,-1.725357,-0.128418,-1.787445
918.000000,-1.775329,-1.935726,-2.149942,-0.469332,-1.924692
919.000000,-1.841699,-1.941998,-2.432429,-0.834564,-1.909881
920.000000,-1.821834,-1.892651,-2.524009,-1.145081,-1.505553
921.000000,-1.740395,-1.822003,-2.499084,-1.421846,-1.297003
922.000000,-1.637715,-1.760832,-2.391363,-1.656211,-1.314712
923.000000,-1.539166,-1.718897,-2.269712,-1.931618,-1.435866
924.000000,-1.430833,-1.686021,-2.135646,-2.141030,-1.376959
925.000000,-1.276172,-1.592292,-1.981017,-2.239412,-0.759729
926.000000,-1.128963,-1.477394,-1.831003,-2.241016,-0.558335
927.000000,-0.939767,-1.333096,-1.718979,-2.186565,-0.336159
928.000000,-0.632785,-1.136925,-1.570207,-2.103225,0.133395
929.000000,-0.453075,-1.008677,-1.507703,-2.072794,-0.606167
930.000000,-0.283823,-0.863911,-1.418954,-2.005740,0.100181
931.000000,-0.255526,-0.789677,-1.365640,-1.968703,-0.572377
932.000000,-0.269618,-0.701583,-1.312566,-1.894159,-0.486713
933.000000,-0.505389,-0.610224,-1.273877,-1.818550,-0.901099
934.000000,-0.687057,-0.561032,-1.265488,-1.751184,-1.583458
935.000000,-1.019419,-0.571658,-1.244368,-1.679410,-1.078874
936.000000,-1.050651,-0.580779,-1.200506,-1.600141,-0.584200
937.000000,-1.296882,-0.723098,-1.173765,-1.576397,-1.505227
938.000000,-1.349692,-0.946451,-1.119275,-1.523264,-1.098834
939.000000,-1.308355,-1.082704,-1.069521,-1.504976,-1.408401
940.000000,-1.488303,-1.415888,-1.064006,-1.497140,-1.832846
941.000000,-1.724114,-1.592441,-1.067075,-1.482285,-1.541388
942.000000,-1.522906,-1.652811,-1.034190,-1.445640,-0.554799
943.000000,-1.740416,-1.819396,-1.046433,-1.443797,-1.947216
944.000000,-1.712091,-1.795404,-1.036794,-1.432797,-1.219301
945.000000,-1.510391,-1.811583,-1.092966,-1.419887,-0.919888
946.000000,-1.326630,-1.877260,-1.180703,-1.398172,-0.714457
947.000000,-1.296291,-1.744309,-1.299895,-1.356457,-0.376139
948.000000,-0.916418,-1.671177,-1.503377,-1.302900,-0.460815
949.000000,-0.709376,-1.521992,-1.594211,-1.240468,-0.428592
950.000000,-0.521487,-1.263639,-1.738551,-1.193290,-0.169569
951.000000,-0.580247,-1.163395,-1.824441,-1.182779,-0.958332
952.000000,-0.826591,-1.271971,-1.922363,-1.185520,-1.372241
953.000000,-1.123892,-1.212113,-1.971153,-1.186203,-1.652642
954.000000,-1.380622,-1.244834,-1.922791,-1.184319,-1.520279
955.000000,-1.775500,-1.396549,-1.963455,-1.266046,-1.974620
956.000000,-1.793988,-1.453183,-1.975710,-1.340299,-1.280190
957.000000,-1.781982,-1.572337,-1.929445,-1.452192,-1.520472
958.000000,-1.541854,-1.544632,-1.851233,-1.564026,-0.599013
959.000000,-1.458235,-1.589473,-1.792044,-1.622642,-1.114216
960.000000,-1.261430,-1.657433,-1.703501,-1.726877,-1.099865
961.000000,-1.362838,-1.706470,-1.684247,-1.791448,-1.773490
962.000000,-1.532904,-1.769354,-1.769303,-1.873019,-2.290983
963.000000,-1.830009,-1.762217,-1.715906,-1.898938,-1.758537
964.000000,-1.270016,-1.460933,-1.517382,-1.747406,1.483287
965.000000,-0.656678,-1.071244,-1.348100,-1.630839,1.544430
966.000000,0.275673,-0.718251,-1.186045,-1.539944,1.806130
967.000000,1.751578,-0.056588,-0.959850,-1.334567,2.720357
968.000000,2.649677,0.457347,-0.764960,-1.179864,2.095880
969.000000,2.750498,1.251048,-0.508839,-0.960028,2.412423
970.000000,2.630731,1.850956,-0.308261,-0.734858,1.790549
971.000000,2.601006,2.489044,0.062124,-0.452786,2.203250
972.000000,2.786930,3.189612,0.824929,0.008291,3.382907
973.000000,2.836155,3.319283,1.594194,0.576811,2.688923
974.000000,2.618693,3.014039,2.136938,0.997507,1.836907
975.000000,2.554036,2.823637,2.603640,1.419155,1.934617
976.000000,2.417969,2.657480,2.791022,1.767859,1.790581
977.000000,2.030959,2.434735,2.813272,1.979572,1.453464
978.000000,1.731258,2.268829,2.695470,2.109231,1.245307
979.000000,1.462916,2.032553,2.530283,2.096964,0.584178
980.000000,1.197144,1.878264,2.396699,2.069175,0.632800
981.000000,0.912177,1.692467,2.284561,2.038009,0.405039
982.000000,0.631219,1.376966,2.179848,1.983213,0.101386
983.000000,0.436132,1.141073,2.099692,1.968601,0.323253
984.000000,0.357438,0.974686,1.939486,1.932903,0.209753
985.000000,0.354546,0.841114,1.841794,1.957231,0.641099
986.000000,0.358095,0.692528,1.740527,1.924170,0.425728
987.000000,0.351479,0.535562,1.597680,1.872082,0.029417
988.000000,0.330371,0.416095,1.501108,1.810099,0.210344
989.000000,0.463151,0.438726,1.438659,1.815117,0.836611
990.000000,0.447782,0.430208,1.386643,1.802179,0.587716
991.000000,0.449245,0.434342,1.310868,1.799880,0.418423
992.000000,0.404017,0.410223,1.123570,1.780125,-0.382591
993.000000,0.422795,0.407548,0.987399,1.785524,0.188000
994.000000,0.293806,0.439049,0.905788,1.730479,0.368945
995.000000,0.292453,0.437364,0.823770,1.697601,0.747302
996.000000,-0.050774,0.309633,0.668647,1.612431,-1.100362
997.000000,-0.246858,0.209055,0.517806,1.501765,-1.281868
998.000000,-0.991079,-0.108017,0.308464,1.374521,-2.348532
999.000000,-1.686749,-0.633709,0.156435,1.247644,-1.913769
1000.000000,-2.281373,-1.217771,-0.020410,1.149736,-1.670642
1001.000000,-2.145672,-1.694960,-0.156396,1.058778,-0.958971
1002.000000,-1.920926,-1.794041,-0.261272,0.873455,-0.786462
1003.000000,-1.508773,-1.894351,-0.431520,0.686560,-0.827766
1004.000000,-1.147216,-1.920498,-0.588357,0.552734,-0.490826
1005.000000,-0.971299,-2.048967,-0.918428,0.355274,-1.016015
1006.000000,-0.847429,-1.842962,-1.146394,0.171350,-0.325658
1007.000000,-0.500926,-1.529843,-1.130338,0.053438,0.871182
1008.000000,0.142179,-0.977351,-1.017101,-0.009879,1.798407
1009.000000,0.702419,-0.490285,-1.062197,-0.008424,1.429470
1010.000000,1.675118,0.168921,-0.909440,0.045087,2.171229
1011.000000,1.835007,0.492969,-0.926896,0.017801,0.471100
1012.000000,1.871595,0.956260,-0.673868,0.110296,1.281508
1013.000000,1.720122,1.415266,-0.517397,0.185743,1.311586
1014.000000,1.562847,1.668235,-0.444427,0.260641,0.903447
1015.000000,1.173458,1.902274,-0.458733,0.221520,0.665408
1016.000000,1.455036,2.121708,-0.059600,0.370007,1.655622
1017.000000,1.355861,2.015662,0.278720,0.541090,0.947937
1018.000000,1.185266,1.780292,0.778002,0.637321,0.662026
1019.000000,0.947676,1.515384,1.137725,0.431310,-0.042004
1020.000000,0.831857,1.206744,1.536354,0.317973,0.198842
1021.000000,0.439272,1.121452,1.793567,0.220446,0.034720
1022.000000,0.067814,0.844342,1.833511,0.200304,-0.584897
1023.000000,-0.178761,0.603552,1.869918,0.104807,-0.347378
1024.000000,-0.357533,0.358301,1.767149,-0.102208,-0.779187
1025.000000,-0.470418,0.223693,1.813452,-0.291150,-0.273369
1026.000000,-0.509133,-0.044108,1.751572,-0.138184,-0.136656
1027.000000,-0.176817,-0.068113,1.683487,0.281502,0.812798
1028.000000,0.105456,-0.045282,1.528889,1.021211,0.898813
1029.000000,0.368503,0.003427,1.360224,1.567736,0.332134
1030.000000,0.550147,0.027995,1.123394,2.012312,0.458393
1031.000000,0.711976,0.073093,1.103528,2.187727,0.424476
1032.000000,0.476258,0.135499,0.913729,2.136835,-0.276166
1033.000000,0.552920,0.351970,0.881160,2.253829,1.306532
1034.000000,1.393887,0.961105,1.148374,2.509810,3.147905
1035.000000,2.077970,1.498652,1.410336,2.684553,2.615484
1036.000000,2.588275,2.017706,1.514961,2.712853,2.284527
1037.000000,3.008417,2.368401,1.729879,2.651636,2.250248
1038.000000,3.044849,2.658250,2.027943,2.587333,2.523002
1039.000000,2.747186,2.855367,2.368060,2.547268,2.361631
1040.000000,2.484296,2.816616,2.513423,2.401051,1.842634
1041.000000,2.228141,2.694357,2.568641,2.344455,1.380877
1042.000000,1.958498,2.592405,2.596088,2.215722,1.106244
1043.000000,1.646584,2.398435,2.567024,2.099590,1.037367
1044.000000,1.385490,2.124165,2.573672,2.032017,1.119663
1045.000000,1.252042,1.944906,2.546721,1.997429,1.210875
1046.000000,1.232843,1.822543,2.500431,1.920201,1.294647
1047.000000,1.303767,1.730732,2.410858,1.902927,1.448013
1048.000000,1.368025,1.605268,2.318433,1.894650,1.370763
1049.000000,1.493032,1.538872,2.298206,1.952260,1.731952
1050.000000,1.490545,1.466357,2.226735,1.952644,1.262296
1051.000000,1.377412,1.385712,2.127632,1.924229,0.784165
1052.000000,1.256625,1.345323,2.071592,1.927834,0.854186
1053.000000,1.186699,1.332850,1.988598,1.933159,1.016766
1054.000000,1.071638,1.333050,1.865199,1.966329,1.210549
1055.000000,1.034610,1.314125,1.764526,1.974680,1.104169
1056.000000,1.067663,1.271555,1.671258,1.966117,0.887999
1057.000000,1.165401,1.252364,1.605887,1.946934,1.297414
1058.000000,1.278706,1.265898,1.540886,1.935728,1.533931
1059.000000,1.291885,1.207299,1.466068,1.925630,1.245784
1060.000000,1.361180,1.220522,1.427696,1.916198,1.398388
1061.000000,1.449656,1.285228,1.406211,1.900359,1.230770
1062.000000,1.525045,1.378716,1.415619,1.910307,1.673092
1063.000000,1.523500,1.444570,1.423562,1.878888,1.489033
1064.000000,1.603110,1.489506,1.430894,1.803762,1.539163
1065.000000,1.805482,1.625437,1.464626,1.764927,2.312444
1066.000000,1.997359,1.776134,1.491682,1.729069,2.062141
1067.000000,2.008081,1.845380,1.502887,1.687400,1.795775
1068.000000,1.916856,1.805611,1.495600,1.618824,1.190748
1069.000000,1.895715,1.831102,1.474498,1.564661,1.544146
1070.000000,1.679154,1.798179,1.479383,1.526490,1.316452
1071.000000,1.580078,1.817012,1.537838,1.516505,1.597099
1072.000000,1.467421,1.756635,1.575256,1.510565,1.289773
1073.000000,1.474102,1.721191,1.598827,1.509376,1.267238
1074.000000,1.291655,1.621189,1.575643,1.489175,0.608864
1075.000000,1.096873,1.419640,1.545884,1.459075,0.254747
1076.000000,0.965389,1.311695,1.565269,1.448765,1.009050
1077.000000,0.945947,1.249440,1.564297,1.439024,1.241677
1078.000000,0.990543,1.280747,1.557264,1.441969,1.508280
1079.000000,1.138092,1.246243,1.555414,1.416854,1.245795
1080.000000,1.031506,1.087733,1.467788,1.376806,-0.310452
1081.000000,0.709307,0.864926,1.386252,1.361465,-0.625404
1082.000000,0.463528,0.741059,1.318519,1.362757,0.058038
1083.000000,-0.134669,0.494151,1.215846,1.326528,-1.251884
1084.000000,-0.079754,0.629547,1.242600,1.356892,1.899959
1085.000000,0.652215,0.908287,1.253148,1.414899,2.486381
1086.000000,1.561046,1.098208,1.271586,1.484979,2.330763
1087.000000,2.411395,1.351856,1.337561,1.552398,2.685243
1088.000000,3.253229,1.628898,1.469761,1.618419,2.729591
1089.000000,3.145293,1.924578,1.567360,1.691059,2.349936
1090.000000,3.082694,2.536601,1.744727,1.787923,2.827596
1091.000000,2.902734,2.886014,1.850897,1.859148,2.189600
1092.000000,2.857445,3.101102,2.047444,1.950035,2.758265
1093.000000,2.751660,3.213281,2.208632,2.030479,2.491682
1094.000000,2.587049,2.985545,2.319510,2.062543,1.914968
1095.000000,2.396781,2.794218,2.423052,2.066665,2.018426
1096.000000,2.352899,2.672617,2.465660,2.083933,2.119887
1097.000000,2.020497,2.435246,2.382345,2.037556,1.212114
1098.000000,1.840625,2.287732,2.337379,2.045419,1.598304
1099.000000,1.767852,2.181772,2.305107,2.037389,1.576782
1100.000000,1.737943,2.085889,2.351598,2.056271,1.839334
1101.000000,1.568658,1.976464,2.331172,2.021034,1.305097
1102.000000,1.533143,1.806536,2.266815,1.983061,1.096719
1103.000000,1.429883,1.665133,2.235854,1.948840,1.102828
1104.000000,1.304762,1.563161,2.129566,1.925970,0.960100
1105.000000,1.103976,1.445448,2.020265,1.906491,0.855075
1106.000000,1.008286,1.316941,1.929816,1.870400,0.839151
1107.000000,0.931841,1.265789,1.832814,1.827000,0.719766
1108.000000,0.838951,1.171796,1.737028,1.779418,0.651700
1109.000000,0.771800,1.078169,1.657924,1.742927,0.633705
1110.000000,0.776329,0.976967,1.579570,1.754889,0.893730
1111.000000,0.739139,0.910060,1.513845,1.759427,0.663781
1112.000000,0.810584,0.904398,1.444515,1.768655,1.130559
1113.000000,0.900907,0.892772,1.379150,1.793772,1.156895
1114.000000,0.900405,0.847111,1.313319,1.750973,0.425577
1115.000000,0.674288,0.750818,1.212717,1.680805,-0.556550
1116.000000,0.411734,0.628294,1.094034,1.613961,-1.004842
1117.000000,-0.079280,0.514547,1.030486,1.546633,-1.034416
1118.000000,-0.862638,0.331357,0.916567,1.462356,-1.981855
1119.000000,-1.567542,0.105503,0.797280,1.389508,-2.028804
1120.000000,-1.986815,-0.244013,0.644621,1.301431,-1.845942
1121.000000,-2.208697,-0.643695,0.523734,1.233353,-1.682255
1122.000000,-2.300139,-1.288466,0.403107,1.134911,-1.604499
1123.000000,-1.847770,-1.770408,0.306226,1.060427,-0.428055
1124.000000,-1.518473,-2.081550,0.191765,0.996198,-0.762861
1125.000000,-1.146803,-2.040881,0.087105,0.928141,-0.346289
1126.000000,-0.508826,-1.665060,0.037418,0.877150,1.029189
1127.000000,0.022950,-1.381743,-0.032396,0.868642,0.604746
1128.000000,0.353171,-0.919908,-0.085534,0.839428,0.930829
1129.000000,0.665304,-0.535445,-0.187860,0.791161,0.533853
1130.000000,0.886176,-0.165404,-0.371741,0.704518,0.605581
1131.000000,0.424673,-0.055355,-0.708445,0.596721,-0.938242
1132.000000,-0.007689,0.010316,-1.240875,0.479182,-1.206635
1133.000000,-0.558328,-0.127927,-1.695730,0.329887,-1.264882
1134.000000,-0.985988,-0.197228,-1.887410,0.169416,-1.144063
1135.000000,-1.555636,-0.466427,-1.944232,-0.063510,-1.778801
1136.000000,-1.513117,-0.804895,-1.815172,-0.291373,-0.860795
1137.000000,-1.471307,-1.118420,-1.739871,-0.588229,-1.088599
1138.000000,-1.364831,-1.432470,-1.567060,-0.945513,-0.859212
1139.000000,-0.978462,-1.421817,-1.277109,-1.243695,0.491542
1140.000000,-0.509234,-1.461232,-1.058857,-1.660318,0.228850
1141.000000,-0.382216,-1.359922,-0.935348,-1.995302,-0.316862
1142.000000,-0.174344,-1.224051,-0.812737,-2.238832,-0.256908
1143.000000,-0.134658,-1.178000,-0.889552,-2.339491,-0.837371
1144.000000,-0.791377,-1.363562,-1.089189,-2.377655,-2.043865
1145.000000,-0.947935,-1.107112,-1.144881,-2.140814,-0.204465
1146.000000,-1.060603,-1.107782,-1.446497,-1.971879,-0.691134
1147.000000,-1.159904,-1.045128,-1.718795,-1.850099,-0.662404
1148.000000,-0.978207,-0.912740,-1.954618,-1.644517,-0.170843
1149.000000,-0.518211,-1.108880,-2.098989,-1.479374,-0.267095
1150.000000,-0.514634,-1.194431,-2.161085,-1.332001,-0.187051
1151.000000,-0.582840,-1.288900,-2.082341,-1.270386,-0.957429
1152.000000,-0.731820,-1.432087,-1.992951,-1.230344,-1.213178
1153.000000,-1.095152,-1.531619,-1.945750,-1.321903,-1.543919
1154.000000,-1.236398,-1.288321,-1.835365,-1.329271,-0.879529
1155.000000,-1.300482,-1.324271,-1.616873,-1.346446,-0.562610
1156.000000,-1.042609,-1.158441,-1.475826,-1.430810,0.066077
1157.000000,-0.770801,-1.027055,-1.333652,-1.498142,-0.033278
1158.000000,-0.398435,-0.996548,-1.240775,-1.603624,-0.027501
1159.000000,-0.228520,-0.999253,-1.373117,-1.695362,-0.275853
1160.000000,-0.280351,-1.118877,-1.522849,-1.819247,-0.989795
1161.000000,-0.531457,-1.082494,-1.558684,-1.790006,-0.606839
1162.000000,-0.676313,-0.954801,-1.545813,-1.716904,-0.156675
1163.000000,-0.713014,-0.673663,-1.426864,-1.625073,0.083173
1164.000000,-0.070391,-0.263402,-1.041844,-1.472036,1.434625
1165.000000,0.513430,0.017123,-0.971089,-1.289520,0.566514
1166.000000,1.025907,0.202884,-0.819154,-1.188652,0.799010
1167.000000,1.355733,0.490581,-0.667331,-1.051291,0.819357
1168.000000,1.731899,0.937529,-0.541153,-0.898927,1.295131
1169.000000,1.470354,1.321078,-0.445969,-0.954384,0.914587
1170.000000,1.688604,1.947889,-0.319048,-0.943925,1.448040
1171.000000,1.984379,2.451025,0.010414,-0.806455,1.973165
1172.000000,2.408335,2.792006,0.545069,-0.596982,2.415565
1173.000000,2.512092,2.859348,1.257937,-0.296330,2.037815
1174.000000,2.190933,2.383123,1.640560,0.044165,0.428281
1175.000000,2.151116,2.370275,2.156536,0.263025,1.724869
1176.000000,2.190677,2.427561,2.489304,0.668927,2.360064
1177.000000,1.888281,2.303851,2.517624,0.953224,1.304069
1178.000000,1.904250,2.284009,2.591696,1.291810,2.163820
1179.000000,2.138035,2.266490,2.584670,1.601873,1.808284
1180.000000,2.094499,2.205838,2.593824,1.877335,1.725201
1181.000000,1.710000,1.984619,2.447779,2.069730,0.706302
1182.000000,1.578283,1.769100,2.314190,2.243337,0.789998
1183.000000,1.174094,1.546372,2.150324,2.309375,0.219549
1184.000000,0.901687,1.528379,1.971213,2.281209,0.529598
1185.000000,0.511490,1.346616,1.832867,2.161449,-0.034425
1186.000000,0.422572,1.135088,1.729173,2.023308,0.320428
1187.000000,0.478247,1.115774,1.689169,1.972580,1.097249
1188.000000,0.658383,0.982178,1.623294,1.924553,0.992241
1189.000000,1.096722,1.040878,1.683592,1.991747,2.314428
1190.000000,1.752490,1.169952,1.754347,2.109603,2.662770
1191.000000,2.105925,1.352074,1.750339,2.140710,1.922367
1192.000000,2.113270,1.430058,1.677718,2.102727,1.171640
1193.000000,2.215879,1.614758,1.647182,2.078197,1.488486
1194.000000,1.877891,1.659235,1.652279,1.971445,0.766444
1195.000000,1.571037,1.833583,1.634540,1.937873,1.349010
1196.000000,1.408906,1.945872,1.573748,1.896763,1.234379
1197.000000,1.422103,1.966305,1.573405,1.859081,1.210381
1198.000000,1.425327,2.031346,1.540274,1.823541,1.499710
1199.000000,1.788878,2.033927,1.583598,1.850993,2.257277
1200.000000,1.941744,1.947180,1.621555,1.858886,1.990045
1201.000000,2.010375,1.903425,1.706249,1.836878,1.611367
1202.000000,1.935158,1.870958,1.737923,1.775912,1.047095
1203.000000,1.759905,1.768814,1.780052,1.719417,0.824429
1204.000000,1.350672,1.714377,1.773553,1.702634,0.391310
1205.000000,0.901590,1.545388,1.771071,1.631678,-0.048933
1206.000000,0.567426,1.418544,1.760521,1.547025,0.164656
1207.000000,0.334858,1.289061,1.703708,1.502686,0.057026
1208.000000,0.121494,1.109785,1.646950,1.419376,-0.050860
1209.000000,0.198249,0.920733,1.554751,1.384057,0.735463
1210.000000,0.180459,0.642414,1.372494,1.314987,-0.131627
1211.000000,0.144298,0.423425,1.254435,1.304632,0.004668
1212.000000,-0.112978,0.138314,1.122040,1.246831,-1.087711
1213.000000,-0.885926,-0.437802,0.811383,1.117642,-3.032723
1214.000000,-1.848794,-0.984602,0.528032,0.966424,-2.804429
1215.000000,-2.479846,-1.457818,0.175464,0.840172,-2.554728
1216.000000,-2.911843,-1.936766,-0.220720,0.685267,-2.407508
1217.000000,-2.974515,-2.310226,-0.680340,0.461414,-2.283209
1218.000000,-2.821932,-2.660757,-1.325799,0.126673,-2.653644
1219.000000,-2.678148,-2.896583,-2.022238,-0.394883,-2.480892
1220.000000,-2.602454,-2.934012,-2.546329,-1.084078,-2.479947
1221.000000,-2.460241,-2.854367,-2.758690,-1.679311,-1.999629
1222.000000,-2.383685,-2.739854,-2.828616,-2.182615,-2.081528
1223.000000,-2.185300,-2.507345,-2.770743,-2.498006,-1.720899
1224.000000,-2.050864,-2.351902,-2.691981,-2.657702,-1.816634
1225.000000,-1.933233,-2.250590,-2.606866,-2.744965,-1.864039
1226.000000,-1.904235,-2.177523,-2.540463,-2.749505,-1.865669
1227.000000,-1.825660,-2.101798,-2.461197,-2.692925,-1.700554
1228.000000,-1.784633,-1.992826,-2.377795,-2.620015,-1.563774
1229.000000,-1.708884,-1.889769,-2.316603,-2.558737,-1.462745
1230.000000,-1.618625,-1.785272,-2.239727,-2.487728,-1.418465
1231.000000,-1.531225,-1.723816,-2.179835,-2.415519,-1.427770
1232.000000,-1.416496,-1.626648,-2.089741,-2.317411,-1.126039
1233.000000,-1.263916,-1.530913,-1.956786,-2.210035,-0.784488
1234.000000,-1.052533,-1.393421,-1.823496,-2.091219,-0.365877
1235.000000,-0.885077,-1.274357,-1.726949,-1.999985,-0.571539
1236.000000,-0.674478,-1.138135,-1.636820,-1.920167,-0.396086
1237.000000,-0.525926,-1.018534,-1.560053,-1.854930,-0.422724
1238.000000,-0.444409,-0.908108,-1.474504,-1.798456,-0.404919
1239.000000,-0.565738,-0.855134,-1.421402,-1.786709,-1.018648
1240.000000,-0.696829,-0.824543,-1.375010,-1.773186,-1.305413
1241.000000,-0.967242,-0.823260,-1.363099,-1.778384,-1.789942
1242.000000,-1.307179,-0.878877,-1.352121,-1.775752,-2.032027
1243.000000,-1.647823,-0.973916,-1.350303,-1.740810,-1.807809
1244.000000,-1.829334,-1.136176,-1.341125,-1.709586,-1.742239
