0.000000,5.385165,5.385165,5.385165,5.385165,0.088792
1.000000,3.747876,3.733795,3.738141,3.750657,-0.351090
2.000000,2.992840,2.974697,2.988851,3.006469,-2.170111
3.000000,2.513943,2.504459,2.526360,2.550316,-3.031673
4.000000,2.166386,2.177740,2.206375,2.233546,-2.569932
5.000000,1.897713,1.927064,1.964458,1.993283,-2.474933
6.000000,1.684066,1.734448,1.770851,1.800622,-2.300226
7.000000,1.528866,1.577573,1.611064,1.638194,-2.065668
8.000000,1.416130,1.444418,1.475607,1.499637,-1.726876
9.000000,1.318038,1.322465,1.359640,1.381432,-1.415099
10.000000,1.235970,1.214239,1.254660,1.277587,-1.222258
11.000000,1.170326,1.121423,1.160967,1.185363,-0.862849
12.000000,1.107303,1.045705,1.074732,1.101333,-0.943012
13.000000,1.049541,0.985570,0.996751,1.023315,-0.683383
14.000000,0.990360,0.927143,0.923846,0.951469,-0.694417
15.000000,0.941108,0.877851,0.856580,0.885690,-0.251488
16.000000,0.888092,0.832138,0.796741,0.823045,-0.222997
17.000000,0.842567,0.789401,0.741300,0.763588,-0.109856
18.000000,0.796061,0.747071,0.687485,0.706112,-0.004581
19.000000,0.734406,0.694853,0.626455,0.647829,-0.850125
20.000000,0.676768,0.648424,0.568481,0.590290,-0.248042
21.000000,0.618338,0.598235,0.511073,0.532086,-0.288710
22.000000,0.558550,0.550294,0.459376,0.473269,-0.216799
23.000000,0.508916,0.505669,0.414330,0.415305,0.474488
24.000000,0.479787,0.460351,0.365923,0.354264,0.445394
25.000000,0.428173,0.403782,0.313543,0.286329,0.147368
26.000000,0.377335,0.343514,0.256490,0.213737,0.190030
27.000000,0.328468,0.277041,0.190428,0.126926,0.401494
28.000000,0.253714,0.194128,0.097307,-0.004959,0.423732
29.000000,0.393288,0.193256,-0.446278,-1.394339,0.449295
30.000000,0.524821,0.342959,-0.326040,-1.374071,0.691116
31.000000,0.638775,0.525466,-0.234995,-1.359611,0.601192
32.000000,1.128492,0.976522,-0.012284,-1.223572,2.317356
33.000000,1.293659,1.123834,0.149385,-1.077341,1.101591
34.000000,1.129215,1.066122,0.269004,-0.985721,-0.088108
35.000000,0.697110,0.879930,0.264184,-0.918093,-1.117467
36.000000,-0.075589,0.414809,0.101012,-0.907122,-2.654168
37.000000,-1.263974,-0.008492,-0.080087,-0.873150,-2.082911
38.000000,-2.080528,-0.392492,-0.306294,-0.845311,-1.796144
39.000000,-2.471771,-0.758651,-0.346916,-0.835902,-1.641311
40.000000,-2.494127,-1.152361,-0.544275,-0.835682,-1.469283
41.000000,-2.054374,-1.500211,-0.694703,-0.862617,-1.131068
42.000000,-1.711629,-2.086692,-0.806627,-0.856341,-0.836272
43.000000,-1.447543,-2.350561,-1.073497,-0.885474,-0.799528
44.000000,-0.966762,-2.193401,-1.106857,-0.814071,0.299068
45.000000,-0.422570,-1.825148,-0.987342,-0.772440,0.747588
46.000000,0.092518,-1.228781,-0.849416,-0.707802,0.935109
47.000000,0.579914,-0.712625,-0.728880,-0.635927,1.095105
48.000000,1.217288,-0.124469,-0.495533,-0.467912,1.718343
49.000000,1.679896,0.557538,-0.149249,0.183209,2.168790
50.000000,1.582287,0.890291,-0.155270,0.468310,0.541461
51.000000,1.304589,1.038042,-0.275321,0.678576,-0.097845
52.000000,1.012520,1.128856,-0.723785,0.878701,-0.113242
53.000000,0.716183,1.300134,-0.840414,0.954042,0.417341
54.000000,-0.030492,1.080247,-1.024082,0.363400,-0.868650
55.000000,-0.369884,0.810530,-1.017631,-0.160290,-0.822878
56.000000,-0.625190,0.463500,-0.804889,-0.902825,-1.104335
57.000000,-0.870756,0.090638,-0.692602,-1.700765,-1.083075
58.000000,-1.299994,-0.452903,-0.705105,-2.451314,-1.367176
59.000000,-1.464142,-1.133566,-0.806373,-2.938638,-1.574972
60.000000,-1.675947,-1.540502,-1.008183,-3.231447,-1.764163
61.000000,-1.783037,-1.785242,-1.262643,-3.265459,-1.655643
62.000000,-1.949463,-2.046306,-1.694489,-3.407384,-1.951248
63.000000,-1.935708,-2.237050,-2.042583,-3.198786,-1.479737
64.000000,-1.845177,-2.199941,-2.561138,-2.928018,-1.310519
65.000000,-1.615358,-2.099129,-2.892837,-2.615785,-0.843927
66.000000,-1.509550,-2.035982,-3.112484,-2.339694,-1.307982
67.000000,-1.148860,-1.850470,-2.980731,-2.060202,-0.355526
68.000000,-0.668560,-1.518677,-2.728097,-1.729445,0.736374
69.000000,-0.221531,-1.194212,-2.602399,-1.454709,0.745161
70.000000,-0.185213,-1.049647,-2.515802,-1.386528,-0.651215
71.000000,0.083040,-0.844766,-2.301442,-1.282161,-0.102739
72.000000,0.024640,-0.677071,-2.196090,-1.266619,-0.602569
73.000000,-0.285034,-0.573520,-2.152318,-1.257082,-0.627806
74.000000,-0.521572,-0.444882,-1.971297,-1.292180,-0.309245
75.000000,-0.476436,-0.394963,-1.845517,-1.372271,-0.459927
76.000000,-0.507859,-0.252636,-1.697206,-1.436203,-0.241945
77.000000,-0.388011,-0.212948,-1.555564,-1.488827,-0.054425
78.000000,-0.083216,-0.218501,-1.334282,-1.511737,0.816095
79.000000,0.098543,-0.268460,-1.145685,-1.621197,0.575729
80.000000,0.316556,-0.142730,-0.956614,-1.626789,0.419721
81.000000,0.626262,-0.033516,-0.730432,-1.558075,0.990197
82.000000,0.625577,0.021582,-0.567686,-1.594880,-0.389183
83.000000,0.645436,0.236217,-0.350643,-1.597727,0.930131
84.000000,0.989271,0.553884,-0.058682,-1.439957,1.846307
85.000000,1.249846,0.901976,0.157207,-1.327709,1.316297
86.000000,1.464930,1.329856,0.503747,-1.148401,1.742102
87.000000,2.019217,1.767734,0.778982,-0.932002,1.888120
88.000000,2.043640,1.868503,0.871061,-0.699496,1.373355
89.000000,1.918735,1.972858,0.995608,-0.361378,1.535839
90.000000,1.857743,2.003336,1.316919,0.056764,1.280139
91.000000,1.725123,1.939336,1.541208,0.549017,1.279562
92.000000,1.669430,2.094926,1.849909,1.185801,1.698547
93.000000,1.453028,1.931427,1.939952,1.498988,0.350930
94.000000,1.210237,1.713214,1.933777,1.726596,0.350901
95.000000,1.109681,1.633165,1.957682,1.871110,0.762334
96.000000,1.115463,1.572678,1.961828,2.078607,1.253710
97.000000,1.086105,1.541897,1.963783,2.128426,1.631462
98.000000,1.517630,1.616449,1.912893,2.062893,1.988871
99.000000,1.817621,1.620523,1.887996,1.992478,1.725790
100.000000,2.183052,1.779248,1.949813,2.152494,2.518515
101.000000,2.959827,2.313110,2.190483,2.443853,4.035665
102.000000,3.347069,2.716172,2.480156,2.693271,3.598463
103.000000,3.259266,2.906794,2.539263,2.728835,2.563539
104.000000,3.235356,3.012254,2.564617,2.728888,2.623860
105.000000,3.055595,2.967038,2.562693,2.682498,2.241658
106.000000,2.661528,2.849642,2.511051,2.600095,1.946230
107.000000,2.333640,2.739260,2.460902,2.525255,1.917548
108.000000,2.196881,2.643438,2.435093,2.442573,1.923621
109.000000,2.050383,2.576910,2.402863,2.390842,1.900029
110.000000,1.867368,2.429757,2.330225,2.311904,1.390679
111.000000,1.678256,2.169814,2.237348,2.212087,1.049339
112.000000,1.541182,1.955807,2.165701,2.171172,1.229452
113.000000,1.354055,1.799887,2.115775,2.101103,0.984787
114.000000,1.178976,1.647794,2.074822,2.032401,1.044852
115.000000,1.111036,1.532548,2.031985,1.984879,1.063685
116.000000,1.072697,1.424104,1.972080,1.925505,0.860783
117.000000,0.939586,1.289924,1.896400,1.855908,0.576439
118.000000,0.829046,1.139709,1.818617,1.797223,0.430311
119.000000,0.641455,0.955751,1.739556,1.728004,0.108979
120.000000,0.475593,0.841037,1.664313,1.680365,0.263877
121.000000,0.369757,0.774291,1.544308,1.644542,0.372927
122.000000,0.386365,0.715632,1.434939,1.620698,0.690065
123.000000,0.446103,0.688439,1.364059,1.622930,0.745688
124.000000,0.641774,0.679565,1.297718,1.637565,1.055074
125.000000,0.809105,0.663703,1.243596,1.645937,1.044375
126.000000,0.955984,0.667787,1.199509,1.647158,1.004874
127.000000,1.134516,0.753486,1.172461,1.659410,1.513879
128.000000,1.448491,0.925589,1.164923,1.685780,2.166551
129.000000,1.873365,1.236575,1.182371,1.735189,2.875511
130.000000,2.348976,1.569129,1.237876,1.768306,2.767624
131.000000,2.760919,1.928900,1.330870,1.754514,2.613300
132.000000,2.790285,2.192197,1.394418,1.716941,2.105923
133.000000,2.644335,2.411737,1.484965,1.705834,2.050740
134.000000,2.225082,2.410220,1.524648,1.655963,1.199017
135.000000,1.941950,2.391741,1.574454,1.623150,1.370386
136.000000,1.679937,2.342258,1.641015,1.598541,1.307785
137.000000,1.436016,2.185788,1.707397,1.558463,0.927225
138.000000,1.213445,1.995338,1.783218,1.516985,0.974308
139.000000,1.188148,1.788486,1.882357,1.477072,1.090602
140.000000,1.057529,1.581445,1.926998,1.450396,0.754169
141.000000,1.006739,1.424119,1.973845,1.456586,1.067572
142.000000,1.029264,1.311583,1.980702,1.450714,1.049247
143.000000,0.988616,1.173041,1.954860,1.447958,0.790637
144.000000,0.879635,1.099277,1.886057,1.432609,0.560632
145.000000,0.844498,1.011244,1.820992,1.416983,0.576310
146.000000,0.809822,0.965625,1.783524,1.428241,0.902449
147.000000,0.732426,0.937549,1.709154,1.448224,0.681894
148.000000,0.689329,0.895368,1.606668,1.473786,0.580485
149.000000,0.600625,0.793579,1.455357,1.500828,0.045517
150.000000,0.467567,0.712947,1.309908,1.514640,-0.215863
151.000000,0.283473,0.614442,1.180013,1.535120,0.027070
152.000000,0.149495,0.521371,1.080206,1.545274,0.144937
153.000000,0.004623,0.452471,0.976372,1.553260,0.072397
154.000000,-0.022159,0.402884,0.923206,1.543071,-0.075576
155.000000,-0.053713,0.316208,0.844650,1.527249,-0.576576
156.000000,-0.714841,-0.031350,0.697473,1.468667,-3.121611
157.000000,-1.765443,-0.487262,0.560211,1.382299,-3.083022
158.000000,-2.867600,-1.162602,0.387596,1.254665,-2.922899
159.000000,-3.153512,-1.749124,0.211591,1.109069,-1.970642
160.000000,-2.943709,-2.157531,0.068938,0.973489,-1.385947
161.000000,-2.123459,-2.175588,-0.051749,0.872122,0.113692
162.000000,-1.492117,-2.128527,-0.210478,0.775659,-0.074393
163.000000,-0.779906,-1.964542,-0.338247,0.674408,0.261887
164.000000,-0.963108,-2.210594,-0.693214,0.505367,-2.544635
165.000000,-0.870927,-2.121880,-0.970793,0.372157,-0.951115
166.000000,-1.010083,-1.767879,-1.286118,0.251880,-0.387702
167.000000,-1.311834,-1.565746,-1.643449,0.104573,-1.226673
168.000000,-1.636041,-1.350320,-1.914545,-0.073452,-1.182636
169.000000,-1.128957,-1.167470,-1.932066,-0.262381,-0.589843
170.000000,-0.966356,-1.025339,-1.847343,-0.422646,-0.327581
171.000000,-0.996939,-1.117918,-1.799936,-0.674146,-0.515660
172.000000,-0.664765,-1.096727,-1.711166,-0.907547,0.110872
173.000000,-0.235850,-1.065527,-1.603198,-1.078851,0.488436
174.000000,0.016988,-0.654199,-1.515754,-1.219858,0.363336
175.000000,-0.143810,-0.660540,-1.518611,-1.472242,-0.954814
176.000000,-0.216992,-0.734422,-1.390377,-1.721262,-0.817657
177.000000,-0.491049,-0.680302,-1.268044,-1.855424,-0.836780
178.000000,-0.788992,-0.567644,-1.103934,-1.880289,-0.415730
179.000000,-0.953110,-0.490105,-0.971835,-1.780808,0.014106
180.000000,-0.706863,-0.475600,-0.891074,-1.675333,-0.094343
181.000000,-0.585557,-0.474937,-0.970000,-1.634949,-0.409364
182.000000,-0.146404,-0.452045,-0.966727,-1.567346,0.510585
183.000000,0.333556,-0.436114,-0.961093,-1.492552,0.976347
184.000000,0.438077,-0.577736,-0.721206,-1.472945,0.214894
185.000000,0.669667,-0.299898,-0.642836,-1.445521,0.296983
186.000000,1.256409,0.332084,-0.575440,-1.276895,0.796969
187.000000,1.479693,1.583287,-0.316253,-1.073415,1.186781
188.000000,1.372296,2.364936,-0.029664,-0.845497,0.968838
189.000000,1.570917,2.493883,0.169584,-0.675285,0.725656
190.000000,1.527459,2.264244,0.234918,-0.592078,-0.174630
191.000000,1.426137,2.429157,0.465872,-0.606446,0.572677
192.000000,0.116282,1.479939,0.196386,-0.772414,-1.838278
193.000000,-1.372996,0.163517,-0.432938,-1.053356,-2.448508
194.000000,-2.432010,-0.816485,-1.191146,-0.996137,-2.409514
195.000000,-2.542071,-1.471245,-1.324942,-1.046242,-1.259196
196.000000,-2.520072,-1.888849,-1.247072,-1.098619,-0.359042
197.000000,-1.894389,-2.230071,-0.996784,-0.994199,-0.099031
198.000000,-1.670616,-2.773136,-1.410250,-1.066664,-1.767610
199.000000,-1.173024,-2.748606,-1.587536,-1.116773,-0.660219
200.000000,-0.950719,-2.514799,-1.647016,-1.209364,-0.492259
201.000000,-0.573428,-2.190925,-1.163975,-1.050820,0.958110
202.000000,-0.372172,-1.609713,-1.126235,-1.064934,0.608656
203.000000,0.135709,-1.083098,-1.387552,-1.279134,0.039850
204.000000,0.593200,-0.423661,-1.161648,-1.357466,0.940994
205.000000,1.194404,0.171572,-0.784071,-0.875797,1.621776
206.000000,0.900924,0.238340,-1.008421,-0.705466,-0.027323
207.000000,0.768338,0.295048,-1.257761,-0.417284,0.177755
208.000000,0.722730,0.639635,-1.473945,-0.319128,-0.103752
209.000000,0.317549,0.661145,-1.705461,-0.492297,-0.547846
210.000000,-0.329347,0.620767,-1.748190,-0.668398,-0.673345
211.000000,-0.474861,0.304490,-1.874595,-0.690105,-0.546943
212.000000,-0.615088,0.106908,-1.516997,-0.950251,-0.338991
213.000000,-0.690174,0.019805,-1.075008,-1.335206,-0.390804
214.000000,-0.647337,-0.250052,-0.680330,-1.456416,-0.403926
215.000000,-0.568502,-0.663009,-0.508642,-1.578484,-0.395497
216.000000,-0.157605,-0.464292,-0.239177,-1.482465,0.968031
217.000000,0.786992,0.110769,0.425448,-1.025920,2.731417
218.000000,1.717239,0.777073,1.501562,-0.522083,2.507465
219.000000,2.694557,1.760481,2.485137,0.449372,2.948139
220.000000,3.168304,2.537553,3.057564,1.875396,2.530301
221.000000,3.185529,3.027593,3.177428,3.089499,2.448337
222.000000,2.884927,3.142564,3.138125,3.806416,2.221256
223.000000,2.626331,3.064115,3.024332,3.786193,1.905354
224.000000,2.331524,2.947104,2.830382,3.588222,1.770005
225.000000,2.192621,2.874722,2.676808,3.360243,1.986190
226.000000,2.084981,2.737216,2.659161,3.135757,1.971136
227.000000,2.023702,2.545830,2.620840,2.961635,1.975196
228.000000,2.007258,2.408089,2.581394,2.888902,1.895551
229.000000,2.021990,2.270057,2.561706,2.775352,1.919572
230.000000,1.858991,2.100306,2.472198,2.612890,1.264046
231.000000,1.542066,1.862783,2.316869,2.368213,0.437828
232.000000,1.317467,1.709786,2.223488,2.231069,0.844578
233.000000,1.106305,1.593692,2.148840,2.140487,0.830200
234.000000,0.896914,1.504895,2.092123,2.049435,0.908763
235.000000,0.845938,1.409952,2.049956,1.961615,1.017883
236.000000,0.953626,1.309577,1.977960,1.925759,0.959470
237.000000,0.949277,1.192015,1.864544,1.879910,0.828107
238.000000,0.894837,1.053418,1.756084,1.830868,0.564263
239.000000,0.794899,0.891192,1.632033,1.791069,0.407127
240.000000,0.641637,0.784972,1.521063,1.753232,0.248266
241.000000,0.561421,0.806079,1.436685,1.735555,0.600469
242.000000,0.648232,0.850702,1.399328,1.749558,1.350936
243.000000,0.960237,0.968750,1.413062,1.794987,2.100238
244.000000,1.183434,1.008334,1.392708,1.804158,1.328871
245.000000,1.684267,1.136314,1.405966,1.848901,2.450169
246.000000,2.121550,1.282564,1.413816,1.863975,2.367022
247.000000,2.334736,1.454181,1.411948,1.841164,2.125614
248.000000,2.307836,1.672574,1.405933,1.820713,1.932749
249.000000,2.389102,1.908516,1.389063,1.783418,1.766346
250.000000,2.265219,2.186413,1.435311,1.766106,2.026005
251.000000,2.139949,2.358656,1.539908,1.746992,1.888463
252.000000,1.929712,2.320022,1.581682,1.710425,1.261743
253.000000,1.776544,2.180323,1.625914,1.685047,1.266498
254.000000,1.539783,2.067083,1.632534,1.643217,0.663350
255.000000,1.200588,1.817214,1.620489,1.584089,0.402816
256.000000,0.808223,1.557412,1.592895,1.513415,0.057579
257.000000,0.559116,1.336356,1.578731,1.443538,0.118406
258.000000,0.198915,1.084731,1.553665,1.358103,-0.352077
259.000000,-0.229583,0.739898,1.474597,1.233996,-1.238486
260.000000,-0.591930,0.356345,1.406842,1.144409,-1.191526
261.000000,-0.908096,-0.050946,1.303019,1.095803,-1.369679
262.000000,-1.280808,-0.428228,1.117939,1.015675,-1.601257
263.000000,-1.575431,-0.841659,0.842394,0.925255,-1.758914
264.000000,-1.693416,-1.181335,0.603938,0.820306,-1.802875
265.000000,-1.837148,-1.489530,0.234718,0.689019,-1.903581
266.000000,-1.956342,-1.746772,-0.189267,0.532306,-2.002867
267.000000,-2.004391,-1.963752,-0.642944,0.360534,-1.928257
268.000000,-1.986479,-2.074936,-1.095442,0.187287,-1.778960
269.000000,-1.899563,-2.046555,-1.499654,0.018146,-1.492446
270.000000,-1.796461,-2.020262,-1.897719,-0.175833,-1.458839
271.000000,-1.641333,-1.955612,-2.190398,-0.433259,-1.273850
272.000000,-1.503777,-1.877581,-2.341063,-0.838291,-1.278970
273.000000,-1.471013,-1.835975,-2.453612,-1.459517,-1.636070
274.000000,-1.464942,-1.777400,-2.448742,-1.977984,-1.498744
275.000000,-1.428055,-1.690466,-2.383966,-2.412211,-1.315634
276.000000,-1.309477,-1.532256,-2.246339,-2.544947,-0.713074
277.000000,-1.206634,-1.396051,-2.139024,-2.564967,-0.758349
278.000000,-1.027199,-1.277986,-2.025947,-2.515899,-0.727045
279.000000,-0.814037,-1.165103,-1.873710,-2.416508,-0.430149
280.000000,-0.601873,-1.049053,-1.740316,-2.331693,-0.268869
281.000000,-0.492066,-0.945957,-1.617581,-2.247337,-0.128832
282.000000,-0.370544,-0.846634,-1.506461,-2.152351,-0.156894
283.000000,-0.266517,-0.712006,-1.409400,-2.085736,-0.279837
284.000000,-0.312532,-0.619030,-1.340315,-2.029358,-0.787636
285.000000,-0.424380,-0.544672,-1.273126,-1.976284,-0.892457
286.000000,-0.512050,-0.514732,-1.186135,-1.904333,-0.445258
287.000000,-0.644535,-0.488973,-1.110024,-1.853976,-0.673965
288.000000,-0.640418,-0.416630,-1.022877,-1.777688,0.121174
289.000000,-0.276890,-0.313638,-0.927946,-1.657591,1.267684
290.000000,0.384867,-0.163483,-0.816708,-1.541457,2.029969
291.000000,0.892355,-0.064997,-0.735576,-1.453456,1.247685
292.000000,1.367496,0.009032,-0.665235,-1.380177,0.566813
293.000000,1.794721,0.245164,-0.521192,-1.288189,1.528243
294.000000,1.731730,0.632317,-0.380180,-1.208528,0.970403
295.000000,1.635212,1.290603,-0.197570,-1.105296,1.737992
296.000000,1.791316,1.926548,-0.037833,-0.983478,1.940112
297.000000,2.147511,2.479012,0.197354,-0.843937,2.232802
298.000000,2.162224,2.578908,0.477398,-0.708820,1.871737
299.000000,2.182170,2.402086,0.752744,-0.592958,1.449438
300.000000,2.097404,2.196621,1.074501,-0.458726,1.577005
301.000000,2.211404,2.280872,1.528341,-0.270403,2.475823
302.000000,2.522872,2.587613,2.147217,0.041433,3.291410
303.000000,2.829505,2.756103,2.622265,0.502444,3.196060
304.000000,2.853200,2.753424,2.771869,0.961907,2.211390
305.000000,2.870845,2.720930,2.813787,1.464815,2.313980
306.000000,2.679171,2.614805,2.721662,1.835024,1.876214
307.000000,2.301474,2.454213,2.605294,2.097752,1.453584
308.000000,1.852022,2.290414,2.440718,2.217520,1.001070
309.000000,1.507519,2.126947,2.241006,2.193098,0.524720
310.000000,1.088371,1.954898,2.045597,2.101372,0.249552
311.000000,0.788918,1.769822,1.932304,2.012322,0.441060
312.000000,0.617602,1.536529,1.876383,1.947376,0.655214
313.000000,0.543075,1.286423,1.806441,1.893902,0.658834
314.000000,0.610135,1.150676,1.776902,1.882036,0.845384
315.000000,0.748376,0.999158,1.736382,1.874301,0.901378
316.000000,0.758080,0.839630,1.667421,1.824021,0.453875
317.000000,0.588812,0.655364,1.558190,1.756903,-0.239551
318.000000,0.470778,0.552888,1.487403,1.699133,0.056154
319.000000,0.301996,0.511721,1.438603,1.629955,0.088136
320.000000,-0.111136,0.400976,1.335762,1.513192,-0.930310
321.000000,-0.491930,0.230497,1.187735,1.420638,-1.181925
322.000000,-0.764132,-0.010588,0.969381,1.347626,-1.406892
323.000000,-1.173356,-0.315100,0.701611,1.252044,-1.650269
324.000000,-1.514369,-0.648163,0.492495,1.191380,-1.357491
325.000000,-1.607912,-1.014577,0.245261,1.118386,-1.322061
326.000000,-1.662554,-1.338609,-0.012570,1.033019,-1.436595
327.000000,-1.557347,-1.478277,-0.234880,0.956501,-0.998209
328.000000,-1.457788,-1.679174,-0.464275,0.871137,-1.254004
329.000000,-1.453323,-1.873260,-0.687645,0.787896,-1.366559
330.000000,-1.547376,-1.963354,-0.960185,0.659469,-1.744789
331.000000,-1.536186,-1.949567,-1.263754,0.475945,-1.439617
332.000000,-1.633855,-1.906594,-1.617251,0.133164,-1.599905
333.000000,-1.655695,-1.816501,-1.907698,-0.335690,-1.576736
334.000000,-1.615287,-1.738949,-2.101508,-0.784694,-1.325971
335.000000,-1.498857,-1.663004,-2.189955,-1.298628,-1.222464
336.000000,-1.457819,-1.587640,-2.173946,-1.756211,-1.218287
337.000000,-1.383107,-1.569934,-2.084626,-2.080332,-1.231486
338.000000,-1.337882,-1.551109,-2.037129,-2.256693,-1.376848
339.000000,-1.297798,-1.510469,-1.981854,-2.282113,-1.138753
340.000000,-1.130858,-1.369311,-1.832694,-2.190330,-0.419130
341.000000,-0.736762,-1.159311,-1.634697,-2.037518,0.713076
342.000000,-0.357470,-0.936056,-1.464921,-1.931508,0.620614
343.000000,-0.005832,-0.745600,-1.323593,-1.860427,0.265875
344.000000,0.278430,-0.597625,-1.227965,-1.820930,0.092001
345.000000,0.480392,-0.429106,-1.133666,-1.774627,0.436787
346.000000,0.481207,-0.220098,-1.028471,-1.693185,0.808542
347.000000,0.298544,-0.088274,-0.998474,-1.625227,-0.282113
348.000000,0.510884,0.225012,-0.899227,-1.537841,1.273334
349.000000,0.975532,0.615205,-0.770127,-1.448224,1.995421
350.000000,1.368809,0.944175,-0.600817,-1.315148,1.863491
351.000000,1.807018,1.200564,-0.394468,-1.154852,2.382824
352.000000,3.008150,1.913595,0.074758,-0.856340,3.970574
353.000000,3.048197,2.327761,0.505626,-0.615457,2.396525
354.000000,2.942419,2.600988,0.982634,-0.377475,2.251942
355.000000,2.781224,2.632459,1.431994,-0.146664,1.834317
356.000000,2.557137,2.556517,1.822858,0.105660,1.609667
357.000000,2.018212,2.516325,2.105191,0.333882,1.335170
358.000000,1.885519,2.444012,2.364982,0.679124,1.767519
359.000000,1.701120,2.308604,2.458241,1.044953,1.407963
360.000000,1.635770,2.225783,2.453306,1.511565,1.552177
361.000000,1.566893,2.101783,2.331509,1.912559,1.329017
362.000000,1.520106,1.824359,2.214338,2.216931,1.161658
363.000000,1.332130,1.653543,2.107340,2.350618,0.866296
364.000000,1.221597,1.503258,2.026669,2.377909,0.867769
365.000000,1.088047,1.402006,1.951915,2.348844,0.908522
366.000000,0.994890,1.323481,1.880008,2.294518,0.884596
367.000000,0.943903,1.280216,1.855062,2.238057,0.922673
368.000000,0.930962,1.179070,1.788820,2.180906,0.783743
369.000000,0.930208,1.122590,1.725554,2.122445,0.843987
370.000000,0.882437,1.028584,1.665025,2.032557,0.640330
371.000000,0.823827,0.951326,1.592512,1.913948,0.585034
372.000000,0.816219,0.921434,1.452815,1.836465,0.907369
373.000000,0.785065,0.902644,1.364693,1.774416,0.623825
374.000000,0.750072,0.889282,1.284014,1.733020,0.677642
375.000000,0.805931,0.891178,1.234133,1.701283,0.900078
376.000000,0.951149,0.930223,1.210575,1.681607,1.252854
377.000000,0.996049,0.950270,1.197630,1.685244,1.117316
378.000000,1.241327,1.040963,1.174320,1.675793,1.711734
379.000000,1.406123,1.080434,1.155519,1.647006,1.086438
380.000000,1.530851,1.144242,1.117844,1.621128,0.873501
381.000000,1.735692,1.280811,1.109017,1.592806,1.394385
382.000000,1.619969,1.287340,1.082634,1.472782,0.301275
383.000000,1.024261,1.311971,1.068164,1.395183,-0.299095
384.000000,0.635605,1.330298,1.056985,1.321419,-0.079185
385.000000,0.264042,1.253931,1.032666,1.260171,-0.399305
386.000000,-0.396975,0.966061,0.987949,1.198448,-1.146508
387.000000,-0.855536,0.600036,0.923218,1.147326,-1.550311
388.000000,-0.686611,0.256442,0.928451,1.095245,0.415675
389.000000,-0.774886,-0.064467,0.894075,1.050122,-0.402942
390.000000,-0.704732,-0.268564,0.888528,0.993141,-0.121959
391.000000,-0.459001,-0.546170,0.888293,0.945669,-0.189614
392.000000,0.231610,-0.410067,0.909010,0.933402,1.206960
393.000000,0.045124,-0.420082,0.900336,0.915671,-0.342571
394.000000,0.094677,-0.450219,0.888416,0.900146,-0.218045
395.000000,0.109869,-0.403812,0.835808,0.883010,-0.074732
396.000000,0.429041,-0.038224,0.781200,0.894631,1.073300
397.000000,-0.012530,0.154588,0.599024,0.863156,-0.471702
398.000000,-0.271251,-0.141183,0.124867,0.817684,-1.320221
399.000000,-0.409691,-0.195659,-0.208277,0.775745,-0.710966
400.000000,-0.435966,-0.206429,-0.425013,0.773695,-0.148731
401.000000,-0.210878,0.180046,-0.416615,0.868706,1.838232
402.000000,0.117153,0.072640,-0.396058,0.886229,0.676842
403.000000,1.248784,0.709472,0.128609,1.076581,2.375621
404.000000,2.083203,1.333086,0.772648,1.326156,2.219963
405.000000,2.266742,1.601437,1.352701,1.507190,1.094530
406.000000,1.955222,1.569522,2.090547,1.623543,0.925915
407.000000,2.003357,1.857139,2.759358,1.795299,1.230461
408.000000,1.559660,2.077491,2.608460,1.666875,0.656698
409.000000,1.582808,2.436426,2.923424,1.880866,2.265524
410.000000,1.772455,2.544002,2.954235,2.012477,1.866987
411.000000,1.994183,2.427322,2.939546,2.043308,1.932064
412.000000,2.129229,2.458199,2.778384,2.235858,2.000082
413.000000,2.469865,2.407738,2.880480,2.530497,2.555813
414.000000,2.533888,2.420341,2.938680,2.747032,2.712797
415.000000,2.597781,2.496785,2.914197,2.860775,2.490792
416.000000,2.294887,2.321601,2.623500,2.736844,0.903281
417.000000,2.075506,2.183485,2.500480,2.660736,1.037862
418.000000,1.713703,2.081905,2.402963,2.472927,0.720115
419.000000,1.344624,1.912701,2.313235,2.379980,0.894152
420.000000,0.835051,1.719230,2.159408,2.235485,0.194229
421.000000,0.735064,1.573795,1.985478,2.145170,0.434885
422.000000,0.518930,1.387277,1.856511,1.988154,0.052916
423.000000,0.467150,1.191921,1.715391,1.945736,0.491484
424.000000,0.141900,0.836363,1.523220,1.831875,-0.575000
425.000000,-0.018712,0.471121,1.403737,1.735256,-0.544159
426.000000,-0.144491,0.353412,1.335081,1.644862,-0.090913
427.000000,-0.323654,0.140740,1.224964,1.578187,-0.729303
428.000000,-0.757791,-0.109642,1.119842,1.516484,-1.364668
429.000000,-0.931612,-0.397524,0.955163,1.453155,-1.315251
430.000000,-1.111204,-0.595303,0.812804,1.386321,-1.249484
431.000000,-1.317536,-0.792544,0.684209,1.282630,-0.815901
432.000000,-1.324487,-0.931530,0.545489,1.233689,-0.686845
433.000000,-1.482299,-1.326778,0.224418,1.034821,-2.030835
434.000000,-1.707985,-1.583838,-0.220880,0.804676,-2.231693
435.000000,-1.819298,-1.759338,-0.698497,0.642220,-1.784500
436.000000,-1.895411,-1.908540,-0.998077,0.511070,-1.372137
437.000000,-1.967485,-1.934154,-1.322642,0.353006,-1.333766
438.000000,-1.800346,-1.880951,-1.620620,0.205643,-1.360893
439.000000,-1.761087,-1.936325,-1.986833,-0.166028,-2.035956
440.000000,-1.914147,-2.056467,-2.260109,-0.676342,-2.417890
441.000000,-2.050357,-2.145930,-2.425146,-1.270839,-2.100503
442.000000,-1.979990,-2.107253,-2.387220,-1.792267,-1.260835
443.000000,-2.030428,-2.036149,-2.404354,-2.399396,-1.762188
444.000000,-2.069249,-2.015921,-2.370180,-2.872393,-2.254720
445.000000,-1.919295,-1.966014,-2.280754,-2.978784,-1.725321
446.000000,-1.866385,-1.978375,-2.243041,-2.867107,-1.871620
447.000000,-1.856326,-1.928337,-2.134641,-2.702199,-1.243640
448.000000,-1.778833,-1.907266,-2.039080,-2.562474,-1.400775
449.000000,-1.483402,-1.779366,-1.931485,-2.416004,-0.826841
450.000000,-1.223575,-1.581590,-1.825060,-2.242317,-0.411686
451.000000,-0.897724,-1.406406,-1.745158,-2.111430,-0.278551
452.000000,-0.729814,-1.336947,-1.693384,-1.999520,-0.426151
453.000000,-0.483327,-1.201408,-1.596457,-1.919783,-0.272087
454.000000,-0.244171,-0.944372,-1.470131,-1.792065,0.315180
455.000000,-0.144256,-0.767508,-1.384648,-1.700602,0.053698
456.000000,-0.030137,-0.536829,-1.317178,-1.632462,0.266157
457.000000,0.086986,-0.392195,-1.267759,-1.565754,0.053819
458.000000,0.092242,-0.245844,-1.239090,-1.507237,-0.324349
459.000000,0.285007,-0.013366,-1.107543,-1.409360,1.252620
460.000000,0.553712,0.175047,-0.945495,-1.329194,1.212085
461.000000,0.598571,0.269813,-0.829466,-1.299013,0.389943
462.000000,0.440755,0.268925,-0.824750,-1.319640,-0.848710
463.000000,0.466345,0.286863,-0.756779,-1.287137,-0.403881
464.000000,0.011545,0.192229,-0.635777,-1.248579,-0.529914
465.000000,-0.224422,0.257817,-0.495872,-1.195865,0.485267
466.000000,0.078855,0.448573,-0.244544,-1.126862,1.609553
467.000000,0.628337,0.637325,-0.048413,-1.078414,1.157669
468.000000,1.047771,0.907759,0.209379,-1.036764,1.081827
469.000000,1.454157,0.879688,0.437461,-0.957215,0.975541
470.000000,1.764618,0.992220,0.741509,-0.789185,1.833461
471.000000,1.733222,1.227651,1.070081,-0.607560,1.716547
472.000000,1.766694,1.595437,1.452797,-0.472527,1.500285
473.000000,1.658934,1.713609,1.699555,-0.293119,0.794316
474.000000,1.536075,1.771207,1.744762,-0.012775,0.501758
475.000000,1.182155,1.664921,1.753095,0.247628,0.277164
476.000000,0.907335,1.479047,1.708368,0.631361,0.550500
477.000000,0.733522,1.419266,1.703919,1.004207,0.849829
478.000000,0.848266,1.441864,1.759885,1.462718,1.254395
479.000000,2.084999,1.957199,1.956233,2.130590,4.032917
480.000000,3.276670,2.414088,2.203063,2.643966,3.731284
481.000000,3.655647,2.747426,2.453816,2.891419,3.177890
482.000000,3.543729,2.887848,2.632373,2.916697,2.475703
483.000000,3.353051,2.987357,2.698542,2.854231,2.286525
484.000000,2.951810,3.012885,2.729734,2.752481,2.241830
485.000000,2.544559,2.936315,2.650745,2.639462,1.834494
486.000000,2.185829,2.793445,2.513598,2.508295,1.512209
487.000000,1.895580,2.617781,2.390563,2.380264,1.134029
488.000000,1.643218,2.462201,2.295124,2.287601,1.065006
489.000000,1.278233,2.133096,2.165902,2.113913,0.478638
490.000000,1.017207,1.838542,2.038963,1.987811,0.582520
491.000000,0.832534,1.589929,1.940592,1.917082,0.638201
492.000000,0.700203,1.391518,1.857237,1.884695,0.511623
493.000000,0.538930,1.188122,1.794883,1.835519,0.305392
494.000000,0.590797,1.027441,1.780602,1.824449,0.736034
495.000000,0.626368,0.905901,1.774543,1.795674,0.754754
496.000000,0.340255,0.656670,1.664666,1.668375,-0.765066
497.000000,0.227534,0.527562,1.610102,1.611094,-0.017659
498.000000,0.195594,0.420537,1.565627,1.575775,0.154326
499.000000,0.027684,0.370635,1.429821,1.542386,-0.003572
500.000000,-0.112367,0.324350,1.285212,1.502498,0.183444
501.000000,0.233830,0.331027,1.174654,1.495521,0.753343
502.000000,0.451620,0.379306,1.100359,1.505164,0.935235
503.000000,0.608063,0.447653,1.020509,1.528979,0.819325
504.000000,0.695510,0.394396,0.902529,1.538484,0.298236
505.000000,0.703369,0.309434,0.794938,1.549105,0.073577
506.000000,0.320756,0.334398,0.644241,1.515603,-1.165519
507.000000,0.001217,0.334568,0.563298,1.517526,-0.352425
508.000000,-0.153241,0.418992,0.531021,1.551175,0.618853
509.000000,-0.363307,0.449158,0.517384,1.473975,-0.273426
510.000000,-0.399166,0.486407,0.509776,1.377451,0.084731
511.000000,0.101618,0.398612,0.507532,1.278688,0.351227
512.000000,0.160601,0.112043,0.482903,1.178455,-0.203924
513.000000,-0.366309,-0.413089,0.390556,1.029667,-1.327505
514.000000,-0.623607,-0.735244,0.187033,0.861675,-1.181308
515.000000,-1.228487,-1.073304,-0.160942,0.675475,-1.831572
516.000000,-1.935613,-1.073076,-0.194355,0.493460,-1.742679
517.000000,-2.264778,-1.222837,-0.387805,0.350556,-1.147456
518.000000,-2.084964,-1.579837,-0.606399,0.215152,-0.682592
519.000000,-1.832464,-1.727276,-0.769894,0.145194,-0.487543
520.000000,-1.276369,-1.854579,-0.942824,0.070939,-0.080918
521.000000,-1.098940,-2.212548,-1.570594,-0.097533,-1.191457
522.000000,-0.948804,-2.263797,-2.068317,-0.239745,-0.682641
523.000000,-1.483086,-2.378954,-2.636730,-0.514619,-2.331789
524.000000,-1.876416,-2.393134,-2.730215,-0.865613,-1.890973
525.000000,-2.038040,-2.134986,-2.603883,-1.144294,-1.022059
526.000000,-1.993538,-1.975303,-2.365458,-1.194608,-1.387947
527.000000,-2.022529,-1.902594,-2.318937,-1.361447,-1.239231
528.000000,-1.713314,-1.918555,-2.429233,-1.546639,-1.329219
529.000000,-1.517622,-1.941897,-2.398948,-1.664101,-1.265120
530.000000,-1.462045,-1.952175,-2.352231,-1.743870,-0.939158
531.000000,-1.373598,-1.856750,-2.336090,-1.880119,-1.087627
532.000000,-1.281122,-1.802980,-2.254221,-1.970277,-0.900210
533.000000,-1.141381,-1.553109,-2.090573,-1.995867,-0.737166
534.000000,-0.976533,-1.344963,-1.947479,-1.941250,-0.510238
535.000000,-0.929314,-1.274198,-1.794408,-1.892952,-0.682719
536.000000,-0.759483,-1.144159,-1.640068,-1.747908,-0.385643
537.000000,-0.594835,-1.020460,-1.530386,-1.693840,-0.212062
538.000000,-0.433141,-0.871273,-1.453479,-1.721065,-0.017212
539.000000,-0.324876,-0.729375,-1.401741,-1.700843,-0.020840
540.000000,-0.132019,-0.615197,-1.376605,-1.700770,0.162354
541.000000,0.020996,-0.460286,-1.286245,-1.715866,0.302872
542.000000,0.272395,-0.270954,-1.217185,-1.683857,0.928912
543.000000,0.791530,0.035861,-0.976472,-1.545646,2.058802
544.000000,1.764609,0.513059,-0.689521,-1.366439,3.002553
545.000000,2.453768,1.055346,-0.469681,-1.154910,2.488674
546.000000,2.660573,1.503252,-0.238323,-0.968138,1.847406
547.000000,2.573436,1.839259,-0.019774,-0.833414,1.433788
548.000000,2.585107,2.249304,0.348541,-0.643015,2.451808
549.000000,2.393835,2.519895,0.771790,-0.454634,2.263535
550.000000,1.835788,2.340457,0.984317,-0.460556,0.167001
551.000000,1.486549,2.178417,1.248618,-0.366932,0.287598
552.000000,1.223466,1.988046,1.475142,-0.314463,0.205659
553.000000,0.770825,1.763840,1.647674,-0.053369,0.385339
554.000000,0.489994,1.560838,1.823616,0.292131,1.141309
555.000000,0.760338,1.433346,1.989193,0.601258,1.366242
556.000000,1.106297,1.426705,2.119971,1.059478,1.778386
557.000000,1.484576,1.468094,2.184916,1.545070,1.808992
558.000000,1.810701,1.403612,2.202621,2.027946,1.885838
559.000000,1.942054,1.351346,2.198871,2.390709,1.834993
560.000000,1.903231,1.484273,2.134861,2.513841,1.303504
561.000000,1.823521,1.617112,2.091630,2.562153,1.453088
562.000000,1.774822,1.775316,2.051235,2.536881,1.600033
563.000000,1.766261,1.924587,1.999388,2.494049,1.846332
564.000000,1.701308,1.946462,1.893163,2.407879,1.549364
565.000000,1.586776,1.860466,1.761871,2.289198,0.765740
566.000000,1.531534,1.788661,1.698772,2.202473,1.174825
567.000000,1.329249,1.657810,1.627997,2.091566,0.605554
568.000000,1.005012,1.494268,1.496513,1.983612,0.316153
569.000000,0.776166,1.361031,1.393450,1.909152,0.523224
570.000000,0.544289,1.203734,1.374488,1.808558,-0.390651
571.000000,0.133434,1.004182,1.346430,1.720562,-0.651306
572.000000,-0.072549,0.817829,1.357489,1.655793,-0.226824
573.000000,-0.476050,0.440722,1.303472,1.533096,-1.326897
574.000000,-0.926756,0.065891,1.209851,1.391362,-1.151178
575.000000,-1.092003,-0.205795,1.104354,1.267271,-1.038881
576.000000,-1.397478,-0.714942,0.905710,1.128785,-1.863179
577.000000,-1.674203,-1.094007,0.706713,1.022126,-1.493660
578.000000,-1.649888,-1.379023,0.478730,0.868681,-1.346840
579.000000,-1.629611,-1.626276,0.228956,0.715384,-1.216387
580.000000,-1.547836,-1.648244,0.034527,0.690685,-0.859165
581.000000,-1.247967,-1.594518,-0.180418,0.676273,-0.611390
582.000000,-1.019489,-1.584055,-0.441434,0.677973,-0.528571
583.000000,-0.872274,-1.473711,-0.808239,0.661334,-0.724662
584.000000,-0.986528,-1.524072,-1.308908,0.524636,-1.731801
585.000000,-1.165303,-1.572725,-1.704374,0.347693,-1.635121
586.000000,-1.283940,-1.458944,-2.049704,0.126355,-1.202637
587.000000,-1.437932,-1.410031,-2.239336,-0.181633,-1.348441
588.000000,-1.581162,-1.400875,-2.320491,-0.615152,-1.520795
589.000000,-1.541755,-1.410858,-2.356323,-1.156685,-1.572279
590.000000,-1.419248,-1.399947,-2.232975,-1.626822,-1.071142
591.000000,-1.266583,-1.349212,-2.057150,-2.006910,-0.465571
592.000000,-1.055462,-1.299216,-1.929501,-2.275546,-0.276550
593.000000,-0.883677,-1.286090,-1.787693,-2.474828,-0.683509
594.000000,-0.631238,-1.153378,-1.660551,-2.484834,-0.394869
595.000000,-0.441656,-1.015770,-1.548193,-2.353366,-0.203027
596.000000,-0.269264,-0.874202,-1.364635,-2.234522,0.505583
597.000000,0.065840,-0.628315,-1.178134,-2.039812,1.507461
598.000000,0.459646,-0.382496,-1.040332,-1.897711,0.907169
599.000000,0.879018,-0.066776,-0.907737,-1.794132,1.213768
600.000000,1.411613,0.276683,-0.788357,-1.631958,1.675346
601.000000,1.599932,0.520551,-0.716822,-1.508104,1.084827
602.000000,1.171263,0.613852,-0.723828,-1.493572,-0.384066
603.000000,1.414586,1.095073,-0.619841,-1.331204,1.788077
604.000000,1.641889,1.601632,-0.397792,-1.170257,2.026671
605.000000,1.406790,1.863806,-0.220453,-1.078172,0.792313
606.000000,1.206746,1.829609,-0.082256,-0.944033,0.376666
607.000000,1.499682,1.688293,0.152031,-0.802093,0.986315
608.000000,1.550426,1.800740,0.554171,-0.603542,1.970131
609.000000,1.675633,1.940516,1.094700,-0.362501,2.394316
610.000000,2.033322,1.991654,1.607110,-0.136504,2.235530
611.000000,2.310094,2.058559,1.982815,0.073586,1.940136
612.000000,2.255873,2.146981,2.181625,0.246697,1.287183
613.000000,2.023451,2.000601,2.319304,0.460332,1.160017
614.000000,1.781550,1.880873,2.346581,0.855172,1.362271
615.000000,1.594780,1.905070,2.318012,1.309919,1.446127
616.000000,1.396641,1.911423,2.193871,1.685250,1.095011
617.000000,1.357179,1.872027,2.037245,2.037721,1.142296
618.000000,1.354064,1.755758,1.946973,2.295276,1.140342
619.000000,1.430980,1.667753,1.908334,2.475499,1.742112
620.000000,1.497602,1.596315,1.859982,2.501577,1.766384
621.000000,1.529807,1.499218,1.811679,2.392497,1.189851
622.000000,1.628496,1.521646,1.859128,2.303304,1.557031
623.000000,1.630803,1.520483,1.788283,2.221989,1.105049
624.000000,1.456655,1.478446,1.704758,2.126234,0.902028
625.000000,1.310511,1.445893,1.696799,2.048547,1.083248
626.000000,0.979771,1.310294,1.631079,1.895698,-0.485636
627.000000,0.596543,1.196568,1.562656,1.751655,-0.135727
628.000000,0.514135,1.174597,1.499549,1.693302,0.789978
629.000000,0.499229,1.078671,1.415785,1.644461,0.860637
630.000000,0.294564,0.903308,1.307193,1.566792,0.236038
631.000000,0.426697,0.774884,1.206243,1.511246,0.006713
632.000000,0.412586,0.550395,1.141173,1.503793,-0.373199
633.000000,0.198027,0.403475,1.099261,1.442443,-0.103783
634.000000,-0.012214,0.299814,1.050073,1.382319,0.128592
635.000000,0.161518,0.261510,1.034265,1.398654,1.091039
636.000000,0.424368,0.468661,1.047125,1.429012,1.089584
637.000000,0.800894,0.625684,1.051158,1.434310,0.863832
638.000000,1.588886,0.805463,1.118877,1.436198,2.354818
639.000000,2.224221,0.933151,1.106181,1.398241,1.653410
640.000000,2.319029,1.236375,1.080315,1.358804,1.541519
641.000000,2.019196,1.461848,1.053588,1.303733,0.479269
642.000000,1.913485,1.784255,0.998830,1.298041,0.785746
643.000000,1.104091,1.820318,0.913070,1.269231,-0.582542
644.000000,-0.046649,1.453027,0.715087,1.171473,-2.278734
645.000000,-1.125182,0.770929,0.471888,1.067030,-1.921618
646.000000,-1.642473,0.187045,0.475010,1.008349,-1.232926
647.000000,-1.705074,0.094044,0.597200,1.007328,0.310033
648.000000,-1.345004,-0.317657,0.616187,1.019320,0.552613
649.000000,-0.289648,-0.343960,0.737916,1.010845,1.295722
650.000000,0.631615,-0.424193,1.022552,0.978097,1.083286
651.000000,1.274938,-0.248263,1.448472,0.990860,0.938438
652.000000,1.611077,0.061805,2.066200,0.996361,1.531165
653.000000,1.424158,0.223861,2.198857,0.939628,0.005983
654.000000,0.795907,0.614145,2.034810,0.829494,-0.831484
655.000000,0.348929,1.061550,1.638218,0.709580,-0.447020
656.000000,-0.064184,1.268361,1.275328,0.786119,-0.476249
657.000000,-0.876150,0.769029,0.773919,0.761565,-1.233512
658.000000,-0.903256,0.562108,0.227374,0.706072,-0.101454
659.000000,-0.507169,0.315073,-0.016284,0.696991,0.513919
660.000000,0.113688,0.503555,0.093423,0.965906,1.614584
661.000000,0.765532,0.758253,0.518974,1.353136,1.628176
662.000000,1.690577,0.972930,1.032842,1.892058,1.947421
663.000000,1.638753,0.994252,1.189234,2.055068,-0.089724
664.000000,1.024499,0.754054,1.315202,1.931400,-1.556138
665.000000,-0.691933,-0.919042,0.399569,0.910007,-3.200327
666.000000,-2.281139,-2.643737,-0.909028,-0.489655,-2.848172
667.000000,-2.864073,-2.697403,-1.753259,-1.291456,-1.252954
668.000000,-2.666474,-2.648528,-2.119688,-2.002291,-0.590541
669.000000,-1.879393,-2.042827,-1.812891,-1.782380,1.100659
670.000000,-0.721547,-1.837459,-1.468659,-1.544897,1.161700
671.000000,0.122652,-2.179736,-1.682091,-1.592472,-0.035181
672.000000,0.552135,-2.494970,-1.948740,-1.633530,0.087947
673.000000,0.825567,-2.235844,-1.727621,-1.371257,0.278793
674.000000,0.494238,-1.752993,-1.434601,-0.888023,0.060571
675.000000,0.157556,-0.705024,-1.261095,-0.449541,0.108862
676.000000,0.217740,0.407369,-1.076361,-0.134852,0.154856
677.000000,-0.160873,0.470297,-1.199832,-0.602490,-1.114182
678.000000,-0.628345,0.253103,-1.565027,-1.122469,-1.159164
679.000000,-0.978071,-0.562840,-1.941806,-1.691016,-1.061143
680.000000,-1.083033,-1.086540,-2.187409,-1.878636,-0.281852
681.000000,-1.044730,-0.963756,-2.240022,-1.856767,0.260479
682.000000,-0.482421,-0.722042,-2.249203,-1.809262,0.765386
683.000000,-0.109451,-0.812918,-2.130357,-1.718855,0.015777
684.000000,0.449382,-0.618360,-1.670482,-1.369872,0.629125
685.000000,0.608044,-0.598447,-0.936500,-1.215834,0.198854
686.000000,0.666476,-0.507665,-0.070730,-1.017004,0.452231
687.000000,0.238731,-0.308741,0.130195,-0.964872,-0.556989
688.000000,0.017775,-0.112660,0.113052,-1.098997,-0.659480
689.000000,-0.951073,-0.642597,-0.885338,-1.686149,-2.187568
690.000000,-1.761855,-1.573379,-1.881165,-2.334680,-2.243758
691.000000,-2.243981,-2.272574,-2.205349,-2.655923,-1.475676
692.000000,-2.466688,-2.979408,-2.534048,-2.949177,-1.690227
693.000000,-2.401360,-2.974764,-2.616532,-2.836369,-0.813725
694.000000,-1.728520,-2.817496,-2.452152,-2.489491,0.176116
695.000000,-1.286666,-2.759303,-2.480554,-2.120998,-0.822119
696.000000,-1.213043,-2.795438,-2.543281,-1.853718,-1.408734
697.000000,-0.874893,-2.482734,-2.253530,-1.684432,-0.475516
698.000000,-0.871304,-2.293676,-2.066022,-1.656955,-0.817090
699.000000,-0.972362,-1.823620,-1.850207,-1.752367,-0.246129
700.000000,-0.985560,-1.515541,-1.873368,-1.919744,-1.032921
701.000000,-0.856011,-1.357742,-1.939868,-1.922027,-0.955870
702.000000,-0.793493,-1.067178,-1.950997,-1.858609,-0.192117
703.000000,-0.770578,-1.013787,-1.934898,-1.871029,-0.707669
704.000000,-0.690748,-1.007820,-1.900150,-1.797118,0.151416
705.000000,-0.466399,-0.887965,-1.858278,-1.770598,-0.106900
706.000000,-0.410506,-0.784026,-1.907034,-1.812722,-0.760026
707.000000,-0.695789,-0.912435,-1.902802,-1.785828,-1.280625
708.000000,-1.397331,-1.311051,-2.063482,-1.920274,-2.973233
709.000000,-2.031316,-1.669892,-1.995180,-1.979952,-2.220225
710.000000,-2.573176,-1.968869,-1.978614,-2.132397,-2.582123
711.000000,-2.640570,-2.098957,-1.952951,-2.214247,-1.836623
712.000000,-2.344741,-2.081103,-1.781893,-2.186480,-0.569720
713.000000,-1.743835,-1.952429,-1.671927,-2.091656,-0.206387
714.000000,-1.348216,-1.956902,-1.667453,-2.060440,-0.294258
715.000000,-0.705219,-1.871538,-1.563714,-1.983366,0.211077
716.000000,-0.379121,-1.850724,-1.520301,-1.992123,-0.638649
717.000000,-0.242606,-1.716446,-1.514502,-1.918776,-0.013529
718.000000,-0.256606,-1.394896,-1.513674,-1.867047,-0.236072
719.000000,-0.401767,-1.225443,-1.597223,-1.764560,-0.854393
720.000000,-0.570483,-0.853790,-1.563868,-1.625182,-0.386815
721.000000,-0.772523,-0.742770,-1.620845,-1.596609,-1.405448
722.000000,-1.222631,-0.943043,-1.751269,-1.571652,-1.702047
723.000000,-2.077504,-1.571290,-2.004354,-1.722280,-3.178287
724.000000,-2.410917,-1.979264,-2.201508,-1.862329,-2.387028
725.000000,-2.651092,-2.318026,-2.310900,-1.925977,-2.096136
726.000000,-2.515792,-2.330297,-2.286278,-1.917017,-1.458776
727.000000,-2.288765,-2.320263,-2.200278,-1.924918,-1.035675
728.000000,-1.713230,-2.207941,-1.982485,-1.884940,-0.556538
729.000000,-1.280665,-2.049361,-1.823300,-1.862159,-0.392897
730.000000,-0.910585,-1.976531,-1.646100,-1.811590,-0.450093
731.000000,-0.545075,-1.758550,-1.481645,-1.733223,0.140552
732.000000,-0.290364,-1.559946,-1.435294,-1.701850,0.060035
733.000000,-0.363293,-1.294361,-1.501408,-1.713108,-0.894525
734.000000,-0.387881,-1.058550,-1.523677,-1.733748,-0.495489
735.000000,-0.325940,-0.800197,-1.554001,-1.728704,-0.168186
736.000000,-0.456088,-0.641386,-1.538067,-1.711667,-0.312153
737.000000,-0.463738,-0.477623,-1.528801,-1.659936,0.153879
738.000000,-0.263205,-0.425916,-1.521494,-1.546776,-0.168658
739.000000,-0.141872,-0.379850,-1.470836,-1.457791,-0.053138
740.000000,-0.164766,-0.347482,-1.465133,-1.344744,-0.272499
741.000000,-0.195189,-0.456812,-1.407594,-1.277673,-0.446220
742.000000,-0.394089,-0.584739,-1.351010,-1.298865,-0.657218
743.000000,-0.554028,-0.557153,-1.167142,-1.352484,-0.855783
744.000000,-0.756958,-0.621470,-1.040059,-1.402720,-0.935580
745.000000,-0.806969,-0.670853,-0.890237,-1.453678,-0.461011
746.000000,-1.056335,-0.846496,-0.877449,-1.507260,-1.457787
747.000000,-1.375910,-1.169264,-0.955528,-1.612573,-1.898386
748.000000,-1.601891,-1.407245,-1.089401,-1.689618,-1.656453
749.000000,-1.616552,-1.553909,-1.189087,-1.700543,-0.836782
750.000000,-1.769028,-1.723716,-1.313363,-1.749982,-0.917981
751.000000,-1.734806,-1.962457,-1.586222,-1.769384,-1.235809
752.000000,-1.603780,-2.199530,-1.889439,-1.788596,-1.413877
753.000000,-1.296690,-2.159686,-1.918614,-1.637802,-0.690830
754.000000,-1.298182,-2.094388,-1.991509,-1.538598,-1.086294
755.000000,-1.389490,-2.115235,-2.084879,-1.463505,-1.483664
756.000000,-1.533126,-2.033407,-2.158358,-1.466426,-1.930272
757.000000,-1.604907,-1.887739,-2.235697,-1.497673,-1.768524
758.000000,-1.880537,-1.855908,-2.295543,-1.594177,-2.066533
759.000000,-2.001463,-1.915002,-2.337896,-1.689563,-1.907591
760.000000,-2.344057,-2.150981,-2.486966,-1.872758,-3.022760
761.000000,-2.432502,-2.227343,-2.538696,-2.045741,-2.455138
762.000000,-2.420978,-2.195817,-2.503385,-2.140733,-1.948716
763.000000,-2.434397,-2.286017,-2.482496,-2.176613,-2.268385
764.000000,-2.344781,-2.261045,-2.399846,-2.178224,-1.707459
765.000000,-2.026552,-2.194712,-2.330235,-2.169061,-1.466494
766.000000,-1.817428,-2.111320,-2.219332,-2.143338,-1.430190
767.000000,-1.597801,-1.990850,-2.062957,-2.099047,-0.858555
768.000000,-1.318549,-1.867462,-1.945332,-2.050991,-0.867505
769.000000,-1.064745,-1.726305,-1.851490,-1.992443,-0.426347
770.000000,-0.886444,-1.504680,-1.778540,-1.949016,-0.585001
771.000000,-0.590510,-1.275508,-1.670417,-1.880600,0.010746
772.000000,-0.449079,-1.112897,-1.580639,-1.822968,-0.174079
773.000000,-0.256765,-0.882470,-1.525812,-1.756031,0.025607
774.000000,-0.010683,-0.632297,-1.433277,-1.662552,0.776123
775.000000,0.303207,-0.389431,-1.341066,-1.594763,0.854570
776.000000,0.470319,-0.133629,-1.243409,-1.503800,0.757639
777.000000,0.536544,-0.012057,-1.188439,-1.431183,0.041298
778.000000,0.498017,0.093053,-1.130221,-1.380491,-0.216418
779.000000,0.114134,0.052165,-1.116596,-1.391233,-0.982701
780.000000,-0.298090,0.029854,-1.022177,-1.399238,-0.990657
781.000000,-0.667250,-0.070184,-0.939993,-1.391651,-0.841672
782.000000,-0.847704,-0.133875,-0.876789,-1.374021,-0.705721
783.000000,-0.974418,-0.231756,-0.771863,-1.390119,-0.703632
784.000000,-0.751329,-0.359044,-0.658246,-1.375360,0.102032
785.000000,-0.326434,-0.398082,-0.502563,-1.330233,0.971801
786.000000,0.249056,-0.341046,-0.279790,-1.253138,1.557300
787.000000,0.799953,-0.172512,-0.098164,-1.191124,1.349047
788.000000,1.300931,0.053426,0.119752,-1.118685,1.165105
789.000000,1.656008,0.574112,0.381884,-1.026454,1.567247
790.000000,1.772248,1.152163,0.770158,-0.818568,1.699008
791.000000,1.854760,1.736409,1.208210,-0.567107,2.129840
792.000000,1.967758,2.154360,1.736575,-0.298976,2.037586
793.000000,2.091372,2.395526,2.134479,0.079004,1.943512
794.000000,2.160419,2.461385,2.276403,0.491827,1.975251
795.000000,2.161883,2.408395,2.286621,0.940059,1.822025
796.000000,2.071755,2.320801,2.261255,1.420807,1.772261
797.000000,2.012135,2.295909,2.319971,1.802026,1.818290
798.000000,1.961284,2.297644,2.365224,2.099119,1.762185
799.000000,1.890924,2.263132,2.446103,2.239403,1.704268
800.000000,1.778001,2.173059,2.449577,2.285173,1.356941
801.000000,1.663961,2.037480,2.419904,2.231353,1.277268
802.000000,1.488478,1.888706,2.355603,2.163121,1.002494
803.000000,1.433716,1.820229,2.342698,2.125199,1.485478
804.000000,1.356121,1.731465,2.275964,2.031995,1.338279
805.000000,1.301973,1.635225,2.168549,1.937599,1.121643
806.000000,0.979985,1.393976,1.958726,1.767430,-0.238400
807.000000,0.702396,1.152719,1.791937,1.655852,-0.346177
808.000000,0.401490,0.966969,1.686025,1.598138,0.009034
809.000000,0.112355,0.784044,1.578101,1.583763,-0.039108
810.000000,-0.195958,0.612309,1.461521,1.560807,-0.308604
811.000000,-0.261599,0.420703,1.317766,1.526337,-0.602828
812.000000,-0.321263,0.250726,1.182018,1.494633,-0.700478
813.000000,-0.379249,0.063347,1.088152,1.500002,-0.138306
814.000000,-0.318871,-0.072702,1.021990,1.508217,0.515892
815.000000,-0.223290,-0.224388,0.948113,1.484683,0.224906
816.000000,0.026850,-0.166036,0.882839,1.455541,0.448754
817.000000,0.199935,-0.140104,0.778132,1.423029,-0.195868
818.000000,-0.050910,-0.291332,0.614525,1.370689,-1.346613
819.000000,-0.646329,-0.525644,0.409962,1.291677,-1.800572
820.000000,-1.138570,-0.729926,0.220922,1.212708,-1.559148
821.000000,-1.869732,-1.034241,-0.049456,1.064121,-2.283843
822.000000,-2.342514,-1.379228,-0.357055,0.884662,-2.356631
823.000000,-2.368637,-1.720830,-0.746753,0.703510,-1.909000
824.000000,-2.282092,-2.052308,-1.167482,0.487144,-1.782261
825.000000,-2.147166,-2.161692,-1.541452,0.274647,-1.296185
826.000000,-1.878755,-2.221071,-1.704349,0.032658,-1.148453
827.000000,-1.563315,-2.158108,-1.795329,-0.248175,-0.921658
828.000000,-1.320646,-1.997035,-1.876752,-0.565007,-0.791105
829.000000,-1.130885,-1.848909,-1.906441,-0.938037,-0.915538
830.000000,-0.996592,-1.722754,-1.845532,-1.257393,-0.674152
831.000000,-0.971988,-1.580677,-1.780749,-1.595980,-1.037783
832.000000,-0.970489,-1.412259,-1.703389,-1.832232,-0.896231
833.000000,-1.032837,-1.311593,-1.693569,-2.069841,-1.049221
834.000000,-0.915377,-1.146044,-1.679431,-2.146448,-0.276140
835.000000,-0.901685,-1.066375,-1.668069,-2.166182,-0.477751
836.000000,-0.909419,-1.064742,-1.707156,-2.058889,-1.135760
837.000000,-1.026126,-1.130851,-1.728861,-1.974947,-1.463310
838.000000,-1.080091,-1.208652,-1.695011,-1.928049,-1.348926
839.000000,-1.353572,-1.284107,-1.655598,-1.886817,-1.469164
840.000000,-1.556148,-1.397829,-1.637335,-1.832751,-1.470000
841.000000,-1.785296,-1.552757,-1.622234,-1.812577,-2.171232
842.000000,-1.813471,-1.651118,-1.566238,-1.773078,-1.660091
843.000000,-1.773977,-1.664487,-1.515968,-1.757650,-1.280935
844.000000,-1.738024,-1.777820,-1.482178,-1.781810,-1.395489
845.000000,-1.918555,-1.971842,-1.552494,-1.841089,-2.402666
846.000000,-1.976855,-2.094430,-1.643732,-1.907520,-2.490454
847.000000,-2.121856,-2.160135,-1.742809,-1.940466,-2.290621
848.000000,-2.309674,-2.214987,-1.841356,-1.936087,-2.123202
849.000000,-2.520040,-2.302758,-1.957249,-1.945900,-2.500370
850.000000,-2.482587,-2.368769,-2.074683,-1.966193,-2.362584
851.000000,-2.360165,-2.321869,-2.128780,-1.945996,-2.061707
852.000000,-2.204202,-2.275166,-2.146734,-1.901310,-1.690270
853.000000,-2.094957,-2.259727,-2.142784,-1.876551,-1.689795
854.000000,-1.963756,-2.246331,-2.177008,-1.866223,-1.835986
855.000000,-1.839320,-2.142657,-2.178044,-1.871537,-1.728583
856.000000,-1.713999,-2.018052,-2.133207,-1.867059,-1.461339
857.000000,-1.219819,-1.682638,-1.931567,-1.753829,0.758233
858.000000,-0.854395,-1.457713,-1.804952,-1.688359,0.218848
859.000000,-0.393374,-1.185507,-1.676699,-1.613694,0.458952
860.000000,0.140677,-0.893524,-1.547239,-1.542912,0.753378
861.000000,0.642519,-0.622628,-1.400492,-1.467192,0.726642
862.000000,0.614298,-0.388131,-1.291698,-1.408846,0.629452
863.000000,0.732921,-0.125127,-1.200349,-1.345484,0.721490
864.000000,0.839252,0.204573,-1.099409,-1.305125,0.916972
865.000000,0.854252,0.540173,-0.960250,-1.269216,0.803961
866.000000,0.848152,0.849421,-0.822472,-1.226764,0.669798
867.000000,0.791073,0.809321,-0.710676,-1.195003,0.327202
868.000000,0.722199,0.854460,-0.593145,-1.167528,0.387866
869.000000,0.674714,0.904906,-0.406613,-1.122268,0.716504
870.000000,0.603997,0.883613,-0.214762,-1.090755,0.494288
871.000000,0.578709,0.870487,-0.005612,-1.021840,0.564223
872.000000,0.631756,0.867655,0.205142,-0.973695,0.551807
873.000000,0.607222,0.812481,0.432662,-0.963070,0.280255
874.000000,0.434930,0.682184,0.700678,-0.972552,-0.027790
875.000000,0.304106,0.558363,0.999943,-0.921941,-0.069361
876.000000,0.159329,0.453636,1.293538,-0.850378,-0.055742
877.000000,-0.136287,0.305184,1.168348,-0.835738,-0.721279
878.000000,-0.352777,0.156973,1.113784,-0.815630,-0.655499
879.000000,-0.350176,0.053611,1.079465,-0.645279,-0.004325
880.000000,-0.278386,0.020027,1.008257,-0.375120,0.277742
881.000000,-0.195725,-0.016205,0.934493,-0.029387,0.352940
882.000000,-0.028164,-0.101287,0.822726,0.320466,-0.032004
883.000000,0.229281,-0.099824,0.742358,0.895845,0.381051
884.000000,0.359288,-0.041515,0.647972,1.692483,0.518809
885.000000,0.597861,0.112292,0.650494,2.485278,1.370947
886.000000,1.155076,0.422346,0.780238,2.955376,2.650181
887.000000,1.893835,0.943625,0.973371,2.734076,2.496841
888.000000,2.369361,1.534127,1.165008,2.632172,2.237092
889.000000,2.546777,1.964765,1.302435,2.479803,1.943526
890.000000,2.455653,2.240571,1.478148,2.313338,1.824518
891.000000,2.331441,2.465120,1.701862,2.234774,2.202315
892.000000,2.081864,2.525455,1.834160,2.122235,1.473324
893.000000,1.959242,2.507434,2.043951,2.050072,1.719138
894.000000,1.779067,2.381077,2.204666,1.931878,1.182588
895.000000,1.593182,2.190654,2.303546,1.836674,0.985587
896.000000,1.388076,1.993454,2.388312,1.792828,1.203253
897.000000,1.309060,1.818775,2.500850,1.782017,1.117700
898.000000,1.214924,1.697360,2.569103,1.785274,1.269891
899.000000,1.150382,1.564404,2.482369,1.738494,0.898430
900.000000,1.096857,1.434632,2.355421,1.708025,0.751394
901.000000,0.943680,1.240290,2.211124,1.657064,0.470193
902.000000,0.711785,1.071511,2.074871,1.582221,-0.006757
903.000000,0.399696,0.856925,1.913762,1.524691,-0.238063
904.000000,0.070399,0.655094,1.737114,1.471920,-0.687501
905.000000,-0.136722,0.529436,1.583964,1.464501,-0.213615
906.000000,-0.297322,0.373555,1.396880,1.459538,-0.256917
907.000000,-0.500059,0.150497,1.184504,1.467979,-1.001215
908.000000,-0.731992,-0.135848,0.972854,1.466351,-1.394601
909.000000,-0.791235,-0.351418,0.807609,1.449875,-0.965973
910.000000,-0.971836,-0.561238,0.650310,1.419203,-0.929185
911.000000,-1.100572,-0.723290,0.471710,1.402695,-0.657782
912.000000,-1.098614,-0.861900,0.320294,1.406035,-0.946929
913.000000,-0.922254,-0.944756,0.154344,1.404715,-0.583948
914.000000,-0.735178,-0.909118,0.050439,1.424654,-0.061036
915.000000,-0.503062,-0.927911,-0.038369,1.398479,0.113971
916.000000,-0.320485,-0.923194,-0.168513,1.290849,0.123198
917.000000,0.016112,-0.721528,-0.282602,1.206835,0.510735
918.000000,0.160193,-0.503204,-0.478177,1.090217,0.043462
919.000000,0.110792,-0.393529,-0.681904,0.956623,-0.299351
920.000000,-0.009964,-0.308197,-0.901977,0.805650,-0.448616
921.000000,-0.023800,-0.202476,-1.036397,0.617313,0.072444
922.000000,-0.539222,-0.286263,-1.268177,0.329025,-1.792979
923.000000,-0.456670,-0.149210,-1.211513,0.151915,0.520951
924.000000,-0.672159,-0.289046,-1.222892,-0.141407,-1.210311
925.000000,-0.816422,-0.438664,-1.278109,-0.443095,-1.000905
926.000000,-1.111583,-0.613736,-1.315445,-0.865431,-1.114931
927.000000,-0.821375,-0.787926,-1.186022,-1.254448,-0.563285
928.000000,-1.017463,-0.854458,-0.990810,-1.619214,-0.119081
929.000000,-0.969008,-0.986812,-0.938583,-1.934682,-0.990799
930.000000,-0.754861,-0.994760,-0.829719,-2.040409,0.026466
931.000000,-0.648416,-1.194311,-0.819920,-2.093183,-0.713911
932.000000,-0.715467,-1.055353,-0.795739,-2.028730,-0.744567
933.000000,-0.638334,-1.218659,-0.754085,-1.855142,0.246679
934.000000,-0.454497,-1.094523,-0.847241,-1.677335,-0.425093
935.000000,-0.455078,-0.920238,-0.957564,-1.568598,0.021778
936.000000,-0.436547,-0.813117,-1.173212,-1.510490,-0.655257
937.000000,-0.255309,-0.711261,-1.428632,-1.335094,-0.103694
938.000000,-0.259610,-0.632523,-1.561095,-1.122523,0.271338
939.000000,0.055346,-0.281823,-1.563989,-0.956965,0.736236
940.000000,0.017512,-0.310848,-1.632254,-0.856493,-0.121377
941.000000,0.226151,-0.167777,-1.755715,-0.786947,0.018255
942.000000,0.081838,-0.135297,-1.485917,-0.733651,-0.633725
943.000000,-0.363408,-0.434210,-1.851713,-0.764303,-1.226392
944.000000,-0.517191,-0.307185,-1.537012,-0.773361,0.206474
945.000000,-0.328166,-0.208051,-1.228551,-0.790800,0.557513
946.000000,-0.050038,0.124547,-0.785765,-0.785203,1.046963
947.000000,0.862323,0.587219,-0.198443,-0.740264,2.414308
948.000000,1.930384,0.888165,0.224668,-0.668325,1.861519
949.000000,2.491286,1.122031,0.933981,-0.528602,1.835707
950.000000,2.868095,1.626228,1.449895,-0.275842,2.160304
951.000000,2.845372,1.996938,1.950707,-0.100946,1.673841
952.000000,2.622528,2.496094,2.436879,0.679300,2.343326
953.000000,2.365433,2.778974,2.446474,0.971419,1.488508
954.000000,2.132900,2.683809,2.499927,1.758320,1.354695
955.000000,1.701419,2.427349,2.340884,2.309625,0.549830
956.000000,1.304034,2.105311,2.216062,2.546127,-0.056616
957.000000,0.864424,1.783066,2.108962,2.563309,0.427834
958.000000,0.599132,1.554477,1.972122,2.398575,0.311621
959.000000,0.323341,1.338099,1.802220,2.358866,0.170174
960.000000,0.290245,1.118104,1.759749,2.215265,0.422241
961.000000,0.228733,0.875965,1.638855,2.111499,-0.367548
962.000000,-0.016704,0.500562,1.563105,2.011151,-0.678640
963.000000,-0.639437,0.016056,1.403235,1.634783,-2.239415
964.000000,-1.203772,-0.469246,1.157153,1.389529,-2.031766
965.000000,-1.505886,-0.686080,1.015883,1.263621,-0.853431
966.000000,-1.825945,-0.961583,0.758096,1.108092,-1.776936
967.000000,-2.020165,-1.302608,0.397253,0.882384,-1.723148
968.000000,-1.922136,-1.638788,0.034512,0.566942,-1.865724
969.000000,-1.808754,-1.865559,-0.336311,0.212760,-1.629145
970.000000,-1.767160,-1.966935,-0.683787,0.071470,-0.912878
971.000000,-1.516678,-1.926889,-0.981890,-0.057201,-0.716071
972.000000,-0.929438,-1.640446,-1.135984,0.189315,0.929752
973.000000,0.043350,-1.012990,-1.005079,0.802041,2.264586
974.000000,1.290296,-0.197346,-0.625441,1.491978,2.992670
975.000000,2.242112,0.533032,-0.035631,2.127124,2.773710
976.000000,2.520011,1.059940,0.353674,2.300851,1.378719
977.000000,2.429313,1.515898,0.680577,2.302523,1.255667
978.000000,2.215166,1.963696,1.116766,2.403254,1.470433
979.000000,1.893358,2.279778,1.568058,2.477075,1.498887
980.000000,1.517680,2.358343,1.811495,2.392798,1.117020
981.000000,1.620470,2.489972,2.282189,2.513936,1.847687
982.000000,2.280608,2.783196,3.132176,2.955203,3.563664
983.000000,2.685213,2.845271,3.514494,3.196889,3.077763
984.000000,2.841954,2.754831,3.504479,3.208553,2.605027
985.000000,2.854286,2.609463,3.305603,3.117523,2.123852
986.000000,2.741391,2.560907,3.153346,3.020193,1.968174
987.000000,2.392676,2.499888,3.002881,2.893033,1.803864
988.000000,2.109547,2.418213,2.869346,2.774456,1.673112
989.000000,1.927865,2.355500,2.760129,2.684571,1.711030
990.000000,1.825028,2.312753,2.646473,2.595577,1.644230
991.000000,1.837149,2.289329,2.587874,2.574399,2.003369
992.000000,1.840190,2.141475,2.491909,2.532319,1.837421
993.000000,1.817087,1.998149,2.371603,2.488629,1.616764
994.000000,1.757648,1.877518,2.244836,2.429444,1.465492
995.000000,1.677875,1.781296,2.127207,2.347417,1.283446
996.000000,1.554931,1.715635,2.067466,2.296316,1.386024
997.000000,1.400549,1.633901,1.997685,2.228110,1.070123
998.000000,1.264841,1.555916,1.926631,2.164486,0.936848
999.000000,1.166811,1.483484,1.868906,2.111671,0.976040
1000.000000,1.130032,1.432243,1.835125,2.065930,1.103349
1001.000000,1.028559,1.325528,1.780992,2.014518,0.894398
1002.000000,0.899892,1.188177,1.657301,1.933078,0.377863
1003.000000,0.799328,1.073023,1.547262,1.851663,0.395925
1004.000000,0.668024,0.963847,1.450321,1.767246,0.321357
1005.000000,0.477938,0.863107,1.369851,1.689158,0.225991
1006.000000,0.295370,0.728360,1.291235,1.635066,0.043526
1007.000000,0.189947,0.611556,1.215370,1.586000,-0.171085
1008.000000,0.040589,0.492359,1.142672,1.537829,-0.363907
1009.000000,-0.051890,0.383275,1.079890,1.505436,-0.069488
1010.000000,-0.304651,0.173475,0.994906,1.467524,-1.145748
1011.000000,-0.683010,-0.074314,0.866714,1.415311,-2.004542
1012.000000,-1.088262,-0.277972,0.735057,1.321330,-1.853636
1013.000000,-1.397404,-0.493016,0.613564,1.234764,-1.390584
1014.000000,-1.809946,-0.761300,0.477296,1.148676,-1.604882
1015.000000,-1.895966,-1.079952,0.328606,1.070326,-1.721866
1016.000000,-1.805089,-1.386625,0.138668,0.992423,-1.640925
1017.000000,-1.670438,-1.600825,-0.038587,0.923035,-1.295682
1018.000000,-1.616442,-1.733515,-0.235425,0.854885,-1.220058
1019.000000,-1.615781,-1.912741,-0.513639,0.760908,-1.629389
1020.000000,-1.549501,-1.883720,-0.861913,0.660600,-1.445755
1021.000000,-1.493379,-1.781882,-1.217589,0.506245,-1.451966
1022.000000,-1.447768,-1.665672,-1.467996,0.339012,-1.182903
1023.000000,-1.365759,-1.567329,-1.659469,0.166127,-0.877185
1024.000000,-1.309738,-1.512752,-1.830131,-0.061285,-1.380910
1025.000000,-1.346384,-1.479855,-1.947577,-0.342983,-1.621712
1026.000000,-1.361092,-1.446973,-1.969523,-0.706774,-1.526269
1027.000000,-1.307204,-1.391288,-1.896587,-1.045670,-0.883713
1028.000000,-1.326542,-1.356432,-1.813719,-1.396896,-0.925142
1029.000000,-1.218519,-1.274425,-1.759768,-1.722939,-0.811428
1030.000000,-1.050396,-1.216114,-1.659953,-1.980372,-0.806866
1031.000000,-0.933975,-1.175097,-1.565857,-2.103707,-1.052937
1032.000000,-1.053623,-1.202616,-1.509078,-2.108196,-1.517061
1033.000000,-1.075661,-1.225642,-1.458799,-2.058828,-0.980460
1034.000000,-0.974714,-1.122427,-1.372846,-1.962920,-0.127550
1035.000000,-0.773047,-0.942201,-1.272865,-1.853083,0.402618
1036.000000,-0.641541,-0.821059,-1.209563,-1.768549,-0.390594
1037.000000,-0.311655,-0.767450,-1.164618,-1.678612,-0.151930
1038.000000,-0.034624,-0.683261,-1.122862,-1.590860,0.110281
1039.000000,-0.180407,-0.693045,-1.085390,-1.563243,-0.996923
1040.000000,-0.464592,-0.679675,-1.051931,-1.495728,-0.605159
1041.000000,-0.337792,-0.553244,-0.992684,-1.408277,0.257559
1042.000000,-0.246282,-0.300545,-0.949302,-1.331929,0.323624
1043.000000,-0.806539,-0.305401,-0.987222,-1.312101,-1.706727
1044.000000,-0.513281,-0.314525,-0.930936,-1.257140,0.067443
1045.000000,-0.322644,-0.444910,-0.839722,-1.199880,0.054858
1046.000000,-0.944927,-0.627577,-0.798744,-1.174196,-1.504733
1047.000000,-1.629354,-0.913257,-0.830647,-1.170252,-1.455920
1048.000000,-1.487649,-1.286289,-0.854836,-1.171038,-1.143576
1049.000000,-1.698241,-1.250738,-0.867495,-1.134877,-0.400146
1050.000000,-2.052678,-1.396284,-0.911379,-1.121702,-0.935948
1051.000000,-1.982243,-1.847138,-0.958978,-1.117223,-1.435733
1052.000000,-1.547948,-2.062852,-0.871262,-1.109652,-0.338662
1053.000000,-1.488915,-1.952315,-0.920949,-1.147389,-1.018199
1054.000000,-1.006835,-1.782540,-0.971870,-1.091939,0.975713
1055.000000,-0.836154,-1.880222,-1.268839,-1.040674,-0.492753
1056.000000,-0.154914,-1.387155,-1.315964,-0.957793,0.442643
1057.000000,0.573193,-0.635475,-1.240015,-0.892229,1.719757
1058.000000,1.715436,0.209584,-1.063118,-0.780547,2.242746
1059.000000,-0.328878,-0.883913,-1.853763,-0.990005,-3.518692
1060.000000,-2.570544,-2.322883,-3.012825,-1.378950,-3.902727
1061.000000,-3.750404,-3.102603,-3.634884,-1.769694,-3.229969
1062.000000,-3.920602,-3.376883,-3.624706,-2.027312,-2.532205
1063.000000,-3.766845,-3.288376,-3.317053,-2.254604,-2.101993
1064.000000,-3.162485,-3.249138,-3.164403,-2.476548,-1.881584
1065.000000,-2.599769,-3.056904,-3.001763,-2.624549,-1.647251
1066.000000,-2.179501,-2.929145,-2.789531,-2.622266,-1.487740
1067.000000,-1.867303,-2.827402,-2.598690,-2.572390,-1.206803
1068.000000,-1.644739,-2.750169,-2.457231,-2.517921,-1.132597
1069.000000,-1.543989,-2.480960,-2.405193,-2.445563,-1.443865
1070.000000,-1.499681,-2.198476,-2.345296,-2.394375,-1.463920
1071.000000,-1.532477,-2.003914,-2.300786,-2.388659,-1.644878
1072.000000,-1.653881,-1.905493,-2.303361,-2.389827,-1.782571
1073.000000,-1.696718,-1.807333,-2.246940,-2.302913,-1.418286
1074.000000,-1.641887,-1.717034,-2.223901,-2.252116,-1.252423
1075.000000,-1.580053,-1.652220,-2.172051,-2.203838,-1.214991
1076.000000,-1.439310,-1.582535,-2.128053,-2.117969,-1.003981
1077.000000,-1.251451,-1.534713,-2.102188,-2.039605,-0.908467
1078.000000,-1.114994,-1.483522,-2.079412,-1.969810,-0.781962
1079.000000,-0.994914,-1.395750,-1.940209,-1.916390,-0.686269
1080.000000,-0.851215,-1.294153,-1.771879,-1.854727,-0.536126
1081.000000,-0.650514,-1.122713,-1.596476,-1.768284,-0.042400
1082.000000,-0.367008,-0.884443,-1.431683,-1.686039,0.449032
1083.000000,-0.086268,-0.677668,-1.291375,-1.604052,0.520723
1084.000000,0.233827,-0.462587,-1.156466,-1.552400,0.768015
1085.000000,0.547072,-0.236935,-1.036418,-1.492337,0.815291
1086.000000,0.842384,0.016987,-0.908820,-1.441774,1.224225
1087.000000,1.055604,0.287916,-0.800430,-1.420695,1.353728
1088.000000,1.354302,0.600217,-0.692337,-1.418856,1.771023
1089.000000,1.569455,0.932601,-0.560768,-1.326190,1.511958
1090.000000,1.696868,1.261037,-0.414037,-1.196069,1.332895
1091.000000,1.546724,1.457062,-0.248230,-1.075864,0.892943
1092.000000,1.266651,1.485823,-0.063306,-0.986127,0.432739
1093.000000,1.036137,1.508909,0.134464,-0.894019,0.703038
1094.000000,0.853618,1.451835,0.341974,-0.803346,0.640512
1095.000000,0.736137,1.391649,0.587304,-0.707670,0.779930
1096.000000,0.782371,1.305053,0.864219,-0.591495,1.097542
1097.000000,0.673354,1.082622,1.057449,-0.545762,-0.062390
1098.000000,0.389907,0.795710,1.192053,-0.533862,-0.618173
1099.000000,0.079815,0.520766,1.283575,-0.498260,-0.800070
1100.000000,-0.275429,0.256296,1.325543,-0.452372,-0.860686
1101.000000,-0.749424,0.014292,1.242893,-0.379789,-1.092877
1102.000000,-0.988621,-0.184228,1.055204,-0.254878,-1.202858
1103.000000,-1.314650,-0.541550,0.752407,-0.264521,-2.103675
1104.000000,-1.425235,-0.791570,0.500808,-0.197361,-1.295978
1105.000000,-1.622471,-1.120289,0.196720,-0.190475,-1.744199
1106.000000,-1.738926,-1.466981,-0.148649,-0.234207,-1.641263
1107.000000,-1.822246,-1.659626,-0.503792,-0.343404,-1.648098
1108.000000,-1.375861,-1.573879,-0.696674,-0.052439,-0.032770
1109.000000,-1.031729,-1.429304,-0.839109,0.426920,0.343443
1110.000000,-0.644946,-1.316341,-1.007533,0.811335,0.097467
1111.000000,-0.222871,-1.149088,-1.106605,0.987994,0.281850
1112.000000,0.166356,-0.996275,-1.176864,0.770809,0.050916
1113.000000,0.141812,-0.750141,-1.294972,0.424168,-0.144807
1114.000000,-0.065638,-0.661783,-1.445204,-0.224394,-0.595555
1115.000000,-0.167176,-0.482941,-1.558077,-0.776725,-0.362782
1116.000000,-0.304012,-0.306414,-1.672275,-1.445000,-0.320710
1117.000000,-0.215916,-0.022127,-1.553022,-1.796550,0.513650
1118.000000,-0.006064,0.082056,-1.352553,-2.144503,0.861259
1119.000000,0.300870,0.120102,-1.163249,-2.399191,0.728942
1120.000000,0.583622,0.201203,-0.977219,-2.443350,0.785128
1121.000000,0.791978,0.220612,-0.810536,-2.374918,0.442276
1122.000000,0.671158,0.215463,-0.689681,-2.292121,-0.064458
1123.000000,0.486484,0.260449,-0.460719,-2.243593,0.076105
1124.000000,0.163253,0.294430,-0.380624,-2.298388,-0.624922
1125.000000,-0.322240,0.215011,-0.295727,-2.426517,-1.175690
1126.000000,-0.632761,0.184006,-0.173707,-2.498729,-0.762934
1127.000000,-0.695017,0.064161,0.016500,-2.309453,-0.226401
1128.000000,-0.584491,-0.006595,0.081745,-1.995165,0.598592
1129.000000,-0.150372,0.027040,0.151125,-1.666827,1.040462
1130.000000,0.501251,0.097048,0.309043,-1.350252,1.232881
1131.000000,1.057433,0.280862,0.504092,-1.005634,1.387067
1132.000000,1.365903,0.510041,0.755295,-0.700990,1.065642
1133.000000,1.607337,0.809342,1.198461,-0.162284,1.670161
1134.000000,1.529649,1.059463,1.605905,0.148533,0.771087
1135.000000,1.244912,1.260041,1.725520,0.447865,-0.070340
1136.000000,1.027361,1.475172,1.810849,0.791772,0.367188
1137.000000,0.666510,1.504425,1.519039,1.028968,-0.741197
1138.000000,0.014046,1.412503,1.210597,0.983324,-0.590242
1139.000000,-0.462621,1.183343,0.943522,0.865880,-0.723235
1140.000000,-0.326858,1.072991,0.835958,0.916691,0.449803
1141.000000,-0.402481,0.804789,0.764644,0.907805,0.147645
1142.000000,-0.092817,0.623936,0.825750,0.966530,0.387837
1143.000000,-0.154249,-0.126028,0.710500,0.930908,-0.806619
1144.000000,-0.107365,-0.572089,0.772284,0.999794,-0.561484
1145.000000,-0.313203,-0.647460,0.995688,1.037700,-0.291300
1146.000000,-0.508104,-0.920956,1.145772,1.025759,-0.558266
1147.000000,-1.085454,-1.174037,1.030182,0.733468,-1.697255
1148.000000,-0.952402,-1.096546,0.932507,0.535624,-0.380046
1149.000000,-0.717012,-0.815530,0.816187,0.440400,0.299369
1150.000000,-0.320783,-0.616371,0.796876,0.437278,1.205480
1151.000000,0.082647,-0.408756,0.615919,0.463662,0.921298
1152.000000,0.697513,-0.393120,0.369218,0.521057,0.440959
1153.000000,0.972783,-0.003438,-0.174618,0.578543,0.632335
1154.000000,0.634084,-0.098270,-0.927053,0.584533,-0.915425
1155.000000,-0.028757,-0.344518,-1.439457,0.656866,-1.303509
1156.000000,-0.620502,-0.485630,-2.047197,0.697830,-1.217744
1157.000000,-1.081659,-0.266103,-2.021732,0.694351,-1.047366
1158.000000,-1.422181,-0.234093,-1.823783,0.637791,-0.273053
1159.000000,-1.464729,-0.624324,-1.865231,0.315289,-1.151996
1160.000000,-1.759445,-1.654845,-2.576481,-0.539122,-2.467131
1161.000000,-1.801629,-2.206354,-2.706389,-1.630876,-1.570538
1162.000000,-1.971711,-2.497384,-2.817701,-2.814946,-1.771093
1163.000000,-2.530854,-2.808283,-2.791865,-3.553156,-2.628569
1164.000000,-2.737104,-2.718763,-2.762914,-3.454687,-2.286874
1165.000000,-2.674617,-2.689030,-2.811785,-3.225686,-2.495864
1166.000000,-2.887666,-2.795413,-2.886112,-3.182783,-2.869423
1167.000000,-3.019851,-2.929824,-2.850249,-3.090006,-2.952431
1168.000000,-2.654487,-2.834742,-2.711726,-2.844235,-1.529885
1169.000000,-2.362294,-2.646030,-2.606615,-2.624135,-1.239783
1170.000000,-1.957264,-2.323054,-2.497403,-2.462407,-0.589724
1171.000000,-1.334003,-2.028401,-2.303978,-2.238184,0.270414
1172.000000,-0.780099,-1.851076,-2.192516,-2.136450,-0.361107
1173.000000,-0.630688,-1.690372,-2.155549,-2.035797,-0.854529
1174.000000,-0.190160,-1.377058,-1.916987,-1.840319,0.701810
1175.000000,0.156909,-1.025240,-1.696828,-1.675871,0.916242
1176.000000,0.451208,-0.530078,-1.466709,-1.474531,1.483121
1177.000000,0.720663,-0.051886,-1.330037,-1.293149,0.779567
1178.000000,1.169632,0.310248,-1.207042,-1.159148,1.111032
1179.000000,1.251504,0.642843,-1.052019,-1.066503,1.096995
1180.000000,1.301640,0.895943,-0.821338,-1.016647,1.184572
1181.000000,1.301430,1.077805,-0.599350,-0.928035,1.512107
1182.000000,1.501645,1.358927,-0.328127,-0.800957,1.674519
1183.000000,1.681362,1.714149,0.058393,-0.655675,1.899004
1184.000000,1.767389,1.797186,0.430651,-0.454372,1.562991
1185.000000,1.846685,1.857911,0.891237,-0.201330,1.678834
1186.000000,1.791915,1.807587,1.385369,0.041150,1.406824
1187.000000,1.684431,1.819945,1.878639,0.294500,1.277405
1188.000000,1.576903,1.813830,2.175790,0.577493,1.417299
1189.000000,1.557859,1.817906,2.374934,0.996313,1.502394
1190.000000,1.536030,1.821033,2.440801,1.585896,1.594961
1191.000000,1.585373,1.806214,2.409948,2.105636,1.674335
1192.000000,1.642413,1.772713,2.398547,2.507329,1.615552
1193.000000,1.660711,1.717776,2.390575,2.750061,1.564452
1194.000000,1.658603,1.693100,2.285331,2.815194,1.536417
1195.000000,1.611957,1.643898,2.175492,2.797144,1.406616
1196.000000,1.592149,1.643004,2.071820,2.784321,1.602531
1197.000000,1.560920,1.639045,2.004121,2.743791,1.496791
1198.000000,1.497315,1.605024,1.916941,2.607466,1.255197
1199.000000,1.456043,1.576476,1.849940,2.490265,1.332002
1200.000000,1.373313,1.507670,1.772658,2.348537,0.938852
1201.000000,1.152255,1.396590,1.675295,2.184742,0.489479
1202.000000,0.982794,1.309803,1.594942,2.088324,0.663763
1203.000000,0.837658,1.219253,1.511305,2.021471,0.521088
1204.000000,0.483812,1.053656,1.413014,1.883720,-0.495111
1205.000000,0.091218,0.851079,1.297609,1.748012,-1.052344
1206.000000,-0.312574,0.561040,1.186801,1.602353,-1.415606
1207.000000,-0.730636,0.289227,1.101631,1.509296,-1.091884
1208.000000,-1.028987,0.056050,1.026531,1.428613,-0.725758
1209.000000,-1.170047,-0.253273,0.932883,1.348622,-1.106268
1210.000000,-0.941372,-0.409112,0.876045,1.311297,0.132815
1211.000000,-0.548652,-0.477769,0.819995,1.277629,0.444148
1212.000000,-0.150188,-0.544807,0.772606,1.249740,0.720483
1213.000000,0.187844,-0.568807,0.722610,1.216706,0.739054
1214.000000,0.678950,-0.405587,0.677150,1.204227,0.947958
1215.000000,0.690939,-0.241753,0.595752,1.164338,0.152790
1216.000000,0.300718,-0.196295,0.389645,1.096714,-1.272202
1217.000000,-0.380877,-0.342179,0.098158,1.009179,-2.046363
1218.000000,-1.061272,-0.561022,-0.225907,0.913993,-1.886074
1219.000000,-1.609719,-0.641042,-0.595206,0.824904,-1.364695
1220.000000,-1.891093,-0.925222,-0.980945,0.716679,-1.307149
1221.000000,-1.797673,-1.202787,-1.337174,0.589943,-1.100292
1222.000000,-1.701616,-1.598557,-1.813064,0.397787,-1.692290
1223.000000,-1.571192,-1.867161,-2.118268,0.175587,-1.376600
1224.000000,-1.391880,-1.973056,-2.086064,-0.055130,-0.626717
1225.000000,-1.161251,-1.910398,-1.905442,-0.314852,-0.267083
1226.000000,-1.027031,-1.736742,-1.704047,-0.717378,-0.452115
1227.000000,-0.759753,-1.511998,-1.562095,-1.178328,-0.500089
1228.000000,-0.499608,-1.298747,-1.451987,-1.593964,-0.264891
1229.000000,-0.260630,-1.083180,-1.251965,-1.870394,0.482781
1230.000000,0.301201,-0.657245,-1.039711,-1.795255,2.107115
1231.000000,0.972337,-0.216120,-0.873862,-1.612241,1.963208
1232.000000,1.654318,0.426006,-0.741207,-1.436302,1.887687
1233.000000,2.052182,1.030511,-0.672005,-1.291284,1.353906
1234.000000,2.047458,1.420276,-0.687057,-1.087549,0.829530
1235.000000,1.727537,1.730386,-0.599900,-0.810202,0.975374
1236.000000,1.587544,2.078201,-0.273393,-0.419229,1.520303
1237.000000,1.769028,2.508527,0.379874,0.106183,2.577635
1238.000000,1.967586,2.668465,1.032445,0.548618,2.173832
1239.000000,2.022112,2.534941,1.462399,0.883846,1.293986
1240.000000,2.139200,2.353619,1.935898,1.153781,1.762242
1241.000000,2.021010,2.152063,2.208326,1.298000,1.253539
1242.000000,1.735581,2.009255,2.470444,1.424912,1.331587
1243.000000,1.554309,1.951464,2.598535,1.555088,1.390935
1244.000000,1.560316,1.945859,2.585833,1.662503,1.385854
