0.000000,5.385165,5.385165,5.385165,5.385165,0.280965
1.000000,3.752650,3.739451,3.741605,3.740756,0.484630
2.000000,3.025193,2.998007,3.003802,2.997001,0.470550
3.000000,2.580642,2.547149,2.555640,2.546569,0.278695
4.000000,2.281225,2.243905,2.247082,2.235965,1.036718
5.000000,2.039869,2.013486,2.013799,2.002191,0.839488
6.000000,1.855321,1.834357,1.827828,1.816146,1.563158
7.000000,1.678791,1.677268,1.668787,1.656307,-1.278357
8.000000,1.525599,1.540328,1.529497,1.521204,-1.853792
9.000000,1.393506,1.425902,1.411172,1.405440,-0.991743
10.000000,1.287180,1.322582,1.309834,1.306385,0.061106
11.000000,1.183701,1.228837,1.218027,1.216475,-0.049083
12.000000,1.115342,1.144755,1.135829,1.137286,0.036001
13.000000,1.062030,1.070259,1.061539,1.065330,0.413575
14.000000,1.001052,0.995586,0.994369,0.998482,-0.213177
15.000000,0.938360,0.927935,0.931787,0.936040,0.161877
16.000000,0.877859,0.859261,0.872027,0.874870,-0.166243
17.000000,0.821134,0.807487,0.817322,0.817275,0.054214
18.000000,0.770876,0.765025,0.766339,0.761158,1.056486
19.000000,0.728750,0.721208,0.717700,0.707371,1.212694
20.000000,0.680160,0.671708,0.665514,0.654733,0.698645
21.000000,0.636253,0.624242,0.613975,0.602458,0.798862
22.000000,0.595663,0.579120,0.564216,0.551912,1.266776
23.000000,0.546253,0.532021,0.514881,0.501317,1.194381
24.000000,0.494814,0.487806,0.462541,0.452365,1.092753
25.000000,0.451126,0.442321,0.409560,0.401779,1.254464
26.000000,0.409836,0.400075,0.351484,0.348918,1.394750
27.000000,0.355428,0.353564,0.298344,0.292559,0.876297
28.000000,0.310859,0.306821,0.247614,0.229957,1.140326
29.000000,1.687740,2.124954,2.624461,2.979533,1.478900
30.000000,1.846791,2.199004,2.667164,2.825343,1.891734
31.000000,1.866929,2.212335,2.660338,2.641468,1.608148
32.000000,1.961680,2.149743,2.595924,2.497781,1.490582
33.000000,2.227988,2.273612,2.607304,2.531959,2.412917
34.000000,2.256944,2.291257,2.589355,2.416878,1.912800
35.000000,2.313213,2.347211,2.579084,2.401691,2.311323
36.000000,2.265597,2.276782,2.517894,2.261095,1.746489
37.000000,1.942629,2.080273,2.315826,2.223176,0.387993
38.000000,1.346572,1.812376,2.046482,2.171092,-0.404913
39.000000,0.275185,1.219826,1.601807,1.847287,-2.927848
40.000000,-0.897563,0.660924,1.278159,1.537062,-2.352454
41.000000,-2.106158,-0.000844,0.896196,1.193389,-2.700834
42.000000,-2.936078,-0.897417,0.329762,0.699959,-3.168574
43.000000,-3.231336,-1.913438,-0.317855,0.106928,-2.928480
44.000000,-3.023440,-2.614377,-0.979810,-0.459373,-2.552687
45.000000,-2.847606,-2.997145,-1.584922,-1.013315,-2.154001
46.000000,-2.664425,-3.118832,-2.127959,-1.543295,-2.105786
47.000000,-2.382227,-3.001549,-2.437459,-1.963792,-1.830483
48.000000,-2.116422,-2.826361,-2.592443,-2.300100,-1.641336
49.000000,-1.901393,-2.563992,-2.646011,-2.499577,-1.513411
50.000000,-1.737055,-2.374982,-2.644211,-2.559374,-1.371984
51.000000,-1.472738,-2.136554,-2.533904,-2.484474,-0.821529
52.000000,-1.277327,-1.900488,-2.440854,-2.430606,-0.862661
53.000000,-1.102945,-1.682136,-2.380932,-2.358546,-0.776446
54.000000,-0.982910,-1.517206,-2.325884,-2.304183,-0.917288
55.000000,-0.885760,-1.388206,-2.287209,-2.252325,-0.898421
56.000000,-0.921136,-1.274685,-2.240475,-2.215974,-0.993819
57.000000,-0.933632,-1.179671,-2.154531,-2.160047,-0.924590
58.000000,-0.910714,-1.074800,-2.047221,-2.091960,-0.665376
59.000000,-0.872799,-0.990174,-1.906521,-2.045962,-0.730514
60.000000,-0.856334,-0.929186,-1.806140,-2.020901,-0.817882
61.000000,-0.808292,-0.922868,-1.702708,-1.989246,-0.763070
62.000000,-0.764891,-0.907873,-1.581652,-1.956779,-0.716257
63.000000,-0.759297,-0.893800,-1.461988,-1.943057,-0.618538
64.000000,-0.696111,-0.842866,-1.346428,-1.911642,-0.372377
65.000000,-0.581993,-0.781898,-1.245163,-1.891557,-0.193476
66.000000,-0.558341,-0.748147,-1.167753,-1.884995,-0.759440
67.000000,-0.467197,-0.688904,-1.087857,-1.841500,-0.231470
68.000000,-0.334838,-0.646213,-1.009311,-1.789460,0.241445
69.000000,-0.242324,-0.588809,-0.935930,-1.700711,0.301098
70.000000,-0.328364,-0.548630,-0.886475,-1.644410,-0.647127
71.000000,0.100547,-0.445664,-0.856335,-1.565539,1.083476
72.000000,0.351880,-0.351326,-0.832265,-1.473391,0.296167
73.000000,0.375024,-0.243318,-0.815095,-1.378021,0.227670
74.000000,0.501954,-0.117248,-0.772401,-1.283308,0.771585
75.000000,1.217997,0.136010,-0.710940,-1.192010,1.531033
76.000000,1.434597,1.082707,-0.618928,-1.091576,1.803990
77.000000,1.511266,1.737696,-0.547165,-1.013537,0.497087
78.000000,1.713972,1.883009,-0.490133,-0.935417,0.855759
79.000000,2.672526,2.632457,-0.298005,-0.812773,3.541816
80.000000,3.422828,3.473360,0.045815,-0.660344,3.777949
81.000000,3.524910,3.546538,0.505423,-0.536661,3.169505
82.000000,3.538962,3.499154,1.127776,-0.392648,2.755035
83.000000,3.380035,3.343508,1.866797,-0.238746,2.396736
84.000000,2.929734,3.099505,2.451746,-0.061332,1.871479
85.000000,2.560907,2.918160,2.764404,0.167249,2.017987
86.000000,2.257133,2.735869,2.849388,0.443839,1.748917
87.000000,2.033753,2.646100,2.748851,0.767824,1.703120
88.000000,1.855268,2.539450,2.605870,1.097391,1.557478
89.000000,1.774542,2.338598,2.492340,1.466303,1.524268
90.000000,1.693275,2.140421,2.448732,1.840395,1.626023
91.000000,1.606168,1.957448,2.344257,2.097220,1.353246
92.000000,1.517659,1.805947,2.273379,2.236866,1.288643
93.000000,1.458844,1.689562,2.213818,2.272119,1.278695
94.000000,1.373826,1.605147,2.139155,2.221989,1.112186
95.000000,1.284857,1.519603,2.068313,2.153729,1.193506
96.000000,1.284794,1.477992,2.014690,2.132391,1.357635
97.000000,1.281016,1.432310,1.984965,2.079977,1.275529
98.000000,1.323617,1.424705,1.965890,2.040093,1.489039
99.000000,1.351091,1.395316,1.880452,1.995275,1.249271
100.000000,1.380704,1.364051,1.783807,1.983274,1.337934
101.000000,1.318527,1.331877,1.686670,1.937084,1.044275
102.000000,1.349064,1.344829,1.624252,1.926459,1.430466
103.000000,1.255982,1.319771,1.554959,1.899244,1.020576
104.000000,1.239145,1.326031,1.516168,1.874021,1.151484
105.000000,1.152218,1.302687,1.459409,1.833671,0.881214
106.000000,1.111393,1.251656,1.411806,1.791254,0.759447
107.000000,0.969456,1.210339,1.367016,1.768844,0.740075
108.000000,0.991494,1.170765,1.344476,1.755286,1.231906
109.000000,0.940029,1.145620,1.316612,1.698989,0.965714
110.000000,0.766735,1.031928,1.252070,1.606036,-0.226075
111.000000,0.373673,0.876135,1.175249,1.503933,-1.348020
112.000000,-0.086370,0.627128,1.101873,1.411732,-1.275026
113.000000,-0.442773,0.498668,1.056964,1.348828,-0.153818
114.000000,-0.917965,0.242127,0.999117,1.288833,-1.076960
115.000000,-1.178752,-0.040605,0.923160,1.216945,-1.349095
116.000000,-1.183527,-0.353812,0.825858,1.154085,-1.353630
117.000000,-1.398441,-0.798163,0.692893,1.073768,-2.130886
118.000000,-1.706430,-1.221618,0.541251,1.010028,-1.481239
119.000000,-1.769766,-1.563825,0.389098,0.944548,-1.422561
120.000000,-1.736086,-1.700758,0.198151,0.868381,-1.301663
121.000000,-1.946395,-1.833458,-0.072880,0.768637,-2.309165
122.000000,-1.737291,-1.807515,-0.394484,0.693779,-1.263144
123.000000,-1.715386,-1.924014,-0.742692,0.600714,-1.456043
124.000000,-1.680571,-1.906283,-1.168593,0.509806,-1.342654
125.000000,-1.572507,-1.802087,-1.538499,0.414092,-0.899901
126.000000,-1.273633,-1.710041,-1.857881,0.278768,-0.924121
127.000000,-1.312893,-1.620011,-2.122171,0.083083,-1.459238
128.000000,-1.224924,-1.548013,-2.240063,-0.172687,-1.078119
129.000000,-1.228136,-1.522957,-2.283427,-0.498035,-1.369226
130.000000,-1.305473,-1.499345,-2.203549,-0.917367,-1.285328
131.000000,-1.204543,-1.285518,-1.997054,-1.292197,-0.439869
132.000000,-0.988134,-1.183611,-1.827900,-1.741426,-0.385060
133.000000,-0.842816,-1.063633,-1.746148,-2.033382,-0.333551
134.000000,-0.611505,-0.956565,-1.630908,-2.205420,-0.274538
135.000000,-0.521514,-0.968537,-1.561682,-2.276143,-1.009729
136.000000,-0.363188,-0.855403,-1.431771,-2.167981,0.421447
137.000000,-0.156594,-0.652605,-1.267179,-2.039462,0.675528
138.000000,-0.063739,-0.543179,-1.181775,-1.989836,0.083108
139.000000,0.326734,-0.260413,-1.053872,-1.877310,1.705712
140.000000,0.524166,-0.152889,-1.031828,-1.818044,-1.025803
141.000000,0.425730,-0.101017,-0.908716,-1.685186,-0.123970
142.000000,0.454868,0.044527,-0.818471,-1.545745,0.850867
143.000000,0.773908,0.223028,-0.709597,-1.482580,0.986113
144.000000,0.715347,0.508069,-0.579349,-1.372456,1.561185
145.000000,-0.916872,-0.002750,-0.787217,-1.484300,-4.033513
146.000000,-2.502413,-0.981995,-0.985202,-1.567627,-2.927040
147.000000,-3.565624,-2.201548,-1.157235,-1.610164,-2.650202
148.000000,-3.788749,-3.002045,-1.408217,-1.692292,-2.502698
149.000000,-3.721719,-3.450600,-1.644017,-1.770887,-2.274373
150.000000,-3.068718,-3.323187,-1.911921,-1.853519,-2.190584
151.000000,-2.608312,-3.122898,-2.166474,-1.821433,-1.527312
152.000000,-2.317754,-3.040573,-2.394173,-1.863603,-1.641771
153.000000,-2.093104,-2.943578,-2.556957,-1.894342,-1.644110
154.000000,-1.885638,-2.843273,-2.614720,-1.915541,-1.443376
155.000000,-1.733396,-2.491514,-2.589715,-1.972978,-1.554156
156.000000,-1.673431,-2.248095,-2.606593,-2.004494,-1.338103
157.000000,-1.571382,-2.046385,-2.579982,-1.989364,-1.230044
158.000000,-1.452482,-1.864918,-2.490032,-1.983744,-1.129788
159.000000,-1.327100,-1.688696,-2.426872,-1.937783,-0.894873
160.000000,-1.159119,-1.517159,-2.276700,-1.886987,-0.784148
161.000000,-1.029852,-1.416756,-2.178394,-1.880504,-0.740826
162.000000,-0.898530,-1.297032,-2.111418,-1.863043,-0.618236
163.000000,-0.741571,-1.156487,-2.035886,-1.831235,-0.392949
164.000000,-0.694494,-1.072007,-2.003965,-1.822599,-0.678208
165.000000,-0.872356,-1.079411,-1.891334,-1.849170,-1.591119
166.000000,-1.040927,-1.097267,-1.809038,-1.909197,-1.492641
167.000000,-1.218571,-1.116929,-1.733163,-1.956042,-1.413496
168.000000,-1.411376,-1.132316,-1.654576,-1.963355,-1.271704
169.000000,-1.506590,-1.157443,-1.576801,-1.983303,-1.103808
170.000000,-1.327203,-1.158277,-1.481050,-1.928126,-0.693056
171.000000,-1.140627,-1.155221,-1.420480,-1.891708,-0.556591
172.000000,-0.937153,-1.160504,-1.351169,-1.872936,-0.397597
173.000000,-0.731062,-1.195942,-1.281331,-1.854257,-0.254936
174.000000,-0.539320,-1.212123,-1.227755,-1.849778,-0.169155
175.000000,-0.398310,-1.082199,-1.159875,-1.733030,-0.004503
176.000000,-0.270194,-0.948269,-1.106837,-1.642530,-0.072842
177.000000,-0.102749,-0.776117,-1.053468,-1.554024,0.208648
178.000000,-0.268265,-0.693681,-1.041570,-1.490954,-1.031364
179.000000,-0.145096,-0.492012,-1.009488,-1.405657,0.331515
180.000000,-0.081905,-0.348800,-0.989787,-1.321101,0.250146
181.000000,-0.033709,-0.221570,-0.980191,-1.271454,0.119751
182.000000,-0.215157,-0.207440,-1.006635,-1.227660,-0.496173
183.000000,-0.339539,-0.419232,-1.102769,-1.203374,-1.491397
184.000000,-1.406614,-1.074858,-1.276745,-1.239203,-3.113130
185.000000,-2.298727,-1.742596,-1.362299,-1.269499,-2.788540
186.000000,-2.471571,-1.952969,-1.358719,-1.261675,-1.241904
187.000000,-2.672975,-2.324365,-1.435978,-1.294602,-2.053477
188.000000,-2.699219,-2.480842,-1.567272,-1.347756,-2.202768
189.000000,-2.428729,-2.698479,-1.723411,-1.421283,-2.077128
190.000000,-2.317589,-2.868287,-1.990228,-1.529862,-2.356643
191.000000,-2.430330,-2.895307,-2.225845,-1.636514,-2.109642
192.000000,-2.344249,-2.819818,-2.394656,-1.743821,-1.887075
193.000000,-2.197125,-2.670898,-2.479136,-1.854423,-1.648025
194.000000,-2.078659,-2.436476,-2.498014,-1.938855,-1.600311
195.000000,-1.836232,-2.214161,-2.466669,-1.928356,-1.300635
196.000000,-1.672333,-2.160012,-2.430715,-1.924555,-1.423461
197.000000,-1.511021,-2.020636,-2.376352,-1.902088,-1.207832
198.000000,-1.489854,-1.925447,-2.312376,-1.908839,-1.566429
199.000000,-1.385071,-1.794333,-2.261531,-1.886232,-1.120811
200.000000,-1.361074,-1.656720,-2.220995,-1.894078,-1.213958
201.000000,-1.333846,-1.558949,-2.184625,-1.908439,-1.305234
202.000000,-1.415647,-1.523566,-2.158141,-1.942041,-1.614488
203.000000,-1.396084,-1.497084,-2.098526,-1.958048,-1.472570
204.000000,-1.295664,-1.383815,-1.937685,-1.912107,-0.633447
205.000000,-1.136736,-1.282547,-1.787990,-1.863520,-0.391677
206.000000,-0.930247,-1.161170,-1.703930,-1.812145,-0.224359
207.000000,-0.533003,-1.013239,-1.569181,-1.747420,0.377075
208.000000,-0.153102,-0.838704,-1.443962,-1.672916,0.281139
209.000000,0.148392,-0.667848,-1.307728,-1.618977,0.809826
210.000000,0.478924,-0.453175,-1.147732,-1.564813,1.164566
211.000000,0.950462,-0.142534,-0.968166,-1.492878,1.936566
212.000000,1.329134,0.265106,-0.795978,-1.419669,2.000007
213.000000,1.701986,0.686409,-0.648881,-1.348593,1.621138
214.000000,1.885618,1.020315,-0.493836,-1.232630,1.520874
215.000000,1.911510,1.328234,-0.346674,-1.116467,1.424150
216.000000,1.761096,1.614750,-0.172914,-1.053955,1.408727
217.000000,1.689138,1.826844,0.036155,-0.936655,1.743407
218.000000,1.686435,2.005740,0.318649,-0.796726,1.670808
219.000000,1.799527,2.116729,0.652084,-0.607240,2.075705
220.000000,1.909397,2.141527,1.051357,-0.353713,2.043220
221.000000,2.065299,2.113795,1.522357,-0.032580,2.243005
222.000000,2.034662,2.025069,1.944847,0.290946,1.733803
223.000000,1.954662,1.948961,2.225305,0.613413,1.423060
224.000000,1.913440,1.950255,2.364570,1.027197,1.866166
225.000000,1.765209,1.893237,2.356056,1.375800,1.338772
226.000000,1.459249,1.781666,2.251771,1.652661,0.731579
227.000000,1.288747,1.678491,2.128295,1.893317,0.879866
228.000000,1.185943,1.594501,2.029684,2.109093,0.900048
229.000000,1.024218,1.501393,1.934398,2.226891,1.082395
230.000000,1.010790,1.432542,1.857986,2.303922,1.287132
231.000000,1.064861,1.307887,1.749886,2.305802,0.982798
232.000000,1.021359,1.197622,1.642036,2.274725,0.617321
233.000000,0.904572,1.086387,1.548905,2.201158,0.187429
234.000000,0.544244,0.830975,1.422801,2.034472,-0.977325
235.000000,0.065149,0.623457,1.313319,1.889592,-1.053457
236.000000,-0.370316,0.502454,1.229862,1.776792,-0.831588
237.000000,-0.698586,0.372968,1.149131,1.669067,-0.537343
238.000000,-1.202728,0.103741,1.022377,1.541486,-1.888435
239.000000,-1.182950,-0.140909,0.913515,1.451315,-0.776921
240.000000,-1.140870,-0.479577,0.794775,1.365245,-0.800784
241.000000,-1.003254,-0.747200,0.669140,1.286030,-0.185098
242.000000,-0.972645,-0.976938,0.555489,1.210920,-0.373873
243.000000,-0.608885,-1.119592,0.451862,1.158232,-0.397228
244.000000,-0.523929,-1.060962,0.284676,1.111129,-0.421388
245.000000,-0.416430,-0.974773,0.146619,1.072321,-0.354014
246.000000,-0.466816,-0.925334,0.052590,1.040424,-0.382536
247.000000,-0.454122,-0.907324,-0.078552,0.996554,-0.310921
248.000000,-0.709198,-0.830903,-0.335610,0.909471,-1.419004
249.000000,-1.053390,-0.990922,-0.740843,0.763376,-1.773247
250.000000,-1.385679,-1.136922,-1.290341,0.586530,-1.733441
251.000000,-1.630766,-1.323883,-1.797830,0.353897,-1.561144
252.000000,-1.740156,-1.378986,-2.079579,0.150023,-1.006481
253.000000,-1.619585,-1.415502,-2.158911,-0.066337,-0.941502
254.000000,-1.405673,-1.426286,-1.998473,-0.391129,-0.795752
255.000000,-1.209825,-1.460086,-1.843707,-0.718588,-0.853319
256.000000,-0.866789,-1.405134,-1.669232,-0.942002,-0.049936
257.000000,-0.701413,-1.400288,-1.568530,-1.255338,-0.283157
258.000000,-0.538458,-1.271022,-1.361860,-1.580859,-0.256651
259.000000,-0.650968,-1.217586,-1.358204,-1.998006,-1.313450
260.000000,-0.477717,-1.027798,-1.274206,-2.207315,-0.065440
261.000000,-0.640437,-0.914574,-1.287873,-2.276333,-0.653182
262.000000,-0.766382,-0.887076,-1.289115,-2.213864,-0.613018
263.000000,-1.176198,-0.985658,-1.345069,-2.136973,-1.547924
264.000000,-1.057951,-1.040975,-1.371617,-1.939051,-0.926808
265.000000,-1.344929,-1.083243,-1.412672,-1.784699,-0.989897
266.000000,-1.480044,-1.367503,-1.476709,-1.696983,-1.272490
267.000000,-1.573058,-1.604183,-1.548633,-1.644700,-1.132361
268.000000,-1.434668,-1.791681,-1.520560,-1.509229,-1.149216
269.000000,-1.293915,-1.582207,-1.418635,-1.444455,-0.505327
270.000000,-1.141207,-1.623950,-1.310822,-1.387867,-0.468972
271.000000,-1.412928,-1.861747,-1.346835,-1.460399,-2.387892
272.000000,-1.732546,-2.082870,-1.462913,-1.527964,-2.436737
273.000000,-1.895182,-2.038913,-1.545320,-1.568654,-1.798351
274.000000,-2.322716,-2.184419,-1.695141,-1.644115,-2.375778
275.000000,-2.677672,-2.311796,-1.840186,-1.731839,-2.365532
276.000000,-2.561297,-2.349862,-2.041529,-1.810314,-2.068335
277.000000,-2.286256,-2.290945,-2.133702,-1.857740,-1.282302
278.000000,-2.264184,-2.337983,-2.251242,-1.873768,-1.824334
279.000000,-2.023369,-2.371373,-2.202458,-1.845156,-1.450146
280.000000,-1.710097,-2.339828,-2.199016,-1.795916,-1.108439
281.000000,-1.496690,-2.143583,-2.143359,-1.758305,-1.197139
282.000000,-1.497017,-1.978624,-2.101587,-1.764751,-1.338384
283.000000,-1.277125,-1.829942,-1.978365,-1.744327,-0.823550
284.000000,-1.127546,-1.629933,-1.903571,-1.726428,-0.768273
285.000000,-1.158174,-1.495374,-1.874330,-1.730380,-1.258127
286.000000,-1.076232,-1.345295,-1.808103,-1.755930,-0.810985
287.000000,-0.985473,-1.297349,-1.764215,-1.771449,-0.922547
288.000000,-1.022757,-1.200234,-1.738858,-1.788471,-0.993345
289.000000,-1.318251,-1.267753,-1.812899,-1.802846,-2.115387
290.000000,-0.811317,-1.028936,-1.692693,-1.712596,1.231140
291.000000,-0.279764,-0.736111,-1.475258,-1.587700,1.658918
292.000000,0.256809,-0.445627,-1.280512,-1.491026,1.351712
293.000000,1.301998,0.031918,-1.003083,-1.281544,2.815649
294.000000,2.418372,0.504177,-0.703525,-1.123742,2.285392
295.000000,2.581907,1.111368,-0.366942,-0.960938,2.220576
296.000000,2.564889,1.631089,-0.023800,-0.788048,2.016499
297.000000,2.519085,2.051638,0.265717,-0.627421,1.728850
298.000000,2.534825,2.592092,0.817937,-0.307807,2.862377
299.000000,2.482508,2.929118,1.310606,-0.020410,2.257911
300.000000,2.515351,2.896767,1.841757,0.391919,2.504605
301.000000,2.508392,2.789965,2.277373,0.979127,2.268258
302.000000,2.489286,2.690255,2.558448,1.606306,2.064870
303.000000,2.249780,2.488899,2.646663,2.108062,1.799928
304.000000,2.102937,2.341662,2.639498,2.484702,1.651134
305.000000,1.891431,2.202325,2.596702,2.660958,1.463461
306.000000,1.790871,2.135200,2.550908,2.743941,1.747386
307.000000,1.641652,2.048247,2.461589,2.665483,1.341879
308.000000,1.539149,1.891834,2.380548,2.597246,1.303411
309.000000,1.451855,1.783742,2.334661,2.507726,1.226896
310.000000,1.429923,1.676716,2.221327,2.429792,1.357967
311.000000,1.326421,1.576302,2.113766,2.352037,1.237386
312.000000,1.290464,1.486885,2.030350,2.282285,1.167811
313.000000,1.311272,1.448131,1.940894,2.226053,1.405622
314.000000,1.348561,1.423895,1.877063,2.175543,1.410559
315.000000,1.272338,1.373431,1.796606,2.114366,0.975393
316.000000,1.264408,1.316381,1.743683,2.065661,1.193021
317.000000,1.300870,1.315479,1.713220,2.033537,1.346830
318.000000,1.270809,1.310058,1.642057,2.001951,1.263400
319.000000,1.188763,1.288708,1.581546,1.981003,1.000452
320.000000,1.169146,1.237398,1.503940,1.906006,0.788128
321.000000,1.003314,1.159111,1.415274,1.821684,0.228218
322.000000,0.771697,1.086680,1.335437,1.756166,0.155587
323.000000,0.581869,1.001985,1.279235,1.682579,0.469808
324.000000,0.429879,0.899974,1.226985,1.622823,0.336110
325.000000,0.264769,0.833830,1.177688,1.564611,0.037294
326.000000,0.447263,0.809830,1.141559,1.538031,1.235453
327.000000,0.675386,0.755772,1.130437,1.520269,1.329097
328.000000,0.835226,0.698045,1.118140,1.469525,1.178436
329.000000,0.821388,0.591976,1.081994,1.416887,-0.193063
330.000000,0.883543,0.503701,1.033097,1.354086,-0.215023
331.000000,0.772362,0.596841,1.015219,1.309415,0.868831
332.000000,0.358121,0.607552,0.972890,1.252649,-0.350697
333.000000,-0.096172,0.540271,0.899224,1.203403,-0.503796
334.000000,-0.045717,0.543246,0.828614,1.166161,0.002259
335.000000,0.012804,0.616068,0.800178,1.137501,-0.008479
336.000000,-0.260983,0.408309,0.738324,1.089170,-0.019412
337.000000,-0.306832,0.097951,0.627705,1.056157,-0.524952
338.000000,0.191943,0.033145,0.572650,1.049297,1.227404
339.000000,0.004131,-0.034939,0.477635,1.020228,-0.675992
340.000000,-0.204815,-0.116651,0.393763,0.978887,-0.668447
341.000000,-0.902748,-0.856476,0.305029,0.919182,-1.949644
342.000000,-0.935440,-1.030741,0.296483,0.887279,-0.522900
343.000000,-1.502099,-1.127042,0.221645,0.826088,-0.479681
344.000000,-1.961767,-1.876774,-0.051969,0.703091,-2.221037
345.000000,-1.571993,-1.728160,-0.030240,0.683362,0.324352
346.000000,-0.816846,-1.543702,-0.341958,0.631172,0.411441
347.000000,-0.832252,-1.471697,-0.884300,0.504094,-0.481686
348.000000,-0.349521,-1.491026,-1.118236,0.418337,1.161692
349.000000,0.830176,-1.139861,-0.937293,0.351865,0.841921
350.000000,1.051635,-0.829219,-0.746990,0.300671,0.696350
351.000000,0.693489,-0.383247,-1.134751,0.273727,-0.544515
352.000000,0.671646,-0.418887,-1.168539,0.250173,-0.582386
353.000000,0.052797,-0.374858,-1.094247,0.165217,-0.333044
354.000000,-0.139267,0.831152,-0.998211,0.157841,0.405062
355.000000,-0.147777,0.973961,-0.832692,0.287683,0.736198
356.000000,0.293057,0.975812,-0.725537,0.018893,0.477758
357.000000,0.320714,0.984445,-0.712149,-0.517470,-0.579888
358.000000,0.216350,0.250012,-1.139815,-1.113380,-0.684207
359.000000,-0.195520,-0.309556,-1.123670,-1.212110,-0.558534
360.000000,-0.846007,-0.824616,-1.128487,-1.297276,-0.630420
361.000000,-1.224279,-0.688708,-0.731276,-1.588038,-0.257628
362.000000,-1.242522,-0.706658,-0.830638,-1.560278,-0.705840
363.000000,-0.364539,-0.101564,-0.399085,-1.144721,1.304764
364.000000,0.015585,-0.170267,0.633453,-1.067678,0.303338
365.000000,0.428572,-0.413589,0.692581,-1.000181,0.303338
366.000000,-1234.000000,-1234.000000,-1234.000000,-1234.000000,-1234.000000
367.000000,1.589636,0.036660,1.350110,-0.740079,1.070626
368.000000,2.172626,1.712954,2.058751,-0.533494,2.461901
369.000000,2.837183,2.779133,2.642850,0.119111,2.211412
370.000000,3.093608,3.260775,2.908015,0.861919,1.980919
371.000000,2.713502,3.322155,3.272830,2.068760,1.898667
372.000000,2.333761,3.021892,3.003028,2.310935,0.407089
373.000000,1.448575,2.276432,2.503805,2.205954,-0.849796
374.000000,0.614560,1.829101,1.939862,2.439412,-1.096332
375.000000,-0.050678,1.614982,1.561269,2.053123,-0.543707
376.000000,-0.779921,1.289872,1.310139,1.744274,-0.518153
377.000000,-0.898526,1.114046,1.396751,1.776871,0.013390
378.000000,-0.697247,0.643414,1.465644,1.458347,-0.157461
379.000000,-0.498639,0.125113,1.434418,1.175050,-0.499532
380.000000,-0.446424,-0.378435,1.434802,0.961286,-0.362652
381.000000,-0.056335,-0.645373,1.608067,1.215326,0.930775
382.000000,-0.101149,-0.767576,1.640693,1.260678,-0.155445
383.000000,0.094801,-0.465343,1.504116,1.384167,0.585202
384.000000,0.260633,-0.190453,1.455734,1.298982,0.124548
385.000000,0.040180,-0.320098,1.194030,0.949978,-1.184742
386.000000,-0.405735,-0.358540,0.956739,0.751925,-0.713933
387.000000,-0.464917,-0.437477,0.738846,0.781519,-0.375356
388.000000,-0.720037,-0.483876,0.253787,0.825501,-0.394344
389.000000,-0.941584,-0.537173,-0.300554,0.792651,-0.764244
390.000000,-0.674875,-0.504846,-0.786456,0.873307,-0.182197
391.000000,-0.627281,-0.813388,-1.396086,0.854064,-0.533441
392.000000,-0.677621,-0.898903,-1.628487,0.914832,-0.543411
393.000000,-0.733296,-1.138473,-1.592795,0.644011,-0.574967
394.000000,-0.534988,-1.159542,-1.364747,0.635170,-0.022577
395.000000,-0.495146,-0.919463,-1.250355,0.635590,-0.028938
396.000000,-0.361171,-0.785372,-1.151807,0.597198,-0.035310
397.000000,-0.446336,-0.890735,-1.339978,0.108606,-0.927034
398.000000,-0.418930,-0.880710,-1.380838,-1.206455,-0.501107
399.000000,-0.517854,-0.780197,-1.316411,-2.863258,-0.450568
400.000000,-0.591838,-0.768890,-1.234612,-3.654273,-0.190317
401.000000,-0.337996,-0.483251,-1.207105,-3.346853,1.818947
402.000000,-0.013384,-0.406103,-1.168002,-2.952865,-0.094426
403.000000,1.308544,0.078628,-1.010497,-2.058206,2.466734
404.000000,2.672000,0.563055,-0.749142,-1.227545,2.504643
405.000000,2.999586,1.059472,-0.300997,-0.767967,1.758264
406.000000,2.377869,1.356004,-0.094197,-0.531597,0.511146
407.000000,3.231009,2.914125,0.509524,0.197872,3.365931
408.000000,3.145476,3.516702,1.106455,0.948957,2.849776
409.000000,3.441545,3.824223,2.072239,2.195630,3.771290
410.000000,3.640801,3.806467,2.790149,3.097617,3.546346
411.000000,3.654908,3.577014,3.188252,3.309666,3.069403
412.000000,3.332101,3.426261,3.276693,3.378526,2.631505
413.000000,3.165608,3.230659,3.266323,3.312212,2.638894
414.000000,2.886919,3.061435,3.153432,3.219443,2.407083
415.000000,2.670209,2.966186,3.054431,3.190082,2.424379
416.000000,2.275281,2.747396,2.803813,2.937756,1.199326
417.000000,1.910059,2.457941,2.604932,2.694583,0.785594
418.000000,1.610903,2.276472,2.467575,2.544684,1.024656
419.000000,1.270976,2.024545,2.322649,2.398588,0.646378
420.000000,0.822219,1.743935,2.170679,2.228454,0.249222
421.000000,0.622596,1.498235,2.026212,2.103296,0.233315
422.000000,0.499150,1.280376,1.932450,1.998317,0.183280
423.000000,0.281659,1.030839,1.808303,1.898429,-0.004089
424.000000,0.151160,0.790933,1.705079,1.807282,0.038211
425.000000,0.196035,0.568961,1.656359,1.761449,0.475716
426.000000,0.167435,0.444211,1.606750,1.697716,0.095939
427.000000,0.161906,0.373441,1.520855,1.667724,0.156594
428.000000,0.194226,0.265864,1.446289,1.635270,0.131735
429.000000,0.126850,0.155400,1.308821,1.586327,-0.330910
430.000000,-0.063203,0.086035,1.154498,1.542426,-0.408983
431.000000,-0.182502,0.010210,0.999994,1.486993,-0.456006
432.000000,-0.358930,-0.079967,0.844486,1.457036,-0.629140
433.000000,-0.662250,-0.211940,0.632746,1.379236,-1.199687
434.000000,-0.900444,-0.383342,0.395356,1.300040,-1.348332
435.000000,-1.012084,-0.582842,0.144623,1.263350,-0.824091
436.000000,-1.153462,-0.763092,-0.028086,1.246829,-0.991101
437.000000,-1.334680,-1.025286,-0.213680,1.164438,-1.387910
438.000000,-1.367303,-1.296197,-0.464508,1.087319,-1.341860
439.000000,-1.465572,-1.549058,-0.762853,0.916893,-1.816916
440.000000,-1.802500,-1.840386,-1.126372,0.641243,-2.368569
441.000000,-1.964827,-1.993129,-1.474746,0.336233,-1.948401
442.000000,-1.993878,-2.040732,-1.775158,-0.013719,-1.741610
443.000000,-2.036785,-1.996259,-1.975102,-0.474662,-1.713844
444.000000,-1.947940,-1.906193,-2.063267,-0.987182,-1.437654
445.000000,-2.010449,-2.032605,-2.247125,-1.685399,-2.701844
446.000000,-2.185919,-2.168180,-2.336313,-2.168102,-2.734198
447.000000,-2.287536,-2.214395,-2.351057,-2.425393,-2.248233
448.000000,-2.490666,-2.338673,-2.395643,-2.640405,-2.697772
449.000000,-2.607538,-2.369211,-2.366991,-2.671430,-2.321952
450.000000,-2.462419,-2.317145,-2.324515,-2.609439,-2.085939
451.000000,-2.171975,-2.212243,-2.231116,-2.479343,-1.363485
452.000000,-1.951861,-2.114170,-2.140443,-2.353356,-1.179230
453.000000,-1.645629,-2.019805,-2.042801,-2.234769,-1.101888
454.000000,-1.392994,-1.949248,-1.956450,-2.135873,-1.030625
455.000000,-1.208903,-1.818069,-1.919219,-2.083700,-1.178501
456.000000,-1.111798,-1.654576,-1.871587,-2.004904,-0.890323
457.000000,-1.041599,-1.528066,-1.818909,-1.939786,-0.833220
458.000000,-0.986486,-1.355015,-1.779123,-1.885253,-0.826242
459.000000,-0.990465,-1.230566,-1.740933,-1.836525,-1.051092
460.000000,-0.958773,-1.119708,-1.682301,-1.795078,-1.036645
461.000000,-0.967374,-1.073196,-1.636611,-1.755937,-0.919242
462.000000,-0.953762,-1.029583,-1.593117,-1.714984,-0.734617
463.000000,-0.931307,-0.990007,-1.551226,-1.666577,-0.681902
464.000000,-0.938782,-0.997525,-1.542901,-1.638588,-1.100682
465.000000,-0.940334,-0.982459,-1.484623,-1.629718,-1.057703
466.000000,-0.917749,-0.979075,-1.406803,-1.616556,-0.785011
467.000000,-0.627511,-0.841616,-1.282776,-1.553843,0.955781
468.000000,-0.442150,-0.753813,-1.152920,-1.520861,0.385311
469.000000,-0.098621,-0.626543,-1.033596,-1.480843,0.455563
470.000000,0.198857,-0.527539,-0.934991,-1.437000,-0.051682
471.000000,0.425812,-0.447670,-0.886866,-1.410353,-0.199188
472.000000,0.354436,-0.299475,-0.818451,-1.371922,0.841213
473.000000,0.293201,-0.205589,-0.779423,-1.353589,0.076408
474.000000,0.246418,0.023632,-0.742537,-1.346780,0.283026
475.000000,0.245226,0.270418,-0.703623,-1.304803,-0.284039
476.000000,0.387682,0.575277,-0.678988,-1.244463,0.031777
477.000000,-0.006137,0.387292,-0.664515,-1.199704,-0.146484
478.000000,-0.110027,0.293684,-0.646744,-1.115638,-0.215786
479.000000,-0.302432,0.080624,-0.592176,-1.035033,-0.287868
480.000000,0.025516,0.311538,-0.475455,-0.933248,0.778371
481.000000,0.262292,0.624789,-0.349812,-0.873523,0.745821
482.000000,0.076098,0.052008,-0.309252,-0.852313,-0.748547
483.000000,0.262128,0.090504,-0.203176,-0.814116,0.252718
484.000000,0.470384,0.068240,0.045416,-0.778289,0.259051
485.000000,0.273383,0.238646,0.370426,-0.720831,0.235883
486.000000,-1.043235,-0.622363,0.357885,-0.775354,-2.538652
487.000000,-2.011408,-1.687465,-0.437934,-0.878822,-2.874566
488.000000,-2.926644,-2.505776,-1.317946,-1.012757,-2.661681
489.000000,-3.338196,-2.979828,-2.265886,-1.152019,-2.537938
490.000000,-3.417810,-3.292282,-2.807974,-1.324207,-2.388634
491.000000,-3.011393,-3.280188,-2.940647,-1.513748,-1.981965
492.000000,-2.630777,-3.054183,-3.040857,-1.735743,-1.757920
493.000000,-2.461056,-3.031900,-3.016666,-2.037448,-2.158033
494.000000,-2.176453,-2.874206,-2.874526,-2.152705,-1.474852
495.000000,-1.954635,-2.748618,-2.726429,-2.220242,-1.486412
496.000000,-1.801973,-2.486108,-2.612201,-2.257196,-1.373897
497.000000,-1.724464,-2.267443,-2.514650,-2.483567,-1.523654
498.000000,-1.485215,-2.045357,-2.386065,-2.495252,-1.121770
499.000000,-1.442861,-1.885835,-2.306702,-2.497394,-1.354217
500.000000,-1.361926,-1.726734,-2.259882,-2.418746,-1.137790
501.000000,-1.353969,-1.639212,-2.233216,-2.351227,-1.345897
502.000000,-1.330087,-1.584542,-2.167952,-2.342937,-1.413931
503.000000,-1.302593,-1.446341,-2.108860,-2.250915,-0.998015
504.000000,-1.215765,-1.378489,-2.053531,-2.169117,-0.934643
505.000000,-1.152985,-1.304605,-1.999205,-2.075070,-0.828736
506.000000,-1.026128,-1.236760,-1.874848,-2.000663,-0.726031
507.000000,-0.393268,-0.908544,-1.609653,-1.793402,1.651640
508.000000,0.182322,-0.619270,-1.372204,-1.621711,1.631470
509.000000,0.667086,-0.343333,-1.177892,-1.503176,1.176990
510.000000,1.108207,-0.094208,-1.001739,-1.438140,1.055415
511.000000,1.754587,0.347107,-0.771021,-1.316489,2.132978
512.000000,1.823637,0.818075,-0.549083,-1.175436,1.943465
513.000000,1.877907,1.250703,-0.282487,-1.068107,1.865987
514.000000,2.007522,1.663463,-0.038318,-0.967563,1.795199
515.000000,2.123485,2.022168,0.239613,-0.872199,1.730137
516.000000,1.911071,2.228860,0.514049,-0.720918,1.296577
517.000000,1.599772,2.033282,0.762558,-0.587940,0.643671
518.000000,1.298654,1.837783,0.980914,-0.442921,0.541404
519.000000,1.010029,1.696767,1.218493,-0.275989,0.472716
520.000000,0.788103,1.604698,1.450333,-0.051977,0.684901
521.000000,0.669536,1.416595,1.685479,0.198429,0.748195
522.000000,0.681698,1.251809,1.868206,0.475653,0.699989
523.000000,0.796113,1.147320,1.992545,0.904915,1.071217
524.000000,0.803587,0.990598,2.008359,1.226747,0.502357
525.000000,0.756576,0.842540,1.990741,1.567485,0.458451
526.000000,0.687118,0.739602,1.951568,1.875685,0.414681
527.000000,0.717245,0.762463,1.788923,2.162387,0.837165
528.000000,0.791008,0.866274,1.695507,2.362452,1.418104
529.000000,0.928697,0.944160,1.622792,2.438155,1.110003
530.000000,1.121852,1.020435,1.585059,2.449719,1.308818
531.000000,1.315361,1.085080,1.487463,2.436438,1.262516
532.000000,1.390333,1.144728,1.401522,2.395489,1.139629
533.000000,1.407131,1.194981,1.349815,2.344055,1.488310
534.000000,1.443443,1.293801,1.292750,2.274030,1.167620
535.000000,1.562813,1.468110,1.278215,2.234743,1.786396
536.000000,1.693506,1.651307,1.288141,2.185292,1.636083
537.000000,1.818399,1.769858,1.348342,2.030700,1.537313
538.000000,1.850785,1.821620,1.432054,1.915674,1.746576
539.000000,1.914154,1.908418,1.520346,1.840764,1.605565
540.000000,1.325311,1.716117,1.482533,1.715716,-0.664584
541.000000,0.824383,1.499632,1.439485,1.561328,-0.631697
542.000000,0.230017,1.214703,1.374136,1.413199,-1.069851
543.000000,-0.361732,0.883745,1.284365,1.290113,-0.756331
544.000000,-1.027708,0.529640,1.215078,1.160617,-1.198773
545.000000,-1.043894,0.147263,1.171890,1.054066,-0.763134
546.000000,-1.169039,-0.251009,1.095611,0.953640,-1.195525
547.000000,-1.097324,-0.581336,0.999583,0.909415,-0.807837
548.000000,-1.102082,-0.946205,0.823645,0.872494,-0.834445
549.000000,-1.197461,-1.391685,0.589380,0.804813,-1.646403
550.000000,-1.454465,-1.538448,0.247139,0.703484,-1.881030
551.000000,-1.585943,-1.661730,-0.152306,0.591347,-1.752468
552.000000,-1.782571,-1.723140,-0.609522,0.466821,-1.736983
553.000000,-1.960100,-1.827469,-1.195986,0.277401,-1.820539
554.000000,-1.896616,-1.828572,-1.667365,0.131610,-1.505999
555.000000,-1.779147,-1.865863,-2.106822,-0.034762,-1.423887
556.000000,-1.678507,-1.843778,-2.352992,-0.231441,-1.349633
557.000000,-1.567408,-1.844287,-2.487974,-0.526570,-1.263972
558.000000,-1.326586,-1.766188,-2.499643,-0.906320,-0.732772
559.000000,-1.147638,-1.621015,-2.461416,-1.300906,-0.685303
560.000000,-0.980645,-1.462134,-2.259227,-1.738446,-0.635484
561.000000,-0.969021,-1.401066,-2.161916,-2.189676,-1.290660
562.000000,-0.925817,-1.317144,-2.034056,-2.411055,-1.057165
563.000000,-1.005711,-1.230410,-1.948832,-2.522513,-1.113078
564.000000,-0.972166,-1.114033,-1.805515,-2.439062,-0.494040
565.000000,-0.910412,-0.990270,-1.692726,-2.367533,-0.265798
566.000000,-0.714277,-0.885142,-1.577863,-2.288674,-0.320752
567.000000,-0.313503,-0.672247,-1.429929,-2.138109,1.035603
568.000000,0.062682,-0.562355,-1.329920,-2.071222,0.651554
569.000000,0.327243,-0.465176,-1.210344,-2.027795,0.704638
570.000000,0.594783,-0.360815,-1.082961,-1.881931,0.759575
571.000000,0.956169,-0.131233,-0.964100,-1.760496,0.820431
572.000000,0.936196,0.123232,-0.837493,-1.626849,1.005753
573.000000,1.046561,0.449518,-0.696034,-1.524471,1.038606
574.000000,1.160294,0.732102,-0.564330,-1.403823,1.142240
575.000000,1.421882,1.096258,-0.399222,-1.291568,1.795314
576.000000,1.623232,1.497846,-0.221515,-1.163633,1.670496
577.000000,1.787820,1.630598,-0.014462,-1.061528,1.748280
578.000000,1.903493,1.803809,0.169605,-0.966576,1.661734
579.000000,1.875707,1.851483,0.362965,-0.841141,1.249841
580.000000,1.709719,1.857647,0.591529,-0.690253,1.227886
581.000000,1.569943,1.834152,0.966986,-0.532781,1.187025
582.000000,1.345046,1.734656,1.321231,-0.375610,0.799859
583.000000,1.177514,1.655099,1.683609,-0.175026,0.897692
584.000000,1.089440,1.568982,1.884174,0.023613,0.839313
585.000000,1.078686,1.470028,1.994345,0.273710,1.183093
586.000000,1.091574,1.398226,2.043962,0.569243,1.247061
587.000000,1.104541,1.281954,1.868228,0.873134,0.810881
588.000000,1.079675,1.179287,1.760051,1.127165,0.757735
589.000000,1.054924,1.120006,1.674934,1.389088,0.706510
590.000000,0.911497,1.044500,1.591294,1.620022,0.536055
591.000000,0.741449,0.971185,1.517554,1.898228,0.489299
592.000000,0.664489,0.946594,1.444446,2.047242,0.456281
593.000000,0.656410,0.939176,1.398285,2.131854,0.832046
594.000000,0.486804,0.860961,1.315666,2.042137,-0.314681
595.000000,0.899923,0.951144,1.305287,2.026780,2.644573
596.000000,1.598711,1.082341,1.319297,2.021313,2.984295
597.000000,2.283793,1.278573,1.325584,1.898997,2.566302
598.000000,2.657712,1.506628,1.345385,1.845482,2.376397
599.000000,3.028930,1.773612,1.401105,1.821016,2.278713
600.000000,2.532288,1.936736,1.399609,1.759624,1.032830
601.000000,2.334537,2.238880,1.467693,1.753368,2.174952
602.000000,2.202830,2.453940,1.564789,1.739859,1.977797
603.000000,2.078136,2.520444,1.647190,1.729901,1.819907
604.000000,-1234.000000,-1234.000000,-1234.000000,-1234.000000,-1234.000000
605.000000,2.176242,2.671356,1.769166,1.737509,1.681916
606.000000,1.643234,2.257142,1.712279,1.649379,0.257289
607.000000,1.252268,1.961551,1.710477,1.577739,0.548528
608.000000,0.809069,1.671114,1.684907,1.506559,0.226327
609.000000,0.668443,1.397516,1.662809,1.462466,0.203965
610.000000,0.221577,1.225124,1.625343,1.404221,-0.293010
611.000000,0.093813,0.904121,1.594431,1.349717,-0.315680
612.000000,-0.079955,0.610998,1.566246,1.324302,-0.210724
613.000000,-0.511134,0.121762,1.410517,1.236842,-1.638519
614.000000,-0.974186,-0.145612,1.305591,1.146728,-1.718255
615.000000,-1.093874,-0.486230,1.115194,1.078654,-0.772672
616.000000,-1.198552,-0.634775,0.897867,1.003549,-0.758822
617.000000,-1234.000000,-1234.000000,-1234.000000,-1234.000000,-1234.000000
618.000000,-1.566941,-1.141369,0.454773,0.921077,-1.979916
619.000000,-1.396939,-1.346818,0.141577,0.842424,-1.135736
620.000000,-1.483635,-1.464848,-0.082235,0.773543,-1.103865
621.000000,-1.599552,-1.589584,-0.471868,0.690670,-1.254255
622.000000,-1.507750,-1.704004,-0.876806,0.603991,-1.215945
623.000000,-1.296458,-1.605175,-1.260452,0.497346,-1.053505
624.000000,-1.187767,-1.443132,-1.328412,0.482681,-0.677799
625.000000,-1.114211,-1.428308,-1.626776,0.256217,-0.790766
626.000000,-1.012748,-1.414117,-1.744044,-0.053003,-0.804614
627.000000,-0.901608,-1.322719,-1.851811,-0.426822,-0.752437
628.000000,-0.811144,-1.150645,-1.883532,-0.875332,-0.699330
629.000000,-0.793066,-1.073227,-1.883557,-1.419893,-0.647532
630.000000,-0.934374,-1.101285,-1.909884,-1.965093,-1.508817
631.000000,-1.068310,-1.097678,-1.905181,-2.523206,-1.422751
632.000000,-1.063965,-1.020035,-1.840881,-2.737155,-0.701186
633.000000,-1.064960,-0.960497,-1.679814,-2.754032,-0.653254
634.000000,-1.074254,-0.946064,-1.529072,-2.458897,-0.608094
635.000000,-0.774191,-0.871679,-1.428153,-2.383699,0.003215
636.000000,-0.744769,-0.936438,-1.420024,-2.290484,-1.531073
637.000000,-0.818205,-0.972519,-1.344546,-2.205751,-1.003406
638.000000,-0.776772,-0.965430,-1.205010,-2.080435,-0.281359
639.000000,-0.727153,-0.966781,-1.132258,-1.977471,-0.218354
640.000000,-1.229300,-0.961116,-1.127416,-1.921999,-1.810260
641.000000,-0.725196,-0.757279,-1.025558,-1.793972,0.726161
642.000000,0.165639,-0.495048,-0.874174,-1.646824,2.261781
643.000000,0.619392,-0.340967,-0.794236,-1.489654,0.873277
644.000000,0.698425,-0.309937,-0.796020,-1.378567,-0.376642
645.000000,1.439996,-0.447100,-0.795019,-1.335208,-0.389246
646.000000,1.286735,-0.017503,-0.775566,-1.279242,0.279980
647.000000,0.347784,0.481435,-0.764711,-1.191180,0.323570
648.000000,0.057190,0.768206,-0.752299,-1.064935,0.270140
649.000000,0.785562,1.365510,-0.682501,-0.969819,1.242680
650.000000,0.481637,1.784871,-0.607739,-0.946707,-1.052217
651.000000,-0.133276,1.059791,-0.519338,-0.913793,-1.030758
652.000000,-0.738988,-0.324903,-0.565132,-0.885075,-0.991470
653.000000,-1.262630,-1.015621,-0.623931,-0.872298,-0.942340
654.000000,-0.919813,-0.137552,-0.331025,-0.794991,1.803117
655.000000,0.773385,1.047199,0.049369,-0.663167,2.384946
656.000000,1.301599,0.997399,0.569034,-0.636227,0.201672
657.000000,2.615454,1.783831,1.673380,-0.480209,2.151076
658.000000,2.662492,1.638155,2.010217,-0.460456,-0.012366
659.000000,2.843471,2.303902,3.070928,-0.179246,2.589032
660.000000,2.808647,3.191500,3.710195,0.437512,2.665046
661.000000,2.735991,3.129735,3.146845,0.976870,1.000693
662.000000,2.475237,3.164050,2.743679,1.564233,1.689522
663.000000,2.623634,3.062016,2.602759,2.044531,1.388420
664.000000,1.849639,2.474319,2.365384,2.210262,-0.119127
665.000000,0.509971,1.623804,1.862611,1.772660,-1.961849
666.000000,-0.320403,1.200332,1.426357,1.622837,-1.724691
667.000000,-1.472322,0.426732,0.950194,1.266582,-2.022680
668.000000,-2.661178,-0.373494,0.188465,0.481497,-2.867791
669.000000,-3.014757,-1.579841,-0.664067,-0.287795,-2.468545
670.000000,-2.473877,-2.135337,-0.722993,-0.225035,-0.554949
671.000000,-1.917670,-2.100459,-0.551908,-0.261269,0.220749
672.000000,-1.330415,-2.104404,-0.314009,-0.441250,0.436293
673.000000,-0.623068,-2.134924,-0.191184,-0.533681,0.053690
674.000000,0.052242,-1.963811,-0.397350,-0.469725,0.046355
675.000000,-0.133031,-1.827411,-1.090764,-0.834267,-1.232290
676.000000,-0.524524,-1.734805,-1.461242,-1.267746,-1.202936
677.000000,-0.680331,-1.417622,-1.744120,-1.338864,-0.167157
678.000000,-0.730475,-0.950127,-1.718425,-1.382957,-0.156290
679.000000,-1.018332,-0.692469,-2.215813,-1.770313,-1.063096
680.000000,-0.962996,-0.784558,-2.561638,-1.865504,-1.017618
681.000000,-0.868755,-0.977945,-2.558234,-1.895861,-0.849644
682.000000,-1.146141,-1.268626,-2.650280,-2.013583,-1.245661
683.000000,-1.382580,-1.453435,-2.643546,-2.083068,-1.160314
684.000000,-1.366435,-1.596739,-2.497016,-2.290195,-1.084497
685.000000,-1.204576,-1.428466,-2.180738,-2.347140,-0.448855
686.000000,-1.087015,-1.274880,-1.950668,-2.229935,-0.418961
687.000000,-1.071008,-1.411355,-1.823554,-2.361235,-1.200410
688.000000,-0.929904,-1.441933,-1.559558,-2.238573,-0.586811
689.000000,-0.794448,-1.337283,-1.333630,-2.280021,-0.529744
690.000000,-0.837281,-1.263518,-1.321573,-2.328262,-0.595861
691.000000,-1.330763,-1.473129,-1.553852,-2.425616,-2.358301
692.000000,-1.302901,-1.444863,-1.655119,-2.411301,-0.986389
693.000000,-1.492145,-1.453664,-1.713973,-2.381545,-0.957137
694.000000,-1.711568,-1.484460,-1.769155,-2.285008,-0.899683
695.000000,-1.486818,-1.430501,-1.609910,-2.037276,0.529322
696.000000,-0.706063,-1.453102,-1.494924,-1.870490,0.102433
697.000000,-0.356106,-1.284260,-1.480532,-1.709078,0.093816
698.000000,0.303679,-1.019772,-1.379742,-1.431957,1.173338
699.000000,0.907567,-0.717536,-1.193857,-1.181516,1.108028
700.000000,0.933258,-0.466454,-1.053882,-1.106212,0.657883
701.000000,1.084067,0.265610,-0.936098,-1.089779,0.716884
702.000000,1.311337,0.718267,-0.750080,-1.072354,1.113719
703.000000,1.294140,1.161393,-0.548555,-1.022303,1.305871
704.000000,1.367188,1.546466,-0.329058,-0.977273,1.335433
705.000000,1.532007,1.603360,-0.170088,-0.835528,1.249675
706.000000,1.503981,1.638437,-0.041546,-0.718882,0.715900
707.000000,-1234.000000,-1234.000000,-1234.000000,-1234.000000,-1234.000000
708.000000,1.022665,1.484938,0.185497,-0.818655,-0.221695
709.000000,0.860156,1.380994,0.441684,-0.701751,0.797018
710.000000,0.647087,1.372398,0.741325,-0.588921,0.644111
711.000000,-1234.000000,-1234.000000,-1234.000000,-1234.000000,-1234.000000
712.000000,0.283125,1.113326,1.573282,-0.501438,-0.371695
713.000000,0.247374,0.798342,1.791656,-0.418420,-0.360892
714.000000,-0.118593,0.470961,1.894859,-0.328361,-0.377089
715.000000,-0.127139,0.343897,1.815637,-0.217052,0.618934
716.000000,0.076925,0.326776,1.803289,-0.077732,0.671617
717.000000,-0.020938,0.162799,1.592568,0.074313,-0.745228
718.000000,-0.089017,0.098381,1.244452,0.148927,-0.615244
719.000000,-0.193975,-0.174840,0.909767,0.200676,-0.773641
720.000000,-0.566599,-0.433788,0.673143,0.301030,-0.783974
721.000000,-1.079555,-0.607948,0.373765,1.023794,-1.295586
722.000000,-1.367728,-0.868376,-0.074991,1.036549,-1.831108
723.000000,-1.253924,-0.843937,-0.275808,1.504685,-0.170064
724.000000,-1.071482,-0.795301,-0.457290,1.838003,-0.002492
725.000000,-0.910784,-0.921761,-0.651391,1.586815,-0.054191
726.000000,-1234.000000,-1234.000000,-1234.000000,-1234.000000,-1234.000000
727.000000,-1234.000000,-1234.000000,-1234.000000,-1234.000000,-1234.000000
728.000000,-0.512247,-1.288102,-0.974392,0.870385,-1.429065
729.000000,-0.882661,-1.264665,-1.196080,0.106587,-0.722980
730.000000,-1234.000000,-1234.000000,-1234.000000,-1234.000000,-1234.000000
731.000000,-1.182234,-1.090957,-1.380431,-0.929066,-0.700740
732.000000,-1.423258,-0.983413,-1.556395,-2.322431,-1.693783
733.000000,-1.648920,-1.457656,-1.787159,-3.270668,-2.100254
734.000000,-1.972511,-1.870853,-1.945445,-3.470261,-1.917822
735.000000,-2.167712,-2.373387,-2.307264,-3.584838,-2.688840
736.000000,-2.100304,-2.058655,-2.309390,-3.178183,-0.772613
737.000000,-1234.000000,-1234.000000,-1234.000000,-1234.000000,-1234.000000
738.000000,-2.334056,-2.173450,-2.400232,-3.033050,-2.355102
739.000000,-2.372250,-2.307978,-2.372285,-2.981435,-2.123037
740.000000,-1234.000000,-1234.000000,-1234.000000,-1234.000000,-1234.000000
741.000000,-2.538289,-2.392489,-2.343464,-2.877726,-1.946031
742.000000,-2.284096,-2.343388,-2.191857,-2.694587,-1.829868
743.000000,-2.697623,-2.594375,-2.472770,-2.788972,-3.527270
744.000000,-2.781630,-2.654696,-2.574386,-2.743354,-2.575959
745.000000,-2.580026,-2.588680,-2.612794,-2.731108,-2.375785
746.000000,-2.537904,-2.629635,-2.428687,-2.666928,-1.973350
747.000000,-2.539836,-2.433489,-2.309035,-2.568665,-2.097635
748.000000,-2.102082,-2.274267,-2.230605,-2.422599,-1.289260
749.000000,-1.845802,-2.156647,-2.191987,-2.307796,-1.301643
750.000000,-1.600184,-1.938039,-2.026614,-2.204088,-1.143932
751.000000,-1.422919,-1.862104,-2.004531,-2.099901,-1.075264
752.000000,-1.197457,-1.794384,-1.952614,-1.993127,-1.003724
753.000000,-1.166886,-1.602059,-1.903214,-1.967132,-1.133949
754.000000,-1.120709,-1.470548,-1.859221,-1.944820,-1.073826
755.000000,-0.975626,-1.284161,-1.746710,-1.886622,-0.436158
756.000000,-0.845298,-1.135296,-1.709393,-1.741120,-0.436151
757.000000,-0.689014,-0.944559,-1.557211,-1.609952,-0.248963
758.000000,-0.517222,-0.848924,-1.482433,-1.571028,-0.327250
759.000000,-0.333766,-0.741631,-1.415557,-1.549975,-0.240413
760.000000,-0.270053,-0.640329,-1.302740,-1.448507,-0.129614
761.000000,0.050094,-0.425231,-1.193050,-1.392374,1.107004
762.000000,0.349614,-0.206492,-1.093234,-1.325340,1.138629
763.000000,0.627709,0.017942,-0.916889,-1.269341,0.837132
764.000000,0.737639,0.184492,-0.808252,-1.252587,0.013082
765.000000,0.695646,0.207525,-0.724580,-1.236258,-0.618177
766.000000,0.439458,0.303041,-0.622743,-1.250635,0.059882
767.000000,-0.607231,0.001460,-0.652381,-1.293697,-2.718772
768.000000,-1.808138,-0.439778,-0.801887,-1.411106,-3.052117
769.000000,-2.254583,-0.739009,-0.863844,-1.469668,-1.573232
770.000000,-2.329706,-1.021305,-0.916348,-1.458672,-1.084853
771.000000,-2.442121,-1.571674,-0.984074,-1.505382,-0.983172
772.000000,-2.110431,-2.224017,-1.148847,-1.591317,-1.489441
773.000000,-1.599674,-2.549952,-1.281317,-1.559574,-1.181258
774.000000,-1.322872,-2.488032,-1.351071,-1.522710,-0.581106
775.000000,-1.173908,-2.319851,-1.505368,-1.477354,-0.572615
776.000000,-1.057134,-2.239889,-1.667902,-1.443238,-0.556614
777.000000,-0.940751,-1.902571,-1.929605,-1.411539,-1.002782
778.000000,-0.795058,-1.480576,-2.074079,-1.412291,-0.587192
779.000000,-0.785762,-1.299102,-2.162930,-1.404335,-0.559385
780.000000,-0.822158,-1.223826,-2.274554,-1.420481,-0.741864
781.000000,-0.800979,-1.132749,-2.436541,-1.419947,-0.488108
782.000000,-0.489169,-0.863268,-2.398159,-1.358994,0.313989
783.000000,-0.277591,-0.645062,-2.293746,-1.275136,0.306618
784.000000,-0.073718,-0.516130,-2.111657,-1.187104,0.298726
785.000000,0.179222,-0.388138,-1.905929,-1.160172,0.316815
786.000000,0.416510,-0.236183,-1.767519,-1.118621,0.504618
787.000000,0.465736,-0.016618,-1.396402,-1.100917,0.523989
788.000000,0.520758,0.146986,-0.988502,-1.070316,0.536551
789.000000,0.643271,0.348249,-0.718563,-1.017093,0.802661
790.000000,0.763755,0.580921,-0.503349,-0.975628,0.808236
791.000000,0.908860,0.818163,-0.269407,-1.040801,1.120287
792.000000,1.074313,0.949020,0.037207,-1.113105,1.229072
793.000000,1.514273,1.252346,0.458131,-1.026866,2.338893
794.000000,1.863862,1.556706,0.824214,-0.839286,2.146285
795.000000,2.203511,1.867581,1.240380,-0.488374,2.206209
796.000000,2.453506,2.164540,1.715627,-0.033934,2.388210
797.000000,2.541528,2.343027,2.172203,1.161398,2.282954
798.000000,2.400166,2.403285,2.412179,2.528613,2.178457
799.000000,2.416665,2.457148,2.597772,3.247779,2.527754
800.000000,2.365576,2.446656,2.667488,3.387052,2.203347
801.000000,2.302265,2.412559,2.660263,3.310021,2.149716
802.000000,2.220064,2.365188,2.560267,3.190378,1.956424
803.000000,2.157935,2.267542,2.472571,3.042439,1.913106
804.000000,2.020941,2.196458,2.392845,2.874303,1.824806
805.000000,1.784286,2.045881,2.258435,2.664537,1.037680
806.000000,1.581960,1.914656,2.150244,2.513688,1.112935
807.000000,1.459280,1.822466,2.077484,2.429333,1.312963
808.000000,1.345575,1.747343,2.018830,2.341311,1.329469
809.000000,1.284512,1.662781,1.974800,2.280102,1.525245
810.000000,1.317336,1.569828,1.918394,2.211544,1.196503
811.000000,1.271072,1.447408,1.848150,2.125549,0.857627
812.000000,1.137633,1.320079,1.779946,2.017429,0.615919
813.000000,1.052149,1.221118,1.709241,1.942681,0.897680
814.000000,0.888518,1.112509,1.645740,1.873138,0.744214
815.000000,0.869032,1.124955,1.604263,1.831695,1.139978
816.000000,0.894061,1.115319,1.551507,1.785655,0.981357
817.000000,0.964398,1.078155,1.499833,1.745169,0.930838
818.000000,0.977084,1.038660,1.453983,1.711662,0.945174
819.000000,1.016932,0.966979,1.386317,1.676099,0.891039
820.000000,0.904980,0.904655,1.317523,1.637506,0.541850
821.000000,0.818599,0.880735,1.246737,1.601866,0.495931
822.000000,0.733378,0.888216,1.182839,1.574680,0.454905
823.000000,0.623205,0.856950,1.115801,1.530744,0.400894
824.000000,0.318532,0.778197,1.021719,1.478614,-0.801622
825.000000,0.149830,0.664265,0.994680,1.437445,-0.293624
826.000000,-0.218124,0.507244,0.945044,1.382573,-1.206632
827.000000,-1234.000000,-1234.000000,-1234.000000,-1234.000000,-1234.000000
828.000000,-0.658055,0.324516,0.896560,1.372628,-0.037021
829.000000,-0.944433,0.053304,0.789554,1.293805,-1.579678
830.000000,-1.548804,-0.230911,0.700923,1.221382,-1.488353
831.000000,-1.334951,-0.489075,0.663744,1.158123,-0.348650
832.000000,-2.037798,-1.206833,0.573823,1.063496,-2.585200
833.000000,-2.222004,-1.740262,0.486301,0.985185,-1.001419
834.000000,-1.949819,-1.880185,0.401659,0.901172,-0.937135
835.000000,-1.755782,-2.009641,0.234865,0.862721,-0.962501
836.000000,-1.846118,-1.902595,0.050741,0.816108,-0.992748
837.000000,-1.253442,-1.747034,-0.157376,0.756187,-0.632166
838.000000,-0.791071,-1.564837,-0.345120,0.713668,0.629443
839.000000,-0.358239,-1.200681,-0.574968,0.642655,0.631059
840.000000,-0.182079,-1.022933,-0.862544,0.565234,-0.347457
841.000000,-0.154478,-1.101722,-1.229472,0.493962,-0.940480
842.000000,-0.794329,-1.139070,-1.806388,0.366692,-2.713238
843.000000,-1.791403,-1.450932,-2.271977,0.155811,-2.672923
844.000000,-2.309081,-1.574139,-2.282513,-0.041557,-1.694718
845.000000,-2.703153,-1.857237,-2.428967,-0.451130,-2.529052
846.000000,-2.737530,-2.012952,-2.367458,-0.919174,-2.031296
847.000000,-2.461218,-2.158495,-2.263880,-1.468190,-1.853867
848.000000,-2.363526,-2.472207,-2.344059,-2.099060,-2.335789
849.000000,-2.403782,-2.652387,-2.315841,-2.534362,-2.136021
850.000000,-2.261006,-2.657105,-2.281872,-2.668229,-1.951336
851.000000,-2.182936,-2.589409,-2.291141,-2.647939,-1.782692
852.000000,-2.113613,-2.404213,-2.179677,-2.562657,-1.642597
853.000000,-1.672863,-2.094176,-2.039663,-2.362344,-0.243264
854.000000,-1.445018,-1.998360,-1.991354,-2.204855,-1.004432
855.000000,-1.206566,-1.811494,-1.929463,-2.098073,-0.808940
856.000000,-0.930233,-1.646537,-1.859508,-1.966263,-0.495969
857.000000,-0.664432,-1.500357,-1.814680,-1.816532,-0.458761
858.000000,-0.795861,-1.342369,-1.852179,-1.798410,-0.829850
859.000000,-0.689522,-1.164936,-1.858087,-1.729542,-0.523943
860.000000,-0.561636,-0.969640,-1.805723,-1.656314,-0.218409
861.000000,-0.533150,-0.803747,-1.753408,-1.631287,-0.358223
862.000000,-0.430006,-0.601821,-1.614129,-1.523945,0.023893
863.000000,-0.126467,-0.520758,-1.448556,-1.447953,0.546856
864.000000,-0.068551,-0.433584,-1.388428,-1.421309,-0.292814
865.000000,0.037833,-0.307438,-1.245601,-1.373718,0.259215
866.000000,0.236393,-0.188070,-1.113997,-1.322807,0.528133
867.000000,0.178783,-0.162290,-1.040490,-1.327191,-0.281763
868.000000,0.189068,0.021774,-0.873258,-1.336073,0.686833
869.000000,0.463932,0.194730,-0.699687,-1.346283,0.968325
870.000000,0.653744,0.349322,-0.520022,-1.331974,1.132737
871.000000,0.834804,0.555150,-0.327040,-1.308312,1.259829
872.000000,1.392206,0.762355,-0.096861,-1.213265,1.505689
873.000000,1.571000,0.883362,0.002444,-1.109246,1.341529
874.000000,1.520978,1.131161,0.185181,-1.065513,0.877342
875.000000,1.400362,1.258981,0.370571,-0.956842,0.820477
876.000000,1.545339,1.475531,0.644323,-0.801224,1.905677
877.000000,1.445353,1.701625,0.896939,-0.667264,1.155327
878.000000,1.115199,1.524473,1.104311,-0.516950,-0.039808
879.000000,0.914395,1.324976,1.253503,-0.337539,-0.077146
880.000000,0.858722,1.211513,1.380181,-0.083658,0.513570
881.000000,0.579391,1.149767,1.508943,0.236793,0.848983
882.000000,0.466046,1.059075,1.537264,0.592326,0.838751
883.000000,0.432481,0.863193,1.389177,0.651683,-0.434018
884.000000,0.697489,0.856689,1.446204,0.955205,0.812990
885.000000,0.776124,0.855697,1.406785,1.220500,0.759775
886.000000,0.949253,0.749447,1.378713,1.472412,1.520324
887.000000,1.218757,0.807337,1.470892,1.729002,1.776142
888.000000,1.857207,1.105716,1.447870,1.963013,1.713347
889.000000,2.320641,1.556073,1.473534,2.120976,2.452016
890.000000,2.634406,1.874453,1.502431,2.159856,2.182390
891.000000,2.685439,2.088396,1.540676,2.172421,2.002265
892.000000,2.586040,2.206903,1.548175,2.109281,1.695404
893.000000,2.442772,2.443191,1.562079,1.992948,1.587473
894.000000,2.657443,2.760731,1.788215,2.105873,3.312117
895.000000,2.369930,2.669771,1.846383,2.020265,1.317798
896.000000,2.354524,2.631728,1.881397,1.982504,2.105404
897.000000,2.351637,2.556963,1.978449,2.009234,1.945115
898.000000,2.333365,2.469631,2.141369,1.967586,1.769236
899.000000,1.919751,2.298295,2.237175,1.921351,1.480010
900.000000,1.951708,2.192432,2.271052,1.901112,1.628050
901.000000,1.774197,2.081314,2.240159,1.878275,1.360399
902.000000,1.676653,2.026714,2.215647,1.858672,1.516576
903.000000,1.590533,1.974751,2.236683,1.841588,1.397387
904.000000,1.555054,1.764324,2.191992,1.849900,1.352528
905.000000,1.568748,1.786936,2.179442,1.880647,1.697464
906.000000,1.654601,1.748368,2.145628,1.865915,1.790872
907.000000,1.776169,1.767089,2.130999,1.906521,2.078531
908.000000,2.285178,2.016659,2.257340,2.104433,3.393415
909.000000,2.265882,1.996845,2.173273,2.129371,1.510041
910.000000,2.236204,1.992072,2.123825,2.137508,1.695915
911.000000,2.346392,2.097494,2.141696,2.177741,2.339679
912.000000,2.227314,2.075285,2.100293,2.152930,1.548595
913.000000,1.855478,2.071668,2.072584,2.160023,1.593117
914.000000,1.891148,2.086107,1.997093,2.146364,1.718734
915.000000,1.996278,2.131871,2.032041,2.164039,2.197818
916.000000,1.932722,2.149911,2.025968,2.156061,2.026450
917.000000,1.944267,2.101639,1.997730,2.121638,1.652451
918.000000,1.995841,1.953611,1.995435,2.106206,1.886596
919.000000,1.974197,1.957252,1.987783,2.068217,1.677666
920.000000,1.844221,1.933629,1.969772,2.032492,1.585242
921.000000,1.469064,1.702282,1.873349,1.931501,0.186536
922.000000,1.166761,1.555012,1.782824,1.847067,0.101487
923.000000,0.797086,1.410038,1.706429,1.775472,0.037302
924.000000,0.472858,1.268606,1.645845,1.682213,0.165225
925.000000,0.141073,1.076043,1.581373,1.635955,0.152681
926.000000,0.006733,0.830741,1.488982,1.555357,-0.454964
927.000000,-0.107070,0.619615,1.393171,1.486802,-0.427882
928.000000,-0.154167,0.389140,1.238579,1.438342,-0.165114
929.000000,-0.305073,0.129406,1.162142,1.389713,-0.492037
930.000000,-0.563584,-0.196499,1.052773,1.325029,-0.980764
931.000000,-0.695577,-0.345435,0.898505,1.271341,-1.030784
932.000000,-0.851022,-0.496944,0.783636,1.217547,-1.067639
933.000000,-1.062777,-0.640225,0.664613,1.174757,-0.991667
934.000000,-1.234689,-0.838258,0.516338,1.131576,-1.159841
935.000000,-1.288949,-1.046645,0.304591,1.079951,-1.166918
936.000000,-1.299310,-1.156292,0.074781,1.031029,-1.043101
937.000000,-1.132756,-1.181200,-0.112024,0.998314,-0.346893
938.000000,-0.952583,-1.214904,-0.361072,0.876281,-0.298583
939.000000,-0.847706,-1.251200,-0.675778,0.820439,-0.777741
940.000000,-0.758687,-1.214090,-1.036768,0.741759,-0.835103
941.000000,-0.687717,-1.152673,-1.213406,0.595533,-0.779312
942.000000,-0.801373,-1.099374,-1.385101,0.475018,-0.872713
943.000000,-0.871095,-1.030464,-1.505362,0.337201,-0.643184
944.000000,-0.827728,-0.940110,-1.617770,0.144927,-0.597534
945.000000,-0.756903,-0.844168,-1.670337,-0.180216,-0.519645
946.000000,-0.617445,-0.724750,-1.576365,-0.558795,-0.113151
947.000000,-0.444066,-0.694647,-1.477000,-0.984513,-0.049466
948.000000,-0.356904,-0.692194,-1.423260,-1.561977,-0.245000
949.000000,-0.197600,-0.600739,-1.315237,-2.028903,0.212507
950.000000,0.155086,-0.431157,-1.129028,-2.257359,1.785088
951.000000,0.068842,-0.405606,-1.049965,-2.237618,-1.082406
952.000000,-0.098024,-0.360232,-0.977923,-2.162247,-1.060666
953.000000,-0.249761,-0.348416,-0.922212,-2.062844,-0.993162
954.000000,-0.318908,-0.246287,-0.819132,-1.942714,0.308409
955.000000,-0.755939,-0.101836,-0.711257,-1.826682,0.677230
956.000000,-0.223394,-0.021107,-0.615698,-1.654017,0.651181
957.000000,0.385768,0.082123,-0.595475,-1.514674,0.636067
958.000000,1.060476,0.352413,-0.577126,-1.428596,0.688714
959.000000,1.927275,1.112679,-0.413810,-1.258935,2.578191
960.000000,1.650879,0.672845,-0.332229,-1.134528,0.103244
961.000000,1.549012,1.269008,-0.216405,-1.005855,0.522750
962.000000,1.437135,1.742226,-0.056273,-0.886699,0.419077
963.000000,1.419501,2.107164,0.121963,-0.777839,0.610606
964.000000,0.693466,1.976738,0.344310,-0.663166,0.376053
965.000000,0.804626,1.825254,0.614805,-0.549592,0.263356
966.000000,0.750455,1.715677,0.810414,-0.446562,0.217203
967.000000,0.699002,1.607012,1.048182,-0.425148,0.255556
968.000000,0.550213,1.516685,1.361995,-0.405442,0.296325
969.000000,0.250762,0.735830,1.292094,-0.343234,-0.391766
970.000000,0.044514,0.680297,0.851860,-0.254986,-0.279048
971.000000,-0.206399,0.430427,0.995014,-0.163878,-0.464997
972.000000,-0.487001,0.177186,1.119776,-0.028478,-0.516894
973.000000,-2.102642,-1.317903,0.673706,-0.149465,-3.473662
974.000000,-3.691847,-3.256817,-0.619399,-0.625680,-4.159535
975.000000,-3.994482,-3.848917,-1.963103,-1.313757,-3.312128
976.000000,-3.805607,-3.781799,-2.876078,-2.223556,-2.750196
977.000000,-3.210084,-3.246231,-2.822772,-2.537471,-0.680390
978.000000,-2.588482,-2.915187,-2.750228,-2.573585,-0.635929
979.000000,-2.145707,-2.837478,-3.041002,-2.808548,-1.754646
980.000000,-1.409405,-2.498829,-2.656331,-2.661862,0.011389
981.000000,-1.153915,-2.485322,-2.673058,-2.593991,-1.623768
982.000000,-1.061107,-2.284601,-2.464475,-2.318077,-0.329262
983.000000,-0.979323,-1.969580,-2.314478,-2.112250,-0.318218
984.000000,-0.625495,-1.554916,-2.181116,-2.028070,-0.290813
985.000000,-0.686786,-1.185294,-2.067083,-1.969084,-0.260463
986.000000,-0.262751,-0.801185,-1.932405,-1.866855,0.123400
987.000000,-0.148744,-0.690698,-1.820608,-1.778523,0.145085
988.000000,0.136641,-0.489970,-1.655906,-1.620720,0.854529
989.000000,0.430829,-0.122983,-1.494464,-1.583080,0.910997
990.000000,0.478577,-0.140957,-1.455933,-1.543004,-0.109695
991.000000,0.550405,0.151529,-1.373056,-1.478544,0.388948
992.000000,0.478151,0.178296,-1.354265,-1.478717,-0.188121
993.000000,0.344898,0.279821,-1.173303,-1.441032,0.337642
994.000000,-0.131610,0.197614,-0.998461,-1.524869,-0.951774
995.000000,-0.335719,0.115130,-0.820508,-1.596900,-0.889967
996.000000,-0.462583,0.092797,-0.567761,-1.592730,-0.040164
997.000000,-0.425019,0.071644,-0.517130,-1.590522,-0.000026
998.000000,-0.525892,-0.077340,-0.466730,-1.590792,0.042204
999.000000,-0.128522,-0.172318,-0.220493,-1.540682,0.499122
1000.000000,0.230586,-0.106930,-0.201944,-1.526252,0.315578
1001.000000,0.354922,-0.134966,0.065924,-1.519852,0.349051
1002.000000,0.436485,-0.061833,0.159106,-1.547263,0.215933
1003.000000,0.427449,-0.154647,0.245987,-1.462818,-0.020529
1004.000000,0.158460,0.004623,0.291282,-1.245224,-0.390763
1005.000000,-0.070408,0.140746,0.318181,-1.000436,-0.522635
1006.000000,0.127457,0.368380,0.546287,-0.570108,1.393108
1007.000000,0.047993,0.358465,0.554328,-0.512649,-0.061904
1008.000000,0.119792,0.380348,0.347797,-0.430983,0.194794
1009.000000,0.791111,0.500107,0.336559,-0.002934,1.542107
1010.000000,1.175572,0.509692,0.496543,0.039293,0.455051
1011.000000,0.550298,0.378327,0.236889,0.317523,-0.578855
1012.000000,0.213945,0.158635,0.071754,0.286235,-1.221660
1013.000000,-0.103904,0.038153,-0.209817,0.297334,-0.750082
1014.000000,-1.077199,-0.110239,-0.077767,0.251669,-1.175431
1015.000000,-1.602404,-0.260086,0.036257,0.195046,-1.115906
1016.000000,-2.193614,-1.625840,-0.559730,-0.190700,-2.544975
1017.000000,-2.359166,-2.228710,-1.108592,-0.572929,-2.080021
1018.000000,-2.577364,-2.652765,-1.650476,-1.191225,-2.104493
1019.000000,-2.637270,-3.063012,-2.189345,-1.776153,-1.977823
1020.000000,-2.792027,-3.145799,-2.636076,-2.126844,-2.376765
1021.000000,-2.561888,-3.023509,-2.825756,-2.441089,-1.967230
1022.000000,-2.375275,-2.818907,-2.843842,-2.487574,-1.636796
1023.000000,-2.177882,-2.700248,-2.735127,-2.558424,-1.485238
1024.000000,-1.955966,-2.519380,-2.547187,-2.343680,-1.200898
1025.000000,-1.814873,-2.461059,-2.476445,-2.258156,-1.840172
1026.000000,-1.440059,-2.100580,-2.404775,-2.124828,-0.369680
1027.000000,-1.348537,-1.949001,-2.328945,-2.112598,-1.249717
1028.000000,-1.389795,-1.869003,-2.323612,-2.141661,-1.660582
1029.000000,-1.458137,-1.798045,-2.378918,-2.182747,-1.537356
1030.000000,-1.292571,-1.631916,-2.308202,-2.142385,-1.064792
1031.000000,-1.378147,-1.488266,-2.194363,-2.083903,-0.828218
1032.000000,-1.177780,-1.325643,-2.038384,-1.981065,-0.298709
1033.000000,-0.882311,-1.184108,-1.928907,-1.877917,-0.263576
1034.000000,-0.632882,-1.095052,-1.829774,-1.782361,-0.398225
1035.000000,-0.487865,-0.940449,-1.748802,-1.703302,-0.414075
1036.000000,0.072918,-0.714817,-1.474776,-1.597404,1.767795
1037.000000,0.462598,-0.421342,-1.261366,-1.466748,1.428530
1038.000000,0.787817,-0.095028,-1.077241,-1.383003,1.119623
1039.000000,1.096995,0.200427,-0.930841,-1.391544,0.851827
1040.000000,1.670752,0.586848,-0.679411,-1.302283,1.960273
1041.000000,1.596225,0.907140,-0.472160,-1.219417,1.436597
1042.000000,1.497002,1.110602,-0.301549,-1.144423,0.985309
1043.000000,1.471469,1.316860,-0.126890,-1.094254,0.982385
1044.000000,0.765578,1.138097,-0.212037,-1.232127,-2.065416
1045.000000,-1234.000000,-1234.000000,-1234.000000,-1234.000000,-1234.000000
1046.000000,-0.569261,0.845904,-0.211420,-1.328920,-1.447858
1047.000000,-1.636006,0.166381,-0.349752,-1.455916,-2.199401
1048.000000,-2.366791,-0.464477,-0.419261,-1.557770,-1.811732
1049.000000,-2.419488,-1.254853,-0.644655,-1.742436,-2.430563
1050.000000,-2.411434,-2.207534,-1.053424,-1.914567,-2.552256
1051.000000,-2.715719,-2.919170,-1.723216,-2.186355,-2.983213
1052.000000,-2.694556,-3.126143,-2.326927,-2.363730,-2.423349
1053.000000,-2.737846,-3.191183,-2.815033,-2.523278,-2.465060
1054.000000,-2.338584,-2.744099,-2.755571,-2.422511,-0.888469
1055.000000,-2.102373,-2.408555,-2.782100,-2.371013,-1.398808
1056.000000,-1.791905,-2.300215,-2.899215,-2.394972,-1.363730
1057.000000,-1.612068,-2.183376,-2.915098,-2.376838,-1.488872
1058.000000,-1.288057,-2.037738,-2.784184,-2.264489,-0.934539
1059.000000,-1.311559,-1.886261,-2.660369,-2.184180,-1.045547
1060.000000,-1.192242,-1.713279,-2.569865,-2.110807,-0.851823
1061.000000,-1.059324,-1.489216,-2.455740,-2.043860,-0.740743
1062.000000,-0.996227,-1.366528,-2.387276,-2.050569,-1.173022
1063.000000,-1.078136,-1.246869,-2.337000,-2.066092,-1.309997
1064.000000,-1.103817,-1.271343,-2.187994,-2.055271,-1.163685
1065.000000,-1.144179,-1.230245,-1.995862,-2.031680,-1.049403
1066.000000,-1.246884,-1.216693,-1.934700,-2.089001,-1.237393
1067.000000,-1.112012,-1.107012,-1.807994,-2.061924,-0.524422
1068.000000,-0.893061,-1.028729,-1.691883,-2.008025,-0.223576
1069.000000,-0.688675,-0.936372,-1.564666,-1.948813,-0.143248
1070.000000,-0.490184,-0.864538,-1.438005,-1.920113,-0.083956
1071.000000,-0.177828,-0.789537,-1.279769,-1.875086,0.161764
1072.000000,-0.050881,-0.679431,-1.156850,-1.838887,0.010385
1073.000000,0.028401,-0.537713,-1.022176,-1.808594,0.117636
1074.000000,-0.041614,-0.461749,-1.014576,-1.746936,-0.727739
1075.000000,0.077927,-0.302843,-0.936283,-1.611240,0.504069
1076.000000,0.284568,-0.015882,-0.839206,-1.540036,1.237294
1077.000000,0.693949,0.218851,-0.719242,-1.451129,1.480718
1078.000000,1.605886,0.652432,-0.574727,-1.334931,2.946181
1079.000000,2.329889,1.049299,-0.464750,-1.241914,1.401214
1080.000000,2.518710,1.553424,-0.357094,-1.136843,1.358138
1081.000000,2.353893,1.942418,-0.244957,-0.993464,1.271392
1082.000000,1.977231,2.050909,-0.099768,-0.883501,0.488768
1083.000000,1.578980,2.145924,0.166024,-0.709478,1.558344
1084.000000,1.624614,2.367042,0.495410,-0.620088,1.730234
1085.000000,1.320416,2.138367,0.772592,-0.541773,0.234518
1086.000000,1.005880,1.851905,1.122384,-0.462315,0.051041
1087.000000,1.081320,1.699900,1.411283,-0.320568,0.828117
1088.000000,0.893629,1.372869,1.617642,-0.213435,0.786539
1089.000000,0.500746,1.185597,1.694265,-0.108844,0.136803
1090.000000,0.737159,1.153071,1.799567,0.056705,1.177286
1091.000000,0.653707,0.930443,1.673318,0.147439,-0.277794
1092.000000,0.682121,0.988614,1.674688,0.426673,0.934005
1093.000000,0.458724,0.760448,1.562240,0.713687,-0.159662
1094.000000,0.438998,0.528962,1.564095,1.049014,0.007388
1095.000000,-0.015157,0.427811,1.427687,1.345230,-0.685341
1096.000000,-0.102576,0.355092,1.272003,1.640379,-0.799451
1097.000000,-0.649378,0.149480,1.118014,1.693989,-0.837761
1098.000000,-0.897595,-0.074497,0.840933,1.634796,-0.828655
1099.000000,-1.515446,-0.346220,0.622084,1.468039,-1.794761
1100.000000,-1.815910,-0.854104,0.394821,1.298619,-1.619734
1101.000000,-2.081731,-1.179526,0.121219,1.077856,-1.860115
1102.000000,-2.238045,-1.761633,-0.090619,0.906282,-1.727233
1103.000000,-2.277336,-2.011509,-0.421055,0.757024,-1.449757
1104.000000,-2.114947,-2.237204,-0.825466,0.715338,-1.463932
1105.000000,-1.956237,-2.236125,-1.057351,0.568414,-1.237941
1106.000000,-1.795025,-2.206373,-1.301523,0.327918,-1.388588
1107.000000,-1.586349,-2.110346,-1.594579,0.071797,-1.042308
1108.000000,-1.493327,-2.044516,-1.850243,-0.460414,-1.312712
1109.000000,-1.413111,-1.881067,-1.956250,-0.864495,-1.225293
1110.000000,-1.368978,-1.744781,-2.125289,-1.304664,-1.097656
1111.000000,-1.018429,-1.451907,-1.956179,-1.544748,0.223124
1112.000000,-1.030887,-1.344862,-2.043316,-1.806476,-1.099262
1113.000000,-0.960836,-1.264200,-1.975002,-2.098171,-0.992523
1114.000000,-0.904226,-1.200080,-1.921116,-2.311289,-0.992499
1115.000000,-0.860266,-1.161031,-1.824424,-2.257917,-0.929634
1116.000000,-1.086398,-1.080730,-1.737229,-2.162158,-0.729322
1117.000000,-1.001177,-1.047601,-1.666314,-2.145393,-0.738378
1118.000000,-0.930960,-0.976435,-1.605458,-2.109869,-0.688941
1119.000000,-0.684001,-0.828052,-1.456064,-1.966879,0.161253
1120.000000,-0.838827,-0.880387,-1.424002,-2.033145,-1.768467
1121.000000,-0.952648,-1.063099,-1.351660,-1.939332,-1.214468
1122.000000,-1.107567,-1.087556,-1.297094,-1.953155,-1.431823
1123.000000,-1.279546,-1.123740,-1.262616,-1.888010,-1.363045
1124.000000,-1.668008,-1.131386,-1.228227,-1.837465,-1.038048
1125.000000,-1.753182,-1.268321,-1.262716,-1.800624,-2.190169
1126.000000,-1.603280,-1.273739,-1.211367,-1.723737,-0.211491
1127.000000,-1.350653,-1.277680,-1.188872,-1.659692,-0.090794
1128.000000,-0.889591,-1.218235,-1.112098,-1.587566,0.839094
1129.000000,-0.413956,-1.327390,-1.037196,-1.479400,0.825813
1130.000000,0.408527,-1.127959,-1.002767,-1.406369,-0.022517
1131.000000,0.714744,-0.917876,-1.070706,-1.305841,0.578162
1132.000000,0.943879,-0.594730,-1.006328,-1.213956,0.550523
1133.000000,0.635470,-0.323899,-0.975463,-1.155319,-0.061780
1134.000000,0.337122,-0.098683,-0.937174,-1.105284,-0.051446
1135.000000,-0.177205,0.172203,-0.995690,-1.113149,-1.486839
1136.000000,-0.364466,0.245598,-0.991656,-1.065143,0.024678
1137.000000,-0.536354,0.289029,-0.984524,-1.042092,0.049310
1138.000000,-0.539969,0.070477,-0.988003,-0.997867,-0.068576
1139.000000,-0.544950,-0.148549,-1.132814,-0.955401,-0.064510
1140.000000,0.000925,-0.128051,-0.940465,-0.914290,0.061532
1141.000000,0.414388,0.024660,-0.708152,-0.952495,1.380538
1142.000000,1.993348,1.112884,0.117687,-0.713542,3.856007
1143.000000,2.690077,1.845096,0.886229,-0.529562,2.203455
1144.000000,2.542199,1.886903,1.257962,-0.450019,0.302281
1145.000000,2.722142,2.510266,2.149040,-0.256429,1.552747
1146.000000,2.465092,2.519051,2.358094,-0.095676,0.975907
1147.000000,1.804121,2.584916,2.516332,0.167444,1.431905
1148.000000,1.542804,2.590987,2.441809,0.486941,1.300697
1149.000000,1.731709,2.561885,2.367663,0.764244,1.227080
1150.000000,2.128324,2.807350,2.675322,1.862158,3.003175
1151.000000,2.012051,2.526051,2.479334,2.431280,0.883047
1152.000000,1.792987,2.024081,2.307319,2.693395,0.725853
1153.000000,1.829445,1.894933,2.316722,2.863237,1.544520
1154.000000,1.893634,1.982648,2.306559,2.829249,1.505461
1155.000000,1.391800,1.855031,2.310449,2.772282,0.943943
1156.000000,1.397340,1.800635,2.215953,2.563907,0.883085
1157.000000,1.424338,1.701844,2.134609,2.399964,0.825520
1158.000000,1.348344,1.681581,2.107982,2.272795,1.269080
1159.000000,1.240930,1.663497,2.069739,2.161743,1.122317
1160.000000,1.166514,1.352243,1.996569,2.074010,0.660320
1161.000000,0.605014,1.060506,1.751942,1.825498,-1.395517
1162.000000,0.241263,0.889791,1.455891,1.675363,-0.655014
1163.000000,-0.446246,0.500648,1.206058,1.518870,-1.381910
1164.000000,-1.037146,0.134882,1.100801,1.403484,-1.096683
1165.000000,-1.571987,-0.206296,0.904984,1.341872,-1.435801
1166.000000,-1.534506,-0.534615,0.759140,1.238861,-1.262870
1167.000000,-1.597976,-0.813508,0.608765,1.172496,-0.901175
1168.000000,-1.706715,-1.320680,0.372943,1.046695,-1.798376
1169.000000,-1.862754,-1.785286,0.121944,0.928094,-1.716228
1170.000000,-1.465370,-1.856216,-0.165994,0.960589,0.095248
1171.000000,-1.395432,-1.785058,-0.394104,0.861972,-0.972867
1172.000000,-1.369120,-1.780456,-0.619888,0.586681,-0.913414
1173.000000,-0.955327,-1.559780,-0.876620,0.442301,-0.228087
1174.000000,-0.878022,-1.576210,-1.316514,0.291293,-1.467389
1175.000000,-0.705726,-1.228193,-1.354358,0.270548,0.751332
1176.000000,-0.565774,-1.092620,-1.533399,0.149920,-0.416667
1177.000000,-0.605202,-1.101164,-1.755914,-0.139125,-1.034051
1178.000000,-0.876893,-1.025132,-2.013024,-0.533055,-1.282258
1179.000000,-0.880273,-0.980881,-2.196918,-1.068497,-1.397477
1180.000000,-1.467263,-1.220648,-2.274068,-2.007147,-1.714359
1181.000000,-1.900012,-1.411480,-2.210005,-2.602598,-2.284917
1182.000000,-2.043856,-1.536525,-2.172584,-2.863086,-1.832616
1183.000000,-2.237952,-1.802175,-2.132833,-3.062565,-2.284721
1184.000000,-2.193023,-1.783404,-2.038422,-2.971569,-1.426209
1185.000000,-2.074777,-1.990194,-1.940106,-2.803835,-1.341850
1186.000000,-1.857547,-2.048829,-1.872609,-2.662198,-1.327585
1187.000000,-1.877536,-2.116715,-1.892296,-2.595104,-1.913455
1188.000000,-1.703976,-2.109266,-1.831054,-2.522886,-1.515119
1189.000000,-1.775957,-2.128271,-1.807771,-2.466283,-1.750112
1190.000000,-1.945898,-2.152747,-1.927200,-2.417483,-2.093207
1191.000000,-2.052054,-2.088713,-1.964145,-2.280230,-1.887619
1192.000000,-1.834260,-1.976632,-1.933756,-2.154797,-1.031613
1193.000000,-1.785697,-1.855063,-1.963557,-2.048380,-1.395749
1194.000000,-1.659799,-1.813162,-1.921233,-1.965769,-1.235628
1195.000000,-1.457457,-1.769931,-1.982728,-1.886269,-1.153871
1196.000000,-1.397876,-1.782087,-2.010469,-1.851519,-1.596380
1197.000000,-1.559978,-1.756255,-2.020678,-1.848856,-1.794678
1198.000000,-1.758043,-1.835929,-2.053124,-1.849786,-2.250385
1199.000000,-1.909111,-1.855991,-2.057534,-1.843959,-1.982213
1200.000000,-2.013621,-1.820771,-2.034643,-1.889562,-1.811057
1201.000000,-2.080983,-1.836724,-2.005796,-1.914003,-2.032192
1202.000000,-2.084744,-1.912630,-1.992945,-1.930807,-1.924512
1203.000000,-1.939659,-1.909685,-1.934495,-1.944233,-1.591150
1204.000000,-1.913566,-1.954426,-1.940849,-1.941844,-1.873365
1205.000000,-1.916079,-1.998240,-1.948325,-1.994688,-1.868384
1206.000000,-1.834677,-1.981620,-1.941154,-2.001080,-1.658184
1207.000000,-1.798537,-1.963174,-1.917254,-1.997515,-1.769808
1208.000000,-1.866889,-1.927935,-1.923531,-1.998233,-1.951060
1209.000000,-1.833526,-1.896165,-1.906059,-1.986244,-1.724217
1210.000000,-1.777975,-1.868505,-1.869522,-1.961748,-1.604032
1211.000000,-1.816529,-1.846757,-1.859528,-1.936716,-1.856252
1212.000000,-1.805728,-1.821766,-1.874728,-1.919206,-1.730841
1213.000000,-1.766574,-1.831988,-1.878028,-1.891354,-1.763126
1214.000000,-1.745294,-1.801077,-1.879674,-1.881808,-1.637391
1215.000000,-1.991953,-1.905969,-1.957519,-1.931573,-2.703526
1216.000000,-2.218158,-2.050353,-2.029873,-1.990257,-2.796915
1217.000000,-2.362594,-2.133688,-2.068399,-2.014424,-2.447603
1218.000000,-2.464434,-2.186589,-2.084274,-2.043393,-2.369949
1219.000000,-2.582417,-2.265662,-2.119882,-2.073182,-2.459014
1220.000000,-2.502281,-2.325794,-2.150078,-2.087401,-2.336631
1221.000000,-2.240267,-2.253647,-2.102998,-2.053200,-1.539216
1222.000000,-2.074878,-2.209839,-2.070750,-2.043587,-1.616481
1223.000000,-1.961240,-2.187146,-2.063975,-2.036914,-1.759742
1224.000000,-1.764911,-2.138181,-2.024539,-2.015312,-1.441198
1225.000000,-1.435555,-1.945794,-1.938569,-1.957806,-0.666300
1226.000000,-1.190560,-1.718356,-1.846009,-1.881936,-0.252027
1227.000000,-0.982709,-1.555123,-1.779864,-1.826446,-0.541509
1228.000000,-0.717601,-1.391877,-1.711854,-1.765652,-0.485817
1229.000000,-0.428454,-1.173198,-1.636026,-1.699535,-0.081891
1230.000000,-0.254296,-0.926671,-1.558838,-1.633965,0.186031
1231.000000,-0.178816,-0.764376,-1.483854,-1.572242,0.134922
1232.000000,-0.015830,-0.574588,-1.414707,-1.514979,0.225586
1233.000000,0.152686,-0.344463,-1.347806,-1.469535,0.281682
1234.000000,0.243350,-0.133073,-1.287733,-1.420242,0.329280
1235.000000,0.284433,-0.010625,-1.181661,-1.374374,0.378469
1236.000000,0.310014,0.046438,-1.068241,-1.343463,0.229181
1237.000000,0.324276,0.152363,-0.959232,-1.312123,0.273689
1238.000000,0.224507,0.207687,-0.865230,-1.295275,-0.228827
1239.000000,-0.002838,0.152144,-0.772840,-1.304121,-0.768813
1240.000000,-0.236301,0.062986,-0.662650,-1.315338,-0.669395
1241.000000,-0.370534,0.013367,-0.587827,-1.310220,-0.302684
1242.000000,-0.552555,-0.071003,-0.500819,-1.316250,-0.435310
1243.000000,-0.647359,-0.191305,-0.387326,-1.329739,-0.576759
1244.000000,-0.547792,-0.305331,-0.272448,-1.344888,-0.307407
