0.000000,5.385165,5.385165,5.385165,5.385165,-0.727716
1.000000,3.740099,3.734071,3.739420,3.741572,-0.895882
2.000000,3.018344,2.995077,3.001310,3.003732,1.771834
3.000000,2.585649,2.549789,2.552204,2.555258,1.704814
4.000000,2.282020,2.246032,2.240767,2.244040,1.897295
5.000000,2.054788,2.017577,2.005768,2.009011,1.761792
6.000000,1.877032,1.836309,1.819067,1.822743,1.679508
7.000000,1.723331,1.692280,1.670402,1.670391,2.443642
8.000000,1.591760,1.571453,1.542625,1.540174,1.979397
9.000000,1.478969,1.465664,1.433944,1.427449,2.071182
10.000000,1.376763,1.371136,1.336557,1.328965,1.544779
11.000000,1.287390,1.288413,1.247664,1.240838,1.618627
12.000000,1.201659,1.207375,1.167138,1.161633,1.690648
13.000000,1.126159,1.133756,1.095301,1.088772,1.622123
14.000000,1.052342,1.064016,1.030595,1.021260,1.314964
15.000000,0.992342,1.001919,0.971806,0.958848,1.683478
16.000000,0.936217,0.944603,0.916957,0.900208,1.700706
17.000000,0.882656,0.887585,0.866017,0.846841,1.676248
18.000000,0.825397,0.831584,0.817163,0.794075,1.119360
19.000000,0.774038,0.777444,0.769454,0.744492,1.140053
20.000000,0.719054,0.727229,0.723706,0.696017,1.084418
21.000000,0.664481,0.678086,0.680111,0.647223,1.092991
22.000000,0.607507,0.628094,0.632946,0.598515,0.926818
23.000000,0.557935,0.578578,0.586693,0.551699,0.886460
24.000000,0.507745,0.531304,0.540717,0.507177,0.884180
25.000000,0.457987,0.481010,0.495633,0.463125,0.904432
26.000000,0.404544,0.428189,0.451110,0.418969,0.791493
27.000000,0.347745,0.371256,0.404832,0.376406,0.554559
28.000000,0.273631,0.316168,0.368386,0.344563,-0.099667
29.000000,0.661284,0.891258,1.422010,1.899172,0.968939
30.000000,0.804062,0.931557,1.416602,1.934372,1.867119
31.000000,1.036537,0.982216,1.410993,1.970055,2.174842
32.000000,1.526238,1.117345,1.424696,1.950369,2.677998
33.000000,2.216204,1.279106,1.440327,1.930448,2.494204
34.000000,2.440680,1.404945,1.448149,1.884398,1.796067
35.000000,2.340033,1.513735,1.422043,1.835190,1.449919
36.000000,2.236252,1.683217,1.406716,1.799373,1.683846
37.000000,1.925481,1.847827,1.373254,1.728617,1.251746
38.000000,1.933113,2.223234,1.440685,1.718299,2.484484
39.000000,1.965573,2.334179,1.485247,1.691895,1.962213
40.000000,2.081568,2.323503,1.542502,1.689928,2.040627
41.000000,2.248118,2.347473,1.636964,1.706363,2.471666
42.000000,2.416661,2.293946,1.747410,1.716208,2.284750
43.000000,2.295554,2.221818,1.848392,1.720227,2.010367
44.000000,2.189917,2.166863,1.917667,1.721533,1.613847
45.000000,2.095030,2.151262,1.980962,1.711834,1.674049
46.000000,1.885252,2.091191,2.024419,1.693888,1.469724
47.000000,1.639023,2.025494,2.040396,1.659474,1.111203
48.000000,1.468079,1.884544,2.081955,1.656243,1.186987
49.000000,1.374610,1.793758,2.051136,1.650814,1.165286
50.000000,1.201058,1.667621,1.959361,1.633489,0.830496
51.000000,0.980552,1.461791,1.845901,1.600489,0.385475
52.000000,0.798701,1.255980,1.712966,1.574171,0.194457
53.000000,0.649162,1.103015,1.612489,1.565667,0.461290
54.000000,0.529411,1.006066,1.556715,1.565604,0.628333
55.000000,0.465499,0.891260,1.515457,1.562623,0.554375
56.000000,0.525522,0.805114,1.475342,1.570465,0.668872
57.000000,0.659302,0.769935,1.461908,1.593600,0.802262
58.000000,0.759812,0.731263,1.403021,1.643539,0.969518
59.000000,0.957327,0.746638,1.392623,1.671102,1.700048
60.000000,1.213932,0.814482,1.376447,1.668630,1.700455
61.000000,1.491866,0.966662,1.334016,1.664313,1.763615
62.000000,1.712757,1.155241,1.289732,1.638978,1.626525
63.000000,1.760055,1.272785,1.238046,1.602981,1.162872
64.000000,1.449114,1.280547,1.172175,1.563500,0.202497
65.000000,1.456827,1.463515,1.159842,1.577202,1.723587
66.000000,1.462737,1.653447,1.166268,1.585419,1.789599
67.000000,1.684095,1.926779,1.242132,1.629300,2.590987
68.000000,1.995025,2.129634,1.315187,1.626225,2.337225
69.000000,2.150903,2.035629,1.324066,1.597396,0.812821
70.000000,1.642289,1.779845,1.299762,1.526508,-0.606124
71.000000,1.336949,1.626191,1.372624,1.459309,0.407615
72.000000,0.722557,1.414815,1.438110,1.378332,-0.081275
73.000000,0.123634,1.266203,1.475395,1.305761,-0.040637
74.000000,-0.235485,1.168327,1.454973,1.232823,-0.639982
75.000000,0.075907,1.028624,1.522942,1.193039,0.659034
76.000000,0.348109,0.998103,1.629569,1.190745,1.449429
77.000000,0.812457,0.904332,1.733686,1.224090,1.689732
78.000000,1.329878,0.873478,1.827358,1.265961,1.926735
79.000000,1.837289,1.022186,1.821386,1.298732,1.617042
80.000000,1.956089,1.317841,1.794707,1.349018,1.412879
81.000000,1.891247,1.445175,1.757520,1.431262,1.334492
82.000000,1.633065,1.515991,1.674505,1.494878,0.597616
83.000000,1.776333,1.860780,1.802602,1.637108,2.514732
84.000000,2.085034,2.275910,2.024646,1.790882,2.750440
85.000000,2.361599,2.454043,2.097399,1.934427,2.463052
86.000000,2.584618,2.520288,2.153049,2.058151,2.372162
87.000000,2.843941,2.557857,2.160143,2.162053,2.388893
88.000000,2.590715,2.469013,2.105404,2.186708,1.706824
89.000000,2.323084,2.416612,2.137186,2.166611,1.677053
90.000000,2.114139,2.372336,2.216242,2.137698,1.595813
91.000000,1.939576,2.332783,2.228448,2.105769,1.608039
92.000000,1.721443,2.314533,2.236004,2.064834,1.402177
93.000000,1.600259,2.135493,2.217803,2.029185,1.188492
94.000000,1.536623,1.981194,2.239061,2.040973,1.401967
95.000000,1.466148,1.845875,2.195734,1.992547,1.287172
96.000000,1.351697,1.700653,2.114545,1.933662,1.086586
97.000000,1.224347,1.525219,2.014142,1.841263,0.825353
98.000000,1.129396,1.414548,1.911207,1.757434,0.762437
99.000000,0.990964,1.309551,1.832556,1.724004,0.742485
100.000000,0.982514,1.272345,1.807094,1.758631,1.274854
101.000000,0.940023,1.194034,1.764214,1.745634,0.907795
102.000000,0.955558,1.138224,1.751825,1.747762,0.914082
103.000000,0.916757,1.067824,1.652786,1.733496,0.510368
104.000000,0.928539,0.993716,1.557885,1.745995,0.740560
105.000000,0.794643,0.923108,1.471175,1.727734,0.651127
106.000000,0.671880,0.844094,1.371152,1.683421,0.246704
107.000000,0.562139,0.811713,1.273188,1.643637,0.421873
108.000000,0.712012,0.854138,1.240935,1.623313,1.242745
109.000000,0.567937,0.808655,1.164499,1.581128,-0.028515
110.000000,0.295251,0.621983,1.070335,1.533991,-0.783789
111.000000,-0.105190,0.394082,0.944215,1.474553,-1.863886
112.000000,-0.688831,0.119146,0.831459,1.445769,-2.443913
113.000000,-1.903684,-0.198747,0.712550,1.352418,-2.712234
114.000000,-1.307654,-0.026748,0.748690,1.360795,3.017608
115.000000,-0.800846,-0.032423,0.723388,1.326132,1.028790
116.000000,0.025845,-0.085705,0.675324,1.263974,0.099499
117.000000,0.099499,-0.579214,0.567672,1.143757,-1.605926
118.000000,0.891011,-1.243601,0.509036,1.081962,-0.507432
119.000000,-0.515022,-1.446090,0.470322,1.030196,-0.025507
120.000000,-0.954547,-1.304338,0.342773,0.980105,0.055042
121.000000,-0.665032,-0.481583,0.294338,0.942548,0.684791
122.000000,1.087839,0.897517,0.370406,0.964630,1.957096
123.000000,1.020442,1.386515,0.260228,0.905360,-0.564503
124.000000,1.883240,1.111859,0.432929,0.924819,1.837585
125.000000,2.146156,1.124346,0.529362,0.911134,0.929584
126.000000,2.232004,1.513713,0.839763,0.932551,1.205213
127.000000,1.834725,2.233253,1.173416,0.987785,1.099554
128.000000,2.639334,2.761775,1.721431,1.153996,2.167240
129.000000,2.627970,2.994398,2.773021,1.387056,2.289303
130.000000,2.748582,3.026639,3.378109,1.556868,2.065944
131.000000,2.945062,3.072999,3.719134,1.901246,2.675488
132.000000,3.149807,3.030984,3.737647,2.312557,2.925822
133.000000,2.915891,3.038304,3.526255,2.588322,2.114586
134.000000,2.623518,2.766520,3.018018,2.651990,1.638471
135.000000,2.416990,2.625291,2.789647,2.647429,1.539369
136.000000,2.132142,2.487935,2.657287,2.628530,1.452152
137.000000,1.844359,2.408098,2.640999,2.593524,1.600164
138.000000,1.734406,2.283527,2.571159,2.506332,1.643397
139.000000,1.626481,2.117144,2.447274,2.439084,1.217555
140.000000,1.567227,2.005445,2.355418,2.410075,1.315980
141.000000,1.530003,1.859228,2.263009,2.402172,1.328177
142.000000,1.346854,1.624160,2.103666,2.327104,0.747207
143.000000,1.138078,1.461040,2.041291,2.263447,0.625456
144.000000,1.016857,1.349966,1.920398,2.081969,0.653511
145.000000,0.780514,1.209256,1.818740,1.954433,0.223852
146.000000,0.726144,1.174455,1.783163,1.928043,1.145808
147.000000,0.814347,1.126729,1.758255,1.946002,1.204748
148.000000,0.914171,1.064215,1.699133,1.930434,1.130500
149.000000,0.995839,1.040339,1.633160,1.900976,1.024525
150.000000,0.645261,0.742392,1.447253,1.753652,-1.734325
151.000000,0.000264,0.414364,1.240071,1.614260,-1.803825
152.000000,-0.741886,0.134532,1.007451,1.462846,-1.759326
153.000000,-1.531551,-0.163978,0.805487,1.379623,-1.884953
154.000000,-2.171086,-0.485985,0.629186,1.256608,-1.676554
155.000000,-2.097253,-0.772869,0.452527,1.169880,-1.547590
156.000000,-2.134412,-1.328697,0.218664,1.047451,-2.065381
157.000000,-2.068250,-1.819562,-0.029252,0.953376,-1.608909
158.000000,-1.898332,-2.173257,-0.301555,0.839702,-1.283338
159.000000,-1.714285,-2.358788,-0.552253,0.726563,-0.998325
160.000000,-1.583498,-2.178917,-0.863228,0.602471,-1.058572
161.000000,-1.281858,-1.962903,-1.169142,0.440406,-0.766662
162.000000,-1.090312,-1.768293,-1.396800,0.205701,-0.781079
163.000000,-1.021813,-1.613457,-1.599476,-0.044080,-0.999926
164.000000,-1.129661,-1.557490,-1.835199,-0.362183,-1.491947
165.000000,-1.185954,-1.501281,-1.954999,-0.716321,-1.309305
166.000000,-1.216542,-1.347342,-2.067153,-1.067635,-0.919207
167.000000,-1.271037,-1.271445,-2.133624,-1.483697,-1.051752
168.000000,-1.165237,-1.174062,-2.105445,-1.823710,-0.509525
169.000000,-0.951799,-1.113268,-2.059260,-2.044861,-0.490006
170.000000,-0.782430,-1.055537,-1.861791,-2.193815,-0.525723
171.000000,-0.667435,-1.019007,-1.687090,-2.240078,-0.368050
172.000000,-0.535004,-0.993068,-1.546525,-2.190309,-0.476971
173.000000,-0.531160,-0.941875,-1.423683,-2.117619,-0.476707
174.000000,-0.465453,-0.793562,-1.307741,-2.031968,-0.160617
175.000000,-0.402908,-0.668736,-1.216571,-1.932189,-0.239032
176.000000,-0.439383,-0.623790,-1.114898,-1.926919,-0.528139
177.000000,-0.354503,-0.509150,-1.028048,-1.900352,-0.042490
178.000000,-0.146210,-0.421561,-0.946069,-1.856294,0.684103
179.000000,-0.015672,-0.345059,-0.898389,-1.827727,0.999122
180.000000,0.296012,-0.220788,-0.838567,-1.664636,1.269383
181.000000,0.389575,-0.284931,-0.865068,-1.568594,-1.635638
182.000000,0.077637,-0.333928,-0.888275,-1.480674,-1.435601
183.000000,-1.109739,-0.450903,-0.902835,-1.408933,-1.760675
184.000000,-1.907326,-0.709785,-0.850887,-1.345786,-1.330165
185.000000,-2.512533,-1.155427,-0.808601,-1.295770,-1.201889
186.000000,-2.376768,-1.807470,-0.828623,-1.224296,-1.701153
187.000000,-2.516453,-2.924019,-0.868610,-1.203833,-2.346642
188.000000,-2.132600,-3.124779,-0.923736,-1.172255,-0.874134
189.000000,-1.996485,-3.097249,-1.015922,-1.173361,-1.201978
190.000000,-2.045803,-3.140258,-1.158700,-1.190948,-1.733249
191.000000,-1.828187,-2.682604,-1.301736,-1.215704,-1.002355
192.000000,-1.434099,-2.363030,-1.441235,-1.235287,-0.785632
193.000000,-1.512515,-2.146060,-1.657745,-1.251336,-1.196244
194.000000,-1.546872,-2.052281,-1.982734,-1.226409,-1.469524
195.000000,-1.136850,-1.814175,-2.136051,-1.168713,-0.211424
196.000000,-0.760929,-1.470783,-2.042385,-1.123246,0.501581
197.000000,-0.477521,-1.072407,-1.968723,-1.056646,0.395908
198.000000,-0.221612,-0.961578,-2.007439,-1.077073,-0.125127
199.000000,0.305095,-0.697511,-1.888753,-1.064206,0.710865
200.000000,0.759211,-0.213028,-1.713660,-0.989932,1.649499
201.000000,1.075740,0.193086,-1.331022,-0.915031,1.756072
202.000000,1.471938,0.609958,-0.960084,-0.787661,1.927478
203.000000,2.003425,1.135315,-0.510932,-0.595904,2.170293
204.000000,2.210455,1.622858,-0.114780,-0.436771,1.894354
205.000000,2.246063,1.924425,0.328461,-0.175302,2.031790
206.000000,2.184730,2.046146,0.807482,0.214460,1.748244
207.000000,2.139621,2.179768,1.416133,0.625483,1.898471
208.000000,2.005252,2.285490,1.795413,0.916257,1.672361
209.000000,1.968271,2.308939,2.169517,1.265569,1.818833
210.000000,1.690717,2.117934,2.341518,1.361297,0.816932
211.000000,1.490051,1.951155,2.368558,1.729514,0.853588
212.000000,1.304419,1.813647,2.361067,2.054835,1.038994
213.000000,1.126476,1.642253,2.334092,2.276573,0.841793
214.000000,0.947136,1.525383,2.327644,2.396280,0.982542
215.000000,0.139760,0.947718,1.858197,1.810723,-2.678229
216.000000,-0.879162,0.303412,1.340049,1.202002,-2.944087
217.000000,-1.788363,-0.322871,0.916233,0.778103,-2.416512
218.000000,-2.420800,-0.913715,0.554241,0.237750,-2.146786
219.000000,-2.752830,-1.445274,0.194495,-0.185739,-1.769430
220.000000,-2.459468,-1.805098,-0.221912,-0.536808,-1.669406
221.000000,-2.087912,-2.049131,-0.603262,-0.883114,-1.377247
222.000000,-1.848442,-2.242752,-1.006044,-1.257162,-1.389989
223.000000,-1.681519,-2.356535,-1.424202,-1.585423,-1.423829
224.000000,-1.598752,-2.428280,-1.786555,-1.851382,-1.431116
225.000000,-1.548065,-2.225201,-2.101398,-2.170864,-1.468532
226.000000,-1.499255,-1.984402,-2.271297,-2.372465,-1.219233
227.000000,-1.412513,-1.792140,-2.363039,-2.439892,-1.045659
228.000000,-1.360480,-1.661442,-2.420278,-2.471546,-1.208521
229.000000,-1.293248,-1.566388,-2.439101,-2.492723,-1.131415
230.000000,-1.202057,-1.477432,-2.375179,-2.505283,-1.048851
231.000000,-1.130294,-1.404501,-2.297180,-2.470603,-0.896975
232.000000,-1.049475,-1.309907,-2.213123,-2.404905,-0.675579
233.000000,-0.913644,-1.205234,-2.122509,-2.341508,-0.555541
234.000000,-0.827347,-1.123696,-2.063061,-2.292942,-0.718281
235.000000,-0.685811,-1.002810,-1.857880,-2.221326,-0.363214
236.000000,-0.553926,-0.900603,-1.656330,-2.146394,-0.257324
237.000000,-0.469133,-0.820161,-1.500130,-2.093926,-0.258102
238.000000,-0.443066,-0.738168,-1.378953,-2.055322,-0.434545
239.000000,-0.401539,-0.675984,-1.293811,-2.037845,-0.583598
240.000000,-0.539493,-0.662585,-1.243168,-2.011816,-1.064914
241.000000,-0.746024,-0.678106,-1.216927,-1.995350,-1.189530
242.000000,-1.078920,-0.769042,-1.211522,-2.004962,-1.711990
243.000000,-1.361683,-0.861943,-1.190795,-1.993472,-1.445024
244.000000,-1.725743,-0.955597,-1.173318,-1.988988,-1.947070
245.000000,-1.860339,-1.080424,-1.127586,-1.857739,-0.801094
246.000000,-1.837912,-1.241843,-1.092804,-1.717266,-0.586236
247.000000,-1.298684,-1.382242,-1.054667,-1.593953,0.079880
248.000000,-0.727619,-1.474406,-0.995255,-1.482467,0.281544
249.000000,-0.179252,-1.514141,-0.939223,-1.393121,0.292101
250.000000,0.305830,-1.282309,-0.859185,-1.296812,1.166097
251.000000,0.799137,-0.878625,-0.779286,-1.214345,1.408606
252.000000,1.002899,-0.245787,-0.735402,-1.142475,0.920635
253.000000,0.904091,0.150026,-0.746010,-1.090210,-0.114680
254.000000,0.909233,0.586105,-0.713426,-1.028201,0.322029
255.000000,0.666302,0.767761,-0.742471,-0.963047,0.170248
256.000000,0.386439,0.924781,-0.794010,-0.909623,0.269982
257.000000,0.195818,0.933587,-0.869804,-0.870149,0.148166
258.000000,0.289304,0.926656,-0.908893,-0.810459,0.267747
259.000000,0.279164,0.918162,-0.901093,-0.750520,0.283598
260.000000,0.406440,0.824606,-0.671805,-0.677972,0.690773
261.000000,0.558166,0.723602,-0.258437,-0.604633,0.886565
262.000000,0.607322,0.615520,0.375429,-0.566573,0.360418
263.000000,0.654728,0.720555,0.962095,-0.534290,0.477316
264.000000,0.601914,0.670151,1.349881,-0.489652,0.073364
265.000000,0.029009,0.327636,1.158280,-0.586089,-1.647025
266.000000,-0.971343,-0.321303,0.634385,-0.825599,-2.778904
267.000000,-1.925352,-1.073379,-0.224074,-1.192793,-2.914037
268.000000,-2.663210,-1.814419,-1.283069,-1.652666,-2.677822
269.000000,-2.872111,-2.254756,-2.123994,-2.086702,-1.897949
270.000000,-2.694052,-2.559441,-2.850363,-2.408786,-1.680803
271.000000,-2.314312,-2.676347,-3.126464,-2.556287,-1.336328
272.000000,-1.970527,-2.662345,-3.113091,-2.452452,-1.392822
273.000000,-1.672579,-2.620531,-2.928588,-2.330184,-1.331409
274.000000,-1.534151,-2.534277,-2.809730,-2.196820,-1.289942
275.000000,-1.395580,-2.319670,-2.664509,-2.144044,-1.084110
276.000000,-1.249334,-2.016494,-2.504113,-2.060153,-0.714013
277.000000,-2.049984,-2.294950,-2.913971,-2.628514,-3.897810
278.000000,-2.506493,-2.396235,-3.023210,-2.875816,-2.943140
279.000000,-2.729378,-2.461555,-3.000067,-2.939147,-2.494142
280.000000,-2.807231,-2.462817,-2.925876,-2.928501,-2.149526
281.000000,-2.779157,-2.408314,-2.803596,-2.838002,-1.692576
282.000000,-2.291934,-2.331341,-2.665922,-2.716889,-1.475584
283.000000,-1.960820,-2.258172,-2.546699,-2.580666,-1.354739
284.000000,-1.672619,-2.174426,-2.421480,-2.461134,-1.127374
285.000000,-1.418649,-2.097068,-2.272250,-2.347538,-0.953385
286.000000,-1.239252,-2.041134,-2.118014,-2.249473,-0.847511
287.000000,-1.016317,-1.716039,-1.949543,-2.133821,-0.413619
288.000000,-0.750922,-1.430637,-1.786079,-2.020684,-0.085733
289.000000,-0.551773,-1.194566,-1.674628,-1.937522,-0.186833
290.000000,-0.345917,-0.967630,-1.573146,-1.865517,0.006974
291.000000,-0.084091,-0.751733,-1.476195,-1.791711,0.356998
292.000000,0.074468,-0.560620,-1.397008,-1.727769,0.298927
293.000000,0.215234,-0.347122,-1.317806,-1.665329,0.564239
294.000000,0.401172,-0.145925,-1.250398,-1.609032,0.599411
295.000000,0.692572,0.120327,-1.162121,-1.505521,1.244682
296.000000,0.921755,0.407845,-1.087421,-1.385888,1.284142
297.000000,1.124278,0.632885,-0.849073,-1.271429,1.099167
298.000000,1.264542,0.829761,-0.615674,-1.154850,1.163049
299.000000,1.356549,1.035328,-0.381459,-1.064039,1.044704
300.000000,1.236586,1.167282,-0.158258,-0.995845,0.757228
301.000000,1.115288,1.238200,0.056293,-0.939269,0.769466
302.000000,1.068118,1.327393,0.292951,-0.876100,0.901889
303.000000,1.067962,1.405040,0.579580,-0.798886,1.162111
304.000000,1.089811,1.465195,0.880653,-0.722168,1.140712
305.000000,1.148747,1.423173,1.188362,-0.658245,1.025506
306.000000,1.183013,1.366513,1.506635,-0.617185,0.938297
307.000000,1.163306,1.317040,1.731413,-0.310477,0.947467
308.000000,1.042965,1.228558,1.832559,0.023953,0.766175
309.000000,0.909240,1.139734,1.874723,0.421671,0.643793
310.000000,0.770064,1.065578,1.828952,0.866559,0.403455
311.000000,0.713598,1.021090,1.750393,1.347627,0.676354
312.000000,0.700242,0.989846,1.696382,1.831406,0.968162
313.000000,0.761055,0.943208,1.631264,2.224237,1.140763
314.000000,0.888777,0.914767,1.581235,2.436702,1.305873
315.000000,1.034328,0.885779,1.475296,2.468893,0.976113
316.000000,1.095085,0.872815,1.370122,2.408925,0.773751
317.000000,1.006826,0.826808,1.273480,2.262397,0.255758
318.000000,0.861631,0.810753,1.182016,2.105854,0.334173
319.000000,0.747548,0.855607,1.123776,2.005473,0.965917
320.000000,0.587964,0.906089,1.077318,1.887623,0.201630
321.000000,0.224580,0.837415,1.010153,1.740424,-1.064275
322.000000,0.030243,0.728250,0.947397,1.636288,-0.739397
323.000000,-0.229138,0.566254,0.868643,1.537673,-0.613954
324.000000,-0.934569,0.288462,0.789477,1.454347,-0.975247
325.000000,-1.074335,0.121136,0.747974,1.356706,0.347572
326.000000,-0.903190,-0.151788,0.704265,1.251175,-0.602382
327.000000,-0.703271,-0.298779,0.659591,1.170400,-0.209854
328.000000,-0.605570,-0.557928,0.625368,1.084545,-0.398714
329.000000,-0.636868,-1.210147,0.579392,1.001504,-1.057208
330.000000,-1.564650,-1.946870,0.501591,0.921960,-2.438351
331.000000,-1.987661,-2.177330,0.363278,0.849791,-2.043453
332.000000,-2.236183,-2.253399,0.149179,0.777932,-1.435131
333.000000,-2.360165,-2.279142,-0.193246,0.678173,-1.456311
334.000000,-2.246553,-2.184095,-0.684748,0.577859,-1.233215
335.000000,-1.559647,-2.061328,-1.065757,0.514291,0.082480
336.000000,-1.265431,-1.995961,-1.518347,0.431666,-0.898967
337.000000,-2.015045,-2.546121,-2.266522,0.200613,-3.578187
338.000000,-2.156975,-2.596150,-2.580519,0.007600,-1.928283
339.000000,-2.279035,-2.543192,-2.768650,-0.223829,-1.837070
340.000000,-2.453021,-2.308607,-2.686715,-0.456028,-1.428130
341.000000,-2.173132,-1.990364,-2.359748,-0.712984,-0.299072
342.000000,-1.324761,-1.740241,-2.104303,-1.062472,0.049236
343.000000,-0.727478,-1.447735,-1.860765,-1.412035,0.621956
344.000000,-0.161767,-1.229722,-1.669820,-1.748070,0.522838
345.000000,0.424693,-1.111469,-1.550753,-1.845871,0.887806
346.000000,0.776363,-0.891965,-1.386670,-1.790267,1.004716
347.000000,0.973371,-0.314985,-1.288061,-1.668323,0.703691
348.000000,0.975752,0.056205,-1.199140,-1.574877,0.582362
349.000000,0.984364,0.445207,-1.092435,-1.561036,0.505149
350.000000,0.954121,0.847374,-0.882647,-1.458699,0.756191
351.000000,0.813177,1.021538,-0.715686,-1.296703,0.489553
352.000000,0.540372,0.999672,-0.663114,-1.261907,-0.319998
353.000000,0.268363,0.838544,-0.614758,-1.260149,-0.428273
354.000000,0.024523,0.688771,-0.577583,-1.251746,-0.402581
355.000000,-0.273962,0.475232,-0.646123,-1.322090,-0.357661
356.000000,-0.414070,0.290069,-0.598702,-1.306374,-0.017770
357.000000,-0.346185,0.148374,-0.190357,-1.326335,-0.056482
358.000000,-0.192559,0.061797,0.095136,-1.321602,0.148237
359.000000,-0.028778,-0.001843,0.443601,-1.275926,0.191089
360.000000,0.202722,-0.062660,0.841336,-1.098556,0.480757
361.000000,0.232282,-0.145701,1.014568,-0.981211,0.091047
362.000000,0.441858,0.058225,1.240015,-0.835057,0.717524
363.000000,0.508904,0.224410,1.270676,-0.700017,0.398751
364.000000,0.521316,0.353448,1.259726,-0.587097,0.235397
365.000000,0.638227,0.602963,1.298343,-0.522529,0.921896
366.000000,0.889868,0.804936,1.319434,-0.259324,1.045040
367.000000,0.978168,1.009712,1.354698,0.825184,1.286245
368.000000,0.953313,1.037195,1.235479,1.505540,0.340934
369.000000,1.161803,1.195866,1.274039,2.250549,1.329680
370.000000,1.259872,1.313341,1.270651,2.662599,1.441239
371.000000,1.296842,1.459605,1.269711,2.598169,0.908372
372.000000,1.181181,1.473377,1.433647,2.427750,0.793615
373.000000,1.301848,1.545949,1.606734,2.180076,0.793615
374.000000,1.342676,1.771901,1.857243,2.074909,1.723725
375.000000,1.566969,1.950902,2.142911,1.996997,2.341261
376.000000,2.221908,2.288960,2.458186,2.044838,3.296251
377.000000,2.702107,2.462645,2.683551,2.123141,2.945576
378.000000,2.993378,2.701714,2.816860,2.216065,2.838752
379.000000,2.907484,2.656974,2.811002,2.239788,2.204587
380.000000,2.776970,2.632800,2.754109,2.244160,2.209692
381.000000,2.499317,2.603853,2.700279,2.244527,1.979813
382.000000,2.236981,2.531778,2.575428,2.269255,1.696188
383.000000,1.978900,2.451089,2.487227,2.275602,1.569040
384.000000,1.874601,2.360561,2.440321,2.285117,1.714920
385.000000,1.717917,2.227597,2.342183,2.264404,1.442956
386.000000,1.611173,2.056942,2.259354,2.229135,1.451621
387.000000,1.489365,1.878169,2.150106,2.177629,1.097664
388.000000,1.407940,1.717398,2.099438,2.132936,1.162195
389.000000,1.286464,1.608519,2.019572,2.092014,1.113541
390.000000,1.304149,1.543631,1.979920,2.069032,1.525565
391.000000,1.286969,1.483101,1.946897,2.052709,1.368203
392.000000,1.324949,1.440910,1.914917,2.010341,1.279198
393.000000,1.217082,1.345103,1.850058,1.950210,0.603948
394.000000,0.986191,1.167993,1.739326,1.872312,-0.130550
395.000000,0.613934,0.999889,1.619515,1.778345,-0.363378
396.000000,0.240686,0.821336,1.475028,1.692288,-0.436129
397.000000,-0.167590,0.666924,1.335104,1.605432,-0.561749
398.000000,-0.501989,0.468559,1.180351,1.541619,-0.909692
399.000000,-0.695136,0.252655,1.047191,1.459741,-1.015072
400.000000,-1.021683,-0.133083,0.866057,1.352364,-1.846259
401.000000,-1.439933,-0.590695,0.661632,1.245370,-2.231193
402.000000,-1.922423,-1.140706,0.427192,1.126212,-2.556331
403.000000,-2.171658,-1.551140,0.201446,1.034192,-2.051020
404.000000,-2.214856,-1.756611,-0.026577,0.956600,-1.406793
405.000000,-2.069830,-1.894786,-0.263485,0.866688,-1.301453
406.000000,-1.730478,-1.910563,-0.492614,0.762096,-0.728823
407.000000,-1.210624,-1.814650,-0.663138,0.678549,-0.155053
408.000000,-0.839596,-1.694330,-0.875430,0.557304,-0.322830
409.000000,-0.514186,-1.516077,-1.047707,0.476089,0.125492
410.000000,-0.150402,-1.234126,-1.240209,0.388801,0.399643
411.000000,0.054787,-0.946422,-1.414997,0.274711,0.216938
412.000000,0.221411,-0.568999,-1.511216,0.193935,0.615167
413.000000,0.346838,-0.292880,-1.538358,0.059710,0.241515
414.000000,0.276560,-0.147346,-1.509916,-0.199372,-0.220313
415.000000,0.157340,-0.001088,-1.444416,-0.485990,-0.157156
416.000000,0.017610,0.042626,-1.398956,-0.901109,-0.440128
417.000000,-0.291289,-0.029491,-1.374778,-1.384440,-0.776848
418.000000,-0.486215,-0.060906,-1.312296,-1.868465,-0.614424
419.000000,-0.488040,-0.104235,-1.216828,-2.179414,-0.199252
420.000000,-0.519644,-0.195061,-1.072511,-2.420727,-0.257855
421.000000,-0.513851,-0.279820,-0.914915,-2.492300,-0.391695
422.000000,-0.475370,-0.462333,-0.740673,-2.499235,-0.658629
423.000000,-0.587437,-0.666398,-0.645516,-2.432433,-1.196380
424.000000,-0.963381,-0.885996,-0.658063,-2.338733,-1.729651
425.000000,-1.271351,-1.104360,-0.668573,-2.227621,-1.428203
426.000000,-1.539025,-1.298723,-0.765895,-2.145782,-1.485110
427.000000,-1.550374,-1.341533,-0.897927,-2.031014,-0.801892
428.000000,-1.493534,-1.443803,-1.059581,-1.938364,-1.016715
429.000000,-1.384504,-1.653597,-1.373224,-1.880162,-1.269302
430.000000,-1.284320,-1.759655,-1.753585,-1.761044,-1.038233
431.000000,-1.007981,-1.684123,-2.007218,-1.580176,-0.312250
432.000000,-0.899967,-1.571663,-2.277850,-1.379195,-0.346160
433.000000,-0.783463,-1.429881,-2.406424,-1.235839,-0.497609
434.000000,-0.764817,-1.328969,-2.462686,-1.199769,-1.217783
435.000000,-0.865295,-1.313009,-2.496409,-1.193978,-1.486474
436.000000,-1.274158,-1.376074,-2.516189,-1.286914,-2.035506
437.000000,-1.600446,-1.500059,-2.457301,-1.425165,-1.876165
438.000000,-2.008755,-1.684619,-2.494850,-1.600483,-2.460441
439.000000,-2.216957,-1.808053,-2.544190,-1.804710,-2.363018
440.000000,-2.390932,-1.959472,-2.572570,-2.026675,-2.488240
441.000000,-2.435571,-2.141881,-2.557312,-2.193737,-2.369978
442.000000,-2.357860,-2.195879,-2.450008,-2.295993,-1.707483
443.000000,-2.159201,-2.210140,-2.317258,-2.329316,-1.499318
444.000000,-2.006954,-2.190000,-2.194155,-2.324647,-1.598513
445.000000,-1.758996,-2.125679,-2.081210,-2.291948,-1.250876
446.000000,-1.545655,-2.043913,-1.992826,-2.249108,-1.355357
447.000000,-1.526260,-2.009157,-1.969053,-2.208785,-1.616158
448.000000,-1.525220,-1.912241,-1.930942,-2.170618,-1.498996
449.000000,-1.451922,-1.798310,-1.870608,-2.136899,-1.251005
450.000000,-1.456205,-1.673309,-1.833181,-2.100062,-1.280127
451.000000,-1.557860,-1.616989,-1.870429,-2.089153,-1.847647
452.000000,-1.574869,-1.615164,-1.899205,-2.057934,-1.691795
453.000000,-1.542206,-1.595957,-1.903742,-1.995661,-1.340902
454.000000,-1.311188,-1.436881,-1.817793,-1.867416,-0.111365
455.000000,-1.032426,-1.295900,-1.724119,-1.754603,0.135136
456.000000,-0.555245,-1.112663,-1.601557,-1.639333,0.483831
457.000000,0.018208,-0.848033,-1.468461,-1.536285,0.999187
458.000000,0.468735,-0.623662,-1.330841,-1.453513,0.676150
459.000000,0.723027,-0.379088,-1.175570,-1.357248,1.023154
460.000000,1.034665,-0.055272,-0.975740,-1.255866,1.516309
461.000000,1.333420,0.406306,-0.750880,-1.174318,1.796852
462.000000,1.611537,0.939676,-0.525067,-1.081294,2.191048
463.000000,1.854927,1.387762,-0.320488,-1.009775,1.791422
464.000000,2.011392,1.667175,-0.076256,-0.916413,1.802448
465.000000,2.052999,1.895691,0.181358,-0.808355,1.802362
466.000000,2.150768,2.129733,0.560479,-0.619861,2.320838
467.000000,2.054003,2.192117,0.977181,-0.435882,1.856019
468.000000,2.052362,2.263418,1.432427,-0.160003,1.924049
469.000000,2.038881,2.265052,1.839378,0.186855,1.877344
470.000000,1.960705,2.170100,2.124236,0.596790,1.566480
471.000000,1.751649,2.036257,2.321139,1.046988,1.325901
472.000000,1.639660,1.896304,2.415949,1.470518,1.323728
473.000000,1.515551,1.810758,2.426557,1.851674,1.307664
474.000000,1.374681,1.724323,2.327975,2.148662,1.182660
475.000000,1.231124,1.615562,2.202160,2.276045,0.867352
476.000000,1.129023,1.465926,2.078042,2.331029,0.822631
477.000000,1.048307,1.373745,1.960893,2.360211,0.923740
478.000000,0.957933,1.269759,1.874515,2.336070,0.865967
479.000000,0.853769,1.149268,1.777167,2.264171,0.671560
480.000000,0.875164,1.088994,1.695109,2.218122,0.979965
481.000000,0.905277,1.051134,1.615911,2.196688,0.980827
482.000000,0.966598,1.036226,1.546808,2.179649,1.297750
483.000000,1.007780,1.001651,1.493458,2.134364,1.095472
484.000000,1.164567,1.004956,1.459205,2.060167,1.441845
485.000000,1.383931,1.100270,1.453115,2.012658,2.089207
486.000000,1.675376,1.232670,1.430131,1.969665,2.287098
487.000000,1.768866,1.311943,1.406958,1.900041,1.634703
488.000000,1.889120,1.403163,1.375797,1.851065,1.571423
489.000000,1.780025,1.465328,1.315956,1.778879,0.711148
490.000000,1.723684,1.581776,1.310788,1.730899,1.795284
491.000000,1.265545,1.548892,1.262004,1.643982,-0.019309
492.000000,0.838797,1.422252,1.199303,1.548449,-0.464086
493.000000,0.484716,1.362409,1.153599,1.487940,-0.023146
494.000000,0.669820,1.403795,1.171198,1.466680,1.562462
495.000000,0.912543,1.499199,1.272161,1.478807,2.745666
496.000000,1.496334,1.491249,1.364150,1.456560,2.075846
497.000000,2.190508,1.614894,1.468941,1.461023,2.242141
498.000000,2.609880,1.752817,1.590012,1.463793,2.216330
499.000000,2.582824,1.954894,1.720763,1.461801,1.984647
500.000000,2.269863,1.934276,1.793612,1.461171,1.566926
501.000000,2.194319,2.156064,1.882388,1.486468,1.893472
502.000000,2.026532,2.314148,1.911248,1.501474,1.578394
503.000000,1.744099,2.296270,1.900730,1.494218,0.969817
504.000000,1.498470,2.141062,1.856670,1.490255,0.852344
505.000000,1.324507,1.900357,1.768156,1.503055,0.739804
506.000000,1.156464,1.784838,1.696882,1.535685,1.110261
507.000000,1.081936,1.675098,1.678869,1.568740,1.252141
508.000000,1.317950,1.657339,1.720643,1.638685,2.003385
509.000000,1.571960,1.655326,1.800668,1.717730,1.932638
510.000000,1.901642,1.733893,1.840569,1.789931,2.174725
511.000000,2.111888,1.767563,1.954633,1.855035,2.098346
512.000000,2.225253,1.815394,2.055764,1.889940,1.918728
513.000000,2.199454,1.939526,2.122603,1.933170,1.977239
514.000000,2.196574,2.071345,2.124539,1.961237,2.017158
515.000000,2.164843,2.200598,2.085778,1.967049,2.095542
516.000000,2.080650,2.228226,2.052164,1.945505,1.808527
517.000000,2.033254,2.232058,2.012636,1.946210,1.793738
518.000000,1.919866,2.136304,1.955058,1.930896,1.512713
519.000000,1.745281,2.023673,1.891096,1.922397,1.206956
520.000000,1.522921,1.880670,1.837347,1.874083,1.009141
521.000000,1.346619,1.750426,1.770703,1.870789,0.932640
522.000000,1.208213,1.666460,1.737979,1.886249,1.139468
523.000000,1.035154,1.536383,1.710460,1.868251,0.650030
524.000000,0.958757,1.422690,1.702759,1.828841,0.850783
525.000000,0.993952,1.327617,1.717215,1.778977,1.211502
526.000000,1.035813,1.253078,1.711117,1.743828,1.138701
527.000000,1.330424,1.313138,1.771454,1.759067,2.457500
528.000000,1.696549,1.398322,1.789202,1.767046,2.252113
529.000000,1.796794,1.424904,1.758072,1.743175,1.384633
530.000000,1.862831,1.500679,1.727603,1.740641,1.573168
531.000000,1.950228,1.593264,1.705391,1.732401,1.663632
532.000000,1.803777,1.664094,1.694803,1.736571,1.719199
533.000000,1.648984,1.751226,1.668788,1.749796,1.511459
534.000000,1.706252,1.828469,1.650152,1.772855,1.683741
535.000000,1.791265,1.903979,1.644921,1.809993,2.010115
536.000000,1.778834,1.936494,1.633345,1.818194,1.601838
537.000000,1.775240,1.854271,1.627581,1.825173,1.685313
538.000000,1.818310,1.791932,1.640944,1.812304,1.700437
539.000000,1.815024,1.818799,1.671270,1.800345,1.665027
540.000000,1.742000,1.826973,1.715464,1.781893,1.682328
541.000000,1.737240,1.817163,1.755841,1.762104,1.597026
542.000000,1.700879,1.793619,1.776501,1.745144,1.524353
543.000000,1.752000,1.837872,1.840937,1.742507,1.939232
544.000000,1.752934,1.831513,1.873963,1.727899,1.684924
545.000000,1.647340,1.734906,1.859408,1.690732,1.206241
546.000000,1.563170,1.684131,1.847550,1.664895,1.207200
547.000000,1.428526,1.591970,1.755623,1.626737,0.874457
548.000000,1.353047,1.575878,1.712808,1.627247,1.543092
549.000000,1.215913,1.506704,1.685810,1.618575,1.016298
550.000000,1.135095,1.417122,1.640307,1.611086,0.802135
551.000000,1.082344,1.352953,1.600965,1.612115,0.943937
552.000000,1.149718,1.320638,1.572725,1.614336,1.192364
553.000000,1.337731,1.371994,1.624087,1.677520,2.491495
554.000000,1.605120,1.421453,1.650973,1.721175,2.207297
555.000000,1.928648,1.527717,1.660610,1.753266,2.196937
556.000000,2.177715,1.621744,1.682700,1.780297,2.034312
557.000000,2.308786,1.740946,1.692204,1.759914,1.871636
558.000000,2.136585,1.775504,1.696229,1.741761,1.791902
559.000000,1.953233,1.828649,1.680877,1.739730,1.401653
560.000000,1.631030,1.823765,1.627205,1.705906,0.635127
561.000000,1.304136,1.777623,1.568501,1.663183,0.364473
562.000000,1.050482,1.732737,1.528300,1.628782,0.613343
563.000000,0.896000,1.596391,1.490213,1.619618,1.124483
564.000000,0.760784,1.458953,1.451995,1.595032,0.811008
565.000000,0.707941,1.270867,1.422078,1.545054,0.345520
566.000000,0.766389,1.122451,1.405760,1.518967,0.581127
567.000000,0.683528,0.942098,1.395122,1.479880,0.164815
568.000000,0.383278,0.712870,1.325665,1.430418,-0.267545
569.000000,0.192988,0.546518,1.303923,1.390838,-0.031109
570.000000,-0.024675,0.416383,1.271372,1.335442,-0.652180
571.000000,-0.253164,0.348642,1.244783,1.292990,-0.354106
572.000000,-0.422469,0.219933,1.196299,1.250466,-0.519369
573.000000,-0.553523,-0.037494,1.032448,1.179411,-0.811522
574.000000,-0.772924,-0.281697,0.869072,1.113629,-0.920139
575.000000,-0.822574,-0.461926,0.693451,1.073535,-0.851768
576.000000,-1.117932,-0.791245,0.469784,1.010676,-1.569673
577.000000,-1.328638,-1.046477,0.235796,0.972327,-1.413666
578.000000,-1.413123,-1.202982,-0.023631,0.898020,-1.192706
579.000000,-1.366237,-1.325330,-0.244965,0.871334,-0.733939
580.000000,-1.385145,-1.380177,-0.425735,0.853078,-0.946347
581.000000,-1.321193,-1.526639,-0.642077,0.810342,-1.314916
582.000000,-1.401623,-1.699873,-0.992712,0.718569,-1.751924
583.000000,-1.393139,-1.724139,-1.393168,0.510368,-1.303103
584.000000,-1.469662,-1.708581,-1.727669,0.268817,-1.296536
585.000000,-1.599725,-1.745385,-1.983867,-0.090358,-1.765237
586.000000,-1.532857,-1.605640,-2.100492,-0.464836,-1.097158
587.000000,-1.210928,-1.399900,-2.011659,-0.826500,-0.090409
588.000000,-1.160776,-1.329844,-1.939540,-1.339236,-1.013795
589.000000,-1.220513,-1.377204,-1.925587,-1.826655,-1.584006
590.000000,-0.833379,-1.271692,-1.757355,-1.969611,0.044686
591.000000,-0.522634,-1.115305,-1.626368,-1.985735,0.317443
592.000000,-0.409334,-0.887028,-1.493647,-1.974177,0.536249
593.000000,-0.024954,-0.696496,-1.353239,-1.978797,0.712963
594.000000,0.673290,-0.425298,-1.190109,-1.875431,1.423460
595.000000,1.113980,0.020050,-1.022970,-1.696309,1.903317
596.000000,1.562130,0.441596,-0.803017,-1.557125,2.057012
597.000000,2.001429,0.779857,-0.586354,-1.379297,2.178506
598.000000,2.261571,1.263744,-0.383310,-1.187745,1.940714
599.000000,2.266123,1.778599,-0.219470,-1.048913,1.709664
600.000000,2.014795,1.912146,-0.068980,-0.907879,1.052062
601.000000,1.690992,1.937233,0.110809,-0.829312,0.695638
602.000000,1.205041,1.819975,0.318242,-0.796171,-0.026917
603.000000,0.828914,1.711871,0.535252,-0.717820,0.231456
604.000000,0.440324,1.499537,0.763503,-0.648455,-0.020394
605.000000,0.152435,1.223695,1.068543,-0.604618,-0.212795
606.000000,0.100798,1.034097,1.356942,-0.426347,0.476397
607.000000,0.221283,0.830626,1.473840,-0.251208,0.508017
608.000000,0.318233,0.667663,1.676053,-0.063312,0.661579
609.000000,0.418538,0.497573,1.855412,0.066922,0.414952
610.000000,0.382895,0.307890,1.737032,0.161382,-0.385916
611.000000,-0.039726,0.036517,1.496421,0.217790,-1.344420
612.000000,-0.594393,-0.209131,1.198866,0.318900,-1.816824
613.000000,-1.018727,-0.402026,0.983555,0.474827,-1.134353
614.000000,-1.437368,-0.605122,0.691925,0.615036,-1.396143
615.000000,-1.697515,-0.810663,0.346795,0.876175,-1.552125
616.000000,-1.882128,-1.215737,-0.100903,0.669542,-2.142991
617.000000,-1.813698,-1.528629,-0.530736,0.170213,-1.619499
618.000000,-1.967969,-1.880094,-1.012100,-0.239707,-1.939260
619.000000,-2.041172,-2.145512,-1.475176,-0.496303,-1.887428
620.000000,-1.958598,-2.192644,-1.770977,-1.063190,-1.393960
621.000000,-1.693671,-2.067223,-1.941223,-1.525704,-1.026717
622.000000,-1.579972,-1.923567,-2.026524,-2.024684,-1.186974
623.000000,-1.458357,-1.890459,-2.130033,-2.499549,-1.404771
624.000000,-1.375302,-1.841306,-2.177236,-2.893229,-1.479561
625.000000,-1.286438,-1.727901,-2.123816,-2.999894,-0.997694
626.000000,-1.380455,-1.632763,-2.156824,-3.078786,-1.507928
627.000000,-1.457758,-1.598365,-2.169385,-3.066182,-1.588275
628.000000,-1.381065,-1.477359,-2.125817,-2.919515,-1.021467
629.000000,-1.338234,-1.401324,-2.085076,-2.797994,-1.265882
630.000000,-1.329318,-1.342626,-1.983259,-2.620733,-0.880711
631.000000,-1.148919,-1.300695,-1.837766,-2.442785,-0.585011
632.000000,-1.035738,-1.292809,-1.724920,-2.299146,-1.103468
633.000000,-1.142918,-1.303933,-1.685911,-2.224590,-1.525268
634.000000,-1.023090,-1.225798,-1.600108,-2.103015,-0.689265
635.000000,-0.926534,-1.176149,-1.509818,-1.980471,-0.382814
636.000000,-0.851615,-1.041487,-1.392021,-1.902295,-0.141292
637.000000,-0.543494,-0.837057,-1.283136,-1.817164,0.497021
638.000000,-0.088969,-0.700614,-1.166052,-1.755743,0.613942
639.000000,0.245262,-0.510289,-1.056459,-1.693113,0.921602
640.000000,0.601080,-0.349525,-0.976138,-1.609976,1.113965
641.000000,0.928534,-0.229303,-0.927049,-1.508007,0.857781
642.000000,1.154625,0.035694,-0.852908,-1.391613,1.205935
643.000000,1.247074,0.401061,-0.772354,-1.326095,0.761408
644.000000,1.053778,0.607482,-0.699404,-1.273375,0.043342
645.000000,0.542332,0.691285,-0.700169,-1.245988,-0.959511
646.000000,-0.122506,0.618922,-0.672526,-1.207847,-1.587098
647.000000,-0.396585,0.626664,-0.544059,-1.148985,0.307839
648.000000,-0.213420,0.777946,-0.405376,-1.045191,1.373865
649.000000,0.382504,0.988975,-0.164906,-0.924284,1.940377
650.000000,1.271912,1.195994,0.084359,-0.820378,1.976084
651.000000,2.133659,1.410081,0.336168,-0.738420,1.778056
652.000000,3.281232,2.400063,1.198246,-0.440727,4.177534
653.000000,3.074037,2.543835,1.869137,-0.223753,1.790572
654.000000,2.888503,2.714188,2.364954,0.077038,1.924652
655.000000,2.673265,2.804115,2.624113,0.373061,1.600422
656.000000,2.559422,2.876951,2.692744,0.826669,1.682142
657.000000,1.924253,2.729959,2.563256,1.321983,1.374625
658.000000,1.777823,2.538736,2.421111,1.728134,1.245331
659.000000,1.551536,2.324742,2.262571,2.048410,0.958403
660.000000,1.459634,2.186986,2.164146,2.247409,1.204940
661.000000,1.293671,2.060632,2.073454,2.293902,0.957028
662.000000,1.204249,1.690575,1.988773,2.334079,0.982211
663.000000,0.993491,1.505434,1.881701,2.293533,0.263292
664.000000,0.700929,1.236484,1.768541,2.126605,-0.443092
665.000000,0.076447,0.874537,1.621477,1.883003,-1.575391
666.000000,-0.342681,0.585862,1.581085,1.731534,-0.760387
667.000000,-0.374742,0.540598,1.614523,1.696540,0.953881
668.000000,-0.090648,0.571180,1.643166,1.701743,1.390290
669.000000,0.536943,0.728657,1.690068,1.745418,1.886866
670.000000,1.207543,0.727817,1.662611,1.725305,1.047020
671.000000,1.376923,0.607841,1.570504,1.649902,0.046452
672.000000,1.247285,0.543615,1.339007,1.603009,0.455494
673.000000,0.969571,0.557670,1.247267,1.566593,0.255828
674.000000,0.408606,0.589876,1.102086,1.524442,-0.299290
675.000000,0.310735,0.964735,1.063191,1.580422,0.721594
676.000000,0.441881,1.190528,1.001057,1.642929,0.515559
677.000000,0.514827,1.184357,0.978976,1.669293,0.705932
678.000000,0.702231,1.119577,0.977441,1.674457,0.787858
679.000000,1.023409,0.876782,0.977556,1.646272,0.391772
680.000000,1.080790,0.854428,0.983782,1.637812,0.721926
681.000000,1.397894,1.233077,1.087225,1.671940,1.280430
682.000000,1.691763,1.605365,1.227292,1.560900,1.800537
683.000000,1.647238,1.855014,1.378884,1.534642,0.914119
684.000000,1.933234,2.344083,1.704593,1.533870,1.633427
685.000000,1.931099,2.298609,2.090463,1.521541,1.085271
686.000000,1.757895,2.214961,2.276084,1.486188,0.911590
687.000000,1.371367,2.015294,2.162314,1.441337,0.466377
688.000000,1.238456,1.843209,2.000128,1.405406,0.487543
689.000000,0.660853,1.593252,1.664272,1.326412,-0.507559
690.000000,0.187708,1.298827,1.442208,1.213874,-0.657751
691.000000,0.413718,1.356868,1.656738,1.284855,1.637372
692.000000,0.793951,1.358966,1.799372,1.358647,1.690792
693.000000,1.015454,1.402253,1.887092,1.449467,1.205514
694.000000,1.527478,1.366884,2.049003,1.606787,1.416473
695.000000,1.907043,1.329211,2.003769,1.806207,0.952593
696.000000,2.052855,1.536157,2.105597,2.013691,2.359546
697.000000,2.193331,1.807612,2.154655,2.069587,2.227357
698.000000,2.519700,2.114853,2.213314,2.110292,2.502556
699.000000,2.541531,2.405508,2.235135,2.064840,2.046954
700.000000,2.576069,2.596838,2.207204,2.074421,1.865743
701.000000,2.217610,2.389046,2.079270,2.097624,1.128381
702.000000,1.924280,2.212332,1.953300,2.079669,1.055674
703.000000,1.692228,2.178252,1.937507,2.103661,1.493625
704.000000,1.463315,2.063920,1.846367,2.118604,1.003123
705.000000,1.260813,2.000907,1.798026,2.057129,0.955646
706.000000,1.053905,1.734856,1.713173,1.961345,0.137085
707.000000,0.928433,1.534492,1.689284,1.884216,0.451676
708.000000,0.882080,1.398763,1.728346,1.857864,1.319601
709.000000,0.967728,1.321060,1.823917,1.851798,1.361958
710.000000,0.944637,1.199257,1.883957,1.804125,0.824620
711.000000,1.402383,1.321194,1.890459,1.801447,2.040301
712.000000,1.738780,1.441392,1.887042,1.785872,1.917846
713.000000,1.786000,1.459919,1.889515,1.788295,1.581767
714.000000,1.792201,1.522573,1.867797,1.759342,1.475953
715.000000,1.841674,1.555307,1.854030,1.742462,1.240744
716.000000,1.684845,1.687963,1.785687,1.742646,1.364155
717.000000,1.569719,1.778146,1.729469,1.763508,1.414598
718.000000,1.519536,1.767906,1.655803,1.781534,1.377969
719.000000,1.493395,1.752587,1.612041,1.831795,1.376285
720.000000,1.632351,1.845474,1.611371,1.905330,1.961038
721.000000,1.910977,1.893245,1.702823,1.927474,2.635928
722.000000,2.048581,1.892200,1.761377,1.923494,2.038187
723.000000,1.930261,1.798601,1.716789,1.886146,0.830847
724.000000,1.902829,1.774828,1.728885,1.861886,1.278408
725.000000,1.743226,1.770667,1.736543,1.848440,1.137529
726.000000,1.410674,1.744677,1.781566,1.791037,1.080276
727.000000,1.121813,1.674650,1.786086,1.726366,0.757132
728.000000,1.181643,1.640733,1.761724,1.664968,1.115279
729.000000,1.105001,1.586748,1.725463,1.617079,0.962335
730.000000,1.055269,1.473659,1.714291,1.575008,0.918286
731.000000,0.990833,1.261605,1.633821,1.559211,0.792487
732.000000,1.002636,1.115094,1.565602,1.549118,0.825561
733.000000,0.898155,1.092729,1.508224,1.514637,0.628732
734.000000,0.903482,1.057091,1.480245,1.514245,0.996382
735.000000,0.970596,1.064253,1.481390,1.524954,1.234782
736.000000,0.802803,0.944225,1.412534,1.522687,-0.153028
737.000000,0.964045,1.027531,1.424477,1.564487,1.706055
738.000000,1.127420,1.037069,1.421563,1.562482,1.297602
739.000000,1.099360,1.019689,1.395368,1.543852,0.697820
740.000000,0.921988,0.980602,1.322133,1.538230,0.232675
741.000000,1.072714,0.930438,1.179386,1.478010,-0.109282
742.000000,0.184974,0.711883,1.002063,1.384292,-1.829418
743.000000,-0.515526,0.578114,0.943386,1.326081,-0.998161
744.000000,-1.368899,0.224729,0.804935,1.251078,-1.917861
745.000000,-1.788429,-0.182759,0.704520,1.209922,-1.147949
746.000000,-2.389069,-0.573886,0.537150,1.126771,-2.287503
747.000000,-2.602431,-1.625356,0.336942,1.012246,-2.669443
748.000000,-2.577623,-2.338601,0.147363,0.935400,-1.428231
749.000000,-2.366091,-2.756612,-0.072631,0.849160,-1.470082
750.000000,-2.215501,-2.752004,-0.303725,0.738012,-1.025094
751.000000,-1.814330,-2.586657,-0.540789,0.554836,-0.825534
752.000000,-1.260855,-2.195384,-0.775164,0.401519,-0.435090
753.000000,-0.728284,-1.817914,-0.873847,0.407071,0.820833
754.000000,-0.270083,-1.451379,-1.089447,0.344085,0.422322
755.000000,-0.057135,-1.304970,-1.429726,0.244938,-0.203047
756.000000,-0.386074,-1.301295,-1.733526,-0.013517,-2.053473
757.000000,-0.722064,-1.165911,-2.144517,-0.253198,-1.634613
758.000000,-1.442861,-1.268677,-2.404678,-0.636813,-1.979603
759.000000,-2.148768,-1.480422,-2.564788,-1.158208,-2.514806
760.000000,-2.581913,-1.764190,-2.619283,-1.746705,-2.510724
761.000000,-2.437360,-1.912878,-2.543953,-2.161645,-1.808933
762.000000,-2.258601,-1.970478,-2.332799,-2.368726,-1.213115
763.000000,-2.267896,-2.281364,-2.315326,-2.571855,-2.139933
764.000000,-2.101625,-2.417741,-2.227662,-2.640834,-1.800184
765.000000,-1.909192,-2.441858,-2.183696,-2.633927,-1.657372
766.000000,-1.755214,-2.257309,-2.057008,-2.464074,-1.175841
767.000000,-1.675036,-2.113547,-1.907671,-2.397740,-0.906698
768.000000,-1.425655,-1.974558,-1.846946,-2.322723,-0.958643
769.000000,-1.141091,-1.745742,-1.758905,-2.204092,-0.433727
770.000000,-0.974372,-1.573145,-1.739971,-2.127465,-0.919080
771.000000,-0.751567,-1.395984,-1.678242,-2.013485,-0.105288
772.000000,-0.738355,-1.365543,-1.686309,-1.912527,-0.859468
773.000000,-0.762653,-1.242578,-1.762912,-1.865249,-1.084548
774.000000,-0.765043,-1.078198,-1.771069,-1.769066,-0.412173
775.000000,-0.418555,-0.805663,-1.693832,-1.662170,0.651806
776.000000,-0.455561,-0.690766,-1.598515,-1.578666,-0.246257
777.000000,-0.307714,-0.604522,-1.524144,-1.482548,-0.217596
778.000000,-0.087096,-0.499583,-1.431335,-1.431692,-0.147978
779.000000,0.506645,-0.173994,-1.165512,-1.278236,2.028552
780.000000,0.725197,0.163320,-0.920709,-1.174349,1.477279
781.000000,1.151291,0.401155,-0.709019,-1.079474,1.482488
782.000000,1.547764,0.752907,-0.530617,-1.001501,1.457946
783.000000,1.787423,1.067388,-0.291481,-1.003695,1.008554
784.000000,1.605439,1.320994,-0.030816,-0.987758,1.252344
785.000000,1.730984,1.533480,0.332774,-0.908423,2.000950
786.000000,1.962220,1.929554,0.779782,-0.696245,2.436956
787.000000,2.304806,2.355219,1.344753,-0.405449,2.840771
788.000000,2.524702,2.579162,1.870323,-0.057619,2.360025
789.000000,2.575438,2.472691,2.220986,0.409280,2.117929
790.000000,2.414036,2.353183,2.419843,0.927275,1.652400
791.000000,2.202722,2.239352,2.444159,1.442700,1.560822
792.000000,1.992246,2.182930,2.511415,1.954701,1.794903
793.000000,1.856054,2.162879,2.523091,2.445356,1.711016
794.000000,1.723092,2.112628,2.448104,2.676625,1.501659
795.000000,1.690532,2.037154,2.332062,2.742753,1.532068
796.000000,1.671364,1.937813,2.273586,2.696492,1.501551
797.000000,1.622299,1.815541,2.224919,2.612104,1.561904
798.000000,1.603730,1.742032,2.183755,2.534430,1.623369
799.000000,1.550558,1.650218,2.046708,2.410316,1.262190
800.000000,1.476665,1.595985,1.950281,2.322054,1.178705
801.000000,1.376315,1.535548,1.861088,2.209423,1.010189
802.000000,1.215740,1.431337,1.774639,2.127296,0.756796
803.000000,1.045038,1.341376,1.723975,2.068450,0.786160
804.000000,0.906279,1.254320,1.668912,1.989389,0.563562
805.000000,0.689648,1.122176,1.581084,1.876302,0.087176
806.000000,0.514483,1.000679,1.489649,1.810820,0.155380
807.000000,0.524063,0.928759,1.411284,1.781817,0.892441
808.000000,0.422649,0.796696,1.329102,1.738785,0.319752
809.000000,0.372370,0.701022,1.255731,1.649512,0.349651
810.000000,0.416842,0.594875,1.200231,1.582270,0.185271
811.000000,0.450184,0.504238,1.150822,1.525434,0.208393
812.000000,0.270437,0.438861,1.084469,1.477105,0.143501
813.000000,0.313394,0.396008,1.034224,1.461730,0.587313
814.000000,0.567268,0.471810,1.027723,1.470425,1.902282
815.000000,0.910411,0.639054,1.012764,1.462600,1.813643
816.000000,1.432155,0.856328,1.005891,1.445357,2.097844
817.000000,2.305278,1.073958,1.023189,1.424888,2.887001
818.000000,2.745307,1.390458,1.021875,1.409238,2.291390
819.000000,2.510107,1.643003,1.027267,1.383099,1.445851
820.000000,2.485666,2.035252,1.074412,1.392135,2.057942
821.000000,2.223793,2.280446,1.111085,1.385958,1.148313
822.000000,1.836387,2.463411,1.188136,1.367216,1.158112
823.000000,1.522629,2.437824,1.257557,1.344661,0.919552
824.000000,1.431955,2.248481,1.376734,1.337359,1.067527
825.000000,1.330501,2.169092,1.620419,1.342625,1.605252
826.000000,1.376504,2.042454,1.841818,1.342500,1.373699
827.000000,1.604665,1.944094,2.013408,1.364520,2.127278
828.000000,1.901682,1.933019,2.220177,1.389490,2.272977
829.000000,2.111200,1.998836,2.374273,1.445075,2.170992
830.000000,2.065995,1.914370,2.428696,1.481283,1.606072
831.000000,2.066269,1.929136,2.441038,1.534521,1.622886
832.000000,1.885193,1.901721,2.404678,1.592373,1.348262
833.000000,1.692522,1.895508,2.327568,1.642005,1.344193
834.000000,1.505625,1.867571,2.196057,1.698820,1.268593
835.000000,1.469206,1.821505,2.110915,1.797284,1.451800
836.000000,1.385673,1.773976,2.014157,1.863195,1.232957
837.000000,1.240300,1.609835,1.854768,1.834744,0.629203
838.000000,1.147890,1.468327,1.751822,1.848033,0.884570
839.000000,0.967357,1.284658,1.663288,1.832019,0.340143
840.000000,0.709428,1.149845,1.550910,1.818187,0.179837
841.000000,0.239222,0.898500,1.423028,1.750251,-1.180536
842.000000,-0.181261,0.650527,1.298923,1.684835,-1.489652
843.000000,-0.653737,0.418252,1.216473,1.624123,-1.111753
844.000000,-0.852839,0.244806,1.171495,1.559159,-0.226246
845.000000,-1.086609,-0.017983,1.088321,1.493124,-0.579907
846.000000,-1.056678,-0.332489,0.996708,1.407608,-1.043324
847.000000,-1.086962,-0.668870,0.823080,1.266872,-1.656284
848.000000,-1.117918,-1.032087,0.640026,1.156209,-1.242511
849.000000,-1.531478,-1.414749,0.388503,1.041532,-1.970715
850.000000,-1.729480,-1.682805,0.169140,0.910884,-1.567576
851.000000,-1.752745,-1.681506,-0.072655,0.826231,-1.309777
852.000000,-1.519659,-1.547880,-0.278510,0.771050,-0.690173
853.000000,-1.407979,-1.486416,-0.533944,0.720616,-0.783523
854.000000,-0.949660,-1.409493,-0.743318,0.714840,0.125831
855.000000,-0.579777,-1.299134,-1.006510,0.676128,0.102027
856.000000,-0.250473,-1.139832,-1.252736,0.650662,0.147730
857.000000,0.026933,-0.863624,-1.372660,0.587251,0.534285
858.000000,0.445130,-0.568351,-1.433245,0.527240,1.075603
859.000000,0.624340,-0.196036,-1.389891,0.429309,0.943790
860.000000,0.864134,0.165772,-1.266253,0.395211,1.180195
861.000000,1.103032,0.499133,-0.957541,0.339271,1.197921
862.000000,1.265317,0.755896,-0.617261,0.319442,1.249088
863.000000,1.315830,1.030646,-0.325203,0.296759,1.302692
864.000000,1.337976,1.152584,-0.165478,0.223575,1.057731
865.000000,1.319825,1.284591,0.035496,0.036137,1.103611
866.000000,1.203367,1.358858,0.231559,-0.309328,0.658886
867.000000,0.911777,1.286533,0.412668,-0.822035,-0.099255
868.000000,0.594346,1.140649,0.551815,-1.589891,-0.141392
869.000000,0.193013,0.936411,0.727608,-2.133072,-0.715785
870.000000,-0.229734,0.693945,0.866824,-2.347157,-0.714589
871.000000,-0.658289,0.367278,0.907947,-2.147410,-1.211511
872.000000,-0.822076,0.071870,0.907391,-1.806844,-0.864101
873.000000,-0.988474,-0.246683,0.911740,-1.727463,-0.932565
874.000000,-0.981190,-0.499828,0.813501,-1.903922,-0.720852
875.000000,-0.955280,-0.737894,0.729481,-1.971785,-0.622658
876.000000,-1.208277,-1.145374,0.335051,-2.526580,-2.242773
877.000000,-1.780778,-1.596929,-0.410012,-3.045896,-3.022221
878.000000,-2.057005,-1.864711,-1.105027,-3.123165,-2.150183
879.000000,-2.157537,-1.929597,-1.565242,-2.787862,-1.494309
880.000000,-2.086115,-1.874554,-1.816540,-2.395854,-0.731124
881.000000,-1.773464,-1.776493,-2.005707,-2.146081,-0.726429
882.000000,-1.297966,-1.723965,-2.149914,-2.068454,-0.753432
883.000000,-0.965147,-1.654986,-2.234117,-1.964158,-0.642116
884.000000,-0.803382,-1.627055,-2.274591,-2.056281,-0.779274
885.000000,-0.725407,-1.559780,-2.244713,-2.041525,-0.395534
886.000000,-0.655479,-1.352871,-2.177145,-2.039603,-0.416081
887.000000,-0.561491,-1.034239,-2.050546,-2.064334,-0.326827
888.000000,-0.439023,-0.776467,-1.916310,-2.097554,-0.070224
889.000000,-0.278712,-0.597386,-1.763709,-2.092726,-0.041658
890.000000,-0.323435,-0.579261,-1.684181,-2.187213,-0.621684
891.000000,-0.583312,-0.677538,-1.667673,-2.369590,-1.625364
892.000000,-0.796714,-0.731388,-1.643231,-2.447061,-1.254700
893.000000,-0.978647,-0.749377,-1.582686,-2.444022,-0.775535
894.000000,-1.184900,-0.753391,-1.542271,-2.410674,-0.793864
895.000000,-1.264429,-0.813034,-1.512288,-2.371862,-0.790796
896.000000,-1.108548,-0.893247,-1.397893,-2.309026,-0.917537
897.000000,-0.866661,-0.921598,-1.177699,-2.168670,-0.106441
898.000000,-0.641067,-0.958438,-0.999146,-2.030823,0.331540
899.000000,-0.310011,-0.988770,-0.867915,-1.878051,0.536363
900.000000,-0.009490,-0.954414,-0.821133,-1.763164,0.237450
901.000000,0.129138,-0.799187,-0.821019,-1.677316,-0.565328
902.000000,-0.243400,-0.826708,-0.869699,-1.660505,-1.351825
903.000000,-0.733287,-0.967090,-0.933745,-1.639254,-1.178570
904.000000,-2.324939,-1.887490,-1.238087,-1.787876,-3.681862
905.000000,-3.172925,-2.709874,-1.600108,-1.902810,-2.901420
906.000000,-3.430770,-3.223069,-2.017888,-1.938669,-2.844303
907.000000,-3.303459,-3.373685,-2.368340,-1.893430,-2.518020
908.000000,-3.135614,-3.307040,-2.600388,-1.872866,-2.138898
909.000000,-2.655055,-3.166137,-2.698971,-1.876333,-1.830591
910.000000,-2.377762,-3.018634,-2.690504,-1.930126,-1.809350
911.000000,-2.150147,-2.867717,-2.597995,-1.989884,-1.875087
912.000000,-1.965432,-2.690943,-2.518432,-2.028085,-1.696969
913.000000,-1.865305,-2.568098,-2.473447,-2.069669,-1.696193
914.000000,-1.790314,-2.303479,-2.406381,-2.082080,-1.519711
915.000000,-1.711192,-2.117767,-2.339883,-2.104363,-1.458988
916.000000,-1.567459,-1.920584,-2.251526,-2.099208,-1.192464
917.000000,-1.427108,-1.751597,-2.187800,-2.082965,-1.017512
918.000000,-1.286959,-1.627710,-2.142660,-2.074997,-1.005760
919.000000,-1.158682,-1.526882,-2.098005,-2.058187,-0.885537
920.000000,-1.039248,-1.431613,-2.049625,-2.019562,-0.880777
921.000000,-0.967772,-1.326903,-1.986151,-1.946600,-0.855290
922.000000,-0.935338,-1.240922,-1.914283,-1.894279,-0.867557
923.000000,-0.915729,-1.158774,-1.859589,-1.864606,-0.918348
924.000000,-0.876630,-1.071302,-1.722293,-1.824474,-0.692792
925.000000,-0.786075,-0.962291,-1.598629,-1.775227,-0.425526
926.000000,-0.676398,-0.870531,-1.471897,-1.723417,-0.298483
927.000000,-0.549607,-0.793195,-1.362145,-1.693045,-0.231364
928.000000,-0.468586,-0.748393,-1.289866,-1.689615,-0.578208
929.000000,-0.562634,-0.778425,-1.264535,-1.716837,-1.318061
930.000000,-0.675931,-0.781640,-1.225388,-1.725262,-1.034827
931.000000,-0.894947,-0.808386,-1.188423,-1.727294,-1.364881
932.000000,-1.200952,-0.839135,-1.159848,-1.716338,-1.479124
933.000000,-1.547884,-0.878541,-1.131739,-1.712493,-2.035622
934.000000,-1.880073,-1.025352,-1.134999,-1.659507,-2.768043
935.000000,-2.175765,-1.199714,-1.118769,-1.602801,-1.715248
936.000000,-2.084593,-1.380854,-1.100405,-1.526981,-0.797946
937.000000,-1.801215,-1.581983,-1.086349,-1.457079,-0.430901
938.000000,-1.361263,-1.684020,-1.059992,-1.394986,0.014759
939.000000,-0.827950,-1.653727,-1.058042,-1.353950,-0.481855
940.000000,-0.603343,-1.697110,-1.067146,-1.316962,-0.802118
941.000000,-0.554424,-1.602330,-1.076883,-1.269498,-0.601065
942.000000,-0.443978,-1.379011,-1.066706,-1.217292,0.040982
943.000000,-0.327073,-1.050035,-1.029374,-1.151534,0.513122
944.000000,0.005592,-0.520305,-1.002445,-1.085183,0.858660
945.000000,0.344620,-0.174282,-1.024383,-1.022106,0.565446
946.000000,0.497234,-0.045875,-1.103414,-0.985189,0.023281
947.000000,0.671986,0.138596,-1.162234,-0.943152,0.760421
948.000000,0.700090,0.235467,-1.165915,-0.901134,0.633112
949.000000,0.610346,0.388932,-1.028762,-0.869278,0.495171
950.000000,0.721519,0.670299,-0.870848,-0.821159,1.007195
951.000000,0.837925,0.836885,-0.679705,-0.787272,0.471523
952.000000,0.826223,0.937735,-0.428252,-0.741120,0.708729
953.000000,0.682327,0.866463,-0.217048,-0.703960,0.052980
954.000000,0.592559,0.755597,0.154890,-0.687645,0.127967
955.000000,0.293095,0.645883,0.380011,-0.723818,-0.209876
956.000000,0.231547,0.692709,0.557044,-0.776834,0.229457
957.000000,0.120128,0.632849,0.719540,-0.864014,0.309475
958.000000,0.107196,0.544857,0.790266,-0.943037,-0.018702
959.000000,-0.019719,0.413470,0.885251,-0.917859,-0.396624
960.000000,0.177800,0.322747,1.183248,-0.871499,0.585467
961.000000,0.263570,0.331140,1.440262,-0.710024,0.636020
962.000000,0.353554,0.302865,1.550837,-0.421168,0.721576
963.000000,0.015595,0.079460,1.224850,-0.333794,-1.525388
964.000000,-0.364713,-0.215655,0.753797,0.024024,-2.229881
965.000000,-1.209284,-0.504797,0.285973,0.066525,-2.576015
966.000000,-2.166102,-0.907754,-0.096410,-0.287564,-2.481824
967.000000,-2.996724,-1.416597,-0.706451,-1.047813,-2.631415
968.000000,-2.426949,-1.456357,-0.829199,-1.163597,-0.019296
969.000000,-1.915646,-1.470884,-0.965879,-1.109126,-0.308730
970.000000,-1.284699,-1.557884,-1.112111,-0.660404,0.206660
971.000000,-0.850339,-1.755629,-1.269666,-0.591530,-0.542751
972.000000,-0.494079,-2.019168,-1.560491,-1.102866,-1.240175
973.000000,-0.702451,-1.850754,-1.638788,-1.622958,-0.835399
974.000000,-0.844596,-1.639374,-1.716512,-2.210392,-0.900012
975.000000,-0.860435,-1.267514,-1.602743,-2.274219,0.124857
976.000000,-0.657978,-0.883967,-1.550817,-2.079128,0.291291
977.000000,-0.281243,-0.451153,-1.519935,-2.157398,0.268090
978.000000,0.630004,-0.056171,-1.162144,-1.565193,2.480708
979.000000,1.486712,0.356998,-0.795535,-1.024450,2.120173
980.000000,1.914369,0.646245,-0.600683,-0.784570,1.743034
981.000000,2.390005,1.194469,-0.297510,-0.061430,2.287813
982.000000,2.567233,1.719261,-0.095978,0.383782,1.659488
983.000000,2.312578,2.123360,0.392516,1.171171,1.724078
984.000000,2.078167,2.356260,0.872659,1.742871,1.379279
985.000000,1.907478,2.359199,1.348045,2.206431,1.209063
986.000000,1.500580,2.236774,1.682957,2.185889,0.579505
987.000000,1.156350,2.075356,1.941317,2.022747,0.164166
988.000000,0.881751,1.776418,1.926855,2.073973,0.501675
989.000000,0.712816,1.561110,1.950666,2.197059,0.632295
990.000000,0.532317,1.379858,1.894934,2.056475,0.427141
991.000000,0.602414,1.201815,1.967968,2.045059,0.880294
992.000000,0.931896,1.197334,2.157271,2.185940,1.561879
993.000000,0.925751,1.034964,2.127852,2.308124,0.507577
994.000000,0.941885,0.947418,2.112167,2.450325,0.739867
995.000000,1.105205,0.940499,2.067154,2.608396,1.217685
996.000000,0.992734,0.905733,1.942188,2.573570,0.342853
997.000000,0.759401,0.944884,1.854623,2.575375,0.506701
998.000000,0.716655,0.912719,1.641294,2.353482,0.207800
999.000000,0.592164,0.858952,1.467994,2.199945,0.137694
1000.000000,0.337444,0.846581,1.343340,2.052198,0.239840
1001.000000,0.265184,0.755897,1.174267,1.963029,0.021168
1002.000000,0.173914,0.570311,1.064852,1.940049,0.121825
1003.000000,0.228791,0.581402,0.970233,1.920086,0.489509
1004.000000,0.304452,0.554669,0.902647,1.910754,0.484037
1005.000000,0.279778,0.382888,0.829640,1.840077,0.036398
1006.000000,0.480453,0.436724,0.841830,1.796665,0.676584
1007.000000,0.825993,0.512026,0.916499,1.778670,1.068836
1008.000000,1.204372,0.757517,0.982784,1.664051,1.521745
1009.000000,1.723008,1.228667,1.070421,1.592506,2.082772
1010.000000,2.291059,1.933092,1.208225,1.557278,2.124714
1011.000000,2.491598,2.765635,1.308626,1.483353,2.093741
1012.000000,2.569734,3.161990,1.331738,1.451786,1.945120
1013.000000,2.417943,2.999577,1.475907,1.394045,1.455485
1014.000000,2.235769,2.840352,1.603658,1.371352,1.645830
1015.000000,2.159054,2.831062,1.683939,1.380391,1.997594
1016.000000,1.975555,2.656738,1.842043,1.420031,1.516356
1017.000000,1.720353,2.421641,1.895740,1.471547,1.005453
1018.000000,1.613228,2.216221,1.992127,1.502841,1.082402
1019.000000,1.182049,1.831398,1.947268,1.459411,-0.406106
1020.000000,0.541831,1.431991,1.852507,1.419410,-0.988230
1021.000000,-0.280330,0.943900,1.682360,1.300332,-1.924589
1022.000000,-0.670337,0.640743,1.606398,1.181849,-0.588119
1023.000000,-0.734173,0.582379,1.625999,1.247350,0.835668
1024.000000,-0.547041,0.430792,1.588815,1.265428,0.391396
1025.000000,-0.189831,0.223957,1.592440,1.231911,0.532255
1026.000000,0.554967,0.160097,1.600033,1.329446,1.127429
1027.000000,0.976617,0.184880,1.585184,1.404413,1.157084
1028.000000,0.989488,0.161777,1.527433,1.494613,0.910373
1029.000000,0.984479,0.281379,1.395765,1.555295,0.373668
1030.000000,1.384887,0.768897,1.420004,1.740084,2.145668
1031.000000,1.628170,1.397180,1.449691,1.932218,2.058664
1032.000000,1.831572,1.788168,1.482163,2.074107,1.917956
1033.000000,1.847570,1.800985,1.474821,2.083839,0.987763
1034.000000,2.221422,2.047639,1.572663,2.159953,2.093721
1035.000000,1.637457,1.912275,1.397951,2.062824,-0.370706
1036.000000,0.571661,1.402272,1.051455,1.802889,-2.242255
1037.000000,-0.594376,0.840605,0.706896,1.539833,-2.208254
1038.000000,-1.385698,0.350749,0.369191,1.318632,-1.671156
1039.000000,-2.239380,-0.057647,0.198119,1.092575,-1.402142
1040.000000,-2.320558,-0.839923,0.080828,0.856845,-1.306423
1041.000000,-1.944102,-1.518442,0.158261,0.640098,-1.009322
1042.000000,-1.484058,-1.927953,0.158308,0.472089,-0.468220
1043.000000,-0.981438,-1.910167,0.105972,0.422665,0.318274
1044.000000,-0.379066,-1.931617,0.332504,0.434370,0.974825
1045.000000,0.134771,-1.631993,0.471776,0.356823,0.682764
1046.000000,0.272121,-1.309626,0.062943,0.139165,-0.489866
1047.000000,0.346004,-0.930122,-0.305943,0.006714,-0.194644
1048.000000,0.184437,-0.668252,-0.670296,-0.159615,-0.296289
1049.000000,-0.181139,-0.463830,-0.928268,-0.183005,-0.378189
1050.000000,-0.612508,-0.388267,-1.832981,-0.240163,-0.933460
1051.000000,-0.785083,-0.418420,-2.596841,-0.221456,-1.176206
1052.000000,-0.929541,-0.477188,-2.907917,-0.303810,-0.760634
1053.000000,-1.140134,-0.782242,-2.940219,-0.670384,-1.126726
1054.000000,-1.294154,-1.192473,-3.019580,-0.991408,-1.042509
1055.000000,-1.369730,-1.560942,-2.787587,-1.423040,-1.320883
1056.000000,-1.382320,-1.660173,-2.422305,-1.889036,-1.295606
1057.000000,-1.362640,-1.692210,-2.072892,-2.139421,-0.770080
1058.000000,-1.172051,-1.631959,-1.800001,-2.189233,-0.379847
1059.000000,-0.834747,-1.444700,-1.498805,-2.018011,0.362210
1060.000000,-0.559224,-1.282160,-1.314338,-2.129693,-0.153338
1061.000000,-0.291643,-1.125361,-1.194275,-2.207301,-0.219293
1062.000000,-0.086506,-1.020683,-1.127297,-2.230844,0.048279
1063.000000,0.097003,-0.821109,-1.141189,-2.150648,0.352722
1064.000000,0.097198,-0.632257,-1.253908,-2.207889,0.507965
1065.000000,0.248432,-0.374236,-1.342914,-2.083370,0.313133
1066.000000,0.438274,-0.035506,-1.258742,-1.813375,0.306678
1067.000000,0.567042,0.281194,-1.189579,-1.538240,0.535402
1068.000000,0.986785,0.841870,-0.963588,-1.206756,2.057052
1069.000000,1.366360,1.213213,-0.730173,-0.899684,1.929653
1070.000000,1.054650,1.087433,-0.695669,-0.832019,-0.928854
1071.000000,0.483980,0.747226,-0.720526,-0.869597,-1.716055
1072.000000,-0.393214,0.156532,-0.885595,-1.034282,-2.182358
1073.000000,-1.774216,-0.635583,-1.056747,-1.339167,-2.419659
1074.000000,-2.388067,-1.001632,-1.063193,-1.559419,-0.987661
1075.000000,-1.996167,-0.986721,-0.864480,-1.612329,0.264939
1076.000000,-1.378528,-0.861436,-0.564684,-1.476487,0.724527
1077.000000,-0.889925,-1.037543,-0.504268,-1.481985,-0.321019
1078.000000,-0.389316,-1.644573,-0.661237,-1.527751,-0.907474
1079.000000,-0.484047,-2.240964,-1.256801,-1.605839,-1.284528
1080.000000,-0.907413,-2.201441,-1.788616,-1.603504,-1.064235
1081.000000,-1.085799,-1.811011,-1.947494,-1.484418,0.086402
1082.000000,-0.764439,-1.210795,-1.892169,-1.375046,0.679655
1083.000000,-0.354067,-0.542389,-1.910846,-1.235350,0.426393
1084.000000,0.198791,-0.199047,-1.795380,-1.090360,0.491963
1085.000000,0.770730,-0.080472,-1.535625,-0.838989,0.758961
1086.000000,1.191984,0.103124,-1.058989,-0.441050,1.450106
1087.000000,1.367702,0.482642,-0.725055,-0.111678,1.263032
1088.000000,1.447865,0.868990,-1.027005,0.096319,0.763654
1089.000000,1.561510,1.375809,-1.228854,0.211331,1.026558
1090.000000,1.606567,1.785424,-0.546928,0.486367,1.090789
1091.000000,1.503228,1.923189,0.543179,0.812804,1.194263
1092.000000,1.769125,2.146863,2.360428,1.321563,2.228448
1093.000000,2.034392,2.294568,3.444264,1.669438,1.924957
1094.000000,2.421620,2.544865,3.666014,2.145819,2.675474
1095.000000,2.601761,2.622206,3.440781,2.455891,2.313835
1096.000000,2.638461,2.558204,3.188767,2.606461,2.047345
1097.000000,2.480288,2.505367,3.076909,2.652341,1.926184
1098.000000,2.363855,2.475328,2.984875,2.541443,1.769122
1099.000000,2.249530,2.496878,2.975677,2.546331,2.213441
1100.000000,2.179977,2.485742,2.910734,2.677026,2.107820
1101.000000,2.147582,2.456385,2.787045,2.759326,2.059852
1102.000000,2.123668,2.358731,2.661634,2.791562,2.009430
1103.000000,2.130836,2.294136,2.571359,2.790056,1.993660
1104.000000,2.103082,2.204838,2.508485,2.723483,2.099395
1105.000000,2.054861,2.130020,2.431523,2.612169,1.914377
1106.000000,2.020711,2.087693,2.352663,2.516755,1.934198
1107.000000,1.967443,2.043877,2.282538,2.455319,1.793826
1108.000000,1.904585,2.011815,2.230779,2.408866,1.709336
1109.000000,1.824394,1.955381,2.182248,2.374490,1.703992
1110.000000,1.767702,1.904058,2.135889,2.332495,1.644278
1111.000000,1.747808,1.879522,2.108080,2.285875,1.828179
1112.000000,1.709269,1.835579,2.046346,2.222241,1.607593
1113.000000,1.654541,1.778086,1.990104,2.163015,1.443898
1114.000000,1.542496,1.682812,1.901952,2.094825,1.140052
1115.000000,1.463423,1.616631,1.837683,2.037946,1.235795
1116.000000,1.295979,1.524997,1.772906,1.966412,0.978219
1117.000000,1.133105,1.429865,1.708437,1.899383,0.782635
1118.000000,0.998640,1.343760,1.657419,1.849263,0.770876
1119.000000,0.976579,1.282504,1.610024,1.814792,1.044801
1120.000000,0.901123,1.212142,1.560472,1.778670,0.883462
1121.000000,0.905864,1.129287,1.519723,1.750959,1.030152
1122.000000,0.851433,1.017800,1.458028,1.693763,0.424941
1123.000000,0.836311,0.937183,1.406813,1.653887,0.643422
1124.000000,0.742375,0.885719,1.347633,1.601564,0.592658
1125.000000,0.683458,0.818951,1.296611,1.558508,0.604211
1126.000000,0.627865,0.800999,1.250573,1.528814,0.858454
1127.000000,0.794912,0.840217,1.222197,1.511803,1.280967
1128.000000,1.018664,0.925380,1.211920,1.511316,1.861988
1129.000000,1.215361,0.950495,1.188678,1.492757,1.471551
1130.000000,1.554009,1.055537,1.185074,1.486963,2.114165
1131.000000,1.730605,1.099103,1.146647,1.469445,1.446973
1132.000000,1.775518,1.232139,1.116031,1.449151,1.269546
1133.000000,1.691449,1.352522,1.098783,1.429450,1.375471
1134.000000,1.627836,1.468588,1.097598,1.397768,0.998175
1135.000000,1.211822,1.526957,1.065429,1.359805,0.110096
1136.000000,0.975792,1.563295,1.063211,1.321823,0.323305
1137.000000,0.618984,1.463988,1.064300,1.279011,-0.366635
1138.000000,0.360753,1.318144,1.090724,1.248245,0.355018
1139.000000,0.324000,1.283096,1.109755,1.223351,0.936054
1140.000000,0.501478,1.095209,1.146801,1.197246,0.809315
1141.000000,0.726589,1.054281,1.182564,1.160278,1.222316
1142.000000,1.184586,1.078955,1.306128,1.138434,1.497269
1143.000000,1.439963,1.086489,1.407051,1.125583,1.481051
1144.000000,1.659393,1.234334,1.548658,1.146923,1.924893
1145.000000,2.000120,1.593482,1.724115,1.177404,2.362615
1146.000000,2.217181,1.891926,1.870896,1.237626,2.341467
1147.000000,2.326906,2.192542,1.958923,1.320763,2.221476
1148.000000,2.417737,2.341002,1.983296,1.412896,2.177116
1149.000000,2.448133,2.419050,2.050405,1.495410,2.291758
1150.000000,2.338920,2.441039,2.028847,1.582824,1.989504
1151.000000,2.187337,2.396061,2.033546,1.645048,1.740518
1152.000000,2.103521,2.364165,2.061462,1.760744,1.883962
1153.000000,2.051552,2.353701,2.085413,1.857282,1.963926
1154.000000,1.858464,2.244400,2.072063,1.917221,1.377016
1155.000000,2.080714,2.315440,2.241165,2.064395,2.898712
1156.000000,2.070015,2.226749,2.259877,2.103870,1.717263
1157.000000,2.032156,2.155647,2.291181,2.109648,1.728473
1158.000000,2.013086,2.110963,2.294949,2.091976,1.889679
1159.000000,1.999954,2.006298,2.240410,2.061580,1.467059
1160.000000,1.660723,1.905214,2.176640,1.990266,1.238653
1161.000000,1.519453,1.813112,2.099647,1.938342,1.055942
1162.000000,1.396961,1.726041,2.032983,1.901121,1.126025
1163.000000,0.996323,1.507421,1.897162,1.795614,-0.092279
1164.000000,0.719357,1.376549,1.780507,1.724237,0.086070
1165.000000,0.427605,1.076353,1.647337,1.669258,-0.210647
1166.000000,0.139154,0.880109,1.519827,1.612236,-0.344001
1167.000000,-0.220254,0.664019,1.398335,1.571704,-0.542136
1168.000000,-0.270267,0.439068,1.298232,1.534085,-0.318715
1169.000000,-0.471367,0.199925,1.168337,1.471538,-0.844377
1170.000000,-0.629272,-0.036744,1.050682,1.419007,-0.925224
1171.000000,-0.761824,-0.269127,0.947252,1.369297,-0.898329
1172.000000,-0.895658,-0.559785,0.823515,1.313790,-1.111420
1173.000000,-1.073967,-0.686718,0.692453,1.269392,-1.022037
1174.000000,-1.182431,-0.887884,0.574575,1.206663,-1.283519
1175.000000,-1.176665,-1.010464,0.342906,1.144561,-0.868667
1176.000000,-1.161254,-1.109577,0.174249,1.078603,-0.830452
1177.000000,-1.216218,-1.238652,-0.062650,0.985197,-1.370528
1178.000000,-1.323424,-1.410749,-0.377226,0.872949,-1.508892
1179.000000,-1.320881,-1.459840,-0.681473,0.744367,-1.297556
1180.000000,-1.439471,-1.507882,-1.020737,0.596550,-1.453343
1181.000000,-1.450171,-1.487579,-1.323820,0.466971,-0.987503
1182.000000,-1.287673,-1.400107,-1.606210,0.321075,-0.670912
1183.000000,-1.132675,-1.346980,-1.714000,0.114748,-0.798009
1184.000000,-1.080963,-1.305762,-1.842774,-0.117072,-1.057593
1185.000000,-0.970390,-1.295619,-1.857862,-0.608524,-0.996048
1186.000000,-0.919247,-1.269124,-1.809413,-1.017730,-0.784269
1187.000000,-0.957743,-1.200455,-1.735801,-1.487807,-0.875811
1188.000000,-0.897937,-1.081104,-1.654263,-1.924018,-0.466606
1189.000000,-0.809491,-1.000899,-1.549732,-2.204220,-0.622002
1190.000000,-0.709694,-0.891052,-1.451593,-2.330903,-0.497576
1191.000000,-0.479112,-0.765461,-1.330185,-2.288379,0.652286
1192.000000,-0.039068,-0.639786,-1.192472,-2.200618,1.832207
1193.000000,0.489373,-0.452092,-1.065883,-1.961281,2.093143
1194.000000,1.152854,-0.213345,-0.948154,-1.804353,1.550842
1195.000000,1.973906,0.116637,-0.845697,-1.624724,2.008965
1196.000000,2.443046,0.573003,-0.721062,-1.437360,2.470420
1197.000000,2.475056,1.180382,-0.544997,-1.259293,2.257455
1198.000000,2.619618,1.895531,-0.288719,-1.082610,2.848416
1199.000000,2.724304,2.505239,-0.015206,-0.875732,2.517006
1200.000000,2.595339,2.746597,0.292771,-0.695935,1.942862
1201.000000,2.446429,2.712356,0.616361,-0.509280,2.011914
1202.000000,2.338495,2.577299,0.955263,-0.297280,1.945501
1203.000000,2.097401,2.420026,1.331529,-0.094813,1.690553
1204.000000,1.955335,2.352390,1.786743,0.167142,1.821720
1205.000000,1.938690,2.284004,2.160719,0.438203,1.897011
1206.000000,1.903868,2.195726,2.399928,0.745066,1.861574
1207.000000,1.817274,2.094759,2.492041,1.108015,1.573442
1208.000000,1.818271,1.986105,2.481651,1.520212,1.748547
1209.000000,1.773747,1.892773,2.437932,1.865707,1.643690
1210.000000,1.679815,1.826452,2.359830,2.131036,1.455648
1211.000000,1.539174,1.728688,2.227800,2.239483,1.165567
1212.000000,1.431849,1.629814,2.097258,2.253894,1.041084
1213.000000,1.332786,1.580690,1.999936,2.263041,1.250694
1214.000000,1.450459,1.623516,2.000541,2.338048,2.174435
1215.000000,1.585595,1.647603,1.985153,2.349319,2.064714
1216.000000,1.674267,1.623476,1.929089,2.296330,1.597885
1217.000000,1.840045,1.656276,1.901284,2.265409,1.869770
1218.000000,1.868537,1.623121,1.830073,2.191287,1.413219
1219.000000,1.721372,1.602484,1.772294,2.135638,1.426894
1220.000000,1.573312,1.590875,1.731782,2.081044,1.323937
1221.000000,1.577274,1.636652,1.706736,2.026637,1.613310
1222.000000,1.416451,1.646335,1.659066,1.952593,1.082481
1223.000000,1.668857,1.785657,1.702928,1.949970,2.554637
1224.000000,1.855112,1.798649,1.724872,1.947333,2.232082
1225.000000,2.024223,1.809186,1.738126,1.935900,2.098834
1226.000000,2.064661,1.838877,1.738843,1.907843,1.818363
1227.000000,2.151703,1.818245,1.743441,1.878359,1.636827
1228.000000,1.906252,1.814484,1.724437,1.829294,1.366889
1229.000000,1.804531,1.847971,1.731780,1.803122,1.735052
1230.000000,1.698506,1.871280,1.739676,1.784914,1.588620
1231.000000,1.627603,1.854656,1.755293,1.762491,1.482600
1232.000000,1.621379,1.897066,1.783792,1.748075,1.610217
1233.000000,1.679987,1.808808,1.804544,1.743593,1.662916
1234.000000,1.715070,1.777210,1.793220,1.745950,1.896521
1235.000000,1.757124,1.746715,1.780761,1.743146,1.794348
1236.000000,1.902648,1.789051,1.815880,1.759098,2.170266
1237.000000,1.896694,1.783814,1.802286,1.759944,1.621010
1238.000000,1.910400,1.819976,1.819444,1.761643,1.761603
1239.000000,1.798309,1.776345,1.810391,1.749776,1.367461
1240.000000,1.751961,1.770707,1.817740,1.752446,1.567931
1241.000000,1.591469,1.755371,1.801902,1.756146,1.379817
1242.000000,1.481989,1.699091,1.791385,1.752214,1.062975
1243.000000,1.425127,1.683190,1.742799,1.759149,1.497219
1244.000000,1.484720,1.660305,1.716258,1.743607,1.659327
