0.000000,5.385165,5.385165,5.385165,5.385165,1.721517
1.000000,3.745253,3.739149,3.746620,3.747878,0.763376
2.000000,3.005830,2.999821,3.010713,3.010205,0.910089
3.000000,2.547152,2.542233,2.558086,2.559150,-0.543071
4.000000,2.224361,2.228717,2.243791,2.246108,0.234186
5.000000,1.980312,1.994490,2.006697,2.011606,0.743832
6.000000,1.800452,1.811901,1.820332,1.826691,0.943373
7.000000,1.644522,1.657618,1.665499,1.673020,0.337404
8.000000,1.530544,1.531605,1.535029,1.543482,0.731630
9.000000,1.433464,1.421645,1.422956,1.433055,1.808769
10.000000,1.345367,1.323103,1.324727,1.336296,1.985603
11.000000,1.268153,1.242195,1.237757,1.250897,2.248879
12.000000,1.202024,1.167324,1.159865,1.174511,2.119441
13.000000,1.149348,1.111399,1.091338,1.105322,3.071010
14.000000,1.094018,1.057275,1.028868,1.040647,2.837326
15.000000,1.046414,1.007656,0.971951,0.980260,2.856019
16.000000,0.998636,0.960330,0.919662,0.924284,2.469377
17.000000,0.955146,0.918408,0.869762,0.871355,2.176754
18.000000,0.923135,0.887456,0.829027,0.824354,2.934211
19.000000,0.896480,0.856525,0.788891,0.779408,2.721090
20.000000,0.874046,0.830739,0.751297,0.737760,2.640081
21.000000,0.867485,0.812133,0.722076,0.700154,2.675165
22.000000,0.868889,0.799480,0.695556,0.666004,2.431531
23.000000,0.851328,0.783836,0.675922,0.633718,2.132353
24.000000,0.841919,0.776590,0.660070,0.605717,2.097049
25.000000,0.841768,0.779306,0.651494,0.583307,2.072498
26.000000,0.862631,0.809844,0.659854,0.573833,2.205659
27.000000,0.916072,0.879935,0.699140,0.583387,2.013829
28.000000,1.060935,1.032449,0.823030,0.657245,1.733993
29.000000,1.950182,2.150983,2.385266,2.266701,1.694509
30.000000,1.883021,2.067907,2.319184,2.227457,1.736767
31.000000,1.750256,1.960971,2.242751,2.194715,1.531374
32.000000,1.672445,1.885383,2.188862,2.167833,1.613439
33.000000,1.530888,1.772211,2.086059,2.123405,1.034856
34.000000,1.398662,1.667907,1.999082,2.073199,1.017624
35.000000,1.268944,1.575619,1.924165,2.026987,1.073756
36.000000,1.109524,1.437324,1.842362,1.965626,0.712538
37.000000,0.950157,1.328903,1.783014,1.926379,0.841439
38.000000,0.961345,1.270269,1.723708,1.900959,1.106703
39.000000,0.969531,1.209982,1.667476,1.866836,1.069270
40.000000,1.016602,1.165468,1.625351,1.845873,1.337260
41.000000,1.277266,1.200840,1.609530,1.850330,1.975805
42.000000,1.464505,1.202555,1.585336,1.845382,1.717389
43.000000,1.571336,1.262133,1.564773,1.825983,1.592709
44.000000,1.663444,1.315514,1.538857,1.803779,1.478330
45.000000,1.709597,1.370008,1.514802,1.782135,1.532741
46.000000,1.571117,1.446925,1.470879,1.757012,1.282142
47.000000,1.519513,1.525631,1.441136,1.741758,1.465150
48.000000,1.405766,1.533645,1.406954,1.700068,0.977226
49.000000,1.339339,1.560246,1.379971,1.664756,1.120767
50.000000,1.254203,1.557007,1.349875,1.629512,1.121868
51.000000,1.249288,1.481527,1.336881,1.593668,1.251146
52.000000,1.166820,1.420599,1.311873,1.557906,1.083983
53.000000,1.323940,1.428517,1.350866,1.543461,1.705563
54.000000,1.332567,1.398720,1.371840,1.515616,1.109511
55.000000,1.421398,1.396699,1.405953,1.496139,1.511831
56.000000,1.420055,1.399913,1.457153,1.462588,1.226331
57.000000,1.473211,1.385928,1.502787,1.436419,1.327317
58.000000,1.306256,1.393963,1.512633,1.411697,0.932371
59.000000,1.253485,1.372634,1.521391,1.386165,0.851319
60.000000,1.115308,1.348688,1.508898,1.357481,0.857689
61.000000,0.785180,1.179433,1.391509,1.309266,-0.376527
62.000000,0.180783,0.907314,1.238343,1.227621,-1.454499
63.000000,-0.287916,0.587904,1.106588,1.186116,-1.180931
64.000000,-0.779550,0.319228,0.974709,1.144324,-1.303841
65.000000,-1.227487,0.009822,0.843733,1.107081,-1.056643
66.000000,-1.330102,-0.246114,0.749117,1.104214,-0.747229
67.000000,-1.239843,-0.576282,0.623310,1.092265,-1.001157
68.000000,-1.378568,-0.976355,0.486209,1.045010,-1.755656
69.000000,-1.612480,-1.468359,0.281397,0.982500,-2.212715
70.000000,-2.047199,-2.053897,-0.018136,0.868240,-2.656197
71.000000,-2.277975,-2.272368,-0.344842,0.703572,-2.033274
72.000000,-2.454725,-2.328675,-0.755385,0.502662,-2.299052
73.000000,-2.401705,-2.329533,-1.247611,0.280389,-1.976088
74.000000,-2.191787,-2.220977,-1.602563,0.053183,-1.457798
75.000000,-1.864650,-2.101415,-1.900091,-0.205966,-1.110012
76.000000,-1.590066,-1.984723,-2.054287,-0.453403,-0.721657
77.000000,-1.214854,-1.843706,-2.127016,-0.731603,-0.450942
78.000000,-0.934940,-1.695088,-2.141687,-1.007895,-0.629631
79.000000,-0.761514,-1.534083,-2.124814,-1.317170,-0.641049
80.000000,-0.604868,-1.306593,-2.073013,-1.575170,-0.377147
81.000000,-0.704072,-1.229768,-2.007262,-1.902483,-1.182252
82.000000,-1.059088,-1.220541,-1.954161,-2.226405,-2.019400
83.000000,-1.241779,-1.167807,-1.880828,-2.397880,-1.449701
84.000000,-1.301449,-1.107443,-1.776802,-2.372207,-0.909287
85.000000,-1.311690,-1.028998,-1.670284,-2.305596,-0.381873
86.000000,-1.104479,-0.967697,-1.584793,-2.201771,-0.074581
87.000000,-0.811158,-1.006178,-1.545002,-2.162118,-0.707927
88.000000,-0.627900,-1.028102,-1.484717,-2.101580,-0.695087
89.000000,-0.624782,-1.080768,-1.427393,-2.059166,-0.977113
90.000000,-0.838768,-1.203234,-1.357505,-2.033374,-1.291267
91.000000,-1.088172,-1.184957,-1.294869,-1.937712,-0.750427
92.000000,-1.013841,-0.966865,-1.183552,-1.791252,-0.154213
93.000000,-0.983506,-0.840566,-1.097047,-1.694017,-0.431307
94.000000,-0.430227,-0.626819,-0.978014,-1.562251,1.138625
95.000000,0.461006,-0.390552,-0.849895,-1.439003,1.803452
96.000000,1.053215,-0.253863,-0.778411,-1.369341,1.238627
97.000000,1.474871,0.073261,-0.735265,-1.310697,1.138614
98.000000,1.952228,0.518122,-0.676637,-1.234804,1.094681
99.000000,1.889219,1.168872,-0.618317,-1.148845,0.939386
100.000000,1.728294,2.030120,-0.541027,-1.009329,1.480071
101.000000,1.697917,2.526350,-0.345588,-0.889355,1.357962
102.000000,1.662249,2.639706,0.037301,-0.736757,1.212687
103.000000,1.546307,2.601638,0.379017,-0.600793,0.773213
104.000000,1.433284,2.256350,0.673500,-0.495698,0.553763
105.000000,1.050507,1.792958,0.840982,-0.431455,0.028502
106.000000,0.628732,1.470183,0.924938,-0.407845,-0.221362
107.000000,0.521982,1.383421,1.297600,-0.348920,0.838885
108.000000,0.616691,1.361642,1.694330,-0.243117,1.125487
109.000000,0.644384,1.288186,1.982563,-0.147609,0.652590
110.000000,0.572224,0.990981,2.071995,-0.137255,-0.246969
111.000000,0.503035,0.686045,1.994898,-0.017308,-0.475152
112.000000,0.284141,0.488457,1.893953,0.372965,-0.002406
113.000000,-0.151812,0.286085,1.778266,0.689470,-0.611718
114.000000,-0.549679,0.079625,1.481005,0.910784,-0.914950
115.000000,-0.726312,-0.046287,1.139345,1.007521,-0.917903
116.000000,-0.891318,-0.163763,0.873629,0.975243,-1.122086
117.000000,-1.634382,-0.728598,0.439438,0.752637,-2.712720
118.000000,-2.168283,-1.380477,-0.039935,0.401178,-2.669093
119.000000,-2.631427,-2.013060,-0.634228,-0.085420,-2.935313
120.000000,-2.772034,-2.322495,-1.228719,-0.402681,-2.222154
121.000000,-2.771404,-2.480714,-1.759686,-0.803877,-1.945337
122.000000,-2.571220,-2.618145,-2.213247,-1.383862,-2.067048
123.000000,-2.364558,-2.607483,-2.463839,-1.844627,-1.878833
124.000000,-2.112225,-2.548502,-2.577342,-2.435769,-1.840752
125.000000,-2.016937,-2.493152,-2.584119,-2.874864,-1.890100
126.000000,-1.892646,-2.377726,-2.496473,-2.939981,-1.473602
127.000000,-1.801870,-2.214519,-2.499442,-2.944338,-1.666947
128.000000,-1.712332,-2.052515,-2.473144,-2.863529,-1.463451
129.000000,-1.587311,-1.860148,-2.392156,-2.736413,-1.243845
130.000000,-1.504519,-1.770977,-2.300552,-2.675795,-1.474907
131.000000,-1.371274,-1.643405,-2.161786,-2.540615,-0.822679
132.000000,-1.130178,-1.478378,-2.043704,-2.394293,-0.444908
133.000000,-0.925164,-1.338819,-1.931885,-2.261923,-0.423603
134.000000,-0.874341,-1.260895,-1.869985,-2.190600,-1.001397
135.000000,-0.760006,-1.171551,-1.815644,-2.109334,-0.968533
136.000000,-0.836644,-1.145328,-1.776232,-2.046533,-1.192394
137.000000,-0.930675,-1.063681,-1.677149,-2.006606,-0.867676
138.000000,-1.011701,-0.992684,-1.580597,-1.974734,-0.774530
139.000000,-0.876668,-0.900927,-1.452463,-1.909704,-0.263073
140.000000,-0.798089,-0.801008,-1.374391,-1.840178,-0.560229
141.000000,-0.563436,-0.737291,-1.292615,-1.758836,-0.054940
142.000000,-0.384712,-0.719701,-1.206528,-1.708031,-0.004853
143.000000,-0.177188,-0.693906,-1.126253,-1.652046,0.200434
144.000000,-0.015645,-0.560899,-1.034982,-1.592937,0.628500
145.000000,0.321670,-0.401297,-0.929883,-1.539572,1.007082
146.000000,0.805819,-0.098772,-0.822564,-1.472264,2.307820
147.000000,1.089167,0.092936,-0.734054,-1.400911,0.486506
148.000000,1.326786,0.307293,-0.653428,-1.330660,0.367268
149.000000,1.238802,0.421194,-0.589790,-1.249093,0.000210
150.000000,1.052855,0.688601,-0.478213,-1.187135,0.387223
151.000000,0.609780,0.961291,-0.405200,-1.127640,0.866359
152.000000,0.835154,1.326353,-0.347506,-1.048700,1.263993
153.000000,1.034490,1.602970,-0.286566,-0.976729,1.078404
154.000000,1.589454,1.861737,-0.070707,-0.872662,1.989233
155.000000,1.750041,1.803341,0.155976,-0.766905,1.198359
156.000000,1.355639,1.257412,0.384263,-0.723269,-0.486174
157.000000,0.791771,0.994378,0.570130,-0.662815,-0.906673
158.000000,0.114358,0.674686,0.707058,-0.625096,-1.435610
159.000000,-0.577838,0.616206,0.832870,-0.562807,-0.341522
160.000000,-0.951338,0.578519,1.064681,-0.437545,0.077848
161.000000,-0.282743,0.775656,1.358267,-0.300324,1.758993
162.000000,0.599199,0.912388,1.603125,-0.183120,1.759315
163.000000,1.540185,1.037212,1.726399,-0.047459,1.530517
164.000000,1.744289,0.776109,1.622368,0.172073,0.571862
165.000000,1.908598,0.761839,1.543918,0.499944,1.014714
166.000000,1.577586,1.050339,1.345528,0.973801,0.752693
167.000000,1.116116,1.292220,1.293388,1.382334,0.033168
168.000000,0.861251,1.748077,1.322581,1.780717,0.553981
169.000000,0.914591,1.953656,1.397516,1.956903,0.654090
170.000000,0.513378,1.855605,1.347295,2.000042,-0.406942
171.000000,-0.109171,1.280541,1.181193,1.813815,-1.198698
172.000000,-0.775080,0.509567,0.881097,1.556889,-1.849957
173.000000,-1.830232,-0.609590,0.459104,1.220935,-2.410053
174.000000,-2.633963,-1.673732,-0.223299,0.848235,-2.287704
175.000000,-2.914460,-2.769729,-0.949025,0.424885,-2.333928
176.000000,-2.787618,-3.058561,-1.307815,-0.050015,-1.753002
177.000000,-2.643023,-3.075206,-1.649807,-0.401802,-1.950787
178.000000,-2.459743,-3.101068,-1.901992,-0.797374,-2.025430
179.000000,-2.281270,-3.039352,-2.234062,-1.147800,-1.825836
180.000000,-2.145217,-2.902356,-2.522417,-1.567774,-1.925077
181.000000,-2.155629,-2.756036,-2.861453,-2.014524,-1.989236
182.000000,-2.178175,-2.638208,-3.040934,-2.425744,-2.180045
183.000000,-2.061178,-2.434907,-2.990735,-2.582033,-1.645319
184.000000,-1.960599,-2.261840,-2.828355,-2.674310,-1.490153
185.000000,-1.851805,-2.111146,-2.719630,-2.640949,-1.468301
186.000000,-1.672877,-1.991269,-2.583221,-2.474997,-1.171848
187.000000,-1.473836,-1.881822,-2.454477,-2.336234,-1.251806
188.000000,-1.368765,-1.768987,-2.364751,-2.197772,-1.188559
189.000000,-1.233362,-1.646514,-2.265725,-2.102592,-0.868245
190.000000,-1.101450,-1.521702,-2.152455,-2.037321,-0.836379
191.000000,-1.016862,-1.390699,-2.036076,-2.035233,-0.782075
192.000000,-0.970885,-1.270031,-1.941831,-2.048044,-1.064763
193.000000,-0.998392,-1.233106,-1.861902,-2.063853,-1.374338
194.000000,-1.102539,-1.213695,-1.793939,-2.042666,-1.395054
195.000000,-1.041160,-1.104343,-1.674085,-1.983434,-0.447681
196.000000,-0.878022,-0.973946,-1.556763,-1.899278,0.202134
197.000000,-0.634767,-0.834738,-1.442422,-1.814673,0.258932
198.000000,-0.200853,-0.662219,-1.312174,-1.741302,0.813869
199.000000,0.364787,-0.500606,-1.188867,-1.676993,1.214112
200.000000,0.871611,-0.281076,-1.041679,-1.587080,1.876560
201.000000,1.331561,-0.010682,-0.876028,-1.485733,2.139687
202.000000,1.832722,0.366199,-0.680378,-1.377418,2.121856
203.000000,2.251764,0.934457,-0.473558,-1.235140,2.477023
204.000000,2.400562,1.549343,-0.267169,-1.102013,2.089227
205.000000,2.134511,1.836889,-0.101596,-1.006443,0.988476
206.000000,1.906706,2.000219,0.076319,-0.917760,1.185514
207.000000,1.783235,2.148938,0.322456,-0.792130,1.536232
208.000000,1.539422,2.135180,0.592359,-0.657501,1.314733
209.000000,1.466442,2.117051,0.915368,-0.484237,1.712606
210.000000,1.524120,1.989658,1.242421,-0.296222,1.341641
211.000000,1.472820,1.821172,1.530016,-0.085464,1.027760
212.000000,1.394636,1.695038,1.821098,0.209893,1.195898
213.000000,1.291278,1.501445,2.030476,0.477723,0.845108
214.000000,1.079583,1.336751,2.147422,0.751436,0.694907
215.000000,0.936896,1.285299,2.107555,1.042883,0.655196
216.000000,0.924388,1.255088,2.027359,1.345429,0.967092
217.000000,0.896848,1.203847,1.956508,1.658630,1.074220
218.000000,1.045703,1.227379,1.896016,1.970237,1.540437
219.000000,1.275712,1.231517,1.848445,2.185896,1.737359
220.000000,1.703401,1.382472,1.849851,2.391580,2.518567
221.000000,1.985640,1.542534,1.834193,2.468095,2.238498
222.000000,2.103387,1.617010,1.791433,2.460734,1.744619
223.000000,2.179934,1.757214,1.753226,2.460365,2.006626
224.000000,2.139870,1.855629,1.707650,2.410362,1.597917
225.000000,2.004163,1.981186,1.738201,2.326900,1.874969
226.000000,1.966267,2.092542,1.777583,2.245645,2.086566
227.000000,2.076073,2.204422,1.815850,2.193947,2.259676
228.000000,2.064795,2.231810,1.850892,2.128740,1.994388
229.000000,2.219287,2.284271,1.896146,2.097287,2.369086
230.000000,2.181686,2.186771,1.921349,2.036704,1.813727
231.000000,2.261011,2.204599,2.011967,2.024852,2.463483
232.000000,2.223906,2.221036,2.059705,2.003455,2.118544
233.000000,2.056544,2.105128,2.052742,1.930910,1.315201
234.000000,1.844468,2.038754,2.049121,1.877139,1.320919
235.000000,1.836277,2.014757,2.077555,1.884537,1.769066
236.000000,1.623987,1.931807,2.060744,1.867913,1.382540
237.000000,1.519360,1.866270,2.054135,1.856329,1.590602
238.000000,1.500373,1.786187,2.006887,1.834826,1.243357
239.000000,1.456862,1.665482,1.948937,1.799009,1.117914
240.000000,1.294973,1.580391,1.855816,1.770014,0.968075
241.000000,1.238287,1.449924,1.788045,1.758931,1.098485
242.000000,1.114487,1.337101,1.739166,1.739440,0.986633
243.000000,1.096016,1.321917,1.694656,1.738881,1.163051
244.000000,1.035497,1.273821,1.652074,1.728508,0.803254
245.000000,1.056341,1.201254,1.616633,1.730648,1.067053
246.000000,1.098677,1.191423,1.586879,1.735337,1.340540
247.000000,1.189657,1.163185,1.553160,1.740349,1.440106
248.000000,1.246441,1.173992,1.528565,1.734101,1.440817
249.000000,1.371925,1.190340,1.478934,1.719373,1.294672
250.000000,1.390123,1.209455,1.444483,1.676525,1.061151
251.000000,1.486019,1.277773,1.401392,1.661346,1.799862
252.000000,1.431318,1.310282,1.347055,1.642728,1.148693
253.000000,1.299362,1.287130,1.325162,1.607682,0.751647
254.000000,1.223970,1.326097,1.308939,1.589744,0.867771
255.000000,1.218740,1.337331,1.265321,1.567086,0.940281
256.000000,0.991492,1.300340,1.241946,1.535757,0.785481
257.000000,1.087099,1.317862,1.228771,1.514478,1.673678
258.000000,1.304843,1.331448,1.239319,1.498256,1.596963
259.000000,1.235288,1.259203,1.223935,1.443710,0.296606
260.000000,1.223214,1.255979,1.235243,1.415266,0.687965
261.000000,0.959072,1.011341,1.197785,1.334933,-0.531978
262.000000,0.302835,0.797966,1.152134,1.255914,-0.966311
263.000000,-0.427184,0.605216,1.080607,1.211594,-1.280263
264.000000,-0.723050,0.420514,1.058499,1.176949,-0.831877
265.000000,-1.186711,0.150515,0.990979,1.107501,-1.187120
266.000000,-1.361248,-0.133435,0.884932,1.055412,-1.257911
267.000000,-1.688985,-0.769963,0.696686,0.960100,-2.278115
268.000000,-1.819774,-1.345478,0.496462,0.887023,-1.877542
269.000000,-2.029379,-1.694363,0.273951,0.813590,-1.893093
270.000000,-1.806014,-1.813061,0.144641,0.788747,-0.430415
271.000000,-1.504107,-1.703039,-0.084133,0.764433,-0.007368
272.000000,-1.051763,-1.582050,-0.282267,0.741229,-0.226392
273.000000,-0.947213,-1.586451,-0.579273,0.651983,-1.364191
274.000000,-0.925306,-1.697574,-0.994199,0.565403,-1.732035
275.000000,-1.307191,-1.787862,-1.488585,0.414093,-1.915374
276.000000,-1.611968,-1.777988,-1.856603,0.221188,-1.410098
277.000000,-1.705978,-1.577260,-2.167192,0.002982,-0.905331
278.000000,-1.711883,-1.518063,-2.402392,-0.335278,-1.526942
279.000000,-1.480618,-1.350947,-2.327416,-0.658051,-0.750777
280.000000,-1.228500,-1.368469,-2.272820,-1.038227,-0.793747
281.000000,-0.969410,-1.360197,-2.077891,-1.535965,-0.216727
282.000000,-0.635468,-1.236599,-1.818957,-1.779425,0.686158
283.000000,-0.124443,-1.003071,-1.590380,-1.884370,0.689862
284.000000,0.162960,-0.762624,-1.448143,-1.939457,0.438822
285.000000,0.582895,-0.433654,-1.271247,-1.882506,0.865157
286.000000,0.797031,-0.178670,-1.127859,-1.808116,0.620211
287.000000,0.892952,0.074610,-0.893662,-1.785221,1.091906
288.000000,1.207583,0.569041,-0.629309,-1.678843,2.015811
289.000000,1.403370,0.878239,-0.416387,-1.550270,1.117755
290.000000,1.074617,0.996690,-0.448655,-1.628659,-0.737027
291.000000,0.765705,0.995021,-0.523849,-1.606433,-0.769640
292.000000,0.188918,0.770751,-0.611568,-1.574227,-1.035847
293.000000,-0.493635,0.623212,-0.547010,-1.486163,-0.366317
294.000000,-0.707052,0.642356,-0.369179,-1.396934,0.383286
295.000000,0.054269,0.859920,0.028623,-1.164958,1.844724
296.000000,0.867835,1.168231,0.464240,-0.918774,1.888976
297.000000,1.771832,1.416158,0.943511,-0.523425,2.116016
298.000000,2.305936,1.452846,1.548292,-0.128369,1.980630
299.000000,2.761554,1.855034,2.120570,0.449053,2.733923
300.000000,2.616087,2.263293,2.446620,0.803413,1.869000
301.000000,2.545139,2.587186,2.603193,1.197605,2.085328
302.000000,2.379467,2.742677,2.555531,1.598996,1.787167
303.000000,2.267019,2.752758,2.491253,2.090880,1.775418
304.000000,1.871985,2.581261,2.350150,2.383630,1.030673
305.000000,1.674606,2.350932,2.203663,2.566429,1.039097
306.000000,1.369934,2.123331,2.064412,2.546095,0.646007
307.000000,1.061478,1.874391,1.902105,2.417087,0.299449
308.000000,0.793093,1.699396,1.753527,2.368579,0.546858
309.000000,0.582358,1.396246,1.638347,2.221246,0.030666
310.000000,0.229758,1.129667,1.592702,2.062056,-0.592433
311.000000,-0.027623,0.841567,1.567586,1.909492,-0.497416
312.000000,-0.259917,0.544683,1.545117,1.724013,-0.699601
313.000000,-0.375480,0.312861,1.551789,1.622475,0.108237
314.000000,-0.544244,0.076411,1.470540,1.499762,-0.685072
315.000000,-0.563159,-0.177245,1.322283,1.373783,-0.672938
316.000000,-0.608434,-0.382352,1.173178,1.274116,-0.689281
317.000000,-0.750201,-0.626828,0.954964,1.127180,-1.287920
318.000000,-1.132190,-0.945625,0.705733,0.930316,-1.538317
319.000000,-1.221711,-1.111236,0.403203,0.807605,-1.108797
320.000000,-1.347754,-1.207796,0.128166,0.760596,-1.297450
321.000000,-1.537592,-1.362664,-0.246152,0.691282,-1.648665
322.000000,-1.519309,-1.432176,-0.608935,0.668503,-1.301949
323.000000,-1.338640,-1.518165,-0.964893,0.666462,-0.717150
324.000000,-1.122680,-1.417534,-1.185952,0.689640,-0.058634
325.000000,-0.777272,-1.277580,-1.367276,0.659040,0.296436
326.000000,-0.322408,-1.131271,-1.472464,0.622702,0.364184
327.000000,0.072763,-0.899971,-1.496624,0.556879,0.455127
328.000000,0.363352,-0.614700,-1.502317,0.495196,0.600924
329.000000,0.512569,-0.381994,-1.409689,0.264918,0.639926
330.000000,0.591067,-0.122040,-1.230271,0.086871,0.666820
331.000000,0.822226,0.282068,-0.978253,-0.089892,1.456031
332.000000,1.079653,0.656231,-0.692292,-0.257716,1.623382
333.000000,1.295971,0.939976,-0.527349,-0.576775,1.526535
334.000000,1.658448,1.239094,-0.171984,-0.337630,2.201871
335.000000,1.981368,1.493926,0.191081,0.111064,2.118925
336.000000,2.067271,1.716146,0.553058,0.966130,1.950069
337.000000,2.111803,1.913726,1.010973,2.148751,1.987570
338.000000,2.054326,1.994249,1.409736,2.559339,1.488529
339.000000,1.745887,1.949243,1.619012,2.671115,0.820789
340.000000,1.387235,1.839622,1.758830,2.730616,0.395977
341.000000,1.104615,1.685025,1.926484,2.753188,0.549872
342.000000,0.785068,1.520693,2.006864,2.734696,0.444605
343.000000,0.562848,1.386835,2.013850,2.532736,0.439109
344.000000,0.371693,1.138881,1.906172,2.399639,-0.083620
345.000000,0.220111,0.877146,1.758623,2.236785,-0.328537
346.000000,0.021215,0.623710,1.618008,2.098792,-0.390353
347.000000,-0.178347,0.343685,1.476173,2.066066,-0.501454
348.000000,-0.448339,0.078253,1.312571,2.038316,-0.839654
349.000000,-0.662107,-0.141414,1.145584,1.925335,-1.102290
350.000000,-0.828494,-0.313070,0.995497,1.864124,-1.104556
351.000000,-1.025314,-0.527003,0.798961,1.852986,-1.284678
352.000000,-1.200888,-0.732367,0.607253,1.804376,-1.247793
353.000000,-1.147184,-0.873979,0.483670,1.774340,-0.453505
354.000000,-1.048541,-0.966770,0.287555,1.651084,-0.608687
355.000000,-0.909713,-1.015225,0.083300,1.516721,-0.489534
356.000000,-0.843964,-1.117983,-0.179287,1.334181,-1.041508
357.000000,-0.802298,-1.204223,-0.492313,1.153081,-1.075418
358.000000,-0.920763,-1.221305,-0.784392,0.971840,-1.002357
359.000000,-1.008283,-1.195726,-1.027908,0.795091,-1.023884
360.000000,-1.117092,-1.167575,-1.233751,0.613691,-1.029073
361.000000,-1.216140,-1.179851,-1.506485,0.255829,-1.505156
362.000000,-1.279522,-1.186588,-1.726877,-0.155967,-1.396772
363.000000,-1.273763,-1.236558,-1.873777,-0.557618,-1.023307
364.000000,-1.267178,-1.265484,-1.905881,-1.142179,-1.034844
365.000000,-1.289965,-1.317196,-1.885134,-1.772749,-1.160811
366.000000,-1.161560,-1.281112,-1.815381,-2.254328,-0.884658
367.000000,-0.909535,-1.172198,-1.676016,-2.484456,-0.023972
368.000000,-0.649569,-1.042596,-1.499763,-2.483761,0.571331
369.000000,-0.328633,-0.913730,-1.326262,-2.352319,0.669897
370.000000,0.056232,-0.805953,-1.191337,-2.195892,0.382636
371.000000,0.150050,-0.729321,-1.125526,-2.155935,-1.057066
372.000000,-0.769447,-0.922685,-1.209187,-2.244948,-3.542121
373.000000,-1.936552,-1.218065,-1.350148,-2.281730,-3.026128
374.000000,-3.019366,-1.642124,-1.509903,-2.273094,-3.028390
375.000000,-3.536433,-2.131106,-1.693649,-2.254272,-2.900041
376.000000,-3.419024,-2.555520,-1.806875,-2.208378,-2.364013
377.000000,-2.902436,-2.838284,-1.873051,-2.133450,-1.794639
378.000000,-2.494065,-2.923685,-1.909086,-2.034510,-1.389912
379.000000,-2.193122,-2.945097,-1.964698,-1.961653,-1.640476
380.000000,-1.979157,-2.920657,-2.040356,-1.926950,-1.877636
381.000000,-1.821966,-2.763235,-2.052701,-1.889193,-1.662452
382.000000,-1.784218,-2.495501,-2.068151,-1.871031,-1.669586
383.000000,-1.727691,-2.256621,-2.067961,-1.868061,-1.246248
384.000000,-1.650218,-2.054245,-2.069975,-1.868569,-1.329140
385.000000,-1.473039,-1.837581,-2.035972,-1.859658,-1.046055
386.000000,-1.355240,-1.687124,-2.020660,-1.837601,-1.103148
387.000000,-1.295173,-1.631255,-2.058839,-1.835360,-1.384522
388.000000,-1.297588,-1.602760,-2.088045,-1.831298,-1.258803
389.000000,-1.309071,-1.567999,-2.112964,-1.836390,-1.382150
390.000000,-1.364836,-1.503604,-2.113328,-1.840077,-1.317155
391.000000,-1.353371,-1.434202,-2.055257,-1.811454,-1.063154
392.000000,-1.233952,-1.338025,-1.917179,-1.775838,-0.820129
393.000000,-1.081832,-1.258106,-1.785998,-1.742922,-0.518999
394.000000,-0.929792,-1.185177,-1.665509,-1.718713,-0.646050
395.000000,-0.693471,-1.095960,-1.521423,-1.669693,-0.174614
396.000000,-0.528901,-1.014840,-1.410856,-1.640007,-0.281497
397.000000,-0.177634,-0.785437,-1.271496,-1.587272,0.930284
398.000000,0.146736,-0.558194,-1.158170,-1.551574,1.115659
399.000000,0.618579,-0.267039,-1.022506,-1.512905,1.620258
400.000000,1.113674,0.074004,-0.861751,-1.470081,2.086799
401.000000,1.882223,0.496926,-0.678430,-1.387225,2.697010
402.000000,2.264612,0.940498,-0.479385,-1.249634,2.301993
403.000000,2.515021,1.417768,-0.272887,-1.105202,2.321196
404.000000,2.469916,1.889694,-0.039816,-0.949107,1.969838
405.000000,2.284462,2.176446,0.185455,-0.780705,1.666769
406.000000,2.074836,2.387956,0.463455,-0.601759,1.734919
407.000000,1.989207,2.376552,0.836690,-0.409766,1.905307
408.000000,1.876420,2.312324,1.224314,-0.216327,1.775462
409.000000,1.841192,2.223086,1.637657,0.042088,1.815092
410.000000,1.886236,2.150238,2.007724,0.394574,1.929229
411.000000,1.866009,2.034054,2.237875,0.776769,1.706851
412.000000,1.744930,1.915466,2.319460,1.173314,1.362228
413.000000,1.650323,1.803351,2.319536,1.536934,1.331128
414.000000,1.540854,1.720109,2.294857,1.867620,1.269896
415.000000,1.387418,1.654526,2.218033,2.083076,1.157780
416.000000,1.253558,1.576013,2.143652,2.211993,1.041923
417.000000,1.195970,1.491964,2.020959,2.295196,1.079345
418.000000,1.139546,1.420455,1.917363,2.307904,1.054759
419.000000,1.031263,1.314404,1.802441,2.270395,0.723069
420.000000,0.970632,1.209082,1.711226,2.227174,0.858290
421.000000,0.946987,1.129456,1.623153,2.170346,0.931134
422.000000,0.933751,1.093408,1.558737,2.109817,1.046570
423.000000,0.950998,1.070895,1.501753,2.047569,1.189587
424.000000,1.016939,1.037902,1.451104,1.991724,1.001525
425.000000,0.987655,0.988408,1.399891,1.911675,0.589834
426.000000,0.852279,0.917188,1.331048,1.836596,-0.025201
427.000000,0.519427,0.780536,1.231841,1.715553,-0.960807
428.000000,0.178832,0.674158,1.158467,1.629406,-0.348135
429.000000,-0.217171,0.592888,1.075509,1.546929,-0.628220
430.000000,-0.574369,0.471763,0.978220,1.473498,-0.737425
431.000000,-0.877589,0.273327,0.875082,1.387934,-1.279318
432.000000,-0.799698,0.062899,0.807103,1.326365,-0.570901
433.000000,-1.217661,-0.371939,0.695675,1.238480,-2.031855
434.000000,-1.729055,-0.937737,0.553494,1.148249,-2.558592
435.000000,-2.164049,-1.506188,0.397444,1.066560,-2.450365
436.000000,-2.391510,-1.937213,0.220910,0.977333,-2.300510
437.000000,-2.533460,-2.094342,0.016990,0.882128,-1.798805
438.000000,-2.414089,-2.286074,-0.250550,0.778296,-1.871996
439.000000,-2.159256,-2.320625,-0.524103,0.662605,-1.608928
440.000000,-2.093194,-2.386334,-0.945687,0.487807,-2.204957
441.000000,-2.114294,-2.407544,-1.471948,0.278183,-2.390582
442.000000,-2.168063,-2.437710,-1.986801,0.060963,-2.154812
443.000000,-2.154541,-2.335482,-2.373061,-0.193234,-1.925103
444.000000,-2.150724,-2.201538,-2.535498,-0.490669,-1.769886
445.000000,-1.843770,-1.980836,-2.444982,-0.753454,-0.759943
446.000000,-1.643544,-1.872915,-2.350347,-1.100796,-1.343784
447.000000,-1.477651,-1.809549,-2.212641,-1.476528,-1.303980
448.000000,-1.428501,-1.787801,-2.161522,-1.860241,-1.650504
449.000000,-1.450906,-1.809762,-2.125611,-2.136899,-1.832347
450.000000,-1.740279,-1.819664,-2.121268,-2.344715,-2.131088
451.000000,-1.764286,-1.734212,-2.055343,-2.389278,-1.504358
452.000000,-1.740581,-1.640592,-2.004659,-2.361667,-1.241654
453.000000,-1.583606,-1.530687,-1.901790,-2.292674,-0.854524
454.000000,-1.183466,-1.328854,-1.736395,-2.145144,0.338400
455.000000,-0.750019,-1.268927,-1.616986,-2.025644,0.015705
456.000000,-0.356699,-1.126615,-1.499241,-1.893957,0.356482
457.000000,0.100795,-0.948802,-1.387964,-1.742175,0.768642
458.000000,0.540832,-0.702498,-1.271402,-1.629774,1.011936
459.000000,0.884418,-0.318662,-1.128828,-1.495945,1.833935
460.000000,1.199614,0.115349,-0.985660,-1.402644,1.320274
461.000000,1.634394,0.632366,-0.769140,-1.267661,2.178617
462.000000,1.958584,1.167842,-0.542378,-1.159915,2.143593
463.000000,2.189592,1.655832,-0.291571,-1.015725,2.131161
464.000000,2.125575,1.869873,-0.039594,-0.871600,1.723740
465.000000,2.127221,2.058401,0.164206,-0.725138,1.614413
466.000000,2.059929,2.208988,0.497503,-0.535288,1.975141
467.000000,2.014190,2.278081,0.886516,-0.331060,1.975620
468.000000,1.934779,2.273899,1.331002,-0.097863,1.801965
469.000000,1.920017,2.189786,1.798512,0.166829,1.743758
470.000000,1.904617,2.146335,2.220955,0.516771,1.658412
471.000000,1.750895,1.997322,2.408281,0.897451,1.301883
472.000000,1.549854,1.841932,2.440854,1.266592,1.024285
473.000000,1.381556,1.700520,2.388357,1.615056,0.981074
474.000000,1.260729,1.623208,2.268992,1.930619,1.139071
475.000000,1.136453,1.552235,2.177972,2.088422,1.054308
476.000000,1.115600,1.471280,2.096729,2.241503,1.201799
477.000000,1.192490,1.413575,2.026592,2.337774,1.395935
478.000000,1.232027,1.348878,1.944542,2.369784,1.186981
479.000000,1.197887,1.268911,1.833716,2.356101,0.984024
480.000000,1.192995,1.200362,1.763176,2.342973,1.035682
481.000000,0.958577,1.067884,1.613911,2.218197,-0.144644
482.000000,0.683176,0.977929,1.493219,2.112452,-0.081500
483.000000,0.557613,0.953576,1.416167,2.043959,0.701941
484.000000,0.548423,0.943359,1.377791,1.960440,1.159022
485.000000,0.555784,0.956949,1.351594,1.910103,1.322654
486.000000,0.635937,0.849294,1.259780,1.817196,-0.167434
487.000000,0.455753,0.609891,1.130729,1.697609,-1.485385
488.000000,-0.017076,0.359547,1.009765,1.592380,-1.589773
489.000000,-1.087880,-0.032761,0.843202,1.445263,-2.686494
490.000000,-2.372220,-0.575009,0.654912,1.320772,-2.789524
491.000000,-2.953604,-1.014673,0.466384,1.171729,-2.585731
492.000000,-3.057410,-1.585528,0.252591,1.012225,-2.637879
493.000000,-2.951256,-2.175183,0.026736,0.858702,-2.155527
494.000000,-2.565070,-2.559943,-0.208137,0.742842,-1.480336
495.000000,-2.257248,-2.769001,-0.492569,0.617158,-1.518941
496.000000,-1.861332,-2.596276,-0.781833,0.495929,-0.805160
497.000000,-1.458064,-2.337258,-1.140358,0.356693,-0.737381
498.000000,-1.096091,-2.099725,-1.462084,0.220761,-0.473537
499.000000,-0.860675,-1.811967,-1.713975,0.066615,-0.385354
500.000000,-0.556891,-1.518365,-1.862205,-0.093015,-0.118751
501.000000,-0.342002,-1.216402,-1.779805,-0.222117,0.186911
502.000000,-0.154702,-0.908755,-1.698339,-0.351918,0.109327
503.000000,-0.038678,-0.650675,-1.681674,-0.507957,0.043656
504.000000,0.128469,-0.429675,-1.658787,-0.677709,0.363121
505.000000,0.120872,-0.259128,-1.684650,-0.928901,-0.163625
506.000000,0.011278,-0.195296,-1.626089,-1.245473,-0.316854
507.000000,-0.033394,-0.110762,-1.496249,-1.555953,-0.092941
508.000000,0.052578,0.005764,-1.346736,-1.709168,0.468834
509.000000,-0.059297,0.046798,-1.194187,-1.823791,-0.118137
510.000000,-0.201739,-0.031965,-1.089807,-1.941976,-0.860559
511.000000,-0.569565,-0.296913,-1.063181,-1.978351,-1.890999
512.000000,-1.167365,-0.658017,-1.064797,-2.060138,-2.354404
513.000000,-1.854584,-1.037579,-1.099819,-2.174682,-2.264636
514.000000,-2.236779,-1.439411,-1.174933,-2.259728,-1.966750
515.000000,-2.260753,-1.668595,-1.192542,-2.278843,-1.304806
516.000000,-2.073421,-1.847938,-1.276617,-2.216325,-1.109350
517.000000,-1.642894,-1.927414,-1.309624,-2.078807,-0.378486
518.000000,-1.044962,-1.951271,-1.308423,-1.929880,0.383667
519.000000,-0.430645,-1.833223,-1.294741,-1.741733,0.599923
520.000000,0.037573,-1.592833,-1.301194,-1.557845,0.671380
521.000000,0.477863,-1.195068,-1.334667,-1.373881,0.760891
522.000000,0.763166,-0.673805,-1.334243,-1.163871,0.867141
523.000000,0.990355,-0.043870,-1.228593,-0.934608,1.368717
524.000000,1.210877,0.577339,-1.115949,-0.727781,1.543247
525.000000,1.469034,1.101754,-0.797023,-0.475628,1.778595
526.000000,1.670286,1.544627,-0.370676,-0.265390,1.703215
527.000000,1.838203,1.836647,0.137188,-0.028609,1.754428
528.000000,1.919660,2.003575,0.662594,0.227436,1.863144
529.000000,1.968481,2.116677,1.401938,0.512160,1.892242
530.000000,2.000442,2.212725,2.255066,0.818186,2.003329
531.000000,1.965204,2.221419,2.911605,1.067114,1.675030
532.000000,1.912431,2.205255,3.262048,1.322987,1.615613
533.000000,1.875850,2.168896,3.343031,1.600601,1.744634
534.000000,1.816625,2.112639,3.246251,1.810338,1.653090
535.000000,1.731652,2.042808,3.072058,2.018648,1.614255
536.000000,1.705559,1.986009,2.917064,2.174798,1.593364
537.000000,1.664090,1.916203,2.742594,2.239091,1.466842
538.000000,1.597405,1.843352,2.574109,2.236310,1.443405
539.000000,1.505180,1.748526,2.416534,2.221668,1.229653
540.000000,1.396178,1.635893,2.279780,2.211029,1.098481
541.000000,1.325779,1.576996,2.181226,2.247398,1.259790
542.000000,1.224777,1.496088,2.074496,2.258222,0.993799
543.000000,1.057264,1.369167,1.941712,2.225407,0.597788
544.000000,0.947759,1.265040,1.830083,2.190313,0.668231
545.000000,0.839910,1.155671,1.718228,2.129812,0.522765
546.000000,0.669758,1.042773,1.619895,2.073481,0.436401
547.000000,0.451873,0.900855,1.506506,1.984379,-0.147846
548.000000,0.337868,0.768433,1.406104,1.899144,-0.004104
549.000000,0.062109,0.602707,1.284422,1.798380,-0.764025
550.000000,-0.199482,0.443907,1.166141,1.715360,-0.729379
551.000000,-0.530602,0.212625,1.058000,1.633509,-1.113982
552.000000,-0.742426,-0.009658,0.957042,1.561378,-1.139786
553.000000,-0.947556,-0.170016,0.858832,1.493431,-0.768628
554.000000,-0.999244,-0.380091,0.757900,1.423318,-0.933576
555.000000,-0.895913,-0.522778,0.677079,1.369509,-0.062004
556.000000,-0.742199,-0.692472,0.578038,1.313562,-0.392447
557.000000,-0.444813,-0.714101,0.496032,1.271102,0.232500
558.000000,-0.219467,-0.755670,0.402386,1.224234,0.248267
559.000000,0.003118,-0.679509,0.304333,1.168467,0.004857
560.000000,0.113012,-0.541429,0.217319,1.112882,0.431300
561.000000,0.145652,-0.407291,0.047661,1.055359,-0.263216
562.000000,-0.047783,-0.315691,-0.147314,0.988753,-0.632059
563.000000,-0.014227,-0.146975,-0.255973,0.935104,0.397934
564.000000,0.041738,0.027183,-0.415231,0.877354,0.257313
565.000000,-0.035474,0.047628,-0.596124,0.807148,0.086319
566.000000,-0.270005,-0.073152,-0.928366,0.675900,-1.329555
567.000000,-0.305760,-0.209041,-1.095196,0.551186,-0.802744
568.000000,-0.592650,-0.350975,-1.266638,0.397559,-0.849909
569.000000,-0.818600,-0.438408,-1.213227,0.240480,-0.659517
570.000000,-0.911524,-0.530530,-1.088373,0.077633,-0.172551
571.000000,-0.594017,-0.499893,-0.862382,-0.166136,0.133143
572.000000,-0.666398,-0.563829,-0.776754,-0.508245,-1.172338
573.000000,-0.638469,-0.761386,-0.727744,-0.820806,-0.746820
574.000000,-0.654145,-0.960528,-0.664203,-1.201197,-0.697768
575.000000,-0.590724,-1.038487,-0.653827,-1.468660,0.235520
576.000000,-0.738630,-0.913546,-0.660964,-1.679565,-0.318821
577.000000,-0.434035,-0.829313,-0.748558,-1.653549,-0.048000
578.000000,-0.155342,-0.649536,-0.832162,-1.595226,0.271144
579.000000,0.352843,-0.293743,-0.779705,-1.305829,1.205311
580.000000,0.527964,-0.080474,-0.839415,-1.071314,0.930114
581.000000,1.022110,0.185232,-0.657556,-0.746103,1.583468
582.000000,1.406990,0.686466,-0.352283,-0.458996,1.405938
583.000000,1.664170,1.037406,-0.326420,-0.263229,1.109413
584.000000,1.646246,1.365162,-0.245963,-0.056097,1.042329
585.000000,1.146512,1.160485,-0.606130,-0.125234,-1.014643
586.000000,1.006742,1.461802,0.329610,0.009686,1.074532
587.000000,0.713803,1.550499,1.007084,0.007966,0.363719
588.000000,0.593896,1.614138,1.913714,0.030566,0.687437
589.000000,0.389499,1.399050,2.404427,0.054439,0.274898
590.000000,0.989370,1.387025,2.746524,0.096281,1.169959
591.000000,1.295970,1.440066,2.961673,0.356488,2.094946
592.000000,1.386954,1.300770,3.037522,0.569478,0.768240
593.000000,1.272343,1.152456,2.856215,0.577876,0.330822
594.000000,1.393188,1.116872,2.775775,0.677206,0.811989
595.000000,1.571808,1.578583,2.713320,0.979825,1.866458
596.000000,1.300617,1.555206,2.648161,1.462004,1.198974
597.000000,1.442422,1.667913,2.586848,1.807416,1.489506
598.000000,1.648477,1.699293,2.490755,2.036467,1.384614
599.000000,1.734219,1.764405,2.305159,2.142162,1.321213
600.000000,1.510288,1.674623,2.145355,2.103487,0.942759
601.000000,1.370702,1.438992,1.926272,2.007764,0.625535
602.000000,0.878307,1.231279,1.648266,1.952651,-0.730377
603.000000,0.443832,1.132781,1.453960,1.896009,-0.548928
604.000000,0.196166,1.099926,1.359441,1.923306,0.379739
605.000000,0.104798,0.967586,1.463469,1.903407,0.741274
606.000000,0.093212,0.929861,1.394725,1.946886,0.759072
607.000000,0.453835,0.798204,1.370918,1.946565,0.363821
608.000000,0.646791,0.591132,1.297242,1.900874,-0.294052
609.000000,0.066911,0.174610,1.189032,1.711336,-1.577787
610.000000,-0.643407,-0.193160,1.047962,1.576965,-1.115100
611.000000,-1.452230,-0.628476,0.796838,1.375043,-1.336330
612.000000,-2.170479,-0.903353,0.609441,1.148882,-1.904110
613.000000,-2.028250,-0.887739,0.580912,1.048149,-0.303588
614.000000,-1.134317,-0.754616,0.618994,1.041248,1.083883
615.000000,-0.866495,-1.046679,0.426000,1.113864,-0.266527
616.000000,-0.514212,-1.287308,0.290734,1.022559,-0.212259
617.000000,0.104759,-1.367498,0.099692,1.005867,-0.058787
618.000000,0.236420,-1.265519,-0.103397,0.977939,0.078017
619.000000,0.145567,-0.725000,-0.245582,1.045265,0.916962
620.000000,0.506565,-0.295271,-0.364973,1.042967,0.824144
621.000000,0.843029,0.203385,-0.439503,0.938598,0.862968
622.000000,1.222812,0.941975,-0.083610,0.993470,1.214725
623.000000,1.300659,1.109507,0.163135,1.062955,0.453800
624.000000,1.031321,0.864751,0.097223,1.077055,0.097565
625.000000,1.025409,1.094158,0.109663,1.021385,0.891957
626.000000,0.572947,0.977114,-0.359591,0.886580,-0.697308
627.000000,0.618436,1.252614,-0.038439,0.905094,1.402002
628.000000,1.450426,1.837629,1.116526,1.208561,2.936601
629.000000,2.320098,2.208307,2.459362,1.580147,2.755369
630.000000,2.876570,2.588760,3.256506,2.160525,2.915634
631.000000,3.399524,2.861954,3.591748,2.805222,2.936339
632.000000,3.056009,2.704501,3.438047,3.104199,1.605855
633.000000,2.530859,2.557469,3.083697,3.075174,1.091605
634.000000,2.289961,2.570453,2.836281,2.984156,1.741853
635.000000,2.544478,2.852264,3.052500,3.198227,3.493544
636.000000,2.582354,3.006466,3.072670,3.188833,2.861347
637.000000,2.592575,2.859454,2.934677,3.036047,2.034909
638.000000,2.681853,2.701841,2.838868,2.957600,2.159754
639.000000,2.623606,2.564698,2.711976,2.899039,1.982574
640.000000,2.211099,2.373351,2.560132,2.761518,1.476966
641.000000,1.877527,2.178660,2.423123,2.635803,1.251411
642.000000,1.693105,2.086203,2.298739,2.542836,1.149657
643.000000,1.420033,2.001438,2.188219,2.399379,0.821691
644.000000,1.164685,1.887446,2.100791,2.250916,0.765291
645.000000,0.866657,1.568991,1.963272,2.107459,0.039728
646.000000,0.608966,1.295208,1.880632,1.992039,0.015634
647.000000,0.461306,1.146230,1.806776,1.924236,0.471410
648.000000,0.221538,0.894662,1.663943,1.818777,-0.315751
649.000000,0.037039,0.675017,1.554816,1.731258,-0.055527
650.000000,-0.118384,0.437308,1.407279,1.624319,-0.701137
651.000000,-0.371662,0.166536,1.232479,1.510933,-1.141457
652.000000,-0.789202,-0.131271,1.097720,1.393822,-1.340425
653.000000,-0.986988,-0.381245,0.998489,1.311702,-1.157253
654.000000,-1.333852,-0.690720,0.849578,1.221749,-1.563610
655.000000,-1.339866,-0.806493,0.642368,1.176497,-0.705297
656.000000,-1.029649,-0.796694,0.505576,1.224205,0.367423
657.000000,-0.481581,-0.752354,0.462171,1.285190,1.174170
658.000000,-0.031835,-0.640195,0.358865,1.293544,0.752159
659.000000,0.405009,-0.643633,0.196037,1.268906,0.119239
660.000000,0.644293,-0.534083,0.064641,1.237064,0.199048
661.000000,0.559924,-0.369128,-0.081405,1.179786,0.020274
662.000000,0.162304,-0.227008,-0.288571,1.145400,-0.441431
663.000000,-0.272381,-0.195301,-0.557714,1.100935,-0.998766
664.000000,-1.072523,-0.439523,-1.161772,0.866123,-2.741486
665.000000,-1.985963,-0.986573,-1.819754,0.347866,-3.061253
666.000000,-2.687940,-1.736435,-2.441660,-0.352560,-3.053715
667.000000,-2.871385,-2.276634,-2.761922,-1.036139,-2.243509
668.000000,-2.818036,-2.509847,-2.738396,-1.750013,-1.774814
669.000000,-2.518009,-2.553596,-2.652946,-2.320777,-1.517676
670.000000,-2.171217,-2.559372,-2.501064,-2.621099,-1.390248
671.000000,-1.860497,-2.563960,-2.374565,-2.750897,-1.575778
672.000000,-1.652302,-2.497622,-2.232651,-2.719349,-1.297051
673.000000,-1.518130,-2.403578,-2.123768,-2.616325,-1.172587
674.000000,-1.455810,-2.218736,-2.025712,-2.521489,-1.240759
675.000000,-1.335656,-1.963481,-1.959381,-2.360294,-0.848066
676.000000,-1.178433,-1.703499,-1.963009,-2.233623,-0.855008
677.000000,-1.035537,-1.509119,-1.985812,-2.136646,-0.632365
678.000000,-0.924416,-1.374068,-1.987317,-2.025519,-0.656148
679.000000,-0.855137,-1.303491,-1.983977,-1.965135,-0.925416
680.000000,-0.822362,-1.220439,-1.966270,-1.876380,-0.696078
681.000000,-0.807512,-1.124372,-1.948318,-1.793752,-0.789460
682.000000,-0.823044,-1.051157,-1.910358,-1.712681,-0.706486
683.000000,-0.860794,-1.008413,-1.869267,-1.659173,-0.833383
684.000000,-0.825747,-0.948289,-1.756139,-1.597253,-0.767558
685.000000,-0.840054,-0.937306,-1.622559,-1.573467,-0.768328
686.000000,-0.805528,-0.910108,-1.470609,-1.582031,-0.638875
687.000000,-0.758530,-0.893277,-1.358423,-1.609592,-0.484981
688.000000,-0.639646,-0.850897,-1.265946,-1.617044,-0.235439
689.000000,-0.656463,-0.839967,-1.228176,-1.637853,-0.920946
690.000000,-0.641508,-0.840245,-1.189637,-1.656151,-0.727964
691.000000,-0.606532,-0.803343,-1.122730,-1.662898,-0.367215
692.000000,-0.472821,-0.723833,-1.047024,-1.645572,0.695029
693.000000,-0.321249,-0.598774,-0.971200,-1.619728,1.667850
694.000000,0.738029,-0.353623,-0.838151,-1.513470,3.184986
695.000000,2.402862,-0.040383,-0.741746,-1.387128,2.373787
696.000000,3.315295,0.409126,-0.627482,-1.231707,2.396698
697.000000,3.230687,1.085434,-0.503283,-1.092917,2.575315
698.000000,2.873550,1.701197,-0.401466,-0.994428,1.469129
699.000000,2.386752,2.537933,-0.246730,-0.902249,1.444367
700.000000,1.963499,2.800311,-0.131164,-0.827968,0.774835
701.000000,1.562767,2.666876,0.012162,-0.732170,0.607401
702.000000,1.316802,2.494854,0.232122,-0.617379,1.449643
703.000000,1.420417,2.402838,0.571784,-0.477740,1.879908
704.000000,1.230153,2.032267,0.871751,-0.361453,0.633363
705.000000,0.965487,1.649592,1.143675,-0.313673,-0.361380
706.000000,0.672946,1.261589,1.368511,-0.271999,-0.670049
707.000000,0.313123,0.920434,1.570070,-0.224854,-0.157081
708.000000,-0.044064,0.786307,1.702448,-0.136272,0.371678
709.000000,-0.097127,0.658226,1.887491,0.010527,0.407988
710.000000,0.112794,0.631490,1.955330,0.157286,0.525060
711.000000,0.500744,0.686602,1.969101,0.383207,0.959226
712.000000,0.932656,0.729521,1.951665,0.699402,1.623184
713.000000,1.277875,0.732492,1.941168,1.112687,1.775452
714.000000,1.694336,0.975229,1.883701,1.595691,2.135052
715.000000,2.179362,1.443220,1.931737,2.098729,2.599719
716.000000,2.449350,1.883928,1.955923,2.398738,2.357910
717.000000,2.563981,2.217879,1.969096,2.521929,2.381266
718.000000,2.585637,2.410760,2.036621,2.519610,2.213663
719.000000,2.398271,2.448069,2.024234,2.489443,1.522713
720.000000,2.173797,2.476597,2.063388,2.440331,1.590057
721.000000,1.993516,2.453517,2.098320,2.376179,1.518250
722.000000,1.775160,2.361752,2.068929,2.285176,1.363535
723.000000,1.491491,2.218171,1.979667,2.185194,0.918047
724.000000,1.349772,2.051849,1.962729,2.056462,0.900001
725.000000,1.220583,1.862267,2.005882,1.968895,1.013598
726.000000,1.199572,1.746405,2.083847,1.912856,1.415085
727.000000,1.200021,1.615981,2.113475,1.846746,1.360690
728.000000,1.277554,1.494637,2.107011,1.817874,1.302815
729.000000,1.366859,1.463883,2.098846,1.796207,1.356773
730.000000,1.458235,1.446095,2.095527,1.806521,1.491787
731.000000,1.499462,1.455305,2.084305,1.828311,1.631337
732.000000,1.556220,1.482559,2.048342,1.824238,1.644570
733.000000,1.584090,1.530525,1.995902,1.796336,1.474222
734.000000,1.630962,1.594373,1.944115,1.815840,1.613528
735.000000,1.557602,1.591219,1.844132,1.835228,1.173513
736.000000,1.253337,1.440105,1.694552,1.806448,0.045291
737.000000,1.011865,1.343178,1.573967,1.787894,0.373622
738.000000,0.662665,1.193498,1.428741,1.733130,-0.397462
739.000000,0.147203,1.007556,1.310602,1.672699,-0.885917
740.000000,-0.408651,0.770612,1.179506,1.609294,-1.344488
741.000000,-0.714226,0.504071,1.062069,1.549570,-1.305294
742.000000,-1.412535,0.071835,0.896638,1.438617,-2.459122
743.000000,-2.052351,-0.506160,0.719457,1.304945,-2.794502
744.000000,-2.340183,-1.173524,0.563113,1.180027,-2.110100
745.000000,-2.356057,-1.766354,0.400840,1.038898,-1.744669
746.000000,-2.211518,-1.998316,0.232881,0.924045,-1.100700
747.000000,-1.950390,-2.221515,0.019727,0.773432,-1.338922
748.000000,-1.551127,-2.185957,-0.185331,0.631914,-0.921769
749.000000,-1.275098,-2.064133,-0.420596,0.522955,-0.814465
750.000000,-0.990734,-1.863364,-0.664024,0.423590,-0.421230
751.000000,-0.844142,-1.703606,-0.951673,0.315495,-0.419343
752.000000,-0.713051,-1.497819,-1.300160,0.177258,-0.724161
753.000000,-0.626611,-1.233871,-1.611710,0.072179,-0.520774
754.000000,-0.549274,-1.037339,-1.902184,-0.042671,-0.457214
755.000000,-0.582502,-0.896329,-2.070831,-0.202906,-0.577985
756.000000,-0.646866,-0.849529,-2.054083,-0.456682,-0.723753
757.000000,-0.677804,-0.792183,-2.053378,-0.777204,-0.872075
758.000000,-0.862779,-0.848547,-2.018443,-1.211562,-1.372836
759.000000,-1.085734,-0.932444,-1.961122,-1.695374,-1.485348
760.000000,-1.368989,-1.112750,-1.925047,-2.185814,-1.871233
761.000000,-1.610397,-1.286591,-1.904289,-2.519928,-1.866862
762.000000,-1.748857,-1.381616,-1.806920,-2.649024,-1.586360
763.000000,-2.000372,-1.624473,-1.779787,-2.751590,-2.553217
764.000000,-2.117988,-1.802261,-1.754784,-2.730131,-2.065133
765.000000,-2.256518,-2.019369,-1.791628,-2.681343,-2.505075
766.000000,-2.339458,-2.183936,-1.856266,-2.557224,-2.278939
767.000000,-2.451800,-2.315957,-1.903120,-2.480673,-2.231934
768.000000,-2.357185,-2.383119,-1.972092,-2.393601,-2.195325
769.000000,-2.170382,-2.321841,-1.972167,-2.262787,-1.309091
770.000000,-1.996758,-2.267215,-2.020933,-2.174739,-1.657739
771.000000,-1.809023,-2.180310,-2.041364,-2.096581,-1.369574
772.000000,-1.687040,-2.147367,-2.059738,-2.017373,-1.615391
773.000000,-1.527238,-1.999402,-2.067885,-1.926529,-1.426687
774.000000,-1.456626,-1.863856,-2.046130,-1.844720,-1.024974
775.000000,-1.311777,-1.697613,-2.016076,-1.779762,-0.964673
776.000000,-1.274546,-1.583711,-1.998126,-1.755276,-1.191935
777.000000,-1.292960,-1.533652,-2.007730,-1.752083,-1.672772
778.000000,-1.406511,-1.516276,-2.013160,-1.777545,-1.925211
779.000000,-1.654768,-1.614102,-2.032561,-1.821166,-2.168973
780.000000,-1.909004,-1.682268,-2.037821,-1.876589,-2.201838
781.000000,-2.036364,-1.736516,-2.021965,-1.910566,-1.917008
782.000000,-2.033181,-1.744293,-2.005348,-1.922635,-1.730845
783.000000,-1.989410,-1.771436,-1.952541,-1.940212,-1.737056
784.000000,-1.856197,-1.806362,-1.908769,-1.945952,-1.501797
785.000000,-1.677709,-1.824708,-1.839820,-1.939127,-1.300422
786.000000,-1.531385,-1.812388,-1.775363,-1.924203,-1.171255
787.000000,-1.461750,-1.783883,-1.727946,-1.917141,-1.382802
788.000000,-1.365787,-1.724355,-1.676887,-1.895043,-1.274138
789.000000,-1.245593,-1.605938,-1.645932,-1.858209,-0.888790
790.000000,-1.218882,-1.503768,-1.616672,-1.825352,-1.163788
791.000000,-1.121395,-1.382400,-1.577539,-1.776992,-0.643391
792.000000,-0.954312,-1.271404,-1.528324,-1.737474,-0.540942
793.000000,-0.792062,-1.147482,-1.489972,-1.674092,-0.492838
794.000000,-0.702367,-1.042493,-1.472645,-1.626290,-0.434504
795.000000,-0.513734,-0.945453,-1.455969,-1.565407,-0.299181
796.000000,-0.427690,-0.854404,-1.428205,-1.509353,-0.233972
797.000000,-0.226081,-0.664523,-1.350710,-1.436547,0.453781
798.000000,-0.033361,-0.479752,-1.259496,-1.366411,0.415703
799.000000,0.154301,-0.338297,-1.149728,-1.327350,0.442882
800.000000,0.236438,-0.188047,-1.044920,-1.290389,0.028529
801.000000,0.430387,-0.042426,-0.927867,-1.250234,0.652448
802.000000,0.436694,0.080233,-0.821967,-1.208057,0.486116
803.000000,0.555443,0.256547,-0.683548,-1.164085,0.984320
804.000000,0.653378,0.424680,-0.559677,-1.144403,0.888678
805.000000,0.869697,0.587990,-0.445033,-1.134921,0.902502
806.000000,1.103500,0.842959,-0.294642,-1.103999,1.726775
807.000000,1.335874,0.982365,-0.108264,-1.059034,1.344577
808.000000,1.469859,1.175902,0.121245,-0.988487,1.533814
809.000000,1.570943,1.351467,0.351366,-0.886727,1.488233
810.000000,1.624898,1.555299,0.668376,-0.757054,1.452153
811.000000,1.411113,1.533894,0.908834,-0.641087,0.865171
812.000000,1.264183,1.493850,1.125884,-0.520848,0.662382
813.000000,1.090185,1.373860,1.328070,-0.365706,0.658456
814.000000,0.882936,1.267277,1.473027,-0.205993,0.465814
815.000000,0.653266,1.180255,1.557045,-0.034319,0.379547
816.000000,0.596226,1.051972,1.615045,0.179127,0.614743
817.000000,0.497900,0.938391,1.520580,0.459802,0.159632
818.000000,0.410355,0.810891,1.432726,0.789502,0.233695
819.000000,0.311944,0.654805,1.331937,1.071697,-0.050312
820.000000,0.234726,0.493520,1.288548,1.416562,-0.039255
821.000000,0.201655,0.453280,1.216126,1.652225,0.674660
822.000000,0.493305,0.513850,1.205864,1.836006,1.610391
823.000000,0.679786,0.531645,1.134264,1.912927,0.973877
824.000000,1.190706,0.658402,1.119751,1.959087,1.824400
825.000000,1.843965,0.880460,1.144994,1.971224,2.305006
826.000000,2.263405,1.089780,1.119633,1.945474,2.000037
827.000000,2.006309,1.258884,1.082600,1.790877,0.477833
828.000000,1.985244,1.468946,1.046965,1.681770,0.932525
829.000000,1.689098,1.728710,1.005488,1.588482,0.793497
830.000000,1.528389,2.087429,1.008206,1.581486,1.803768
831.000000,1.698951,2.404616,1.132323,1.557324,2.602780
832.000000,2.271935,2.564811,1.329687,1.573067,2.747928
833.000000,2.504180,2.654222,1.519519,1.546285,2.222691
834.000000,2.669812,2.590096,1.747877,1.551583,2.145012
835.000000,2.573479,2.443733,1.977834,1.573812,1.890896
836.000000,2.287105,2.294725,2.129167,1.550907,1.525982
837.000000,1.759043,2.145231,2.179514,1.513794,0.349331
838.000000,1.295875,1.945463,2.148861,1.454037,0.039572
839.000000,0.772660,1.744718,2.090062,1.377585,-0.308616
840.000000,0.062614,1.361732,1.908849,1.246720,-1.292726
841.000000,-0.592754,0.915393,1.689981,1.155212,-1.316650
842.000000,-0.992338,0.420895,1.416789,1.071105,-1.388494
843.000000,-1.404547,-0.115268,1.153068,0.951263,-1.785523
844.000000,-1.635825,-0.621642,0.873647,0.859220,-1.459233
845.000000,-1.599523,-1.056107,0.587719,0.786522,-1.197585
846.000000,-1.644420,-1.484246,0.261657,0.649315,-1.566938
847.000000,-1.608000,-1.676202,0.059739,0.560522,-1.283256
848.000000,-1.469840,-1.790117,-0.175905,0.459843,-1.179648
849.000000,-1.355713,-1.820045,-0.387556,0.394208,-0.961725
850.000000,-1.231984,-1.702684,-0.636918,0.352330,-0.646803
851.000000,-1.090958,-1.627801,-1.030123,0.202479,-0.920482
852.000000,-0.945045,-1.507967,-1.408094,-0.020106,-0.632886
853.000000,-0.919467,-1.404613,-1.790161,-0.308124,-1.073229
854.000000,-0.903235,-1.317950,-2.074178,-0.702088,-0.904251
855.000000,-0.952955,-1.262208,-2.244914,-1.188872,-0.901833
856.000000,-1.038232,-1.217116,-2.365734,-1.712016,-1.318558
857.000000,-1.111917,-1.168743,-2.307756,-1.985306,-1.008057
858.000000,-1.106981,-1.142285,-2.233754,-2.244883,-1.061338
859.000000,-0.981733,-1.054837,-2.078111,-2.273895,-0.336069
860.000000,-0.832817,-0.992913,-1.874046,-2.289891,-0.194719
861.000000,-0.698089,-0.962019,-1.740363,-2.402880,-0.681040
862.000000,-0.630294,-0.967046,-1.621037,-2.473024,-0.713622
863.000000,-0.405973,-0.849783,-1.438760,-2.401877,0.032846
864.000000,-0.305459,-0.737393,-1.287957,-2.331972,0.273185
865.000000,-0.209658,-0.615267,-1.165887,-2.263027,0.490874
866.000000,-0.002857,-0.456081,-1.042651,-2.209690,0.256476
867.000000,-0.096303,-0.474782,-1.030187,-2.181392,-2.117961
868.000000,-0.760867,-0.564086,-1.067061,-2.172651,-3.018322
869.000000,-1.764599,-0.784409,-1.110241,-2.124073,-2.419298
870.000000,-2.860801,-1.088977,-1.176255,-2.015264,-1.995162
871.000000,-3.276090,-1.363552,-1.219100,-1.917070,-1.724358
872.000000,-2.699894,-1.576694,-1.244530,-1.796182,-0.709379
873.000000,-1.873823,-1.948207,-1.206454,-1.648040,-0.176236
874.000000,-1.267342,-2.329108,-1.180719,-1.533829,-0.117270
875.000000,-0.452791,-2.351427,-1.090194,-1.407773,1.052707
876.000000,-0.005763,-2.341076,-1.006713,-1.305825,-0.085296
877.000000,-0.397270,-2.263185,-1.083286,-1.301167,-1.967662
878.000000,-0.262465,-1.574349,-1.000426,-1.219411,0.290001
879.000000,0.224884,-0.779375,-0.924271,-1.111033,1.479719
880.000000,0.547493,0.073178,-0.816983,-1.009669,1.908054
881.000000,1.438434,1.098619,-0.480302,-0.846354,2.503086
882.000000,2.487342,1.736349,-0.080660,-0.718155,1.994577
883.000000,2.360600,1.824384,0.004926,-0.633180,0.541394
884.000000,1.861513,1.740850,-0.081063,-0.597303,-0.088678
885.000000,1.479928,1.605207,-0.077729,-0.515510,0.469088
886.000000,0.935236,1.653555,0.002613,-0.372424,0.456816
887.000000,0.682612,2.082819,0.732454,-0.185894,1.074228
888.000000,0.721558,2.025222,1.493162,0.009720,0.685020
889.000000,0.987370,1.857724,2.080519,0.164066,0.905666
890.000000,0.956990,1.569438,2.337541,0.273487,0.400446
891.000000,1.000512,1.242173,2.508337,0.546241,0.661128
892.000000,0.947109,1.043440,2.513031,0.921597,0.900691
893.000000,1.029040,1.112474,2.459379,1.224362,1.022170
894.000000,0.946757,1.206558,2.342627,1.415148,0.623215
895.000000,1.090438,1.268310,2.194154,1.625275,0.996485
896.000000,1.026160,1.240369,2.103038,1.704909,0.454954
897.000000,1.125668,1.261317,2.278187,2.137894,1.342176
898.000000,1.058952,1.253383,2.161505,2.399821,0.849482
899.000000,1.130829,1.234109,1.992756,2.515923,1.007716
900.000000,1.284531,1.379134,1.884212,2.621070,1.704463
901.000000,1.519684,1.424532,1.696243,2.612530,1.274169
902.000000,1.521205,1.428845,1.565741,2.521399,1.198746
903.000000,2.003789,1.603703,1.693532,2.522689,2.544651
904.000000,2.265783,1.774851,1.817777,2.468914,1.964452
905.000000,2.419428,1.973693,1.928072,2.405388,2.391675
906.000000,2.558147,2.221165,2.006376,2.389552,2.154246
907.000000,2.560351,2.271359,1.986662,2.414708,1.670173
908.000000,2.287715,2.348118,1.987209,2.324827,1.535399
909.000000,2.216180,2.411233,2.002546,2.226043,1.863012
910.000000,1.996332,2.333850,2.032779,2.116362,1.615372
911.000000,1.744009,2.242525,2.009013,1.971933,1.285062
912.000000,1.711363,2.200696,1.993550,1.889894,1.617423
913.000000,1.690611,2.034892,1.971640,1.880736,1.532244
914.000000,1.609482,1.945063,1.984525,1.901546,1.563637
915.000000,1.513476,1.784197,1.959892,1.879781,1.250683
916.000000,1.397952,1.602612,1.941777,1.835307,0.759191
917.000000,1.290968,1.526062,1.895540,1.788476,1.091774
918.000000,1.189964,1.461925,1.874523,1.759518,1.042930
919.000000,1.060299,1.358737,1.839110,1.723348,0.944067
920.000000,0.980053,1.274854,1.770505,1.709788,0.866047
921.000000,1.038116,1.247325,1.737178,1.696504,1.036316
922.000000,1.053789,1.200856,1.716898,1.682282,1.175349
923.000000,1.049910,1.146669,1.628640,1.662214,1.018298
924.000000,0.995642,1.051411,1.552054,1.649370,0.632435
925.000000,0.995602,1.008217,1.462920,1.636383,0.829219
926.000000,1.029956,1.056420,1.401915,1.662171,1.237140
927.000000,1.037911,1.069489,1.372209,1.654337,1.257930
928.000000,1.134102,1.109561,1.357865,1.671198,1.511558
929.000000,1.162924,1.088985,1.288867,1.655841,0.506910
930.000000,1.318497,1.151219,1.265167,1.639422,1.455031
931.000000,1.233297,1.135253,1.240569,1.620368,0.628666
932.000000,1.019910,1.053471,1.178439,1.593058,-0.257510
933.000000,1.115690,1.154294,1.179162,1.556997,2.241790
934.000000,1.540783,1.327326,1.170022,1.535707,1.956109
935.000000,1.677131,1.489933,1.185370,1.492486,1.901409
936.000000,1.626543,1.428575,1.193344,1.425803,0.319614
937.000000,1.935236,1.441317,1.201766,1.397397,1.127856
938.000000,1.477628,1.322257,1.193155,1.360951,0.366143
939.000000,0.939476,1.301054,1.174400,1.297173,-0.248700
940.000000,0.072432,0.945199,1.120993,1.224544,-1.388578
941.000000,-0.269007,0.780521,1.066507,1.182606,-0.924175
942.000000,-0.566974,0.882741,1.036077,1.143473,0.240765
943.000000,-1.759175,-0.018861,0.828021,1.021755,-3.225821
944.000000,-2.235496,-0.734271,0.697760,0.914977,-1.971005
945.000000,-2.197435,-1.373760,0.547188,0.833923,-1.460241
946.000000,-2.138750,-1.642505,0.351431,0.798684,-1.024891
947.000000,-2.056971,-1.803607,0.201641,0.768163,-0.056043
948.000000,-1.213051,-1.792221,-0.005780,0.741927,0.029203
949.000000,-0.855714,-1.807117,-0.162901,0.695562,-0.618649
950.000000,-0.421847,-1.543395,-0.406494,0.685902,0.133333
951.000000,-0.256076,-1.454661,-0.615583,0.628772,-0.419860
952.000000,-0.435924,-1.554876,-0.747147,0.524953,-0.710048
953.000000,-0.655586,-1.161298,-1.239756,0.411010,-0.777723
954.000000,-0.667205,-0.940758,-1.656621,0.333064,-0.666800
955.000000,-0.812963,-0.762151,-1.994877,0.220494,-0.431476
956.000000,-0.554268,-0.499298,-1.902844,0.108284,0.531821
957.000000,-0.240237,-0.411259,-1.895536,-0.064078,0.465938
958.000000,0.218988,-0.263500,-1.706296,-0.276218,0.936200
959.000000,0.939497,0.171372,-1.321373,-0.052420,1.899942
960.000000,1.476978,0.425641,-0.890442,-0.074895,1.529065
961.000000,1.674222,0.748065,-0.554930,0.192230,1.352406
962.000000,1.948228,1.188715,-0.271061,1.050689,1.746485
963.000000,1.751050,1.368119,0.246540,0.630031,0.418148
964.000000,1.382081,1.529855,0.616567,0.217585,0.463616
965.000000,1.300895,1.769824,1.041291,0.124835,1.236807
966.000000,0.968305,1.647520,1.189127,0.010316,0.000663
967.000000,0.218676,1.355868,0.998649,-0.976863,-1.241810
968.000000,-0.148689,1.047187,0.840055,-1.572719,-1.001107
969.000000,-0.510417,0.599686,0.796812,-1.911873,-0.905884
970.000000,-0.723458,0.417870,0.867095,-1.320603,0.366432
971.000000,-0.814280,0.123709,0.887479,-1.291443,-0.380036
972.000000,-0.168894,0.034633,1.272274,-0.807803,1.236554
973.000000,0.450173,0.206445,1.631765,1.547959,1.437880
974.000000,1.063835,0.376565,1.903415,2.894530,1.493553
975.000000,1.235369,0.339467,2.000921,3.235891,1.052392
976.000000,1.639913,0.549281,1.965131,3.241333,1.220099
977.000000,1.538966,0.924484,1.890972,2.936592,0.814283
978.000000,1.328424,1.236051,1.760791,2.682061,0.641481
979.000000,1.083364,1.518542,1.527093,2.572987,0.543496
980.000000,1.841113,2.140695,1.781932,2.872403,3.420119
981.000000,2.460085,2.755670,2.044345,3.072564,3.142893
982.000000,2.826059,2.904550,2.156305,3.095700,2.588848
983.000000,3.041792,2.940427,2.375318,3.066136,2.486366
984.000000,2.976428,2.800176,2.428882,2.911440,1.712127
985.000000,2.441683,2.622358,2.339426,2.710904,1.082114
986.000000,2.087004,2.530001,2.402788,2.562135,1.493969
987.000000,1.892864,2.509519,2.545125,2.474255,1.692960
988.000000,1.689801,2.478726,2.606614,2.379158,1.581601
989.000000,1.643963,2.440368,2.617599,2.261412,1.549964
990.000000,1.627446,2.164540,2.502606,2.146104,1.132282
991.000000,1.725130,2.032723,2.517936,2.131559,1.952299
992.000000,1.770813,1.947958,2.453689,2.100549,1.908677
993.000000,1.747354,1.825431,2.356270,2.089658,1.543194
994.000000,1.681473,1.755862,2.253965,2.060762,1.315911
995.000000,1.687154,1.743220,2.178326,2.013359,1.274702
996.000000,1.469670,1.654994,2.082203,1.979614,0.923118
997.000000,1.286428,1.569276,2.022073,1.990143,1.027715
998.000000,1.252421,1.539419,2.001888,2.015989,1.402609
999.000000,1.204752,1.482786,1.965764,2.015869,1.099351
1000.000000,1.152080,1.461372,1.846015,1.980923,1.014538
1001.000000,1.143446,1.343566,1.723350,1.957662,0.812085
1002.000000,1.207421,1.275153,1.651508,1.928395,1.313867
1003.000000,1.205621,1.255325,1.587839,1.902269,1.414750
1004.000000,1.288544,1.268189,1.563607,1.879826,1.469740
1005.000000,1.310609,1.250751,1.548285,1.850792,1.065635
1006.000000,1.378280,1.280799,1.516718,1.822387,1.071398
1007.000000,1.322368,1.292575,1.473851,1.802344,0.992747
1008.000000,1.498048,1.375443,1.491851,1.829960,2.301684
1009.000000,1.504563,1.421191,1.474616,1.827497,1.421137
1010.000000,1.577025,1.463946,1.474715,1.760243,1.213740
1011.000000,1.536132,1.485671,1.410156,1.679342,0.716875
1012.000000,1.364043,1.382211,1.324137,1.596076,0.081522
1013.000000,0.734893,1.222240,1.247196,1.505878,-0.266358
1014.000000,0.447699,1.084014,1.201969,1.454952,0.147603
1015.000000,0.116145,0.970893,1.150485,1.421321,-0.245629
1016.000000,-0.274310,0.776014,1.102988,1.361212,-1.027513
1017.000000,-0.481714,0.597481,1.054546,1.301126,-0.787453
1018.000000,-0.600722,0.176273,0.974603,1.249105,-0.697446
1019.000000,-0.981735,-0.169812,0.897617,1.189997,-1.202765
1020.000000,-1.207431,-0.496395,0.837199,1.159278,-0.966571
1021.000000,-1.195021,-0.780029,0.787117,1.084979,-0.959967
1022.000000,-0.901685,-0.799343,0.736272,1.034103,0.371408
1023.000000,-0.729076,-0.807322,0.642565,0.990596,-0.044451
1024.000000,-0.477183,-0.925120,0.509634,0.953179,-0.281107
1025.000000,-0.392976,-1.003739,0.384248,0.907282,-0.626285
1026.000000,-0.486587,-1.046456,0.182702,0.867188,-1.323360
1027.000000,-0.987353,-1.169735,-0.073198,0.806046,-1.548532
1028.000000,-1.409858,-1.326853,-0.617600,0.691074,-1.705877
1029.000000,-1.665939,-1.350769,-1.033576,0.595127,-1.436117
1030.000000,-1.740574,-1.366582,-1.423188,0.502076,-1.149534
1031.000000,-1.614541,-1.349221,-1.726814,0.424432,-0.943129
1032.000000,-1.518398,-1.548085,-1.932437,0.241915,-1.221411
1033.000000,-1.158244,-1.512443,-1.916174,0.061722,-0.204398
1034.000000,-0.710873,-1.352680,-1.831534,-0.132910,0.524912
1035.000000,-0.285405,-1.144722,-1.655582,-0.298939,0.715518
1036.000000,0.135056,-0.854265,-1.389756,-0.516859,0.846138
1037.000000,0.785291,-0.460713,-1.113830,-0.697559,1.394365
1038.000000,1.161830,-0.060026,-0.891963,-1.305659,1.396392
1039.000000,1.238175,0.252089,-0.692158,-1.640104,0.802288
1040.000000,1.312969,0.570664,-0.524632,-1.817405,0.955880
1041.000000,1.453214,0.960056,-0.318372,-1.748330,1.364136
1042.000000,1.280687,1.357042,-0.301885,-1.606058,0.698378
1043.000000,1.216172,1.634164,-0.188325,-1.315278,1.224447
1044.000000,1.212643,1.701892,-0.078823,-1.189277,0.851115
1045.000000,1.338937,1.819660,0.155412,-0.885697,1.527065
1046.000000,1.073580,1.686474,0.353082,-0.642128,0.275322
1047.000000,1.280742,1.643888,0.762704,-0.238324,1.606627
1048.000000,1.348852,1.604733,1.213444,0.149622,1.527113
1049.000000,1.517632,1.667301,1.626119,0.666583,1.615846
1050.000000,1.486703,1.679890,1.923379,1.106933,1.391174
1051.000000,1.489183,1.517794,2.024991,1.353900,0.414981
1052.000000,1.229184,1.455219,2.131347,1.372707,0.476287
1053.000000,0.796220,1.223344,1.998169,1.311195,-0.398083
1054.000000,0.465007,1.123788,1.851217,1.391461,0.144201
1055.000000,0.404957,1.078700,1.791713,1.687964,1.121778
1056.000000,0.348469,1.057807,1.638686,1.890244,0.166703
1057.000000,0.590634,1.056520,1.566179,2.261076,1.551853
1058.000000,0.940757,1.005403,1.488438,2.449012,1.145403
1059.000000,1.087978,0.883909,1.440221,2.464769,0.702082
1060.000000,0.938617,0.745916,1.375094,2.388769,0.317471
1061.000000,0.720490,0.577181,1.205630,2.193748,-1.339180
1062.000000,0.074914,0.434845,1.117918,2.095126,-1.193930
1063.000000,-0.785469,0.382328,0.974217,1.903086,-1.657170
1064.000000,-1.893185,0.141660,0.825154,1.656969,-2.120593
1065.000000,-2.735708,-0.418311,0.606223,1.431124,-1.970347
1066.000000,-2.640219,-0.876988,0.501954,1.237369,-1.565355
1067.000000,-1.992975,-1.446361,0.405506,1.124629,0.471396
1068.000000,-1.512761,-1.997826,0.254991,1.015096,-0.056694
1069.000000,-0.788367,-2.164535,0.112924,0.996893,0.456211
1070.000000,-0.319265,-2.276624,-0.099616,0.931195,-0.348074
1071.000000,0.199003,-1.811008,-0.151803,0.869794,0.140044
1072.000000,-0.242476,-1.716825,-0.348995,0.786265,-0.988989
1073.000000,-0.356609,-1.435051,-0.370025,0.689206,-0.433385
1074.000000,-0.549065,-1.017977,-0.472914,0.640200,-0.194123
1075.000000,-0.446442,-0.582346,-0.790087,0.525242,-0.007599
1076.000000,-0.384613,-0.143959,-0.894031,0.571956,0.346690
1077.000000,-0.167699,-0.311232,-1.465710,0.387562,-0.273348
1078.000000,-0.373675,-0.552071,-1.994935,0.071970,-1.159604
1079.000000,-0.376539,-0.696867,-2.077450,-0.214821,-0.192636
1080.000000,-0.812027,-0.937165,-2.195404,-0.661120,-1.491053
1081.000000,-1.649460,-1.472814,-2.158917,-1.081824,-2.264768
1082.000000,-2.046700,-1.620566,-2.111171,-1.464738,-1.647678
1083.000000,-2.076741,-1.828839,-2.020164,-1.690510,-1.538799
1084.000000,-1.784631,-1.641067,-1.630151,-1.721147,0.447319
1085.000000,-1.292999,-1.552642,-1.318955,-1.929252,0.301028
1086.000000,-0.748084,-1.658784,-1.139225,-1.960227,-0.226395
1087.000000,0.153657,-1.291402,-0.990177,-1.923923,1.670855
1088.000000,1.056580,-0.762721,-0.792437,-1.800402,1.605062
1089.000000,1.390250,-0.420264,-0.682721,-1.637935,1.486986
1090.000000,1.937822,0.473624,-0.345406,-1.373112,2.066981
1091.000000,2.403433,1.595781,-0.089669,-0.972404,1.680982
1092.000000,1.759181,1.938997,0.010069,-0.913989,-0.352695
1093.000000,1.543695,2.496971,0.292858,-0.626572,0.917668
1094.000000,1.567280,2.567041,0.733721,-0.129663,1.604568
1095.000000,1.466481,2.573963,1.159889,0.413221,1.618767
1096.000000,1.676055,2.751627,1.704346,1.071616,2.325482
1097.000000,2.282967,2.611584,2.280505,1.430764,2.226131
1098.000000,2.464014,2.523814,2.765476,1.818442,2.115791
1099.000000,2.476571,2.487677,2.906575,2.103956,2.140334
1100.000000,2.352944,2.317460,2.949713,2.298445,1.579027
1101.000000,2.048632,2.152899,2.934029,2.309249,1.163311
1102.000000,1.764234,2.181284,2.817623,2.365164,1.008340
1103.000000,1.634911,2.159455,2.763629,2.408928,1.526592
1104.000000,1.505967,2.085356,2.587707,2.406919,1.542545
1105.000000,1.482943,2.015892,2.460786,2.370902,1.490042
1106.000000,1.527234,1.888115,2.378973,2.305776,1.413944
1107.000000,1.483374,1.716511,2.188065,2.223124,0.897860
1108.000000,1.380875,1.588497,2.062100,2.206674,1.072516
1109.000000,1.210286,1.425545,1.942995,2.117638,0.750576
1110.000000,0.990787,1.292600,1.800456,2.069478,0.443268
1111.000000,0.929888,1.287111,1.743316,2.111453,1.176606
1112.000000,0.913633,1.261049,1.752543,2.096122,0.815669
1113.000000,0.865925,1.187014,1.715038,2.078161,0.880977
1114.000000,0.940698,1.127290,1.663671,2.001119,1.085269
1115.000000,1.078231,1.057413,1.607837,1.938439,0.919407
1116.000000,1.111468,1.031401,1.541755,1.918255,1.358774
1117.000000,1.486798,1.182899,1.532249,1.894402,2.404302
1118.000000,1.752673,1.286123,1.507834,1.867827,1.969202
1119.000000,2.032737,1.490643,1.498880,1.866724,2.245139
1120.000000,1.955223,1.565316,1.442349,1.789801,0.669211
1121.000000,1.720107,1.485335,1.396908,1.717390,0.293167
1122.000000,1.441248,1.544074,1.399668,1.738681,1.049154
1123.000000,1.348239,1.645076,1.393848,1.738620,1.587188
1124.000000,0.802335,1.557189,1.318946,1.669889,-0.176459
1125.000000,0.337650,1.358020,1.194177,1.569754,-1.625291
1126.000000,-0.287069,1.012901,1.043163,1.432526,-2.131404
1127.000000,-1.105028,0.503045,0.947328,1.314156,-1.627231
1128.000000,-2.013563,-0.062001,0.816123,1.193242,-1.683883
1129.000000,-2.134600,-0.697283,0.737969,1.086367,-1.057831
1130.000000,-1.729678,-0.930367,0.738694,1.032000,-0.244006
1131.000000,-1.460373,-1.257830,0.592817,0.967122,-1.089544
1132.000000,-1.186539,-1.578987,0.513558,0.930935,-0.559573
1133.000000,-0.694641,-1.766856,0.491198,0.894524,0.251063
1134.000000,-0.413615,-1.672702,0.418520,0.842442,0.040549
1135.000000,-0.352294,-1.385646,0.347726,0.784493,-0.004628
1136.000000,0.254347,-0.812274,0.370075,0.788616,1.233200
1137.000000,0.703686,-0.328146,0.221077,0.838689,1.163152
1138.000000,0.953918,0.194699,0.108247,0.884581,1.207431
1139.000000,1.114436,0.520659,-0.197544,0.943169,0.722783
1140.000000,1.279011,0.704329,-0.223453,1.054618,0.747941
1141.000000,1.134259,1.015697,-0.166328,1.094058,0.689665
1142.000000,1.115478,1.290198,-0.135838,1.227153,1.110406
1143.000000,1.186186,1.481391,-0.075125,1.417247,1.492410
1144.000000,1.493759,1.767214,0.740675,1.677833,1.948333
1145.000000,1.696861,1.963466,1.908495,1.952062,1.663958
1146.000000,1.842532,1.940591,2.892243,2.141031,1.499467
1147.000000,1.904280,1.938267,3.266420,2.162109,1.605069
1148.000000,1.940735,1.964356,3.381708,2.223062,1.826065
1149.000000,1.815878,1.987345,3.218838,2.121132,1.514729
1150.000000,1.802691,2.032449,3.030132,2.250488,1.708774
1151.000000,1.627660,1.952119,2.838527,2.243383,0.853971
1152.000000,1.576637,1.924230,2.719487,2.221212,1.435495
1153.000000,1.537726,1.897683,2.594010,2.181269,1.658384
1154.000000,1.494837,1.789545,2.472707,2.220395,1.348357
1155.000000,1.354944,1.681495,2.350069,2.283682,1.089141
1156.000000,1.358192,1.581103,2.177323,2.334881,0.974497
1157.000000,1.136562,1.417492,1.995258,2.280012,0.348111
1158.000000,0.807960,1.212641,1.821343,2.212477,-0.038356
1159.000000,0.317562,0.952854,1.630158,2.053114,-1.188466
1160.000000,-0.288318,0.613854,1.426869,1.845984,-1.750092
1161.000000,-0.941318,0.354748,1.247951,1.715280,-1.828318
1162.000000,-1.445296,0.015283,1.069088,1.585989,-1.710489
1163.000000,-1.875888,-0.435049,0.855808,1.413828,-1.913106
1164.000000,-2.115206,-0.970143,0.571305,1.227767,-2.297230
1165.000000,-2.347378,-1.606110,0.223229,0.984325,-2.762795
1166.000000,-2.390132,-2.099185,-0.105835,0.698922,-2.222254
1167.000000,-2.448207,-2.411248,-0.494696,0.366335,-2.266008
1168.000000,-2.386499,-2.518597,-0.903796,0.023303,-1.942622
1169.000000,-2.203208,-2.428795,-1.263153,-0.277725,-1.583730
1170.000000,-1.863510,-2.242455,-1.570011,-0.532288,-1.097352
1171.000000,-1.576195,-2.051265,-1.739543,-0.755852,-0.803677
1172.000000,-1.210876,-1.858894,-1.883907,-0.960260,-0.436144
1173.000000,-0.992140,-1.728406,-2.063242,-1.277587,-0.845935
1174.000000,-0.753074,-1.534070,-2.113510,-1.542999,-0.424620
1175.000000,-0.595012,-1.297268,-2.097994,-1.732571,-0.335233
1176.000000,-0.332499,-1.020675,-1.981467,-1.740544,0.476711
1177.000000,-0.359155,-0.849644,-1.929460,-1.906783,-0.564496
1178.000000,-0.233704,-0.670012,-1.835006,-2.004410,-0.261138
1179.000000,-0.164921,-0.506651,-1.692249,-2.024037,-0.099071
1180.000000,-0.028999,-0.352047,-1.518033,-1.996563,0.327219
1181.000000,-0.034908,-0.208719,-1.354694,-1.884389,0.516841
1182.000000,0.215017,-0.100239,-1.213975,-1.829042,0.587704
1183.000000,0.361968,0.043694,-1.091057,-1.821319,0.381882
1184.000000,0.400566,0.099564,-0.978978,-1.825687,-0.033739
1185.000000,0.426121,0.192185,-0.806866,-1.784445,0.431706
1186.000000,0.506639,0.222474,-0.630558,-1.721340,0.960279
1187.000000,0.683378,0.468327,-0.404188,-1.614220,1.456524
1188.000000,0.988996,0.718669,-0.164871,-1.501251,1.625022
1189.000000,1.394239,0.964643,0.071519,-1.352685,1.495426
1190.000000,1.669200,1.171423,0.305825,-1.174193,1.612339
1191.000000,1.861320,1.403272,0.578783,-0.972213,1.936223
1192.000000,1.873961,1.577398,0.836917,-0.786149,1.688486
1193.000000,1.813749,1.717835,1.172080,-0.581712,1.482979
1194.000000,1.786360,1.866047,1.470510,-0.308736,1.492486
1195.000000,1.785029,1.935007,1.752454,0.103613,1.717317
1196.000000,1.679971,1.909530,1.849436,0.529160,1.513192
1197.000000,1.646578,1.857377,2.020690,1.039439,1.589014
1198.000000,1.671827,1.814022,2.079053,1.529196,1.629132
1199.000000,1.685379,1.783923,2.067886,1.910003,1.533152
1200.000000,1.606359,1.730152,1.988590,2.122249,1.313709
1201.000000,1.569897,1.651177,1.903424,2.225172,1.309420
1202.000000,1.504083,1.601993,1.828607,2.234733,1.288954
1203.000000,1.417628,1.576625,1.780969,2.247786,1.229583
1204.000000,1.376273,1.563652,1.777786,2.199660,1.345854
1205.000000,1.342713,1.503202,1.746076,2.127844,1.149997
1206.000000,1.202193,1.411277,1.677744,1.974622,0.658644
1207.000000,1.168187,1.360319,1.628434,1.948101,1.161273
1208.000000,1.169543,1.315834,1.590525,1.903753,1.275457
1209.000000,1.181418,1.301146,1.573940,1.861595,1.464883
1210.000000,1.274680,1.329701,1.562641,1.809727,1.641401
1211.000000,1.300945,1.267402,1.493646,1.723946,0.701945
1212.000000,1.299549,1.249376,1.460613,1.666318,1.136880
1213.000000,1.179594,1.192788,1.422112,1.617154,0.651869
1214.000000,1.147302,1.184493,1.413359,1.617246,1.364744
1215.000000,1.263361,1.290179,1.429828,1.632778,2.405533
1216.000000,1.695151,1.506624,1.477426,1.648527,2.701839
1217.000000,2.122445,1.702772,1.538451,1.666797,2.862807
1218.000000,2.717889,1.949181,1.629968,1.707306,3.128974
1219.000000,3.083839,2.219583,1.759805,1.774936,3.241219
1220.000000,3.074270,2.395318,1.880015,1.826796,2.751833
1221.000000,2.946090,2.582850,1.977054,1.856741,2.445105
1222.000000,2.821243,2.684261,2.073396,1.901814,2.436651
1223.000000,2.626686,2.741620,2.142801,1.944465,2.201874
1224.000000,2.269087,2.620883,2.129885,1.941008,1.447096
1225.000000,1.998729,2.457329,2.116082,1.921233,1.365031
1226.000000,1.806928,2.317367,2.131922,1.913212,1.438908
1227.000000,1.640756,2.200100,2.127598,1.907901,1.562418
1228.000000,1.393571,2.005767,2.070197,1.867122,0.983735
1229.000000,1.321486,1.818692,2.019940,1.838311,1.096689
1230.000000,1.270986,1.671436,1.970340,1.819218,1.115944
1231.000000,1.168580,1.528567,1.944779,1.791701,0.929997
1232.000000,1.052052,1.389042,1.912011,1.770633,0.993213
1233.000000,1.021653,1.250268,1.886148,1.744875,0.829703
1234.000000,0.958305,1.182587,1.840936,1.716083,0.781001
1235.000000,0.868191,1.113166,1.770392,1.690623,0.669860
1236.000000,0.833048,1.044342,1.704263,1.686941,0.755373
1237.000000,0.707775,0.922597,1.615605,1.655680,0.358472
1238.000000,0.707057,0.909442,1.540354,1.644654,0.846671
1239.000000,0.725621,0.886663,1.451816,1.632475,0.888242
1240.000000,0.802827,0.874996,1.382224,1.623413,1.046481
1241.000000,0.972041,0.936412,1.344984,1.656842,1.615445
1242.000000,1.129285,0.938942,1.273753,1.660038,1.022763
1243.000000,1.240021,0.989706,1.220472,1.683449,1.372477
1244.000000,1.445890,1.092512,1.227303,1.704081,1.925556
