0.000000,5.385165,5.385165,5.385165,5.385165,1.987078
1.000000,3.744444,3.748087,3.751167,3.748244,1.510672
2.000000,3.013780,3.012083,3.017865,3.012486,1.559616
3.000000,2.574578,2.562893,2.572951,2.564760,1.301468
4.000000,2.267231,2.244178,2.264279,2.253947,1.495048
5.000000,2.022889,2.008080,2.031639,2.020267,1.327998
6.000000,1.833876,1.821959,1.845012,1.836631,1.173907
7.000000,1.677508,1.672251,1.693040,1.685302,1.177669
8.000000,1.551646,1.550328,1.566074,1.557253,1.329634
9.000000,1.438173,1.441326,1.456474,1.447059,1.243694
10.000000,1.338734,1.339375,1.358154,1.350030,1.127499
11.000000,1.250851,1.250651,1.268914,1.263971,1.046430
12.000000,1.165274,1.166805,1.187170,1.186172,0.662183
13.000000,1.074044,1.086617,1.109521,1.113485,-0.109248
14.000000,0.998870,1.014865,1.036143,1.047251,0.600292
15.000000,0.931370,0.949476,0.970180,0.985652,0.754043
16.000000,0.878982,0.894038,0.911836,0.928375,1.680734
17.000000,0.835724,0.841577,0.858398,0.875110,1.728056
18.000000,0.795738,0.785271,0.806837,0.823286,0.892313
19.000000,0.743427,0.728909,0.754536,0.773021,0.417608
20.000000,0.698506,0.678526,0.702904,0.724684,1.306583
21.000000,0.653064,0.634728,0.656690,0.678545,2.301839
22.000000,0.599163,0.590846,0.608839,0.632379,1.389298
23.000000,0.558396,0.554792,0.562995,0.587059,1.553449
24.000000,0.518959,0.511058,0.514761,0.537899,1.045136
25.000000,0.462881,0.462645,0.465017,0.489566,0.434161
26.000000,0.387589,0.403636,0.414654,0.442115,0.277820
27.000000,0.309803,0.336357,0.361566,0.397179,-0.199049
28.000000,0.224840,0.280849,0.313378,0.370098,0.557219
29.000000,0.185632,1.255445,1.100358,1.332160,-0.452324
30.000000,-0.163093,0.999452,1.029405,1.253829,-0.932791
31.000000,-0.563485,0.516527,0.952653,1.194360,-1.099703
32.000000,-0.835177,0.149371,0.910762,1.129579,-1.064088
33.000000,-1.388773,-0.325851,0.937123,1.071612,-1.301165
34.000000,-2.133892,-1.095579,0.740411,0.940230,-2.947729
35.000000,-2.622228,-1.812810,0.455240,0.796219,-2.817005
36.000000,-2.982487,-2.494783,-0.103321,0.616173,-2.957873
37.000000,-3.180574,-2.894660,-0.862778,0.381847,-2.893125
38.000000,-3.025823,-2.964513,-1.434222,0.143154,-1.983763
39.000000,-2.659372,-2.833297,-1.848565,-0.118514,-1.683207
40.000000,-2.282631,-2.622999,-2.163674,-0.377836,-1.199166
41.000000,-1.857377,-2.415027,-2.404876,-0.642689,-0.889166
42.000000,-1.439324,-2.259671,-2.456132,-0.895794,-0.886319
43.000000,-1.115790,-2.075213,-2.422370,-1.030478,-0.484424
44.000000,-0.782068,-1.776400,-2.308479,-1.201855,-0.140781
45.000000,-0.598043,-1.532010,-2.195276,-1.405938,-0.349745
46.000000,-0.456172,-1.256741,-2.074521,-1.661076,-0.237504
47.000000,-0.567694,-1.105670,-2.060877,-2.003703,-1.425683
48.000000,-0.732013,-1.021723,-2.058651,-2.131121,-1.234133
49.000000,-0.969771,-0.966520,-2.014526,-2.157426,-1.215923
50.000000,-1.165655,-0.969306,-1.961661,-2.203748,-1.236782
51.000000,-1.390718,-1.015062,-1.918410,-2.277293,-1.324715
52.000000,-1.380624,-1.071006,-1.889596,-2.277938,-1.408993
53.000000,-1.262211,-1.094317,-1.810125,-2.219538,-0.649372
54.000000,-1.171078,-1.172249,-1.687134,-2.153441,-0.729108
55.000000,-1.078800,-1.234278,-1.573267,-2.077303,-0.755898
56.000000,-1.157558,-1.409974,-1.501704,-2.062076,-1.709491
57.000000,-1.168357,-1.415285,-1.405251,-2.022504,-1.459871
58.000000,-1.267963,-1.401040,-1.335191,-1.992047,-0.992344
59.000000,-1.265697,-1.356516,-1.263053,-1.928453,-0.565065
60.000000,-1.548441,-1.459172,-1.298162,-1.920798,-1.938360
61.000000,-1.512782,-1.509919,-1.334870,-1.896422,-1.505758
62.000000,-1.692141,-1.633099,-1.412031,-1.903311,-2.124060
63.000000,-1.913913,-1.844741,-1.513341,-1.895488,-1.782019
64.000000,-2.234039,-2.059397,-1.659857,-1.852933,-1.960232
65.000000,-2.094105,-2.181180,-1.766873,-1.793101,-1.514291
66.000000,-1.974850,-2.091447,-1.852807,-1.710172,-1.245049
67.000000,-1.565404,-1.911118,-1.784114,-1.588129,-0.488320
68.000000,-1.207563,-1.758207,-1.711141,-1.495247,-0.190725
69.000000,-0.740701,-1.620927,-1.620275,-1.404681,0.155611
70.000000,-0.534520,-1.428531,-1.577768,-1.371071,-0.586209
71.000000,-0.100954,-1.144727,-1.445967,-1.305859,0.677105
72.000000,0.029531,-0.874112,-1.349132,-1.269583,0.086831
73.000000,-0.055357,-0.737125,-1.364015,-1.288625,-0.605240
74.000000,-0.189095,-0.545795,-1.365366,-1.325456,-0.453991
75.000000,-0.227494,-0.446054,-1.392834,-1.371608,-0.889467
76.000000,-0.528852,-0.325357,-1.322563,-1.412733,-0.442326
77.000000,-0.784389,-0.348718,-1.288801,-1.399133,-0.810440
78.000000,-0.754954,-0.378413,-1.268984,-1.384901,-0.366511
79.000000,-0.872566,-0.526490,-1.306330,-1.389810,-0.829685
80.000000,-0.776274,-0.525219,-1.214021,-1.384736,-0.515785
81.000000,-1.002089,-0.877320,-1.197451,-1.399053,-1.275355
82.000000,-1.154252,-1.168214,-1.128850,-1.410381,-1.360939
83.000000,-1.218021,-1.228025,-1.039155,-1.446128,-0.587727
84.000000,-0.877173,-1.146044,-0.853652,-1.436760,0.601818
85.000000,-0.435029,-0.841855,-0.656906,-1.404417,1.325590
86.000000,0.379073,-0.515798,-0.447755,-1.288097,1.567351
87.000000,1.309367,-0.031111,-0.298205,-1.175992,1.610199
88.000000,1.928090,0.443513,-0.156870,-1.089002,1.632849
89.000000,2.324828,1.317430,0.051657,-0.984411,2.312223
90.000000,2.403242,2.051042,0.458192,-0.748836,2.102667
91.000000,2.486079,2.807884,0.828346,-0.475665,2.355851
92.000000,2.668468,3.279735,1.625273,-0.006827,2.842668
93.000000,2.777495,3.313931,2.596964,0.514348,2.694310
94.000000,2.742758,3.158250,3.076713,1.104434,2.487443
95.000000,2.464611,2.821336,3.013220,1.459798,1.195540
96.000000,2.115991,2.516641,2.778192,1.688498,0.734392
97.000000,1.503766,2.168918,2.499681,1.686923,-0.233142
98.000000,0.821822,1.854048,2.220210,1.607899,-0.564403
99.000000,0.036822,1.479043,1.986586,1.446054,-0.965277
100.000000,-0.440163,1.154347,1.791553,1.376616,-0.871308
101.000000,-0.841821,0.770551,1.657030,1.153496,-1.036665
102.000000,-1.039906,0.279771,1.535536,0.983161,-1.130755
103.000000,-1.110736,-0.213223,1.405082,0.908114,-0.926102
104.000000,-1.196497,-0.780433,1.160785,0.746681,-1.368415
105.000000,-1.380193,-1.205491,0.838960,0.561738,-1.711767
106.000000,-1.541792,-1.544841,0.478089,0.313608,-1.776074
107.000000,-1.667174,-1.721173,0.093571,0.084842,-1.735497
108.000000,-1.727383,-1.776159,-0.255774,-0.120654,-1.347614
109.000000,-1.674903,-1.762735,-0.671265,-0.280618,-1.228250
110.000000,-1.562674,-1.758976,-1.096698,-0.471249,-1.225701
111.000000,-1.421752,-1.727812,-1.539460,-0.596554,-1.128341
112.000000,-1.324994,-1.712249,-2.030366,-0.751664,-1.279040
113.000000,-1.296884,-1.710343,-2.404442,-0.972646,-1.229948
114.000000,-1.284996,-1.661170,-2.617360,-1.280002,-1.198579
115.000000,-1.191270,-1.534310,-2.566150,-1.548669,-0.824246
116.000000,-1.137260,-1.417759,-2.474536,-1.814906,-0.904632
117.000000,-1.067497,-1.315700,-2.333153,-2.037514,-0.954940
118.000000,-0.959755,-1.228806,-2.175462,-2.157853,-0.715814
119.000000,-0.884146,-1.171980,-2.035089,-2.285804,-0.836522
120.000000,-0.877477,-1.112966,-1.921320,-2.334765,-0.796252
121.000000,-0.781383,-1.028270,-1.787554,-2.322066,-0.428900
122.000000,-0.547984,-0.867513,-1.622745,-2.270688,0.254863
123.000000,-0.395299,-0.735535,-1.507150,-2.250661,0.106163
124.000000,-0.216182,-0.616074,-1.390625,-2.242633,0.045655
125.000000,0.002163,-0.533112,-1.264385,-2.162539,0.173414
126.000000,0.233710,-0.409974,-1.128381,-2.066355,0.692617
127.000000,0.383909,-0.235837,-0.984895,-1.927761,1.261421
128.000000,0.603377,-0.087070,-0.878640,-1.807512,1.009144
129.000000,0.930554,0.133528,-0.775111,-1.678232,1.237909
130.000000,1.296008,0.425482,-0.663571,-1.567625,1.463119
131.000000,1.944315,0.903246,-0.490308,-1.399887,3.093818
132.000000,2.262363,1.299340,-0.300480,-1.247857,2.474603
133.000000,2.436093,1.732120,-0.105444,-1.129247,1.994367
134.000000,2.426604,2.057312,0.108856,-0.994838,1.661138
135.000000,2.345275,2.220718,0.318544,-0.833371,1.583461
136.000000,2.042615,2.251791,0.598314,-0.641110,1.770129
137.000000,1.738463,2.117207,0.888716,-0.464007,1.158610
138.000000,1.487356,1.990149,1.156480,-0.319829,0.829641
139.000000,1.281186,1.853144,1.446102,-0.179420,0.670858
140.000000,1.304918,1.840439,1.800355,0.043735,1.659225
141.000000,1.408075,1.757238,2.076171,0.331007,2.149256
142.000000,1.485602,1.648963,2.095057,0.631815,1.498338
143.000000,1.594588,1.580946,2.071419,0.957224,1.370599
144.000000,1.743381,1.559524,2.038719,1.310318,1.456793
145.000000,1.751104,1.576256,2.017578,1.631909,1.708549
146.000000,1.707174,1.600775,1.995860,1.944962,1.931352
147.000000,1.765600,1.666857,1.951418,2.169280,1.779567
148.000000,1.799765,1.735694,1.917200,2.261048,1.559087
149.000000,1.740740,1.775202,1.862122,2.274068,1.185961
150.000000,1.588066,1.698401,1.799312,2.229325,0.911444
151.000000,1.462856,1.613714,1.705079,2.161860,1.323053
152.000000,1.389187,1.610875,1.647013,2.056114,1.467285
153.000000,1.322096,1.601982,1.606332,1.974902,1.272314
154.000000,1.475841,1.647607,1.617567,1.944969,1.887180
155.000000,1.608863,1.630046,1.614103,1.905926,1.533460
156.000000,1.502674,1.512272,1.564733,1.837471,0.793831
157.000000,1.305252,1.377771,1.532536,1.759671,0.446134
158.000000,1.110660,1.249654,1.511800,1.698645,0.211668
159.000000,0.749445,1.169469,1.504620,1.645221,0.200363
160.000000,0.393375,1.104892,1.442349,1.592839,-0.045907
161.000000,0.336553,1.043155,1.374534,1.518134,0.639719
162.000000,0.292666,0.921305,1.328949,1.451334,0.277019
163.000000,0.324617,0.823391,1.293905,1.405750,0.342884
164.000000,0.053867,0.479651,1.197726,1.338575,-1.027271
165.000000,-0.144536,0.165878,1.086658,1.279721,-0.934159
166.000000,-0.420472,-0.006146,0.969978,1.225925,-0.478368
167.000000,-0.706859,-0.178533,0.840765,1.189472,-0.859202
168.000000,-0.984297,-0.299269,0.732445,1.177959,-0.663540
169.000000,-0.881782,-0.406537,0.662497,1.185713,-0.501720
170.000000,-0.876435,-0.523572,0.595302,1.142717,-0.894104
171.000000,-0.935102,-0.740311,0.490021,1.073921,-0.605360
172.000000,-0.516050,-0.753135,0.420316,1.072045,0.778769
173.000000,0.078217,-0.681936,0.403340,1.099963,1.489784
174.000000,0.815378,-0.202786,0.341414,1.146949,2.034947
175.000000,1.390965,0.209604,0.256750,1.154646,1.234332
176.000000,1.689866,0.478905,0.232178,1.121717,0.759408
177.000000,1.783632,0.957148,0.336218,1.117874,1.377093
178.000000,1.589234,1.245002,0.450106,1.106757,0.856713
179.000000,1.525714,1.627333,0.739603,1.182865,1.793280
180.000000,1.609686,1.969170,1.124708,1.293824,1.650973
181.000000,1.676313,2.116788,1.361557,1.345405,1.210803
182.000000,1.534768,2.017085,1.654383,1.363182,0.903962
183.000000,0.117139,0.970485,0.515759,0.938880,-3.621451
184.000000,-1.393598,-0.072953,-0.432804,0.337463,-2.898690
185.000000,-2.583740,-1.018614,-1.502906,-0.364639,-2.605049
186.000000,-3.211867,-1.871940,-2.567901,-1.108929,-2.531269
187.000000,-3.332865,-2.508327,-2.995683,-1.776066,-2.156476
188.000000,-2.845912,-2.834486,-3.187861,-2.306232,-2.078577
189.000000,-2.571646,-3.043050,-3.251930,-2.645613,-2.028936
190.000000,-2.377191,-3.085849,-3.191146,-2.779246,-1.947320
191.000000,-2.170287,-3.006034,-3.082251,-2.824789,-1.728961
192.000000,-1.994150,-2.870754,-2.998543,-2.748343,-1.472509
193.000000,-1.960008,-2.595927,-3.022405,-2.742439,-1.951752
194.000000,-1.907786,-2.405578,-2.995536,-2.641153,-1.826498
195.000000,-1.851165,-2.255026,-2.901643,-2.552171,-1.726914
196.000000,-1.808931,-2.113408,-2.783089,-2.479243,-1.598014
197.000000,-1.787024,-2.002310,-2.683395,-2.393298,-1.472116
198.000000,-1.670779,-1.903504,-2.579135,-2.325401,-1.416750
199.000000,-1.514958,-1.779329,-2.482338,-2.243066,-1.098217
200.000000,-1.372737,-1.666811,-2.394403,-2.163688,-1.043837
201.000000,-1.255818,-1.580031,-2.310268,-2.100745,-1.030216
202.000000,-1.183291,-1.531386,-2.240324,-2.076536,-1.118141
203.000000,-1.092016,-1.427200,-2.069445,-2.053424,-0.977421
204.000000,-1.079568,-1.344463,-1.943841,-2.046356,-1.047442
205.000000,-1.001838,-1.231888,-1.814224,-2.000717,-0.652165
206.000000,-0.935336,-1.137507,-1.701367,-1.957252,-0.688230
207.000000,-0.829305,-1.047315,-1.606118,-1.923475,-0.587763
208.000000,-0.716531,-0.945865,-1.511906,-1.879520,-0.400665
209.000000,-0.609148,-0.893626,-1.434106,-1.864891,-0.558036
210.000000,-0.590357,-0.848094,-1.363889,-1.854367,-0.564001
211.000000,-0.558769,-0.802941,-1.305947,-1.842031,-0.563704
212.000000,-0.563447,-0.746481,-1.264773,-1.831374,-0.713301
213.000000,-0.646828,-0.706554,-1.197942,-1.746719,-0.789414
214.000000,-0.556961,-0.601705,-1.116316,-1.661065,0.180468
215.000000,-0.543765,-0.584174,-1.050848,-1.593576,-0.512406
216.000000,-0.492789,-0.548660,-0.986599,-1.524739,-0.342696
217.000000,-0.209217,-0.469668,-0.909308,-1.455049,0.772253
218.000000,0.247026,-0.387323,-0.823165,-1.384298,1.299894
219.000000,0.961082,-0.073283,-0.720367,-1.291654,3.086460
220.000000,1.941210,0.368008,-0.612846,-1.202343,2.683542
221.000000,2.883626,1.048151,-0.472080,-1.109719,2.945926
222.000000,3.118092,1.728289,-0.308587,-1.035661,2.302757
223.000000,3.003513,2.349741,-0.130940,-0.933098,1.962949
224.000000,2.609906,2.609055,0.107252,-0.826351,1.850741
225.000000,2.393255,2.801065,0.367018,-0.703900,2.029181
226.000000,2.121865,2.798816,0.707191,-0.575184,1.840305
227.000000,1.950722,2.630376,1.092786,-0.443131,1.553707
228.000000,1.791329,2.434421,1.465486,-0.301424,1.257656
229.000000,1.686612,2.186809,1.860540,-0.158658,1.373655
230.000000,1.523737,1.995478,2.120280,0.004858,1.251205
231.000000,1.305055,1.752063,2.181712,0.183316,0.799400
232.000000,1.107825,1.571090,2.139110,0.408084,0.600282
233.000000,1.050211,1.470108,2.120432,0.686356,0.977524
234.000000,0.956161,1.376617,2.031080,1.018252,0.927460
235.000000,0.885143,1.263073,1.990377,1.309381,0.927061
236.000000,0.986638,1.203531,1.970250,1.624058,1.281706
237.000000,1.018818,1.115294,1.880614,1.818913,0.733123
238.000000,0.889997,1.019497,1.773130,1.883209,0.346008
239.000000,0.790139,0.919430,1.627612,1.909446,0.426621
240.000000,0.735566,0.855279,1.521514,1.903388,0.658408
241.000000,0.692279,0.892620,1.430866,1.898611,1.142537
242.000000,0.858788,0.997294,1.397473,1.907482,1.574339
243.000000,1.220635,1.102786,1.400287,1.933715,2.025529
244.000000,1.572454,1.214486,1.404903,1.915121,1.945971
245.000000,2.774724,1.831934,1.643737,2.123486,4.496788
246.000000,3.375432,2.308528,1.853096,2.261332,3.465484
247.000000,3.483403,2.689824,2.031764,2.322515,2.852858
248.000000,3.355475,2.930882,2.176154,2.343160,2.443272
249.000000,3.199491,3.013938,2.276344,2.313662,2.244704
250.000000,2.697217,2.969258,2.333704,2.276146,1.969287
251.000000,2.347077,2.852635,2.372404,2.221023,1.781153
252.000000,2.080488,2.706823,2.379741,2.176223,1.586559
253.000000,1.874006,2.557237,2.347871,2.133230,1.455168
254.000000,1.714479,2.443484,2.316648,2.097617,1.468472
255.000000,1.635139,2.197542,2.295551,2.067743,1.580402
256.000000,1.548760,1.995675,2.242619,2.029046,1.376012
257.000000,1.494444,1.841715,2.207840,1.998136,1.339147
258.000000,1.428195,1.705308,2.170311,1.964361,1.154387
259.000000,1.376800,1.598267,2.138066,1.936345,1.225622
260.000000,1.360302,1.548842,2.122016,1.931206,1.489878
261.000000,1.355118,1.501773,2.085587,1.927184,1.353547
262.000000,1.334644,1.461974,2.037700,1.919784,1.244438
263.000000,1.317580,1.418089,1.977606,1.895421,1.076358
264.000000,1.296364,1.379331,1.929613,1.876690,1.119584
265.000000,1.199114,1.319320,1.800009,1.854650,1.009682
266.000000,1.084454,1.258786,1.681390,1.818256,0.781143
267.000000,0.923022,1.170170,1.565093,1.780418,0.418829
268.000000,0.745486,1.080539,1.455290,1.745021,0.139762
269.000000,0.605104,1.012752,1.371605,1.726997,0.446651
270.000000,0.381365,0.868935,1.280301,1.692660,-0.118597
271.000000,0.264620,0.768927,1.218163,1.672092,0.315694
272.000000,0.178349,0.654439,1.158224,1.643857,-0.009282
273.000000,0.004647,0.493964,1.082429,1.597805,-1.063080
274.000000,-0.359909,0.298916,1.007505,1.561420,-1.579670
275.000000,-0.671416,0.067807,0.917380,1.457666,-1.595771
276.000000,-1.133063,-0.145017,0.846754,1.370841,-0.957982
277.000000,-1.247362,-0.261195,0.794939,1.306571,0.081492
278.000000,-0.994664,-0.359408,0.746695,1.245050,-0.176159
279.000000,-0.541187,-0.504498,0.700195,1.193362,0.397404
280.000000,-0.037822,-0.493354,0.621452,1.150397,0.515333
281.000000,0.440512,-0.512821,0.558509,1.120990,1.001091
282.000000,0.632728,-0.433525,0.492294,1.097065,0.859714
283.000000,0.830401,-0.125583,0.427169,1.075092,0.631490
284.000000,0.972568,0.274069,0.355478,1.057447,0.979326
285.000000,1.180690,0.767790,0.306613,1.038450,1.384427
286.000000,1.146263,1.073221,0.261626,1.021839,0.892445
287.000000,1.165926,1.213793,0.297453,1.008970,0.980404
288.000000,1.233549,1.379496,0.434684,1.012532,0.973573
289.000000,1.327781,1.515406,0.621164,1.025249,1.411318
290.000000,1.342667,1.621205,1.163819,1.011471,1.494857
291.000000,1.319082,1.552415,1.634611,0.984725,0.885704
292.000000,1.183142,1.446414,2.115591,0.944725,0.439904
293.000000,1.366928,1.574115,2.926940,0.984533,1.779824
294.000000,1.445677,1.645090,3.148500,1.020824,1.719904
295.000000,1.521350,1.675049,3.191296,1.087626,1.780651
296.000000,1.641731,1.716853,3.041513,1.191386,1.478456
297.000000,1.678906,1.654362,2.744318,1.335459,0.857049
298.000000,1.347852,1.529571,2.498530,1.505416,0.345163
299.000000,1.093777,1.395441,2.293138,1.617982,0.553559
300.000000,0.620536,1.141420,2.029667,1.716318,-0.457441
301.000000,0.222402,0.984754,1.795081,1.691366,-0.345367
302.000000,0.073881,0.950403,1.661940,1.739832,0.213223
303.000000,0.048296,0.778855,1.568737,1.883677,0.260440
304.000000,-0.124458,0.567969,1.431197,1.934597,-0.206810
305.000000,-0.044230,0.347696,1.288581,1.999040,-0.152500
306.000000,-0.169330,0.057590,1.138176,1.949301,-1.237754
307.000000,-0.564042,-0.203231,0.974662,1.811935,-1.540949
308.000000,-1.025118,-0.400991,0.827747,1.726875,-1.400033
309.000000,-1.659791,-0.792281,0.576973,1.534536,-2.433811
310.000000,-2.175537,-1.034531,0.324492,1.356585,-2.102743
311.000000,-2.877976,-1.703061,-0.100181,0.897810,-3.742806
312.000000,-3.025205,-2.307147,-0.459120,0.485542,-2.739932
313.000000,-2.954465,-2.631118,-0.920059,0.121116,-2.103476
314.000000,-2.782769,-2.742438,-1.418555,-0.349864,-2.119128
315.000000,-2.777413,-2.828000,-1.977394,-1.019862,-2.484136
316.000000,-2.522761,-2.792590,-2.417899,-1.662884,-2.435111
317.000000,-2.419489,-2.727785,-2.646077,-2.217498,-2.309225
318.000000,-2.359875,-2.644068,-2.684841,-2.550721,-2.017875
319.000000,-2.154940,-2.441167,-2.600178,-2.641296,-1.308457
320.000000,-2.009225,-2.354344,-2.506668,-2.729564,-1.742360
321.000000,-1.879432,-2.178765,-2.432675,-2.717984,-1.756458
322.000000,-1.717050,-2.047280,-2.365495,-2.629405,-1.502969
323.000000,-1.576771,-1.952993,-2.289670,-2.582353,-1.338305
324.000000,-1.532232,-1.844805,-2.194238,-2.503321,-1.129813
325.000000,-1.398958,-1.711320,-2.116700,-2.428031,-1.082898
326.000000,-1.231228,-1.567824,-2.023573,-2.336834,-0.923025
327.000000,-1.104213,-1.429757,-1.940536,-2.235205,-0.873104
328.000000,-1.042327,-1.334261,-1.887610,-2.146952,-1.046703
329.000000,-1.035354,-1.313917,-1.827169,-2.082828,-1.101604
330.000000,-1.094053,-1.275450,-1.795924,-2.017401,-1.373150
331.000000,-1.180961,-1.229036,-1.712522,-1.963772,-1.333906
332.000000,-1.244420,-1.193119,-1.648053,-1.923849,-1.170149
333.000000,-1.254555,-1.166453,-1.602586,-1.887960,-1.082722
334.000000,-1.238541,-1.156238,-1.554461,-1.847274,-1.002571
335.000000,-1.169321,-1.153641,-1.491579,-1.817626,-1.028316
336.000000,-1.043752,-1.140726,-1.413287,-1.769797,-0.677741
337.000000,-0.983032,-1.150259,-1.344515,-1.732593,-0.862653
338.000000,-0.945477,-1.143706,-1.288974,-1.706121,-0.897700
339.000000,-0.960781,-1.145254,-1.278942,-1.674670,-1.102528
340.000000,-0.938073,-1.098108,-1.235925,-1.647040,-0.905979
341.000000,-0.863788,-0.994503,-1.166013,-1.565578,-0.015692
342.000000,-0.792517,-0.933549,-1.122370,-1.511284,-0.440369
343.000000,-0.681589,-0.875374,-1.087202,-1.473050,-0.321145
344.000000,-0.457074,-0.818213,-1.065227,-1.433510,-0.162457
345.000000,-0.147161,-0.703985,-1.033839,-1.371777,0.473282
346.000000,-0.036616,-0.625912,-1.010910,-1.304476,0.591443
347.000000,0.158022,-0.512460,-0.998806,-1.239823,0.172299
348.000000,0.419827,-0.320121,-0.958788,-1.177163,0.591628
349.000000,0.755020,0.011201,-0.900418,-1.143361,1.183366
350.000000,0.978232,0.370396,-0.796006,-1.079882,1.405766
351.000000,1.174849,0.602752,-0.671813,-1.007078,1.440848
352.000000,1.236001,0.815921,-0.576193,-0.957624,0.471313
353.000000,1.333528,1.070184,-0.448847,-0.904998,1.077774
354.000000,1.190838,1.198192,-0.325960,-0.871167,0.617756
355.000000,0.990777,1.207006,-0.173520,-0.839221,0.563871
356.000000,0.781907,1.198082,-0.048594,-0.819213,0.552257
357.000000,0.746022,1.224892,0.129350,-0.809494,0.262343
358.000000,0.729797,1.291062,0.420130,-0.767730,1.036715
359.000000,0.975212,1.344971,0.900148,-0.698480,1.615430
360.000000,1.340654,1.424575,1.438982,-0.563010,2.119287
361.000000,1.602143,1.441236,1.793345,-0.400838,1.861423
362.000000,1.903485,1.579701,2.140215,-0.210727,1.864649
363.000000,1.794865,1.462879,2.175076,-0.028461,0.672332
364.000000,1.919180,1.606640,2.263729,0.293074,2.143844
365.000000,1.943849,1.751784,2.246847,0.745740,2.172781
366.000000,2.026015,1.903933,2.225015,1.279888,2.197370
367.000000,2.183867,2.126866,2.268762,1.986274,2.504414
368.000000,2.773449,2.425242,2.386617,2.685658,3.380875
369.000000,2.884322,2.572150,2.413010,2.987052,2.852549
370.000000,2.865399,2.593758,2.390027,2.964910,2.456660
371.000000,2.747516,2.559161,2.331067,2.796192,2.047431
372.000000,2.637014,2.543092,2.341924,2.701497,2.161036
373.000000,2.343551,2.558758,2.303200,2.593161,1.918503
374.000000,2.104410,2.453483,2.271570,2.484275,1.681802
375.000000,1.928195,2.352512,2.242024,2.373820,1.596779
376.000000,1.886600,2.294753,2.243091,2.304377,1.842767
377.000000,1.788517,2.204993,2.241437,2.248015,1.677073
378.000000,1.708068,2.034849,2.208971,2.180765,1.536458
379.000000,1.620807,1.879172,2.147029,2.101835,1.280152
380.000000,1.434870,1.697065,2.036889,1.995874,0.691815
381.000000,1.233469,1.573557,1.958190,1.914216,0.828755
382.000000,1.040645,1.431659,1.882601,1.859605,0.709876
383.000000,0.857827,1.307045,1.841301,1.798020,0.636636
384.000000,0.756400,1.223451,1.780056,1.764926,0.801319
385.000000,0.694740,1.106511,1.700559,1.719860,0.366140
386.000000,0.634260,0.977779,1.637301,1.692765,0.532039
387.000000,0.500620,0.814807,1.544333,1.658600,-0.002204
388.000000,0.461536,0.700494,1.436398,1.637646,0.457632
389.000000,0.302016,0.574541,1.325235,1.598369,0.038353
390.000000,0.395495,0.586471,1.262497,1.581545,0.883007
391.000000,0.471418,0.588052,1.218906,1.573804,0.968191
392.000000,0.751584,0.631574,1.176143,1.575917,1.270484
393.000000,0.979093,0.707420,1.150221,1.607141,1.560671
394.000000,1.338842,0.767213,1.134717,1.609352,1.561720
395.000000,1.427363,0.866543,1.105281,1.598740,1.046877
396.000000,1.920900,1.136492,1.121314,1.631626,3.025224
397.000000,2.335448,1.525438,1.140068,1.647347,2.598437
398.000000,2.567989,1.874506,1.174539,1.625644,2.461021
399.000000,2.673937,2.275721,1.237383,1.611021,2.314062
400.000000,2.713385,2.448433,1.350397,1.595861,1.954217
401.000000,2.365639,2.517468,1.449841,1.586869,1.677692
402.000000,2.135898,2.483421,1.564996,1.566965,1.606715
403.000000,1.977330,2.410428,1.705398,1.561032,1.736342
404.000000,1.865663,2.348413,1.836757,1.568684,1.793352
405.000000,1.802534,2.319056,1.997712,1.576716,1.689980
406.000000,1.822897,2.165874,2.126348,1.575176,1.818619
407.000000,1.824725,2.052629,2.248769,1.574941,1.689171
408.000000,1.776049,1.942233,2.278643,1.575119,1.564875
409.000000,1.804145,1.899428,2.341771,1.610696,1.928818
410.000000,1.949644,1.949301,2.370846,1.710784,2.363618
411.000000,1.933971,1.941707,2.332031,1.767561,1.803172
412.000000,1.903514,1.917146,2.264481,1.815720,1.620133
413.000000,1.916982,1.895501,2.202857,1.868619,1.701795
414.000000,1.786069,1.824050,2.119773,1.881177,1.295999
415.000000,1.611447,1.787436,2.078847,1.921572,1.475123
416.000000,1.454518,1.696751,1.957146,1.919910,1.017641
417.000000,1.294749,1.604655,1.849904,1.925030,0.795199
418.000000,1.126757,1.538708,1.760746,1.911217,0.862980
419.000000,1.067098,1.456923,1.690361,1.917105,1.004160
420.000000,0.970134,1.329641,1.639563,1.894581,1.058699
421.000000,0.936235,1.237187,1.591987,1.862239,0.842642
422.000000,0.931620,1.151226,1.545988,1.819616,0.720856
423.000000,0.935592,1.060316,1.504086,1.779394,0.855067
424.000000,0.831932,0.982940,1.446452,1.731413,0.450394
425.000000,0.760045,0.898384,1.406779,1.708307,0.735263
426.000000,0.776630,0.888504,1.370125,1.653104,0.960169
427.000000,0.654709,0.836615,1.310451,1.585552,0.037524
428.000000,0.347220,0.712219,1.236475,1.506195,-0.690880
429.000000,0.276766,0.624819,1.167165,1.451568,0.115258
430.000000,0.183787,0.542647,1.068997,1.413548,0.363433
431.000000,-0.070571,0.447464,0.987380,1.375851,-0.104830
432.000000,-0.676129,0.111243,0.826829,1.288817,-2.735120
433.000000,-1.423818,-0.431415,0.598607,1.175335,-3.287103
434.000000,-2.382353,-1.018977,0.364298,1.053263,-2.983688
435.000000,-2.963701,-1.604657,0.094601,0.945524,-2.317226
436.000000,-3.223622,-2.262719,-0.222272,0.802670,-2.561995
437.000000,-3.003646,-2.641384,-0.590802,0.644087,-2.429159
438.000000,-2.692023,-2.752771,-1.026056,0.476038,-2.139595
439.000000,-2.367158,-2.762490,-1.463323,0.276571,-1.675002
440.000000,-2.137907,-2.686741,-1.844865,0.009287,-1.425196
441.000000,-1.798508,-2.517076,-2.059533,-0.233316,-0.960043
442.000000,-1.422848,-2.205486,-2.131535,-0.477056,-0.582042
443.000000,-1.096925,-1.906343,-2.148071,-0.774314,-0.533850
444.000000,-0.979930,-1.719665,-2.156676,-1.133265,-1.111278
445.000000,-0.729968,-1.503192,-2.068602,-1.427014,-0.228077
446.000000,-0.616608,-1.291357,-2.017411,-1.662559,-0.420616
447.000000,-0.812890,-1.201857,-2.011466,-1.931539,-1.480654
448.000000,-1.115769,-1.183387,-2.005327,-2.166062,-1.865700
449.000000,-1.255466,-1.193972,-2.015336,-2.288797,-1.681209
450.000000,-1.492844,-1.192791,-2.003944,-2.312588,-1.353011
451.000000,-1.649141,-1.232355,-1.972295,-2.278128,-1.243410
452.000000,-1.517506,-1.269993,-1.851457,-2.199431,-0.865636
453.000000,-1.243863,-1.275777,-1.704202,-2.114057,-0.537152
454.000000,-0.924017,-1.177235,-1.552858,-2.001666,-0.137214
455.000000,-0.874880,-1.289221,-1.496750,-1.978124,-1.149340
456.000000,-0.767546,-1.341446,-1.406563,-1.944915,-0.768284
457.000000,-0.685118,-1.246765,-1.304830,-1.876084,-0.454044
458.000000,-0.655437,-1.085173,-1.211487,-1.796042,-0.321675
459.000000,-0.580430,-0.865195,-1.112604,-1.726582,0.461985
460.000000,-0.255326,-0.703018,-1.044053,-1.688768,0.263738
461.000000,0.255041,-0.433490,-0.967006,-1.622216,1.543821
462.000000,0.923424,-0.116657,-0.895101,-1.495150,1.986896
463.000000,1.685471,0.239435,-0.814930,-1.350461,1.961425
464.000000,2.070524,0.601318,-0.679173,-1.210240,1.785004
465.000000,2.395770,1.376512,-0.591410,-1.081855,1.902037
466.000000,2.477368,2.168274,-0.425275,-0.903692,2.316881
467.000000,2.473539,2.679290,-0.090667,-0.698458,2.317565
468.000000,2.429181,2.868545,0.363901,-0.483274,2.114619
469.000000,2.364009,2.774961,0.859891,-0.276975,1.860072
470.000000,2.269699,2.690873,1.348008,-0.061889,1.741661
471.000000,2.061011,2.503252,1.783803,0.131397,1.495718
472.000000,1.951142,2.384542,2.159574,0.360763,1.854083
473.000000,1.902510,2.301686,2.400671,0.636192,1.917155
474.000000,1.879933,2.233950,2.482321,0.996177,1.814212
475.000000,1.828542,2.138814,2.560585,1.274450,1.585778
476.000000,1.789052,2.005492,2.526587,1.559260,1.426047
477.000000,1.632945,1.853571,2.425891,1.877617,1.162630
478.000000,1.463838,1.726567,2.322933,2.144979,1.123725
479.000000,1.281540,1.610662,2.188112,2.273686,0.949684
480.000000,1.144552,1.510737,2.091861,2.299245,0.926226
481.000000,1.035032,1.435433,1.980295,2.275424,0.889162
482.000000,0.924464,1.306301,1.859175,2.191954,0.597545
483.000000,0.802596,1.166432,1.751676,2.092946,0.516239
484.000000,0.759061,1.054601,1.675554,2.003193,0.745998
485.000000,0.673950,0.945343,1.592547,1.964059,0.509327
486.000000,0.584099,0.847906,1.497511,1.911312,0.457677
487.000000,0.404568,0.709357,1.369027,1.823418,-0.442781
488.000000,0.121682,0.521627,1.231501,1.729451,-1.125235
489.000000,-0.329473,0.317781,1.098877,1.621871,-1.462315
490.000000,-0.840283,0.073908,0.965785,1.537844,-1.804369
491.000000,-1.471357,-0.233071,0.831263,1.431253,-2.132459
492.000000,-1.734729,-0.479633,0.694529,1.345641,-1.412810
493.000000,-1.895947,-0.801604,0.519981,1.250239,-1.816061
494.000000,-1.795971,-1.133319,0.364002,1.188550,-1.021092
495.000000,-1.360902,-1.290531,0.263038,1.166755,0.261018
496.000000,0.091165,-0.896354,0.370671,1.266023,3.425987
497.000000,1.463901,-0.202522,0.550267,1.370228,3.067261
498.000000,2.713851,0.814841,0.821286,1.502381,2.991374
499.000000,3.224217,1.860192,1.168156,1.638431,2.651264
500.000000,3.241038,2.629512,1.552881,1.762396,2.346855
501.000000,2.817138,2.993322,1.907732,1.861542,1.914699
502.000000,2.454495,3.015978,2.220817,1.904240,1.573696
503.000000,2.106533,2.966175,2.447761,1.919766,1.390736
504.000000,1.812874,2.832536,2.552800,1.921213,1.272232
505.000000,1.527014,2.627230,2.557270,1.909817,1.006693
506.000000,1.294599,2.278763,2.493082,1.891078,0.827605
507.000000,1.184093,2.031976,2.503765,1.909277,1.052190
508.000000,1.108485,1.803575,2.506457,1.919368,1.036534
509.000000,1.031447,1.597556,2.477198,1.920391,0.915114
510.000000,0.949642,1.390884,2.407257,1.889184,0.633346
511.000000,0.890388,1.225940,2.343001,1.851225,0.556770
512.000000,0.731545,1.071358,2.234950,1.806233,0.296989
513.000000,0.480734,0.887614,2.117769,1.728441,-0.159680
514.000000,0.286150,0.739096,2.011352,1.661507,-0.003075
515.000000,0.142832,0.618476,1.885658,1.607692,-0.037654
516.000000,-0.008202,0.507155,1.664511,1.551409,-0.142112
517.000000,-0.059782,0.392691,1.483417,1.550701,0.069364
518.000000,-0.014964,0.274949,1.302388,1.568598,0.050172
519.000000,-0.006303,0.167614,1.135968,1.594881,0.042219
520.000000,-0.062957,0.052909,0.959271,1.602368,-0.336804
521.000000,-0.137172,-0.078026,0.798080,1.614026,-0.562078
522.000000,-0.229047,-0.156988,0.675247,1.628393,-0.335895
523.000000,-0.481646,-0.249124,0.521476,1.626994,-1.183111
524.000000,-0.782187,-0.376638,0.373570,1.620225,-1.223392
525.000000,-0.999763,-0.507198,0.249715,1.600658,-1.044443
526.000000,-1.151180,-0.653671,0.123099,1.463118,-1.067991
527.000000,-1.263297,-0.843038,-0.037781,1.328099,-0.776769
528.000000,-1.114457,-1.045698,-0.234247,1.157891,-0.875416
529.000000,-0.984438,-1.214221,-0.446640,0.974374,-0.860429
530.000000,-0.852023,-1.193428,-0.613505,0.800304,-0.386748
531.000000,-0.539094,-1.006777,-0.725252,0.678054,0.588010
532.000000,-0.197443,-0.837618,-0.772127,0.586436,0.986265
533.000000,0.299165,-0.519009,-0.699830,0.516601,1.380769
534.000000,0.877163,-0.212585,-0.635952,0.452432,1.490271
535.000000,1.422795,0.112591,-0.520939,0.435351,1.802713
536.000000,1.713993,0.498193,-0.355806,0.449791,1.815340
537.000000,1.995473,0.957237,-0.170217,0.458751,2.229446
538.000000,1.929048,1.326240,-0.069618,0.383938,1.192564
539.000000,1.887383,1.712703,0.054410,0.333069,1.380158
540.000000,1.864305,2.025424,0.296992,0.378424,1.740469
541.000000,1.774239,2.110943,0.551575,0.425260,1.464127
542.000000,1.539680,2.082559,0.744613,0.528279,1.239504
543.000000,1.554865,2.009607,1.079912,0.810049,1.403483
544.000000,1.404681,1.848502,1.344375,1.000119,0.777333
545.000000,1.056741,1.594499,1.514720,1.128380,0.098380
546.000000,0.847439,1.402700,1.702403,1.376416,0.448336
547.000000,0.532306,1.097273,1.749899,1.418289,-0.277225
548.000000,0.194858,0.936799,1.786704,1.443942,-0.163169
549.000000,-0.193322,0.669358,1.711228,1.258796,-1.003454
550.000000,-0.436906,0.358933,1.581825,1.180964,-1.009895
551.000000,-0.629209,0.140983,1.436987,1.260389,-0.429650
552.000000,-0.687013,-0.073519,1.270905,1.227218,-0.537705
553.000000,-0.661159,-0.254470,1.141081,1.485999,0.001658
554.000000,-0.485543,-0.382054,1.004557,1.672136,-0.175714
555.000000,-0.309846,-0.431446,0.848145,1.786033,-0.235543
556.000000,-0.018826,-0.397391,0.780026,2.006881,0.975223
557.000000,0.353792,-0.249684,0.683671,2.118885,1.103347
558.000000,0.594266,-0.121101,0.674122,2.178762,1.027506
559.000000,0.870722,0.136903,0.646810,2.196324,0.934334
560.000000,1.026296,0.346690,0.530490,2.110400,0.225659
561.000000,1.854100,1.081821,0.803279,2.284473,3.685033
562.000000,2.556791,1.925383,1.192103,2.415290,3.288402
563.000000,2.926525,2.498119,1.580699,2.468940,2.779520
564.000000,2.976174,2.772142,1.975540,2.448917,2.158618
565.000000,2.965551,2.847052,2.363633,2.383076,1.851903
566.000000,2.514104,2.721604,2.574603,2.302024,1.624605
567.000000,2.152313,2.598700,2.750424,2.208553,1.584469
568.000000,1.868500,2.489215,2.809183,2.182490,1.468209
569.000000,1.672348,2.381865,2.844731,2.136787,1.283719
570.000000,1.550045,2.329595,2.819563,2.081592,1.309549
571.000000,1.472053,2.085623,2.723536,2.045294,1.287548
572.000000,1.351990,1.842700,2.609793,1.998578,1.040935
573.000000,1.240690,1.638292,2.471106,1.937434,0.956667
574.000000,1.203423,1.517564,2.378567,1.925496,1.116470
575.000000,1.094116,1.392350,2.272231,1.913527,0.800124
576.000000,0.938341,1.266043,2.122544,1.865199,0.545674
577.000000,0.850942,1.158400,2.004810,1.857554,0.622442
578.000000,0.808809,1.079100,1.920043,1.856270,0.754096
579.000000,0.746581,1.027850,1.857133,1.891058,0.837608
580.000000,0.797092,0.996866,1.834318,1.933761,1.073271
581.000000,0.897190,0.961275,1.702912,1.944114,1.013891
582.000000,0.962836,0.941711,1.570477,1.948994,0.895491
583.000000,0.995148,0.929236,1.454132,1.931350,0.845134
584.000000,0.995204,0.890450,1.365145,1.914853,0.759987
585.000000,0.854045,0.854991,1.274874,1.884066,0.286749
586.000000,0.711375,0.856565,1.200344,1.828826,0.266103
587.000000,0.524345,0.828204,1.120180,1.769373,-0.070992
588.000000,0.326869,0.787141,1.050247,1.721861,-0.061651
589.000000,0.063929,0.717213,0.987912,1.678997,-0.368358
590.000000,-0.147861,0.593669,0.924539,1.657319,-0.995874
591.000000,-0.237453,0.516556,0.882069,1.560782,0.614498
592.000000,-0.020887,0.469498,0.865263,1.463074,1.164964
593.000000,0.265085,0.391740,0.850159,1.368155,0.893552
594.000000,0.922470,0.361803,0.827391,1.300986,1.430450
595.000000,2.048458,0.738386,0.874846,1.265862,2.765776
596.000000,2.396793,1.263991,0.955891,1.235974,2.192688
597.000000,2.632742,2.250106,1.062553,1.217835,2.520315
598.000000,2.696164,2.892515,1.155877,1.197448,1.965470
599.000000,2.671048,3.152996,1.261967,1.192283,2.024228
600.000000,2.454588,3.170186,1.352947,1.190111,2.058049
601.000000,2.319500,2.966294,1.456457,1.187418,1.848438
602.000000,1.892168,2.616543,1.502205,1.175493,0.703113
603.000000,1.774138,2.504689,1.620807,1.195992,1.450153
604.000000,1.528275,2.309346,1.691007,1.188997,0.902440
605.000000,1.194339,1.999797,1.779509,1.201068,0.500334
606.000000,0.812323,1.733661,1.814712,1.232304,0.061766
607.000000,0.792278,1.517627,1.923075,1.280816,0.592752
608.000000,0.635036,1.387026,1.996089,1.330773,0.788932
609.000000,0.459675,1.170121,1.987877,1.350152,0.114381
610.000000,0.519273,1.013059,1.999586,1.363432,0.784891
611.000000,0.732602,0.896516,1.947224,1.389546,1.002846
612.000000,0.663911,0.845838,1.830466,1.390775,0.294128
613.000000,0.724168,0.782835,1.801593,1.429148,1.049368
614.000000,0.936449,0.801757,1.757449,1.470967,1.085002
615.000000,0.925849,0.834589,1.629044,1.537028,0.754987
616.000000,0.932316,0.960382,1.554582,1.609705,1.049958
617.000000,1.058028,0.992869,1.448515,1.690371,0.893892
618.000000,0.973429,0.970086,1.361781,1.733431,0.634021
619.000000,0.919826,1.049807,1.280717,1.781076,0.824443
620.000000,1.110645,1.129364,1.235565,1.839485,1.731832
621.000000,1.284760,1.201972,1.209291,1.844659,1.851781
622.000000,1.557106,1.396535,1.284701,1.841432,1.908807
623.000000,1.662631,1.381667,1.230606,1.811202,0.505257
624.000000,1.877724,1.457965,1.268793,1.795165,1.280926
625.000000,1.256184,1.373169,1.236736,1.661792,-1.048686
626.000000,-0.236628,0.875967,1.098658,1.470861,-3.133476
627.000000,-1.613265,0.355595,0.931692,1.282982,-2.254155
628.000000,-1.842053,0.119323,0.860013,1.189744,-0.542627
629.000000,-2.303405,-0.378268,0.800106,1.054206,-1.139999
630.000000,-2.258132,-1.141693,0.635408,0.889991,-1.310520
631.000000,-1.687146,-1.750458,0.448269,0.736970,-0.997295
632.000000,-1.538127,-2.378118,0.240604,0.615872,-1.747589
633.000000,-1.484528,-2.330667,0.030994,0.494122,-0.483094
634.000000,-0.986206,-2.166615,-0.059970,0.488254,0.726506
635.000000,-0.214953,-1.612195,0.051936,0.584340,1.568735
636.000000,0.729836,-0.592936,0.324814,0.802501,2.295172
637.000000,1.634731,0.184792,0.601124,0.935799,1.642682
638.000000,2.163467,0.728108,1.148425,1.086235,1.847935
639.000000,2.038315,1.065508,1.335716,1.188146,0.631914
640.000000,1.781363,1.420510,1.300716,1.240771,0.693752
641.000000,1.213468,1.540377,0.872304,1.200409,0.005849
642.000000,1.011160,1.913483,0.756689,1.348684,0.806110
643.000000,0.724061,2.012265,1.022539,1.410940,0.722706
644.000000,0.669723,1.874726,0.894920,1.436056,0.424726
645.000000,0.265835,1.418971,0.710716,1.307143,-0.890512
646.000000,0.333909,1.077290,1.871785,1.301670,0.271819
647.000000,0.299445,0.910492,2.674546,1.374570,0.648729
648.000000,0.310948,0.717521,2.771626,1.495659,0.744910
649.000000,0.323120,0.686710,2.825743,1.504711,0.459137
650.000000,0.525548,0.547403,2.716170,1.261361,-0.090916
651.000000,0.575370,0.626534,2.681267,1.115518,0.471055
652.000000,0.731462,0.709446,2.854749,1.120775,1.250761
653.000000,0.400418,0.487611,2.495018,0.936518,-0.540404
654.000000,0.141566,0.318324,2.096423,0.687156,-0.539574
655.000000,0.311788,0.573333,1.851314,0.898468,0.554750
656.000000,-0.010256,0.388448,1.337905,1.115462,-0.815922
657.000000,-0.623546,0.086978,0.905426,1.190963,-1.179413
658.000000,-0.784472,-0.241846,0.430567,1.041529,-1.211507
659.000000,-0.710560,-0.352544,0.307510,1.161114,-0.169850
660.000000,-0.887069,-0.317452,0.221297,1.369061,0.157952
661.000000,-0.695999,-0.415074,0.225526,1.531354,0.002401
662.000000,-0.686037,-0.865082,-0.063721,1.672892,-1.176149
663.000000,-1.284403,-1.357548,-0.677729,1.347090,-2.975340
664.000000,-2.715462,-2.272835,-1.603070,0.288403,-3.731681
665.000000,-3.746050,-3.363100,-2.488752,-1.902515,-3.875577
666.000000,-3.811115,-3.488808,-3.070457,-3.577632,-3.116467
667.000000,-3.344069,-3.121433,-3.033653,-3.623770,-1.527265
668.000000,-2.844152,-2.788843,-2.876957,-3.405960,-1.055796
669.000000,-2.361732,-2.636967,-2.731325,-3.122683,-1.097879
670.000000,-1.899354,-2.603390,-2.637907,-2.990282,-1.531764
671.000000,-1.662010,-2.627896,-2.651462,-2.907788,-2.011316
672.000000,-1.712490,-2.562006,-2.643651,-2.835116,-1.767780
673.000000,-1.851274,-2.436890,-2.542195,-2.758645,-1.769885
674.000000,-1.987755,-2.278827,-2.471277,-2.686700,-1.863950
675.000000,-1.868347,-1.980211,-2.377749,-2.497613,-1.150479
676.000000,-1.727349,-1.780159,-2.283264,-2.419235,-1.399100
677.000000,-1.584130,-1.713939,-2.177998,-2.339467,-1.136789
678.000000,-1.423161,-1.683849,-2.084376,-2.265568,-1.026214
679.000000,-1.267058,-1.667150,-2.043744,-2.203861,-1.140208
680.000000,-1.146809,-1.552278,-1.977647,-2.095512,-0.579995
681.000000,-1.004848,-1.415524,-1.931638,-2.030051,-0.728532
682.000000,-0.887974,-1.290850,-1.867749,-1.982757,-0.572215
683.000000,-0.800928,-1.169873,-1.780956,-1.904552,-0.612246
684.000000,-0.575078,-0.981105,-1.637453,-1.811277,-0.088714
685.000000,-0.464654,-0.870522,-1.462498,-1.755469,-0.026518
686.000000,-0.265970,-0.704254,-1.296718,-1.675672,0.191576
687.000000,-0.091563,-0.561970,-1.214271,-1.604402,0.212102
688.000000,0.100253,-0.429246,-1.161853,-1.545445,0.183661
689.000000,0.019585,-0.341323,-1.146568,-1.543904,-0.534083
690.000000,-0.090695,-0.332894,-1.111870,-1.555532,-0.594482
691.000000,-0.135429,-0.234526,-1.019216,-1.550351,0.119767
692.000000,-0.038636,-0.079665,-0.910687,-1.519346,1.021656
693.000000,0.188330,0.147397,-0.781904,-1.458340,1.388679
694.000000,0.973300,0.357636,-0.614352,-1.358029,1.603660
695.000000,1.585088,0.497874,-0.522678,-1.233312,0.732412
696.000000,1.918945,0.698550,-0.353281,-1.088561,1.515398
697.000000,2.053829,1.008693,-0.158110,-0.998645,1.970114
698.000000,2.247669,1.490132,0.101796,-0.907724,2.506279
699.000000,2.241439,2.068877,0.415800,-0.821057,2.063010
700.000000,2.240293,2.353527,0.663849,-0.725445,1.320464
701.000000,2.125989,2.367384,0.994101,-0.569174,1.413775
702.000000,2.163573,2.393095,1.434481,-0.341302,2.356178
703.000000,2.044125,2.348136,1.852818,-0.070182,2.088530
704.000000,2.105444,2.338267,2.139164,0.305487,2.373737
705.000000,2.194538,2.339043,2.265885,0.643941,1.905837
706.000000,2.119278,2.196393,2.222653,1.014789,1.259071
707.000000,1.883244,2.050105,2.155703,1.376156,1.237682
708.000000,1.723002,1.900053,2.095624,1.712605,1.312579
709.000000,1.517873,1.820832,2.100608,2.002883,1.385065
710.000000,1.391129,1.809545,2.095036,2.132466,1.322856
711.000000,1.478780,1.829624,2.074545,2.235085,1.669622
712.000000,1.527467,1.739760,2.016277,2.241225,1.472185
713.000000,1.560352,1.676070,1.964732,2.222988,1.474880
714.000000,1.628563,1.606752,1.930735,2.168296,1.717006
715.000000,1.728182,1.596576,1.938583,2.120632,1.808459
716.000000,1.835216,1.698541,1.941441,2.090587,2.150306
717.000000,1.864188,1.739518,1.900499,2.037365,1.671045
718.000000,1.828425,1.736248,1.830180,1.980468,1.388552
719.000000,1.695729,1.694555,1.770394,1.951821,1.101307
720.000000,1.579287,1.677178,1.755483,1.936437,1.233551
721.000000,1.420019,1.645751,1.747966,1.911405,1.405510
722.000000,1.233209,1.572135,1.666573,1.849115,0.739909
723.000000,0.950905,1.431135,1.561925,1.765102,-0.085171
724.000000,0.809406,1.312624,1.467976,1.704918,0.376067
725.000000,0.718589,1.224288,1.420470,1.687119,0.847223
726.000000,0.587500,1.089389,1.411076,1.655159,0.917052
727.000000,0.681629,1.030613,1.416866,1.626431,1.238277
728.000000,1.070155,1.036896,1.432710,1.597477,1.563403
729.000000,1.392008,1.103213,1.451234,1.589026,1.701813
730.000000,1.511150,1.117128,1.457315,1.593041,1.320082
731.000000,1.653108,1.127714,1.452174,1.600414,1.526601
732.000000,1.691794,1.227872,1.453610,1.573138,1.409616
733.000000,1.521240,1.380979,1.427799,1.535790,0.754025
734.000000,1.380461,1.502685,1.400656,1.494545,1.129448
735.000000,1.246756,1.505783,1.348152,1.459023,0.737969
736.000000,0.912784,1.419662,1.233461,1.430905,-0.045723
737.000000,0.781046,1.389551,1.189066,1.428484,0.844833
738.000000,0.613116,1.223482,1.129578,1.402482,-0.106933
739.000000,0.390373,1.056398,1.106223,1.381940,0.162274
740.000000,-0.076811,0.784682,1.011360,1.334362,-1.391465
741.000000,-0.292901,0.495911,0.911118,1.281180,-0.966521
742.000000,-1.031419,0.076108,0.828974,1.218905,-1.776764
743.000000,-1.726462,-0.416177,0.778557,1.135844,-2.400253
744.000000,-2.250309,-1.033159,0.697956,1.047007,-1.825672
745.000000,-2.136999,-1.559095,0.585544,0.958994,-1.253072
746.000000,-2.059373,-1.821817,0.450174,0.832509,-1.118171
747.000000,-1.451486,-1.853515,0.399990,0.786147,0.603283
748.000000,-0.894469,-1.775165,0.228829,0.729243,-0.033936
749.000000,-0.387603,-1.681725,0.026643,0.704294,0.257702
750.000000,0.204668,-1.224330,-0.041429,0.705046,1.092024
751.000000,0.680308,-0.920315,-0.181244,0.670458,0.776825
752.000000,0.805963,-0.446209,-0.277801,0.721076,1.099250
753.000000,1.232873,0.268526,-0.166261,0.916527,1.759088
754.000000,1.547942,0.890191,-0.116317,1.098253,1.689054
755.000000,1.516011,1.277899,-0.078828,1.209305,1.082932
756.000000,1.402893,1.481753,0.015581,1.269623,0.370978
757.000000,1.246739,1.423780,-0.083725,1.310834,0.481799
758.000000,0.770176,1.338213,-0.162856,1.218434,-0.307801
759.000000,0.164873,1.120334,-0.539231,0.977477,-0.932097
760.000000,-0.342094,0.768977,-0.533965,0.704944,-1.071830
761.000000,-0.790166,0.401294,-0.797690,0.214847,-1.491628
762.000000,-1.181152,0.036827,-0.726819,-0.327160,-1.166774
763.000000,-1.622928,-0.620951,-0.859267,-1.076154,-2.144781
764.000000,-1.854951,-1.245878,-1.133437,-1.919046,-1.967782
765.000000,-2.293402,-1.953939,-2.153085,-2.748929,-2.886416
766.000000,-2.638998,-2.508092,-3.108255,-3.143712,-3.017299
767.000000,-2.891232,-2.879961,-3.766337,-3.331699,-2.830855
768.000000,-2.854265,-2.962706,-3.742594,-3.237491,-2.474876
769.000000,-2.668024,-2.817711,-3.495295,-3.040509,-1.698682
770.000000,-2.411291,-2.697592,-3.352414,-2.833699,-1.731653
771.000000,-2.163727,-2.581698,-3.194555,-2.711612,-1.759222
772.000000,-2.055596,-2.569672,-3.141549,-2.650817,-2.191385
773.000000,-1.982443,-2.489361,-3.079948,-2.563658,-2.076356
774.000000,-1.898248,-2.345871,-2.920724,-2.430224,-1.421600
775.000000,-1.782284,-2.154696,-2.754533,-2.324254,-1.255509
776.000000,-1.749804,-2.016936,-2.642105,-2.282365,-1.615597
777.000000,-1.616731,-1.883415,-2.543691,-2.279545,-1.513547
778.000000,-1.449869,-1.750580,-2.417689,-2.226973,-1.254975
779.000000,-1.575758,-1.780218,-2.370866,-2.259563,-1.998266
780.000000,-1.756281,-1.821131,-2.340411,-2.308702,-2.118963
781.000000,-1.801107,-1.821265,-2.280547,-2.306982,-1.836288
782.000000,-1.775508,-1.737934,-2.204442,-2.271991,-1.438009
783.000000,-1.824135,-1.683066,-2.131109,-2.260960,-1.565928
784.000000,-1.662549,-1.645451,-2.044844,-2.220133,-1.178364
785.000000,-1.472539,-1.624920,-1.946529,-2.173876,-1.156049
786.000000,-1.250669,-1.534956,-1.824216,-2.099233,-0.706560
787.000000,-1.131586,-1.471603,-1.721326,-2.045534,-0.821807
788.000000,-0.949061,-1.424632,-1.628079,-1.982995,-0.675673
789.000000,-0.830015,-1.298651,-1.564995,-1.918582,-0.586247
790.000000,-0.728371,-1.160504,-1.511938,-1.866989,-0.696886
791.000000,-0.718812,-1.039610,-1.459348,-1.815329,-0.636351
792.000000,-0.574727,-0.915451,-1.369274,-1.757337,-0.041626
793.000000,-0.429621,-0.752852,-1.282255,-1.691048,0.113126
794.000000,-0.412303,-0.681737,-1.252905,-1.652513,-0.552749
795.000000,-0.180248,-0.531316,-1.204701,-1.576959,0.440777
796.000000,0.075464,-0.431344,-1.138243,-1.497849,0.456756
797.000000,0.222363,-0.283698,-1.070840,-1.416563,0.617752
798.000000,0.268045,-0.169270,-1.028606,-1.350286,0.286193
799.000000,0.457783,-0.070096,-0.937029,-1.311835,0.134304
800.000000,0.520940,0.120479,-0.803284,-1.263424,0.720913
801.000000,0.737382,0.402781,-0.651223,-1.202245,1.405581
802.000000,0.932951,0.613514,-0.511560,-1.121360,1.402325
803.000000,1.357576,0.891442,-0.304341,-1.025868,1.901162
804.000000,1.796809,1.302476,-0.099044,-0.955012,1.916025
805.000000,1.985407,1.516651,0.135904,-0.896607,1.668623
806.000000,2.067320,1.758361,0.389302,-0.801585,1.932205
807.000000,2.089853,1.919896,0.712716,-0.703903,1.741855
808.000000,2.072027,2.130090,1.120423,-0.596271,1.963905
809.000000,2.041617,2.273208,1.571518,-0.393553,1.985783
810.000000,2.064789,2.296140,2.002057,-0.111477,2.041012
811.000000,1.854701,2.130768,2.191166,0.160569,1.125762
812.000000,1.731729,2.011767,2.212228,0.465037,1.239679
813.000000,1.593271,1.870973,2.162603,0.860752,1.252157
814.000000,1.430047,1.748610,2.143650,1.248209,1.178782
815.000000,1.261693,1.681854,2.051368,1.643895,1.270562
816.000000,1.301563,1.604536,1.978319,1.926621,1.316823
817.000000,1.358026,1.572743,1.922055,2.145030,1.513183
818.000000,1.378287,1.509929,1.883801,2.229304,1.349011
819.000000,1.327025,1.398692,1.837255,2.207073,0.921379
820.000000,1.288819,1.292208,1.785687,2.174023,1.075016
821.000000,1.164971,1.252795,1.699875,2.099195,0.666467
822.000000,0.993519,1.200986,1.627283,1.991004,0.674390
823.000000,0.776268,1.112984,1.524064,1.878401,0.294998
824.000000,0.624845,1.023835,1.428982,1.817756,0.141071
825.000000,0.521855,0.966411,1.378288,1.742493,0.660958
826.000000,0.535049,0.910145,1.321606,1.684871,0.773423
827.000000,0.554523,0.826417,1.278741,1.632515,0.810920
828.000000,0.735848,0.784044,1.236699,1.611633,1.138614
829.000000,0.923566,0.779532,1.180944,1.598464,0.958073
830.000000,1.107428,0.796123,1.133341,1.585632,1.594927
831.000000,1.298574,0.878498,1.150455,1.558437,1.614275
832.000000,1.367972,0.904813,1.134338,1.519258,0.681189
833.000000,1.273460,0.981542,1.107368,1.459887,0.319173
834.000000,1.199758,1.088836,1.084512,1.406482,0.282610
835.000000,0.874142,1.121243,1.050731,1.369897,0.138703
836.000000,0.256582,1.076169,0.990064,1.312836,-0.678017
837.000000,-0.224011,0.993916,0.894864,1.262224,-1.006581
838.000000,-0.364787,0.903199,0.831242,1.214181,-0.006727
839.000000,-1.088332,0.491709,0.738744,1.125485,-1.892812
840.000000,-1.870396,-0.434406,0.575304,1.006169,-2.453409
841.000000,-2.219549,-1.511555,0.442564,0.943740,-2.192336
842.000000,-2.335717,-2.197418,0.289112,0.871574,-1.896380
843.000000,-2.547712,-2.585054,0.158675,0.792078,-1.746073
844.000000,-2.135429,-2.575299,0.103671,0.740183,-0.669331
845.000000,-1.845242,-2.592224,-0.137706,0.650457,-1.314966
846.000000,-1.642904,-2.483393,-0.508774,0.535988,-1.375134
847.000000,-1.465182,-2.328646,-0.995813,0.382838,-1.198221
848.000000,-1.173157,-2.209849,-1.526730,0.245763,-0.514478
849.000000,-1.199247,-1.971701,-1.976912,0.116507,-0.827614
850.000000,-0.985795,-1.647636,-2.275003,-0.035109,-0.370068
851.000000,-0.840375,-1.438641,-2.464436,-0.181158,-0.756127
852.000000,-0.607832,-1.203313,-2.349683,-0.321389,-0.194187
853.000000,-0.267491,-0.838859,-2.080364,-0.336827,0.964852
854.000000,0.398721,-0.471415,-1.738870,-0.215365,1.937569
855.000000,0.976733,0.004897,-1.419505,-0.137289,1.941004
856.000000,1.496814,0.442888,-1.114835,-0.098321,1.531548
857.000000,1.852503,0.871428,-0.786946,-0.020029,1.611856
858.000000,2.037662,1.265568,-0.474378,0.120717,2.013240
859.000000,1.993109,1.636394,-0.004771,0.344609,1.837179
860.000000,2.018721,1.944491,0.604233,0.565461,2.104872
861.000000,2.081696,2.201147,1.184795,0.780322,1.952505
862.000000,2.078656,2.310075,1.688315,1.132161,1.767101
863.000000,2.034704,2.315527,2.138101,1.568493,1.904583
864.000000,2.002084,2.231345,2.373227,1.944309,1.809009
865.000000,1.831640,2.100251,2.505293,2.170095,1.379456
866.000000,1.586694,1.948872,2.495137,2.274096,0.824363
867.000000,1.379783,1.805179,2.437583,2.342401,0.767629
868.000000,1.163618,1.653394,2.343278,2.318997,0.824954
869.000000,0.937660,1.514462,2.261501,2.364435,0.705065
870.000000,0.784125,1.355451,2.159738,2.395237,0.645235
871.000000,0.759799,1.226837,2.096485,2.392967,0.720064
872.000000,0.857784,1.175277,2.059350,2.418499,1.274089
873.000000,1.050482,1.157979,2.014781,2.458045,1.755634
874.000000,1.201685,1.109817,1.911736,2.389068,1.394526
875.000000,1.243551,1.045617,1.782937,2.307127,0.798348
876.000000,0.877044,0.846752,1.569859,2.105284,-1.245678
877.000000,0.052705,0.503249,1.294211,1.847625,-2.555962
878.000000,-0.846080,0.193089,1.056664,1.652623,-1.930908
879.000000,-1.570549,-0.063402,0.873354,1.542386,-1.381967
880.000000,-2.121367,-0.361009,0.666076,1.423905,-1.496015
881.000000,-2.214238,-0.744578,0.442346,1.319326,-1.713171
882.000000,-2.045470,-1.292632,0.191486,1.185441,-1.888469
883.000000,-1.913800,-1.857362,-0.071672,1.038101,-1.472732
884.000000,-1.927808,-2.314333,-0.386872,0.821671,-1.610686
885.000000,-1.787580,-2.467747,-0.654802,0.637231,-1.102363
886.000000,-1.611247,-2.314445,-0.895327,0.463701,-1.058009
887.000000,-1.314005,-1.962595,-1.096578,0.317782,-0.603958
888.000000,-1.126533,-1.728074,-1.317897,0.117752,-0.643687
889.000000,-0.913515,-1.585045,-1.516405,-0.102917,-0.655768
890.000000,-0.848506,-1.465524,-1.691248,-0.407941,-0.816114
891.000000,-0.783258,-1.331675,-1.819044,-0.741296,-0.770959
892.000000,-0.839805,-1.199813,-1.955337,-1.109434,-0.857260
893.000000,-0.793441,-1.068782,-2.032971,-1.445216,-0.422077
894.000000,-0.824613,-0.965300,-2.076391,-1.797553,-0.785438
895.000000,-0.721660,-0.871811,-2.015379,-1.977757,-0.325513
896.000000,-0.612354,-0.777599,-1.830752,-2.033527,-0.262772
897.000000,-0.348292,-0.676122,-1.551284,-1.985961,0.320928
898.000000,-0.291131,-0.625325,-1.381353,-1.986667,-0.165777
899.000000,-0.065317,-0.532872,-1.247662,-1.925299,0.172216
900.000000,0.136190,-0.369635,-1.097350,-1.825560,0.539734
901.000000,0.296995,-0.221471,-0.955019,-1.755878,0.397136
902.000000,0.153361,-0.138462,-0.852364,-1.792858,-0.336245
903.000000,0.329261,-0.015704,-0.732521,-1.807827,0.592836
904.000000,0.477140,0.202004,-0.590917,-1.798717,0.870050
905.000000,0.768719,0.473602,-0.444170,-1.725404,2.063867
906.000000,1.164052,0.756806,-0.302005,-1.555524,1.506444
907.000000,1.807072,0.931712,-0.193893,-1.314305,1.415026
908.000000,1.714372,1.152048,-0.097004,-1.153094,0.698639
909.000000,1.552599,1.293578,0.023373,-1.042693,0.712398
910.000000,1.123581,1.264599,0.173086,-0.941097,0.325746
911.000000,0.821440,1.222499,0.344750,-0.825208,0.252838
912.000000,0.455292,1.274709,0.539682,-0.698569,-0.156986
913.000000,0.160369,1.052281,0.640488,-0.614309,-0.604360
914.000000,-0.061076,0.889439,0.848625,-0.476864,-0.168112
915.000000,-0.084752,0.655925,0.991961,-0.359918,0.347105
916.000000,-0.143672,0.462357,1.094450,-0.237367,0.121041
917.000000,0.155869,0.372659,1.121899,-0.121917,1.007736
918.000000,0.555462,0.370624,1.223289,0.014223,0.769891
919.000000,0.848694,0.383412,1.243220,0.194335,0.890549
920.000000,0.832479,0.385216,1.130971,0.415274,0.275426
921.000000,0.659203,0.278712,0.992406,0.618170,-0.583028
922.000000,0.000000,0.100262,0.939875,0.810827,-1.541502
923.000000,-0.638968,-0.005112,0.755724,0.895333,-1.433041
924.000000,-1.434487,-0.242834,0.568606,1.048395,-1.586836
925.000000,-1.765477,-0.442897,0.334207,1.124922,-0.568888
926.000000,-1.931204,-0.717154,0.082960,1.123935,-1.044225
927.000000,-1.755531,-1.256799,-0.215500,0.935575,-1.191101
928.000000,-1.801676,-1.911479,-0.534076,0.818462,-1.801925
929.000000,-1.874099,-2.532258,-0.966673,0.573982,-2.001210
930.000000,-1.931773,-2.593671,-1.272699,0.316710,-1.129395
931.000000,-2.008192,-2.518410,-1.630810,0.052667,-1.598012
932.000000,-1.693777,-2.111947,-1.705244,0.116525,-0.209655
933.000000,-1.288674,-1.801737,-1.664525,-0.028704,-0.211389
934.000000,-0.794784,-1.511848,-1.625721,-0.194904,-0.032461
935.000000,0.077949,-1.039870,-1.294049,-0.291559,2.419867
936.000000,1.043759,-0.553169,-0.969858,-0.345711,2.134331
937.000000,1.965417,0.206349,-0.590826,-0.141646,2.988759
938.000000,3.149547,1.617831,0.283330,0.820795,3.905488
939.000000,3.439059,2.629099,0.948060,1.664750,2.761838
940.000000,3.152968,3.012917,1.552417,2.407227,2.231647
941.000000,2.970284,3.175759,2.152487,2.917688,2.143292
942.000000,2.821123,3.166738,2.735240,3.275317,2.435571
943.000000,2.439419,3.044053,2.950824,3.325658,2.025116
944.000000,2.278870,2.931572,3.031366,3.239289,2.042525
945.000000,2.133547,2.692818,2.923667,3.045476,1.657001
946.000000,1.955257,2.496388,2.797613,2.859752,1.358754
947.000000,1.703772,2.287921,2.673991,2.660930,1.202236
948.000000,1.467169,1.987708,2.551454,2.477617,0.869503
949.000000,1.169813,1.754884,2.427781,2.296584,0.574654
950.000000,0.954426,1.583375,2.304028,2.178466,0.596927
951.000000,0.708735,1.380360,2.178327,2.060702,0.157611
952.000000,0.514470,1.165715,2.050252,1.999090,0.258777
953.000000,0.355385,0.972314,1.935458,1.930322,0.098875
954.000000,0.273682,0.780595,1.844929,1.880398,0.182980
955.000000,0.105766,0.583009,1.691956,1.783321,-0.210405
956.000000,0.117431,0.458595,1.598190,1.745507,0.221589
957.000000,0.153894,0.371446,1.506349,1.734873,0.459676
958.000000,0.163482,0.287782,1.341914,1.719659,0.137394
959.000000,0.091842,0.206406,1.202032,1.698771,-0.192368
960.000000,0.203241,0.163967,1.113508,1.693588,0.298356
961.000000,0.126241,0.133425,1.002586,1.683051,-0.204042
962.000000,-0.069314,0.064911,0.852692,1.637957,-0.466359
963.000000,-0.235371,0.000052,0.712422,1.600130,-0.659371
964.000000,-0.332526,-0.084187,0.557423,1.573284,-0.684262
965.000000,-0.564409,-0.099074,0.424068,1.514273,-0.495485
966.000000,-0.803974,-0.261389,0.273264,1.452849,-1.138594
967.000000,-1.286903,-0.666629,0.047310,1.326463,-2.311396
968.000000,-1.624780,-1.055855,-0.177793,1.129133,-2.102398
969.000000,-1.896561,-1.392894,-0.416999,0.949460,-2.050584
970.000000,-1.833517,-1.575181,-0.602581,0.842218,-0.623893
971.000000,-1.674947,-1.594529,-0.752383,0.720315,-0.577961
972.000000,-1.294081,-1.522892,-0.923877,0.544970,-0.449991
973.000000,-0.918872,-1.414595,-1.059234,0.373881,-0.301534
974.000000,-0.488754,-1.319636,-1.177148,0.164706,-0.143280
975.000000,-0.619909,-1.389202,-1.292300,-0.104963,-1.346742
976.000000,-0.552520,-1.300840,-1.358790,-0.312955,-0.158457
977.000000,-0.137928,-0.912966,-1.308133,-0.434778,1.663775
978.000000,0.622086,-0.379609,-1.108453,-0.455404,2.567771
979.000000,1.257463,0.175617,-0.919447,-0.474702,1.732521
980.000000,2.325226,0.642419,-0.774961,-0.462444,2.075811
981.000000,2.614395,1.112274,-0.608674,-0.395291,1.526615
982.000000,2.341794,1.519074,-0.447263,-0.366636,1.161961
983.000000,1.926206,1.846341,-0.270212,-0.292927,1.133217
984.000000,1.652698,1.981374,-0.128982,-0.263773,0.775730
985.000000,1.581090,2.365423,0.117849,-0.005193,1.790666
986.000000,1.460561,2.354211,0.382232,0.085676,1.103085
987.000000,0.789663,1.775137,0.510384,-0.226563,-1.473668
988.000000,0.299275,1.265480,0.730486,-0.377207,-0.838133
989.000000,0.174464,1.058669,1.146335,-0.304958,0.223351
990.000000,-0.172985,0.828578,1.382773,-0.311824,0.368610
991.000000,-0.191531,0.770141,1.704566,-0.138620,0.970751
992.000000,0.438647,0.748514,1.928501,0.069261,0.893277
993.000000,0.843633,0.698393,2.025431,0.283790,0.704417
994.000000,0.913731,0.669101,2.015202,0.486372,0.522336
995.000000,1.269271,0.696181,2.256449,0.918175,1.719209
996.000000,1.210447,0.660892,2.189853,1.340670,0.783986
997.000000,1.353162,1.122734,2.081661,2.109182,1.495502
998.000000,1.450281,1.404365,1.886946,2.565593,1.162829
999.000000,1.663418,1.551713,1.812018,2.805083,1.462985
1000.000000,1.416787,1.574107,1.648598,2.646206,0.671678
1001.000000,1.480677,1.549639,1.564912,2.519958,0.888362
1002.000000,-0.620288,0.521342,0.831668,1.711839,-4.244717
1003.000000,-2.197007,-0.316065,0.254884,1.179351,-2.721247
1004.000000,-3.253566,-1.271642,-0.365341,0.623112,-2.592118
1005.000000,-3.516083,-2.412678,-1.121610,0.173863,-2.353198
1006.000000,-3.501204,-3.082262,-1.789436,-0.417347,-2.189465
1007.000000,-2.826552,-3.341854,-2.086673,-1.151542,-1.952971
1008.000000,-2.482740,-3.255803,-2.298401,-1.860129,-1.683858
1009.000000,-2.041870,-3.011546,-2.340661,-2.157972,-0.874701
1010.000000,-1.690384,-2.778655,-2.342870,-2.368932,-0.818801
1011.000000,-1.341730,-2.589155,-2.321023,-2.405764,-0.600465
1012.000000,-1.121806,-2.161193,-2.332715,-2.445842,-0.952901
1013.000000,-0.967932,-1.922089,-2.317522,-2.452608,-1.003812
1014.000000,-0.946985,-1.686377,-2.253427,-2.384995,-0.786497
1015.000000,-0.889746,-1.464422,-2.224746,-2.337991,-0.566480
1016.000000,-0.855143,-1.250509,-2.138528,-2.246817,-0.441910
1017.000000,-0.766515,-1.075456,-2.105944,-2.076175,-0.567260
1018.000000,-0.613265,-0.901147,-2.038920,-1.940565,-0.337985
1019.000000,-0.484918,-0.818042,-1.981507,-1.859927,-0.227694
1020.000000,-0.385540,-0.730603,-1.901524,-1.787126,-0.126873
1021.000000,-0.314429,-0.672425,-1.842705,-1.747449,-0.123730
1022.000000,-0.128562,-0.520308,-1.560074,-1.678598,0.268764
1023.000000,0.072449,-0.322333,-1.342207,-1.591838,0.563966
1024.000000,0.190403,-0.184706,-1.154580,-1.535515,0.278650
1025.000000,0.330088,-0.052828,-0.969878,-1.519602,0.471124
1026.000000,0.474580,0.064451,-0.789679,-1.479706,0.466096
1027.000000,0.569880,0.229008,-0.604683,-1.465474,0.662496
1028.000000,0.627690,0.388801,-0.420580,-1.444678,0.811854
1029.000000,0.924036,0.627610,-0.257466,-1.412615,1.488985
1030.000000,1.253443,0.913141,-0.068267,-1.362465,1.705092
1031.000000,1.669712,1.267596,0.131808,-1.334887,1.832303
1032.000000,1.937822,1.560426,0.424388,-1.052381,1.937217
1033.000000,2.022359,1.739829,0.758194,-0.822501,1.706270
1034.000000,1.950362,1.925686,1.110046,-0.539164,1.796891
1035.000000,1.849163,1.980865,1.415037,-0.221874,1.656451
1036.000000,1.825393,2.001154,1.671285,0.168430,1.735141
1037.000000,1.784530,1.978951,1.894975,0.619432,1.751247
1038.000000,1.837350,1.973230,2.042597,1.118853,1.970750
1039.000000,1.862945,1.925188,2.125703,1.523141,1.940020
1040.000000,1.943843,1.911488,2.173087,1.907417,2.073932
1041.000000,2.026844,1.943425,2.204655,2.202629,2.172681
1042.000000,2.111047,1.970665,2.187074,2.439812,2.208302
1043.000000,2.104638,1.992391,2.128011,2.543418,1.992932
1044.000000,2.083750,1.993170,2.093182,2.544066,1.895221
1045.000000,1.960128,1.959062,2.026884,2.461646,1.489819
1046.000000,1.759945,1.884766,1.954595,2.349830,1.150427
1047.000000,1.564519,1.822270,1.894364,2.266351,1.197660
1048.000000,1.354109,1.720321,1.829401,2.162437,0.911643
1049.000000,1.125699,1.612251,1.748332,2.061612,0.748465
1050.000000,0.964897,1.491062,1.677938,1.970587,0.690016
1051.000000,0.860213,1.353355,1.622666,1.893140,0.620665
1052.000000,0.734737,1.201788,1.565109,1.809657,0.595083
1053.000000,0.627866,1.045690,1.510343,1.719925,0.383502
1054.000000,0.586939,0.905997,1.462502,1.665144,0.556508
1055.000000,0.593809,0.823040,1.431419,1.620742,0.749839
1056.000000,0.586314,0.763512,1.392039,1.581721,0.586771
1057.000000,0.627957,0.713869,1.363081,1.553426,0.830735
1058.000000,0.786138,0.725671,1.336216,1.538972,1.174472
1059.000000,0.867809,0.739263,1.299467,1.507534,0.908305
1060.000000,0.978885,0.794107,1.264874,1.489929,1.285175
1061.000000,0.813784,0.718842,1.160581,1.444660,-0.496277
1062.000000,0.693233,0.696902,1.065584,1.411491,0.148593
1063.000000,0.487859,0.716136,0.979101,1.389325,0.211699
1064.000000,0.344264,0.719024,0.892381,1.366389,0.285763
1065.000000,-0.057115,0.640214,0.812788,1.339493,-0.370813
1066.000000,0.695596,0.882159,0.859044,1.366960,2.749150
1067.000000,1.413299,1.145942,0.911587,1.396165,2.633603
1068.000000,1.988350,1.318300,0.977210,1.402579,1.879540
1069.000000,2.544619,1.637455,1.088460,1.415979,2.062446
1070.000000,2.942581,1.907678,1.220739,1.417755,1.852350
1071.000000,2.434970,2.401470,1.341556,1.392670,1.227368
1072.000000,1.880809,2.507632,1.435862,1.338409,0.652828
1073.000000,1.597753,2.502783,1.574835,1.292874,0.837669
1074.000000,1.286776,2.403411,1.676050,1.241507,0.780650
1075.000000,1.038716,2.368999,1.742671,1.215483,0.825007
1076.000000,0.940020,1.997118,1.816208,1.214752,0.843919
1077.000000,1.001598,1.709804,1.845625,1.212060,0.949267
1078.000000,1.069341,1.576775,1.839086,1.241724,1.163475
1079.000000,1.163943,1.437252,1.859442,1.289368,1.218565
1080.000000,1.301846,1.358071,1.854323,1.354455,1.443366
1081.000000,1.473850,1.385851,2.020106,1.435647,1.620482
1082.000000,1.613296,1.480553,2.089352,1.519801,1.583555
1083.000000,1.637416,1.512517,2.103339,1.609343,1.286690
1084.000000,1.682878,1.578051,2.109405,1.689214,1.431629
1085.000000,1.673830,1.639629,2.132888,1.748008,1.412937
1086.000000,1.620555,1.696148,1.981712,1.810705,1.388029
1087.000000,1.604306,1.759142,1.860665,1.853395,1.519156
1088.000000,1.616291,1.775148,1.782655,1.855278,1.372474
1089.000000,1.597531,1.784306,1.700942,1.869366,1.382841
1090.000000,1.546859,1.745116,1.626155,1.846461,1.233086
1091.000000,1.390713,1.629787,1.561370,1.887324,0.692315
1092.000000,1.279688,1.563536,1.561295,1.902709,1.037042
1093.000000,1.281377,1.576925,1.578932,1.924161,1.438089
1094.000000,1.224009,1.543332,1.591418,1.922017,1.136491
1095.000000,1.281369,1.544068,1.621391,1.945888,1.483349
1096.000000,1.533651,1.569108,1.663231,1.863932,1.776598
1097.000000,1.559832,1.516673,1.672221,1.767120,1.227032
1098.000000,1.409995,1.454159,1.653778,1.693233,0.931294
1099.000000,1.530921,1.480607,1.674454,1.645879,1.827410
1100.000000,1.568072,1.512800,1.669810,1.602447,1.658607
1101.000000,0.946022,1.299342,1.509441,1.490358,-1.147268
1102.000000,0.428513,1.036725,1.356148,1.413349,-1.259671
1103.000000,0.056992,0.772918,1.251210,1.354767,-0.845077
1104.000000,-0.286435,0.693109,1.202183,1.349196,0.377275
1105.000000,-0.712615,0.556956,1.142121,1.338884,0.104221
1106.000000,-0.374512,0.399792,1.096420,1.339799,0.349627
1107.000000,0.198727,0.367889,1.070340,1.359752,0.999432
1108.000000,0.682328,0.346256,1.045304,1.365698,0.767579
1109.000000,1.028896,0.258952,1.056629,1.392788,1.496174
1110.000000,1.517435,0.180910,1.091664,1.411380,1.523348
1111.000000,2.147743,0.838424,1.242380,1.450677,2.305574
1112.000000,2.577982,1.726101,1.404647,1.511110,2.573408
1113.000000,2.861514,2.501421,1.533998,1.588597,2.383170
1114.000000,2.816321,2.821407,1.670211,1.646154,2.065959
1115.000000,2.752116,3.006156,1.773015,1.704538,2.008449
1116.000000,2.538778,2.992443,1.835777,1.753813,1.829945
1117.000000,1.906603,2.590426,1.750232,1.684363,-0.007078
1118.000000,1.349982,2.296322,1.685554,1.621840,-0.096678
1119.000000,0.941594,2.042840,1.579078,1.577260,0.215542
1120.000000,0.473209,1.797815,1.463357,1.531017,-0.012488
1121.000000,-0.127429,1.418357,1.564692,1.483509,-0.627885
1122.000000,-0.289541,1.004616,1.660304,1.409798,-0.668830
1123.000000,-0.071493,0.817918,1.865264,1.406036,0.791016
1124.000000,0.004809,0.613763,1.891481,1.400856,0.523712
1125.000000,1.338658,1.153384,2.438601,1.710911,3.834038
1126.000000,2.503019,1.642212,2.748639,1.957573,3.118193
1127.000000,3.137016,2.260915,2.861112,2.182627,2.743207
1128.000000,3.120378,2.574684,2.828780,2.306062,2.111601
1129.000000,2.943446,2.591806,2.660930,2.272358,1.408402
1130.000000,2.424899,2.613395,2.540178,2.253552,1.498726
1131.000000,1.978590,2.580178,2.370901,2.299383,1.098041
1132.000000,1.613520,2.540925,2.224649,2.325854,1.090526
1133.000000,1.317190,2.384669,2.078995,2.294558,0.785183
1134.000000,1.207778,2.294768,1.981569,2.236084,0.921121
1135.000000,1.031693,1.951733,1.879192,2.173352,0.699399
1136.000000,1.026929,1.717768,1.831143,2.139816,1.072378
1137.000000,1.047978,1.525214,1.873117,2.101877,1.180213
1138.000000,1.131500,1.399459,1.908410,2.069762,1.145147
1139.000000,1.247809,1.400382,1.948833,2.045689,1.423310
1140.000000,1.328578,1.347303,1.961317,1.999469,1.063950
1141.000000,1.344372,1.357815,1.993509,1.948313,1.155235
1142.000000,1.323902,1.360204,2.012591,1.890492,1.107150
1143.000000,1.298862,1.391696,1.978464,1.836146,1.055625
1144.000000,1.232950,1.414485,1.960715,1.797422,1.139551
1145.000000,1.211714,1.440977,1.800370,1.752984,0.988599
1146.000000,1.158820,1.413275,1.661199,1.712499,0.930384
1147.000000,1.131411,1.383509,1.542723,1.724747,0.997639
1148.000000,1.128868,1.367052,1.467383,1.741431,1.061212
1149.000000,1.137358,1.334186,1.450044,1.756863,1.198756
1150.000000,1.078236,1.287494,1.398621,1.752990,0.668637
1151.000000,1.012867,1.219346,1.370048,1.758073,0.502602
1152.000000,0.953746,1.174289,1.350983,1.770492,0.606319
1153.000000,0.957914,1.180755,1.374555,1.768424,1.092474
1154.000000,0.788385,1.127471,1.363470,1.756509,0.233960
1155.000000,0.720776,1.084623,1.361623,1.641919,0.139781
1156.000000,0.677845,1.052320,1.331367,1.537970,0.261689
1157.000000,0.627825,1.010259,1.297673,1.442674,0.615498
1158.000000,0.307417,0.880266,1.245006,1.360338,0.089078
1159.000000,0.209932,0.655492,1.158030,1.309851,-0.195017
1160.000000,-0.121948,0.391691,1.058672,1.230699,-1.324178
1161.000000,-0.140616,0.321342,1.002931,1.207285,0.195819
1162.000000,-0.050647,0.342035,0.982425,1.203061,1.095897
1163.000000,0.187566,0.291379,0.972661,1.219778,1.249840
1164.000000,0.795102,0.552287,1.001423,1.255263,2.390628
1165.000000,1.584613,0.723924,1.022022,1.287058,1.586492
1166.000000,1.950915,0.864326,1.050760,1.291339,1.327133
1167.000000,2.437382,1.186456,1.154816,1.325019,2.749512
1168.000000,3.025927,1.835185,1.351864,1.397455,3.409046
1169.000000,2.930959,2.357045,1.500264,1.428321,2.458458
1170.000000,2.969366,2.924557,1.768785,1.493028,2.434738
1171.000000,2.992149,3.083375,2.056325,1.558934,2.396416
1172.000000,2.787558,3.026594,2.253794,1.628647,2.210565
1173.000000,2.456650,2.899093,2.314352,1.695750,1.958793
1174.000000,2.323648,2.713206,2.400671,1.761070,1.975385
1175.000000,2.256746,2.654450,2.493943,1.857909,2.168275
1176.000000,2.148372,2.585639,2.528513,1.945544,1.937749
1177.000000,2.003346,2.411339,2.496933,1.990157,1.593768
1178.000000,1.861598,2.183526,2.461920,1.996919,1.350422
1179.000000,1.746873,2.055956,2.436011,1.987031,1.439476
1180.000000,1.582853,1.932968,2.437283,2.000906,1.356946
1181.000000,1.470771,1.825207,2.373400,2.013401,1.387188
1182.000000,1.408003,1.727688,2.281387,2.001164,1.301196
1183.000000,1.383839,1.650185,2.195382,1.960973,1.253606
1184.000000,1.323421,1.563479,2.085768,1.943477,1.151796
1185.000000,1.244212,1.441628,2.003788,1.920058,0.972486
1186.000000,1.154910,1.339517,1.938671,1.897038,0.947409
1187.000000,1.055864,1.257759,1.840930,1.864053,0.809320
1188.000000,0.948255,1.193172,1.721189,1.845014,0.716092
1189.000000,0.842548,1.113815,1.632224,1.830388,0.623949
1190.000000,0.735323,1.025950,1.539137,1.835471,0.406351
1191.000000,0.584359,0.914470,1.440491,1.800189,0.140591
1192.000000,0.736393,0.932786,1.416164,1.807237,1.793989
1193.000000,0.919471,0.948768,1.395098,1.806016,1.689852
1194.000000,1.119074,0.963293,1.363108,1.776390,1.470543
1195.000000,1.492548,1.046849,1.335995,1.778718,2.000384
1196.000000,2.046103,1.193156,1.337075,1.799152,2.582546
1197.000000,2.167120,1.366830,1.349184,1.785819,2.288882
1198.000000,2.317614,1.597402,1.385818,1.755434,2.369018
1199.000000,2.667293,1.961462,1.461827,1.772111,3.033081
1200.000000,2.854963,2.351153,1.562673,1.794720,2.997404
1201.000000,2.807160,2.636863,1.650657,1.804373,2.570037
1202.000000,2.802308,2.685870,1.754940,1.821678,2.545401
1203.000000,2.708929,2.672133,1.846200,1.832875,2.209803
1204.000000,2.608443,2.709300,1.973150,1.862184,2.509812
1205.000000,2.454923,2.653817,2.083156,1.870628,2.241295
1206.000000,2.319387,2.539318,2.156324,1.871856,1.970539
1207.000000,2.169613,2.444724,2.210930,1.878289,1.829937
1208.000000,2.039586,2.333848,2.235004,1.881372,1.608410
1209.000000,1.871321,2.202022,2.250975,1.883540,1.632300
1210.000000,1.733918,2.068388,2.252002,1.882978,1.539524
1211.000000,1.635631,1.963662,2.244816,1.876969,1.477411
1212.000000,1.516532,1.838631,2.162975,1.860513,1.242077
1213.000000,1.392312,1.718664,2.078441,1.833625,0.994158
1214.000000,1.255421,1.572465,2.008530,1.809577,0.941354
1215.000000,1.140365,1.451604,1.937388,1.794614,0.958827
1216.000000,1.034414,1.354554,1.863854,1.781276,0.952608
1217.000000,0.954473,1.259950,1.799670,1.768645,0.848267
1218.000000,0.929716,1.188863,1.740737,1.760935,0.870992
1219.000000,0.897001,1.104717,1.660868,1.751863,0.770389
1220.000000,0.875259,1.035334,1.584447,1.751411,0.857223
1221.000000,0.826650,0.956189,1.514227,1.750393,0.706145
1222.000000,0.825925,0.912263,1.448863,1.721649,0.856999
1223.000000,0.900871,0.931620,1.412427,1.712403,1.313023
1224.000000,0.984838,0.947700,1.351666,1.704215,1.186209
1225.000000,1.086154,0.975725,1.303759,1.692512,1.370072
1226.000000,1.217680,1.001432,1.262818,1.670533,1.290975
1227.000000,1.359964,1.058589,1.231178,1.657800,1.501867
1228.000000,1.366626,1.104446,1.203065,1.637843,1.303158
1229.000000,1.616490,1.257028,1.201526,1.621474,2.487885
1230.000000,1.772173,1.388541,1.194910,1.591324,2.030697
1231.000000,2.032907,1.586111,1.203150,1.573899,2.349959
1232.000000,2.313046,1.822607,1.247744,1.561545,2.670547
1233.000000,2.391136,1.913659,1.289151,1.538891,1.724004
1234.000000,2.317506,2.064301,1.361069,1.511851,2.206644
1235.000000,2.264272,2.135661,1.429533,1.486228,1.928299
1236.000000,2.194882,2.213482,1.514369,1.475055,2.075285
1237.000000,1.704234,2.042590,1.529954,1.425415,0.339879
1238.000000,1.580869,1.991605,1.580026,1.404203,1.084557
1239.000000,1.247157,1.775667,1.606906,1.365420,0.502920
1240.000000,0.592517,1.424217,1.524870,1.284031,-1.251706
1241.000000,-0.085706,1.085361,1.459665,1.209796,-1.024749
1242.000000,-0.310173,0.748310,1.400460,1.158967,-0.659846
1243.000000,-0.565537,0.579781,1.339623,1.142897,-0.044809
1244.000000,-0.589147,0.400999,1.321631,1.147013,0.449546
