0.000000,5.385165,5.385165,5.385165,5.385165,2.303939
1.000000,3.744918,3.737838,3.739250,3.743077,-0.312761
2.000000,3.009921,2.999545,3.002248,3.003628,0.416812
3.000000,2.553385,2.542898,2.549862,2.551659,-0.724933
4.000000,2.220852,2.227727,2.236546,2.237685,-0.316877
5.000000,1.970863,1.995224,2.001228,2.000875,-0.101136
6.000000,1.800029,1.815963,1.817678,1.815074,1.173870
7.000000,1.650431,1.666065,1.665700,1.660879,0.750917
8.000000,1.540012,1.542610,1.540162,1.531187,1.975216
9.000000,1.440653,1.427138,1.431130,1.418548,1.754801
10.000000,1.348949,1.323564,1.331217,1.318972,1.305879
11.000000,1.263279,1.241892,1.242638,1.230444,1.804596
12.000000,1.185402,1.163847,1.162903,1.152308,1.316420
13.000000,1.103811,1.095057,1.087896,1.078948,1.017772
14.000000,1.026800,1.028987,1.018428,1.010959,0.643651
15.000000,0.959048,0.967434,0.955910,0.947844,0.755268
16.000000,0.888678,0.904387,0.897040,0.888621,0.442644
17.000000,0.830834,0.848934,0.842420,0.833377,1.149443
18.000000,0.783135,0.794337,0.791230,0.782133,1.795911
19.000000,0.723557,0.733992,0.733604,0.729966,-0.407118
20.000000,0.665740,0.677613,0.677702,0.677315,-0.190913
21.000000,0.619778,0.623974,0.629973,0.626841,0.884121
22.000000,0.554162,0.565923,0.578072,0.575686,-0.749231
23.000000,0.475163,0.505887,0.527132,0.522305,-1.260904
24.000000,0.419184,0.448771,0.476197,0.469483,-0.629615
25.000000,0.346305,0.382259,0.420564,0.414991,-1.659300
26.000000,0.253788,0.312075,0.358692,0.358227,-1.487318
27.000000,0.161910,0.223853,0.291165,0.295679,-1.504080
28.000000,0.035668,0.092311,0.203201,0.221850,-1.552509
29.000000,-2.712737,-2.322018,-0.273532,0.411225,-3.452311
30.000000,-2.762889,-2.608093,-0.853643,-0.182016,-2.517029
31.000000,-2.696293,-2.796690,-1.456573,-0.497437,-1.999360
32.000000,-2.579739,-2.685819,-1.905995,-0.859575,-1.707073
33.000000,-2.504851,-2.570792,-2.268223,-1.152262,-1.793392
34.000000,-2.028753,-2.461807,-2.418457,-1.394859,-1.326878
35.000000,-1.361715,-2.048435,-2.249221,-1.290048,0.538445
36.000000,-1.077408,-1.887230,-2.221967,-1.523613,-0.614745
37.000000,-0.795924,-1.722438,-2.197137,-1.645877,-0.373035
38.000000,-0.325841,-1.491953,-2.115212,-1.731197,0.345241
39.000000,0.044788,-1.088536,-1.912162,-1.784287,0.318864
40.000000,0.018097,-0.756505,-1.747347,-1.763197,0.442753
41.000000,0.468473,-0.359886,-1.580197,-1.653232,1.346930
42.000000,0.925747,0.046504,-1.327022,-1.472384,1.541957
43.000000,1.171613,0.464020,-1.084998,-1.309531,1.358588
44.000000,1.399975,0.828654,-0.896522,-1.132468,1.305762
45.000000,1.572747,0.941616,-0.657645,-0.982127,1.262163
46.000000,1.417716,1.132284,-0.492145,-0.895997,0.722589
47.000000,1.179398,1.255561,-0.350894,-0.912408,0.499681
48.000000,0.977766,1.273632,-0.208313,-1.001342,0.452313
49.000000,0.865943,1.337321,0.181155,-0.858546,0.819933
50.000000,0.776530,1.387571,0.542913,-0.722574,0.889942
51.000000,0.679366,1.245284,0.814465,-0.778451,0.298929
52.000000,0.592620,1.055194,1.052484,-0.727943,0.122705
53.000000,0.467474,0.859501,1.289226,-0.661057,-0.095989
54.000000,0.044267,0.544606,1.357122,-0.838554,-1.016714
55.000000,-0.358091,0.253156,1.203837,-0.892230,-0.839342
56.000000,-0.669532,0.003557,1.168945,-1.047500,-1.041895
57.000000,-1.010347,-0.265237,1.043635,-1.359201,-1.353408
58.000000,-1.215496,-0.482129,0.846485,-1.723339,-1.052840
59.000000,-1.207221,-0.735676,0.644321,-1.496923,-1.036444
60.000000,-1.321519,-1.042573,0.356656,-1.451029,-1.426131
61.000000,-1.468539,-1.308154,-0.125988,-1.665320,-1.761616
62.000000,-1.683699,-1.619272,-0.750359,-2.202344,-2.291131
63.000000,-1.906091,-1.842408,-1.289805,-2.426768,-2.024821
64.000000,-2.047046,-1.913243,-1.735872,-2.596914,-1.792289
65.000000,-2.049266,-1.967180,-2.075717,-3.182423,-1.693634
66.000000,-2.028522,-2.013257,-2.293480,-3.199155,-1.852100
67.000000,-1.878662,-1.995212,-2.395689,-3.137337,-1.674062
68.000000,-1.748450,-1.973765,-2.421993,-3.096266,-1.472731
69.000000,-1.641673,-1.932005,-2.427696,-2.981521,-1.320998
70.000000,-1.608145,-1.892284,-2.439392,-2.921343,-1.549099
71.000000,-1.298832,-1.692828,-2.273858,-2.742230,-0.332109
72.000000,-1.064698,-1.490694,-2.142260,-2.640097,-0.479801
73.000000,-0.872663,-1.331960,-2.022961,-2.540764,-0.493176
74.000000,-0.617675,-1.160314,-1.844419,-2.410970,-0.017494
75.000000,-0.323742,-1.019900,-1.718948,-2.324815,-0.199718
76.000000,-0.188885,-0.810197,-1.568968,-2.177267,0.392362
77.000000,-0.036876,-0.625284,-1.432943,-2.057534,0.243161
78.000000,0.359435,-0.346852,-1.266377,-1.879990,1.396296
79.000000,0.623437,-0.085381,-1.135991,-1.774180,1.195623
80.000000,1.058191,0.293743,-0.974808,-1.663576,1.749616
81.000000,1.397153,0.551385,-0.796805,-1.529024,1.853754
82.000000,1.506381,0.723314,-0.653630,-1.478224,0.570842
83.000000,1.503010,0.996244,-0.477983,-1.383347,1.329121
84.000000,1.728984,1.318593,-0.241623,-1.187529,2.165705
85.000000,1.798506,1.651364,0.020732,-1.008608,2.040516
86.000000,1.819935,1.864105,0.342913,-0.815252,1.948862
87.000000,2.077820,2.057383,0.715712,-0.579994,1.989108
88.000000,2.115248,2.050098,1.100933,-0.362425,1.764637
89.000000,2.051580,2.082523,1.525439,-0.104050,1.935784
90.000000,1.891936,1.981408,1.903077,0.153684,1.386352
91.000000,1.798732,1.907414,2.099989,0.500905,1.549658
92.000000,1.580366,1.871495,2.169010,0.870885,0.977567
93.000000,1.462621,1.814633,2.204701,1.288150,1.205743
94.000000,1.319297,1.704511,2.167416,1.699173,1.234264
95.000000,1.216683,1.575449,2.099325,1.999643,0.886002
96.000000,1.031120,1.437477,1.980591,2.210351,0.635887
97.000000,0.866009,1.250894,1.853749,2.270153,0.102972
98.000000,0.691574,1.113459,1.708473,2.281976,0.331133
99.000000,0.495196,0.955211,1.600284,2.247934,0.315201
100.000000,0.394278,0.867821,1.497987,2.228447,0.475397
101.000000,0.242373,0.707894,1.381184,2.078105,-0.100076
102.000000,0.231091,0.617601,1.339962,1.970682,-0.026947
103.000000,0.115803,0.473133,1.270346,1.876130,-0.249574
104.000000,0.158065,0.375128,1.198840,1.805508,0.628802
105.000000,0.114003,0.296758,1.124658,1.750501,0.376401
106.000000,0.035446,0.171058,1.022109,1.652024,-0.619326
107.000000,0.071000,0.181730,0.935842,1.599929,0.115778
108.000000,0.391386,0.235318,0.886501,1.532440,1.079573
109.000000,0.661237,0.378187,0.840129,1.506095,1.765510
110.000000,0.838399,0.432970,0.806471,1.449298,0.944201
111.000000,1.201221,0.568807,0.736881,1.388066,0.555249
112.000000,1.532918,0.818883,0.750437,1.408609,1.401939
113.000000,1.484925,1.088437,0.719143,1.394203,0.795038
114.000000,1.199781,1.192939,0.677095,1.343174,0.751976
115.000000,1.262026,1.420595,0.703302,1.307847,1.235775
116.000000,1.173718,1.674759,0.724187,1.251103,0.228559
117.000000,0.303725,1.365824,0.710414,1.134183,-1.737630
118.000000,-0.001226,1.096259,0.754614,1.059809,-0.360293
119.000000,-0.334862,0.632513,0.792195,0.955355,-0.507032
120.000000,-0.910960,0.265450,0.736635,0.873265,-0.896116
121.000000,-1.351391,-0.116376,0.731359,0.741772,-1.406741
122.000000,-0.971375,-0.452553,0.883802,0.688532,-0.380877
123.000000,-0.926186,-0.630360,1.213811,0.604134,-0.178624
124.000000,-0.178877,-0.356819,1.914364,0.602277,2.121602
125.000000,0.732800,-0.147822,2.649996,0.654298,2.054817
126.000000,1.665116,0.238986,3.258212,0.745165,1.786248
127.000000,2.249850,1.126549,3.321363,0.969596,2.074942
128.000000,2.706128,1.785571,3.206886,1.240729,2.425131
129.000000,2.626084,2.304044,2.975554,1.548194,2.293723
130.000000,2.534624,2.654873,2.890975,1.810024,2.079083
131.000000,2.521181,2.903255,2.872034,2.153450,2.107233
132.000000,2.421322,2.899931,2.725574,2.407673,1.927179
133.000000,2.240849,2.839761,2.637296,2.580534,1.755384
134.000000,2.036145,2.596331,2.526565,2.559377,1.469989
135.000000,1.875791,2.413624,2.400189,2.521502,1.410407
136.000000,2.055980,2.490873,2.555741,2.689594,2.790969
137.000000,2.278787,2.544588,2.770446,2.750814,2.800903
138.000000,2.428951,2.519788,2.800703,2.711071,2.505940
139.000000,2.544585,2.480212,2.792472,2.627893,2.332679
140.000000,2.592351,2.436635,2.762635,2.574131,2.155136
141.000000,2.421662,2.382462,2.730233,2.529716,2.045866
142.000000,2.191758,2.300524,2.630350,2.431908,1.707959
143.000000,2.048433,2.256063,2.554681,2.376346,1.802951
144.000000,2.088526,2.322468,2.509200,2.393487,2.422696
145.000000,2.061309,2.324592,2.436671,2.357905,2.024787
146.000000,2.039525,2.238906,2.378623,2.338855,1.961394
147.000000,2.041079,2.138178,2.311018,2.336940,1.814475
148.000000,1.975033,2.033393,2.224614,2.288450,1.560549
149.000000,1.780850,1.935584,2.144311,2.239962,1.436974
150.000000,1.667179,1.859822,2.081721,2.203635,1.450383
151.000000,1.562257,1.795194,2.025310,2.176603,1.433320
152.000000,1.414772,1.725409,1.956339,2.119126,1.071666
153.000000,1.331684,1.661066,1.904819,2.073069,1.140022
154.000000,1.301814,1.556042,1.875036,2.018896,1.290535
155.000000,1.251530,1.477882,1.845388,1.968935,1.207442
156.000000,1.145768,1.375850,1.767921,1.915184,0.909933
157.000000,1.082704,1.270645,1.682825,1.857342,0.729492
158.000000,0.956289,1.168419,1.597371,1.791533,0.472367
159.000000,0.789986,1.077460,1.520792,1.734100,0.459241
160.000000,0.643173,0.987008,1.455498,1.687814,0.511892
161.000000,0.604670,0.916675,1.406088,1.653781,0.766094
162.000000,0.590398,0.880681,1.369138,1.623029,0.683536
163.000000,0.570180,0.805245,1.315944,1.588246,0.309981
164.000000,0.433060,0.653647,1.206540,1.546894,-0.421944
165.000000,0.252514,0.495778,1.114264,1.512359,-0.613107
166.000000,-0.021134,0.371042,1.023308,1.456566,-0.536101
167.000000,-0.408070,0.229519,0.924520,1.391357,-0.973461
168.000000,-0.707364,0.127119,0.843782,1.336549,-0.721373
169.000000,-0.692995,0.052270,0.781207,1.294743,-0.126886
170.000000,-0.614670,-0.048705,0.710466,1.256713,-0.139631
171.000000,-0.614281,-0.253038,0.624698,1.216439,-0.449386
172.000000,-0.411079,-0.466019,0.574353,1.194906,-0.114200
173.000000,-0.023319,-0.553286,0.537530,1.182968,0.907502
174.000000,0.176859,-0.471179,0.466249,1.128964,0.655174
175.000000,-0.041056,-0.527088,0.332469,1.062452,-1.050348
176.000000,0.038587,-0.481943,0.238442,1.000766,-0.230958
177.000000,-0.145608,-0.404560,0.121621,0.927202,-0.855852
178.000000,-0.360233,-0.232947,0.062957,0.878584,0.109107
179.000000,-0.332429,-0.083166,0.028524,0.845303,0.801101
180.000000,0.225807,0.105503,-0.011524,0.807577,1.034073
181.000000,0.533797,0.325337,-0.144082,0.757770,0.881864
182.000000,1.036424,0.496354,-0.288112,0.742238,0.955271
183.000000,1.569648,0.704234,-0.185827,0.749219,2.036446
184.000000,1.919016,0.993512,0.272867,0.739096,2.113738
185.000000,2.281858,1.666996,0.925288,0.757415,2.473639
186.000000,2.498184,2.093988,1.476079,0.819839,2.135138
187.000000,2.498975,2.392146,1.925321,0.900756,1.592229
188.000000,2.352951,2.502253,2.242525,1.080550,1.850886
189.000000,2.136177,2.424001,2.306183,1.282063,1.474700
190.000000,1.592151,2.134834,2.152743,1.378712,0.097259
191.000000,1.315910,2.025916,2.167039,1.503260,0.861996
192.000000,0.392487,1.482554,1.731223,1.184885,-2.275820
193.000000,-0.640055,0.858747,1.245032,0.825621,-2.213793
194.000000,-1.665209,0.141596,0.709927,0.429245,-2.489348
195.000000,-2.143230,-0.573657,0.404524,0.019690,-2.036719
196.000000,-2.362309,-1.040571,0.229117,-0.163202,-0.973745
197.000000,-2.043100,-1.435051,0.100795,-0.289083,-1.032205
198.000000,-1.801065,-1.845329,-0.153725,-0.586739,-1.176825
199.000000,-1.447710,-2.091238,-0.433732,-0.990118,-0.966674
200.000000,-1.091187,-2.058865,-0.642912,-1.190786,-0.532420
201.000000,-0.899709,-2.049488,-0.758946,-1.146674,-0.169859
202.000000,-0.608692,-1.665727,-0.799047,-1.008989,0.225024
203.000000,-0.185559,-1.250773,-0.861685,-0.901686,0.646662
204.000000,-0.046354,-0.949200,-1.141911,-1.156921,-0.367985
205.000000,-0.028149,-0.716279,-1.475109,-1.117003,-0.453308
206.000000,-0.183008,-0.695035,-1.813290,-1.362094,-0.817250
207.000000,-0.447813,-0.677047,-2.048937,-1.508374,-0.885393
208.000000,-0.784345,-0.623766,-2.227788,-1.746014,-0.795607
209.000000,-0.919842,-0.627217,-2.327388,-2.071092,-0.963861
210.000000,-1.142078,-0.769366,-2.327556,-2.442035,-1.423313
211.000000,-1.314510,-0.989325,-2.382997,-2.677194,-1.574637
212.000000,-1.463784,-1.253657,-2.193885,-2.785297,-1.561133
213.000000,-1.499601,-1.464694,-1.978343,-2.790590,-1.038782
214.000000,-1.367596,-1.435685,-1.702726,-2.672381,-0.415652
215.000000,-1.156136,-1.408798,-1.500025,-2.602769,-0.430375
216.000000,-0.866054,-1.320834,-1.394516,-2.504777,-0.207269
217.000000,-0.500535,-1.210303,-1.279111,-2.376713,0.070609
218.000000,-0.167528,-1.092008,-1.142180,-2.280194,0.429164
219.000000,0.135083,-0.909513,-1.002922,-2.165240,0.951281
220.000000,0.625302,-0.573076,-0.872654,-1.970788,1.462590
221.000000,1.287759,-0.054854,-0.741341,-1.825555,2.042128
222.000000,1.870363,0.668070,-0.627700,-1.494726,2.045061
223.000000,2.032435,1.310300,-0.606445,-1.221782,1.383145
224.000000,1.951103,1.736237,-0.480000,-0.938276,1.150130
225.000000,1.927765,2.148930,-0.260150,-0.632875,1.770143
226.000000,1.839535,2.355369,0.040890,-0.413910,1.713068
227.000000,1.705035,2.385173,0.377178,-0.191378,1.524837
228.000000,1.722108,2.341533,0.750519,0.066576,1.545892
229.000000,1.824959,2.286444,1.214585,0.345260,1.729982
230.000000,1.750680,2.171154,1.718628,0.574002,1.503661
231.000000,1.521766,1.940611,2.074108,0.690170,0.740048
232.000000,1.433455,1.784925,2.398843,0.818972,1.158770
233.000000,1.386817,1.734588,2.552552,0.932355,1.352348
234.000000,1.319424,1.723551,2.543888,1.173185,1.410608
235.000000,1.301326,1.660736,2.499566,1.425012,1.424232
236.000000,1.412836,1.598587,2.412965,1.684558,1.352502
237.000000,1.432196,1.555380,2.312528,1.905499,1.327036
238.000000,1.204025,1.389053,2.124336,1.942482,0.275198
239.000000,0.928940,1.190860,1.939132,1.945160,0.042726
240.000000,0.655428,1.026970,1.770844,1.972512,0.049749
241.000000,0.508658,1.013173,1.654888,2.044037,0.689115
242.000000,0.212623,0.893177,1.505950,2.036662,-0.059326
243.000000,0.257684,0.812325,1.440671,2.017329,0.573747
244.000000,0.347087,0.708818,1.385931,1.946143,0.423670
245.000000,0.793354,0.737954,1.382913,1.966469,2.199487
246.000000,1.244740,0.822128,1.403911,1.991039,2.596320
247.000000,1.955914,0.928457,1.435945,2.002209,2.529887
248.000000,2.443691,1.225621,1.461693,2.001606,2.370409
249.000000,2.809635,1.597682,1.466914,1.986977,2.149662
250.000000,2.642410,1.946180,1.466369,1.946909,1.720221
251.000000,2.284808,2.102115,1.491279,1.881915,1.199378
252.000000,1.770598,2.190505,1.444265,1.782228,0.300137
253.000000,1.280287,2.141444,1.387783,1.711367,0.140015
254.000000,0.670791,2.020896,1.293693,1.628883,-0.588186
255.000000,0.096753,1.668650,1.190393,1.521137,-0.727932
256.000000,-0.403682,1.237004,1.081018,1.416318,-0.839442
257.000000,-0.593756,0.841399,0.992017,1.339036,-0.445025
258.000000,-0.647179,0.489812,1.036731,1.277031,-0.055272
259.000000,-0.642494,0.048624,1.073080,1.182790,-0.567888
260.000000,-0.603622,-0.350795,1.107134,1.098913,-0.568244
261.000000,-0.546700,-0.680553,1.066252,1.058724,-0.610513
262.000000,-0.585311,-0.850972,1.098849,0.997883,-0.607681
263.000000,-0.716533,-0.985200,1.054701,0.927240,-0.606967
264.000000,-0.616962,-0.908371,1.066303,0.869185,-0.163899
265.000000,-0.582940,-0.853489,0.835499,0.788875,-0.437934
266.000000,-0.627467,-0.840619,0.458458,0.682280,-0.798269
267.000000,-0.844276,-1.014996,-0.083005,0.515666,-1.478298
268.000000,-1.184117,-1.334944,-0.760925,0.388264,-1.957164
269.000000,-1.571699,-1.536997,-1.436319,0.265885,-1.855366
270.000000,-1.802955,-1.679981,-1.974254,0.132323,-1.620875
271.000000,-1.758338,-1.664913,-2.217078,-0.026779,-0.839047
272.000000,-1.707530,-1.728638,-2.354541,-0.201178,-1.327096
273.000000,-1.608933,-1.816202,-2.438499,-0.555472,-1.542859
274.000000,-1.479388,-1.901538,-2.370302,-0.980014,-1.305981
275.000000,-1.381018,-1.920532,-2.269690,-1.753542,-1.241610
276.000000,-1.217476,-1.753523,-2.046418,-2.327859,-0.185801
277.000000,-1.005466,-1.556644,-1.908616,-2.683172,-0.327919
278.000000,-0.770975,-1.340013,-1.831728,-2.788327,-0.433071
279.000000,-0.550519,-1.135380,-1.714902,-2.733066,-0.253105
280.000000,-0.345981,-0.986701,-1.629023,-2.633867,-0.428608
281.000000,-0.338259,-0.906651,-1.535603,-2.477396,-0.011790
282.000000,-0.262491,-0.762231,-1.451981,-2.279395,0.112799
283.000000,-0.164408,-0.586600,-1.387281,-2.128464,-0.026274
284.000000,-0.214510,-0.465808,-1.381870,-1.985037,-0.516954
285.000000,0.144572,-0.182210,-1.287308,-1.787455,1.046119
286.000000,0.206542,-0.140935,-1.211590,-1.652635,0.223891
287.000000,0.333031,-0.017491,-1.071877,-1.548617,0.619231
288.000000,0.565765,0.181279,-0.886593,-1.475764,0.918393
289.000000,1.681412,0.802940,-0.547293,-1.230226,3.394233
290.000000,2.211256,1.435249,-0.219527,-1.010148,2.749788
291.000000,2.736117,1.952943,0.078691,-0.781636,2.584196
292.000000,2.813446,2.219405,0.413318,-0.597376,1.864681
293.000000,2.852093,2.464489,0.875380,-0.364476,2.122857
294.000000,2.411079,2.564480,1.319492,-0.201260,1.564462
295.000000,2.125208,2.488378,1.784557,0.007084,1.538541
296.000000,1.797759,2.417172,2.020019,0.227814,1.139224
297.000000,1.597413,2.302099,2.173560,0.528783,1.012380
298.000000,1.262750,2.135475,2.190949,0.857628,0.596823
299.000000,1.041403,1.811508,2.130993,1.187974,0.534985
300.000000,0.776974,1.533604,2.042357,1.459529,0.283808
301.000000,0.506256,1.231007,1.897668,1.566355,-0.146090
302.000000,0.327680,1.049301,1.802091,1.764469,0.208421
303.000000,0.303418,0.867970,1.753112,1.979270,0.516468
304.000000,0.240272,0.722568,1.714227,2.079571,0.260828
305.000000,0.199614,0.557451,1.607165,2.100827,0.085942
306.000000,0.257270,0.431017,1.547394,1.987164,0.057892
307.000000,0.072510,0.235180,1.438503,1.843513,-0.679123
308.000000,-0.254341,0.059897,1.322178,1.713501,-0.919607
309.000000,-0.533746,-0.121372,1.089934,1.591615,-0.936154
310.000000,-0.819250,-0.303006,0.868137,1.488367,-1.148631
311.000000,-1.088887,-0.428775,0.641297,1.385407,-1.089539
312.000000,-1.123456,-0.585876,0.469422,1.311424,-0.804564
313.000000,-1.029627,-0.755701,0.277385,1.279241,-0.472599
314.000000,-0.656700,-0.727547,0.201117,1.357645,0.816327
315.000000,-0.412518,-0.780705,0.048047,1.313230,-0.086508
316.000000,0.016188,-0.730365,-0.027327,1.363841,0.713043
317.000000,0.663368,-0.395563,-0.010343,1.472397,1.764836
318.000000,1.791503,0.418560,0.319704,1.731207,3.365398
319.000000,2.361754,1.276484,0.744978,1.819473,2.863399
320.000000,2.711555,1.954791,1.213809,1.864274,2.172875
321.000000,2.804009,2.448140,1.841974,1.902812,2.161491
322.000000,2.709234,2.692951,2.366158,1.978335,2.028029
323.000000,2.422852,2.786852,2.694720,2.023427,2.063642
324.000000,2.256580,2.740129,2.902351,2.123129,2.123880
325.000000,2.261656,2.776106,3.010330,2.236322,2.277605
326.000000,2.202480,2.701269,2.984324,2.325081,2.000604
327.000000,2.115080,2.555964,2.932153,2.363386,1.754308
328.000000,1.988560,2.315884,2.844589,2.381300,1.549739
329.000000,1.465173,1.901650,2.524527,2.161416,-0.403738
330.000000,0.814490,1.528855,2.235743,1.932083,-0.965862
331.000000,0.053247,1.110391,1.938430,1.691582,-1.570417
332.000000,-0.697825,0.708534,1.678203,1.450991,-1.566912
333.000000,-1.371846,0.304704,1.447011,1.215582,-1.460725
334.000000,-1.572475,-0.120394,1.191427,1.007171,-1.384849
335.000000,-1.613304,-0.573828,1.004502,0.824057,-1.256108
336.000000,-1.468931,-0.964478,0.831439,0.683034,-0.972902
337.000000,-1.361388,-1.336397,0.599509,0.556380,-1.100641
338.000000,-1.222059,-1.612895,0.302150,0.480690,-0.842770
339.000000,-1.067608,-1.610187,0.026420,0.430170,-0.685673
340.000000,-0.917993,-1.530110,-0.207348,0.410302,-0.572377
341.000000,-0.729751,-1.326952,-0.390976,0.476163,-0.102332
342.000000,-0.498116,-1.125847,-0.575815,0.546115,-0.037009
343.000000,-0.342389,-0.955063,-0.803302,0.584609,-0.135325
344.000000,-0.229566,-0.798967,-1.068399,0.530807,-0.181512
345.000000,-0.105563,-0.636549,-1.351555,0.578701,-0.019268
346.000000,-0.056115,-0.491336,-1.588904,0.613739,0.121037
347.000000,-0.050987,-0.342958,-1.801270,0.521837,-0.013898
348.000000,-0.020166,-0.225501,-1.940487,0.160735,0.003354
349.000000,0.027259,-0.125421,-1.811475,-0.268819,0.032719
350.000000,0.050448,-0.034332,-1.619492,-0.683716,0.087790
351.000000,0.064181,0.004060,-1.358790,-1.163280,0.190731
352.000000,0.095760,0.025126,-1.120563,-1.687153,0.127466
353.000000,0.133657,0.065223,-0.898731,-2.153195,0.172662
354.000000,0.177941,0.119307,-0.685488,-2.467820,0.231709
355.000000,0.232165,0.163822,-0.482552,-2.655601,0.339030
356.000000,0.179527,0.142697,-0.363485,-2.783496,-0.100725
357.000000,0.090634,0.116498,-0.248804,-2.847001,-0.386286
358.000000,0.034559,0.118655,-0.141802,-2.830383,-0.095309
359.000000,0.020171,0.154265,-0.021267,-2.492039,0.285028
360.000000,-0.068831,0.163930,0.078540,-2.176683,0.094881
361.000000,-0.083544,0.112653,0.084548,-1.849664,-0.205618
362.000000,-0.048765,0.049649,0.068863,-1.564938,-0.343895
363.000000,-0.207057,-0.099898,0.020927,-1.356101,-0.935381
364.000000,-0.467804,-0.264356,-0.023188,-1.162128,-0.977606
365.000000,-0.690298,-0.426322,-0.098224,-0.980498,-0.876426
366.000000,-0.854026,-0.489328,-0.219793,-0.849385,-0.852540
367.000000,-1.043870,-0.531023,-0.341291,-0.703562,-1.097149
368.000000,-1.054767,-0.629952,-0.456424,-0.594110,-0.904182
369.000000,-1.087278,-0.831962,-0.597769,-0.524963,-1.075893
370.000000,-1.245168,-1.091587,-0.802689,-0.507567,-1.530993
371.000000,-1.337830,-1.286484,-1.013424,-0.576107,-1.313302
372.000000,-1.319456,-1.417341,-1.172555,-0.655789,-1.164229
373.000000,-1.355274,-1.426334,-1.325953,-0.728348,-1.207401
374.000000,-1.324919,-1.389800,-1.448890,-0.787226,-1.026091
375.000000,-1.136684,-1.313152,-1.535011,-0.867637,-0.642072
376.000000,-1.050658,-1.269680,-1.542798,-1.019559,-0.910237
377.000000,-1.019427,-1.223493,-1.526896,-1.175124,-1.029069
378.000000,-0.816711,-1.129060,-1.518312,-1.283210,-0.209741
379.000000,-0.804455,-1.109036,-1.612922,-1.465548,-0.985400
380.000000,-0.999925,-1.105977,-1.693666,-1.718912,-1.556205
381.000000,-1.099240,-1.105816,-1.687088,-1.976019,-1.366207
382.000000,-1.266142,-1.164386,-1.678939,-2.211400,-1.794718
383.000000,-1.653850,-1.229956,-1.616187,-2.390003,-1.885890
384.000000,-1.738062,-1.259571,-1.527438,-2.436212,-1.180630
385.000000,-1.807040,-1.394633,-1.491182,-2.443996,-1.768774
386.000000,-1.941755,-1.511148,-1.476195,-2.321229,-1.838810
387.000000,-2.161124,-1.722920,-1.515504,-2.218040,-2.761605
388.000000,-2.136761,-1.954577,-1.543151,-2.128925,-1.900915
389.000000,-2.284221,-2.088489,-1.579517,-2.092542,-1.999649
390.000000,-2.249928,-2.116751,-1.589940,-2.031476,-1.783456
391.000000,-2.119992,-2.110559,-1.596261,-1.940846,-1.360964
392.000000,-1.980143,-2.131699,-1.656328,-1.891931,-2.102199
393.000000,-1.997654,-2.121408,-1.712780,-1.821407,-2.039810
394.000000,-1.898650,-2.123900,-1.757829,-1.755584,-1.624324
395.000000,-1.927637,-2.116843,-1.849720,-1.732472,-1.958828
396.000000,-1.907550,-2.039164,-1.878404,-1.700611,-1.417160
397.000000,-1.756682,-1.883477,-1.893228,-1.674430,-1.396153
398.000000,-1.564039,-1.783064,-1.935152,-1.657794,-1.106389
399.000000,-1.305638,-1.600868,-1.877745,-1.614612,-0.323144
400.000000,-0.935387,-1.431695,-1.778827,-1.555947,-0.128080
401.000000,-0.620917,-1.286081,-1.684406,-1.501798,0.126246
402.000000,-0.338088,-1.097724,-1.586658,-1.466357,-0.085888
403.000000,-0.085012,-0.897369,-1.484591,-1.428356,0.032448
404.000000,0.106732,-0.680082,-1.397771,-1.383802,0.587559
405.000000,0.115246,-0.479916,-1.335525,-1.388373,-0.133689
406.000000,0.084231,-0.322014,-1.268980,-1.379451,-0.031144
407.000000,0.129462,-0.138692,-1.145217,-1.364127,0.095773
408.000000,0.197368,0.041175,-1.057535,-1.386493,0.358731
409.000000,0.169289,0.145064,-0.953066,-1.371231,0.632209
410.000000,0.333539,0.224730,-0.859788,-1.333391,0.549823
411.000000,0.470230,0.264767,-0.793604,-1.310691,0.452968
412.000000,0.847914,0.466938,-0.613870,-1.233668,1.589425
413.000000,1.036314,0.623941,-0.433710,-1.164947,1.078513
414.000000,1.384277,0.822952,-0.208698,-1.099545,2.004015
415.000000,1.909841,1.297362,0.154627,-0.975680,2.582463
416.000000,2.323499,1.752381,0.533668,-0.834789,2.379973
417.000000,2.199551,1.954699,0.897809,-0.657224,1.460582
418.000000,2.174022,2.040881,1.262934,-0.498325,1.440703
419.000000,2.032317,2.071962,1.539801,-0.288517,1.538530
420.000000,1.626409,1.979080,1.685179,-0.116347,0.712090
421.000000,1.096895,1.806414,1.686233,-0.014705,-0.096421
422.000000,0.742432,1.547664,1.667803,0.185639,-0.232104
423.000000,0.362463,1.357003,1.596638,0.433854,-0.363065
424.000000,-0.092610,1.089792,1.437821,0.677206,-0.508911
425.000000,-0.293979,0.804645,1.397055,1.077737,-0.121815
426.000000,-0.388194,0.475808,1.317683,1.368428,-0.504142
427.000000,-0.489991,0.230738,1.227928,1.615852,-0.673872
428.000000,-0.614804,-0.062112,1.123877,1.727975,-0.901781
429.000000,-0.706823,-0.416100,1.017652,1.663583,-0.863806
430.000000,-0.918563,-0.679540,0.922628,1.555516,-0.907724
431.000000,-0.946773,-0.791248,0.860358,1.434971,-0.615351
432.000000,-0.955282,-0.901229,0.711070,1.341489,-0.737713
433.000000,-1.100772,-1.099403,0.537873,1.168392,-1.503433
434.000000,-1.980899,-1.742433,0.008374,0.623118,-3.672062
435.000000,-2.385285,-2.164855,-0.551323,0.294559,-2.498132
436.000000,-2.640185,-2.381345,-1.151378,-0.037950,-2.211348
437.000000,-2.698914,-2.446203,-1.622667,-0.360662,-1.884657
438.000000,-2.687257,-2.501354,-2.093809,-0.785170,-2.104681
439.000000,-2.338439,-2.525913,-2.461923,-1.255789,-2.052264
440.000000,-2.277468,-2.569404,-2.659403,-1.768247,-2.273915
441.000000,-2.166994,-2.540405,-2.648798,-2.131016,-1.834993
442.000000,-2.105000,-2.490263,-2.584864,-2.457902,-1.753995
443.000000,-2.328602,-2.599779,-2.674101,-2.857546,-2.976900
444.000000,-2.561490,-2.577569,-2.738100,-3.127048,-3.022500
445.000000,-2.542782,-2.517445,-2.695975,-3.135619,-2.317850
446.000000,-2.582877,-2.483220,-2.643060,-3.076419,-2.291994
447.000000,-2.582911,-2.450521,-2.579020,-2.949118,-2.115607
448.000000,-2.388010,-2.395949,-2.513383,-2.829371,-1.994144
449.000000,-2.129339,-2.318815,-2.434641,-2.706377,-1.717802
450.000000,-1.896514,-2.178783,-2.323926,-2.540709,-1.184707
451.000000,-1.635306,-2.063813,-2.222923,-2.379091,-0.972313
452.000000,-1.401989,-1.966571,-2.136914,-2.249890,-0.934220
453.000000,-1.169492,-1.782355,-2.048911,-2.140171,-0.841960
454.000000,-0.909247,-1.545170,-1.902313,-2.025180,-0.443594
455.000000,-0.770636,-1.377487,-1.802613,-1.944005,-0.503166
456.000000,-0.615337,-1.179172,-1.703796,-1.856874,-0.199286
457.000000,-0.501188,-1.010402,-1.636150,-1.794805,-0.387255
458.000000,-0.434823,-0.860661,-1.579069,-1.750439,-0.551276
459.000000,-0.324831,-0.669348,-1.493726,-1.684089,0.127255
460.000000,-0.600727,-0.730787,-1.510358,-1.716407,-1.867600
461.000000,-0.948702,-0.812904,-1.535106,-1.744828,-1.773135
462.000000,-1.153122,-0.847193,-1.533424,-1.746906,-1.231388
463.000000,-1.300348,-0.881758,-1.470786,-1.736826,-1.090853
464.000000,-1.465161,-0.907069,-1.358674,-1.670330,-0.431115
465.000000,-1.217578,-0.956947,-1.289879,-1.635347,-0.714562
466.000000,-0.955041,-1.046209,-1.211864,-1.605248,-0.625733
467.000000,-0.760737,-1.090604,-1.125952,-1.576472,-0.342574
468.000000,-0.574919,-1.113046,-1.038110,-1.545056,-0.263963
469.000000,-0.540409,-1.239701,-0.961721,-1.516213,-0.179881
470.000000,-0.370797,-1.032260,-0.916049,-1.478750,0.039879
471.000000,-0.356228,-0.883511,-0.917391,-1.473494,-0.621816
472.000000,-0.427177,-0.820959,-0.925908,-1.472722,-0.577643
473.000000,-0.189391,-0.598110,-0.890340,-1.393747,0.727771
474.000000,0.043033,-0.483832,-0.896375,-1.294248,0.634396
475.000000,0.089969,-0.314444,-0.919095,-1.225986,0.204638
476.000000,0.503664,0.002290,-0.950695,-1.131588,0.738456
477.000000,0.882562,0.291345,-0.956295,-1.032121,0.746305
478.000000,0.959282,0.623006,-0.911890,-0.916777,0.988790
479.000000,0.880341,0.755861,-1.007156,-0.825715,0.339608
480.000000,1.086670,0.946185,-0.704837,-0.747391,0.912994
481.000000,1.045961,1.227574,-0.366124,-0.688469,0.633918
482.000000,1.019964,1.486801,-0.056481,-0.622957,0.706287
483.000000,0.948972,1.462143,0.295420,-0.554707,0.776084
484.000000,1.168563,1.522711,0.620915,-0.501628,1.168797
485.000000,1.248093,1.661928,1.100433,-0.430224,1.230047
486.000000,1.469909,1.727495,1.660933,-0.368501,1.489774
487.000000,1.583363,1.734039,2.059772,-0.288157,1.182065
488.000000,1.704501,1.736579,2.349947,-0.151250,1.307654
489.000000,1.566322,1.755279,2.414776,-0.140564,0.685807
490.000000,1.493821,1.729633,2.388529,0.322985,1.238741
491.000000,1.158919,1.599261,2.301248,0.827541,0.325448
492.000000,0.785679,1.386882,2.152781,1.212673,-0.446737
493.000000,0.387937,1.195064,1.902676,1.552933,-0.414057
494.000000,0.263099,1.025312,1.751953,1.762164,0.176971
495.000000,0.149985,0.945163,1.738645,2.031435,1.067650
496.000000,0.482777,0.915529,1.725249,2.222601,1.819437
497.000000,0.911906,0.883437,1.670540,2.217385,1.248624
498.000000,1.436485,0.890386,1.631794,2.213605,1.720301
499.000000,1.692821,0.981622,1.622317,2.157464,1.228650
500.000000,1.838047,1.050990,1.597092,2.125434,1.706249
501.000000,1.913332,1.332741,1.629710,2.200319,2.163555
502.000000,2.286072,1.828837,1.704692,2.312458,2.860197
503.000000,2.314755,2.148855,1.717757,2.254187,1.958167
504.000000,2.280690,2.268671,1.666528,2.168804,1.293891
505.000000,1.926872,2.129188,1.553958,2.066514,0.116291
506.000000,1.265450,1.790404,1.380139,1.890985,-0.920678
507.000000,0.401001,1.540523,1.248443,1.737832,-0.918206
508.000000,-0.183862,1.299443,1.145205,1.610338,-0.374444
509.000000,-0.698194,1.083707,1.106206,1.523677,-0.673272
510.000000,-0.814565,0.827525,1.032016,1.425990,-0.327810
511.000000,-0.677645,0.465395,1.036343,1.355257,-0.369905
512.000000,-0.557863,-0.085128,1.100947,1.283620,-0.447218
513.000000,-0.724283,-0.643258,1.110110,1.185859,-1.016230
514.000000,-0.582266,-0.935838,1.152130,1.113757,-0.115155
515.000000,-0.613964,-1.047390,1.075067,1.023775,-0.452738
516.000000,-0.726372,-1.022702,0.863277,0.898427,-0.819792
517.000000,-0.450405,-0.732323,0.855235,0.877412,0.625290
518.000000,-0.008667,-0.528564,0.791140,0.850818,0.709330
519.000000,0.336133,-0.174371,0.850534,0.928559,1.194637
520.000000,0.569343,-0.024700,0.733954,0.910926,0.458057
521.000000,0.663191,-0.038269,0.397832,0.908095,-0.426873
522.000000,0.572128,0.093121,0.000341,1.023666,0.267409
523.000000,0.324910,0.231094,-0.424942,1.106346,-0.318847
524.000000,-0.014687,0.245947,-0.765510,1.183712,-0.068982
525.000000,0.310475,0.658827,-0.523062,1.354541,1.736613
526.000000,0.869027,1.113055,0.021422,1.449737,1.506620
527.000000,1.595888,1.543570,1.133284,1.776273,2.643134
528.000000,2.090646,1.753810,1.978010,1.958253,1.777321
529.000000,2.255921,1.730968,2.606682,2.118270,1.205352
530.000000,1.946858,1.736653,2.790007,2.126730,0.739730
531.000000,1.754556,1.876475,2.825139,2.029694,0.843691
532.000000,1.388137,1.919824,2.812171,1.800422,1.132836
533.000000,1.227121,2.027079,2.830360,1.670977,1.149113
534.000000,1.234975,2.101623,2.707406,1.645331,1.257665
535.000000,1.439976,2.024852,2.693701,1.830218,1.641924
536.000000,1.532685,1.937531,2.662703,2.062134,1.423757
537.000000,1.478808,1.666516,2.456645,2.185596,1.075885
538.000000,1.547496,1.583864,2.350091,2.275836,1.560814
539.000000,1.588490,1.563981,2.218714,2.342134,1.483732
540.000000,1.865423,1.779317,2.311304,2.497795,2.727226
541.000000,2.281390,2.035276,2.483937,2.651445,3.016844
542.000000,2.568055,2.183142,2.514733,2.700761,2.543775
543.000000,2.587301,2.240617,2.495296,2.688310,2.009781
544.000000,2.458627,2.194128,2.393710,2.559727,1.316638
545.000000,2.175233,2.130814,2.246025,2.474555,1.337794
546.000000,1.739281,2.035173,2.099536,2.381737,0.828004
547.000000,1.307014,1.937383,1.902000,2.229199,0.462436
548.000000,0.997230,1.828553,1.779751,2.113504,0.567362
549.000000,0.827138,1.732201,1.697079,1.998040,0.536175
550.000000,0.624251,1.521871,1.641145,1.922580,0.433975
551.000000,0.495811,1.239732,1.581584,1.876744,0.230191
552.000000,0.498082,1.009044,1.539985,1.826257,0.467682
553.000000,0.492899,0.837368,1.515213,1.801316,0.554826
554.000000,0.303637,0.652127,1.447307,1.732183,-0.424525
555.000000,-0.061775,0.357554,1.324107,1.590702,-1.263978
556.000000,-0.419698,0.109085,1.212679,1.470076,-1.288581
557.000000,-0.841724,-0.101322,1.119089,1.319237,-1.201204
558.000000,-1.092576,-0.255204,1.042211,1.235111,-0.474180
559.000000,-1.055828,-0.393646,0.979213,1.183542,-0.291783
560.000000,-1.022488,-0.637569,0.776502,1.117925,-1.123484
561.000000,-1.032252,-0.886897,0.488938,1.045142,-1.333393
562.000000,-0.935256,-1.096097,0.225151,0.995743,-0.776402
563.000000,-1.051193,-1.324690,-0.043929,0.943459,-0.946849
564.000000,-1.238680,-1.413295,-0.291563,0.882377,-1.084532
565.000000,-1.187363,-1.357428,-0.567432,0.808301,-0.917214
566.000000,-1.047925,-1.274574,-0.794427,0.748489,-0.752733
567.000000,-1.216359,-1.317162,-1.087373,0.651544,-1.495646
568.000000,-1.304134,-1.435227,-1.408222,0.516631,-1.344343
569.000000,-1.280770,-1.516449,-1.701135,0.384059,-1.023819
570.000000,-1.331195,-1.497487,-1.953077,0.054647,-1.230308
571.000000,-1.407462,-1.441199,-2.070346,-0.476748,-1.285100
572.000000,-1.393279,-1.482480,-2.156219,-1.159671,-1.615687
573.000000,-1.391279,-1.480614,-2.168464,-1.804669,-1.456805
574.000000,-1.507938,-1.479259,-2.085661,-2.274339,-1.541975
575.000000,-1.580690,-1.496476,-1.946427,-2.555552,-1.487325
576.000000,-1.817461,-1.626213,-1.890757,-2.669982,-2.322744
577.000000,-1.846546,-1.627602,-1.814996,-2.605529,-1.739537
578.000000,-1.891475,-1.653664,-1.798446,-2.526634,-1.673543
579.000000,-1.829028,-1.693680,-1.773475,-2.414470,-1.262701
580.000000,-1.735647,-1.687423,-1.693257,-2.294020,-1.031728
581.000000,-1.465060,-1.670584,-1.615852,-2.179722,-1.018527
582.000000,-1.319174,-1.617020,-1.586709,-2.102390,-1.027465
583.000000,-1.008532,-1.505669,-1.518339,-2.008440,-0.082964
584.000000,-0.922638,-1.454371,-1.486749,-1.913838,-0.872050
585.000000,-1.092809,-1.495810,-1.513154,-1.830970,-1.846411
586.000000,-0.612516,-1.135045,-1.426276,-1.659163,1.153866
587.000000,0.078983,-0.747697,-1.268116,-1.487111,1.789103
588.000000,0.331594,-0.438667,-1.169224,-1.402915,0.930035
589.000000,0.820942,-0.136878,-1.091334,-1.333046,1.167694
590.000000,1.603257,0.201632,-0.975581,-1.222299,1.438132
591.000000,1.620831,0.554105,-0.850942,-1.113531,1.295576
592.000000,1.493735,0.921717,-0.687989,-1.039109,1.316506
593.000000,1.403200,1.036360,-0.574373,-0.989586,0.594649
594.000000,1.373479,1.310640,-0.402896,-0.917471,1.072540
595.000000,1.104699,1.591896,-0.277496,-0.888542,0.305410
596.000000,0.928744,1.502371,-0.017447,-0.864717,0.539978
597.000000,0.812150,1.360979,0.262957,-0.781063,0.842120
598.000000,0.932580,1.375378,0.620262,-0.686233,1.101103
599.000000,0.898335,1.333636,0.961206,-0.616248,0.943545
600.000000,0.955174,1.203231,1.255739,-0.537320,0.576431
601.000000,0.831900,1.020654,1.483181,-0.477227,0.048001
602.000000,0.490217,0.748007,1.584526,-0.425138,-0.600832
603.000000,0.150537,0.616017,1.551728,-0.358062,-0.335488
604.000000,0.026284,0.524995,1.677542,-0.171391,0.422753
605.000000,-0.083731,0.498699,1.844668,0.032258,0.123616
606.000000,-0.019417,0.471716,1.675105,0.527502,0.342036
607.000000,0.443983,0.533005,1.547474,1.279086,1.355057
608.000000,0.912385,0.583788,1.541066,2.177676,1.564321
609.000000,1.108077,0.604490,1.475232,2.725528,1.131914
610.000000,1.382175,0.669705,1.381111,2.894360,1.025366
611.000000,1.577211,0.817545,1.303762,2.855308,0.966837
612.000000,1.580210,1.124809,1.260662,2.768520,1.271093
613.000000,1.728130,1.532640,1.370087,2.654713,2.075292
614.000000,2.018846,1.859182,1.448594,2.634548,2.152519
615.000000,2.333009,2.275458,1.605257,2.667967,2.196194
616.000000,2.050994,2.273547,1.566793,2.325860,-0.139932
617.000000,1.748971,2.103728,1.527157,2.038828,0.245362
618.000000,1.229408,1.876980,1.462873,1.874305,0.183594
619.000000,0.709693,1.736355,1.436111,1.738118,0.329135
620.000000,0.664317,1.843540,1.596436,1.696200,1.922276
621.000000,1.364440,2.020438,1.871690,1.707046,2.392746
622.000000,1.976758,2.159502,2.208657,1.741906,2.521650
623.000000,2.410844,2.143248,2.441806,1.815620,2.293033
624.000000,2.621011,2.084676,2.517814,1.841937,2.044371
625.000000,2.459960,2.002292,2.551675,1.889278,1.701758
626.000000,2.097082,2.031383,2.459051,1.868388,0.943863
627.000000,1.797144,2.048014,2.325903,1.850227,1.152608
628.000000,1.563047,2.068108,2.202797,1.826119,1.215344
629.000000,1.359702,2.056773,2.114471,1.809471,1.123184
630.000000,1.145883,1.885968,2.011729,1.789197,0.740222
631.000000,1.016116,1.652374,1.897693,1.775360,0.346124
632.000000,0.781375,1.385753,1.766469,1.779883,0.015341
633.000000,0.370203,1.063076,1.562136,1.736521,-0.795313
634.000000,-0.052775,0.760304,1.373909,1.668979,-0.784751
635.000000,-0.438146,0.477489,1.203302,1.626496,-0.865549
636.000000,-0.781089,0.269612,1.153157,1.575424,-0.967390
637.000000,-1.114262,-0.028255,1.072358,1.465714,-1.258199
638.000000,-1.118932,-0.320528,1.026967,1.372974,-0.784810
639.000000,-1.340319,-0.760333,0.915533,1.252323,-1.679165
640.000000,-1.554512,-1.192876,0.704704,1.129510,-1.754079
641.000000,-1.818247,-1.624870,0.401250,0.977525,-2.087535
642.000000,-1.950189,-1.931097,0.040169,0.807356,-1.906155
643.000000,-2.309679,-2.174064,-0.462783,0.493366,-2.550673
644.000000,-2.697327,-2.538365,-1.190870,-0.028770,-3.332013
645.000000,-2.761695,-2.641592,-1.783401,-0.520620,-2.508175
646.000000,-2.689597,-2.647498,-2.190363,-0.893121,-2.201955
647.000000,-2.606143,-2.589973,-2.479744,-1.291410,-1.988165
648.000000,-2.403999,-2.530323,-2.628177,-1.647498,-1.737597
649.000000,-2.088944,-2.428532,-2.684621,-1.983086,-1.719264
650.000000,-1.922011,-2.340407,-2.655833,-2.323782,-1.698624
651.000000,-1.794169,-2.238262,-2.571143,-2.552392,-1.604349
652.000000,-1.694273,-2.154105,-2.466801,-2.663485,-1.533469
653.000000,-1.618744,-2.027794,-2.338939,-2.666371,-1.402876
654.000000,-1.538784,-1.836293,-2.232506,-2.615808,-1.332060
655.000000,-1.427429,-1.692328,-2.132042,-2.522977,-1.142616
656.000000,-1.341268,-1.584308,-2.052984,-2.414755,-1.174569
657.000000,-1.279033,-1.504482,-1.985020,-2.335449,-1.226883
658.000000,-1.217762,-1.438346,-1.931285,-2.259979,-1.099490
659.000000,-1.132877,-1.358780,-1.855145,-2.180755,-0.903760
660.000000,-1.078773,-1.277715,-1.787275,-2.101377,-0.857984
661.000000,-1.030447,-1.211895,-1.724619,-2.029519,-0.930452
662.000000,-0.904144,-1.121935,-1.657870,-1.948461,-0.586174
663.000000,-0.850433,-1.067357,-1.588573,-1.878128,-0.854279
664.000000,-0.867030,-1.031213,-1.488220,-1.826934,-0.997296
665.000000,-1.034261,-1.079556,-1.446357,-1.811247,-1.700718
666.000000,-1.243892,-1.150073,-1.426761,-1.807621,-1.933504
667.000000,-1.491266,-1.198070,-1.406819,-1.793092,-1.711677
668.000000,-1.646722,-1.247099,-1.391860,-1.782178,-1.531415
669.000000,-1.678091,-1.276737,-1.358339,-1.743783,-0.993197
670.000000,-1.497781,-1.286856,-1.313675,-1.701042,-0.630567
671.000000,-1.316648,-1.324895,-1.288118,-1.667313,-1.042210
672.000000,-1.251053,-1.448859,-1.279873,-1.649244,-1.504147
673.000000,-1.216812,-1.545667,-1.278444,-1.614316,-1.430065
674.000000,-1.397149,-1.652364,-1.292728,-1.554070,-1.770996
675.000000,-1.597226,-1.627144,-1.311342,-1.506798,-1.416248
676.000000,-1.700210,-1.568763,-1.334829,-1.472242,-1.547914
677.000000,-1.753746,-1.567179,-1.367361,-1.451828,-1.812056
678.000000,-1.782950,-1.574505,-1.406757,-1.439274,-1.633860
679.000000,-1.606099,-1.584959,-1.436202,-1.413894,-0.967903
680.000000,-1.451121,-1.602948,-1.457090,-1.382585,-0.685751
681.000000,-1.171941,-1.504980,-1.449854,-1.344006,-0.194113
682.000000,-0.849976,-1.371561,-1.474639,-1.310551,-0.307186
683.000000,-0.616511,-1.286130,-1.490297,-1.290245,-0.598158
684.000000,-0.426906,-1.111262,-1.470838,-1.261893,-0.108140
685.000000,-0.441989,-1.049524,-1.421281,-1.261106,-0.779596
686.000000,-0.635169,-0.998207,-1.358855,-1.266039,-1.048930
687.000000,-0.703004,-0.851812,-1.287644,-1.255917,-0.564168
688.000000,-0.661111,-0.698041,-1.221981,-1.249606,-0.372131
689.000000,-0.742507,-0.629840,-1.204732,-1.257472,-0.366714
690.000000,-0.636222,-0.588207,-1.213403,-1.268031,-0.253449
691.000000,-0.485164,-0.638199,-1.199328,-1.280608,-0.428163
692.000000,-0.434009,-0.669844,-1.152627,-1.317938,-0.306676
693.000000,-0.122939,-0.523017,-1.056891,-1.314001,1.314513
694.000000,0.393789,-0.422266,-0.923886,-1.300355,1.687653
695.000000,1.298961,-0.058921,-0.777836,-1.218688,2.152564
696.000000,2.093917,0.405122,-0.626115,-1.120043,1.426006
697.000000,2.518415,0.906606,-0.405024,-1.018509,1.600769
698.000000,2.355171,1.437606,-0.164528,-0.920147,1.525529
699.000000,2.170762,1.961980,0.029122,-0.861568,1.415101
700.000000,1.735073,2.260376,0.176383,-0.852890,0.795530
701.000000,1.445517,2.403628,0.256321,-0.823190,0.428800
702.000000,1.300338,2.460841,0.429807,-0.726935,1.089783
703.000000,1.299648,2.303592,0.748032,-0.599749,1.566045
704.000000,1.246007,2.109298,1.005220,-0.426663,1.294938
705.000000,1.431083,1.937898,1.459456,-0.227415,1.626385
706.000000,1.536214,1.795356,1.859352,-0.004643,1.001511
707.000000,1.722395,1.780781,2.171376,0.384799,1.984417
708.000000,1.831245,1.783441,2.319412,0.826381,2.078683
709.000000,1.912678,1.763149,2.343478,1.181404,1.705546
710.000000,1.693225,1.709207,2.230759,1.406970,0.659564
711.000000,1.848027,1.840020,2.240491,1.646557,1.760965
712.000000,1.463962,1.717202,2.121759,1.741191,0.347214
713.000000,1.769582,1.927327,2.164438,2.106176,3.025330
714.000000,1.582988,1.845179,2.019973,2.106074,0.884610
715.000000,1.582884,1.723356,1.863559,2.130738,0.752436
716.000000,1.419529,1.704855,1.781538,2.158349,0.940315
717.000000,1.594884,1.612900,1.714854,2.130316,1.160726
718.000000,1.354532,1.628333,1.722172,2.140791,2.054473
719.000000,1.514561,1.610008,1.701420,2.106209,1.488972
720.000000,1.656947,1.671967,1.711509,2.057520,1.271450
721.000000,1.742372,1.623566,1.743365,2.026751,1.241412
722.000000,1.569485,1.628087,1.688156,1.955522,0.188071
723.000000,1.101891,1.274639,1.605822,1.839358,-0.018828
724.000000,1.018143,1.333331,1.604911,1.787414,1.152578
725.000000,0.901289,1.371655,1.566580,1.708374,0.831041
726.000000,0.887896,1.424388,1.585285,1.675838,1.206519
727.000000,1.108033,1.418517,1.534587,1.629792,0.993233
728.000000,1.333598,1.257555,1.470856,1.583939,0.861382
729.000000,1.228418,1.161825,1.422283,1.545032,0.758357
730.000000,1.233501,1.106989,1.440615,1.542859,0.826976
731.000000,1.159581,1.065050,1.401748,1.562161,0.891930
732.000000,1.376367,1.288975,1.502412,1.591788,1.785373
733.000000,1.679809,1.553174,1.411604,1.608793,1.857967
734.000000,1.968884,1.621383,1.478760,1.627734,1.609736
735.000000,2.169805,1.723286,1.549758,1.628647,1.469210
736.000000,2.267757,1.752619,1.595239,1.649526,1.297685
737.000000,2.127789,1.823687,1.626687,1.630972,1.377536
738.000000,1.778775,1.810388,1.534609,1.579017,0.652477
739.000000,1.142940,1.626918,1.399421,1.491117,-0.741432
740.000000,0.423229,1.391697,1.261523,1.440583,-1.189688
741.000000,-0.342149,1.108764,1.110759,1.339783,-1.300560
742.000000,-1.477174,0.508347,0.980837,1.276779,-2.235055
743.000000,-2.208164,-0.202926,0.853068,1.049436,-2.117341
744.000000,-2.294335,-0.838593,0.653179,0.969431,-1.580726
745.000000,-2.268050,-1.493824,0.453479,0.888267,-1.656275
746.000000,-2.323048,-2.124938,0.122273,0.755788,-2.063210
747.000000,-2.280157,-2.664838,-0.316549,0.554131,-2.358812
748.000000,-2.215206,-2.822891,-0.790042,0.253069,-2.070007
749.000000,-2.184148,-2.694539,-1.262936,-0.031402,-1.775688
750.000000,-2.077053,-2.502833,-1.675371,-0.309573,-1.440786
751.000000,-1.904975,-2.337368,-1.997123,-0.609346,-1.354228
752.000000,-1.562746,-2.063756,-2.223874,-0.759619,-0.762579
753.000000,-1.242823,-1.826690,-2.348798,-0.876880,-0.548952
754.000000,-1.106996,-1.739122,-2.450413,-1.187630,-1.115284
755.000000,-1.230897,-1.765052,-2.579334,-1.597212,-1.943714
756.000000,-1.488278,-1.820095,-2.672517,-2.068139,-2.376204
757.000000,-1.860862,-1.853082,-2.719529,-2.417690,-2.398559
758.000000,-2.165501,-1.877972,-2.672067,-2.594897,-2.165353
759.000000,-2.325656,-1.929073,-2.572368,-2.672763,-2.164610
760.000000,-2.268559,-1.959159,-2.454679,-2.653091,-1.861038
761.000000,-2.084943,-1.948792,-2.332776,-2.577193,-1.553330
762.000000,-1.886008,-1.968689,-2.202267,-2.521447,-1.431161
763.000000,-1.824147,-2.052262,-2.134357,-2.505448,-1.845770
764.000000,-1.745849,-2.075483,-2.090740,-2.466246,-1.774624
765.000000,-1.800756,-2.080516,-2.081686,-2.450289,-2.110924
766.000000,-1.964460,-2.078196,-2.081652,-2.442989,-2.315831
767.000000,-2.063011,-2.028904,-2.044275,-2.406471,-1.950610
768.000000,-2.050997,-1.986352,-2.009696,-2.348999,-1.813200
769.000000,-2.013614,-1.925839,-1.976175,-2.264596,-1.630274
770.000000,-1.953410,-1.917970,-1.971448,-2.203765,-1.822291
771.000000,-1.784706,-1.903900,-1.949000,-2.134653,-1.501810
772.000000,-1.697490,-1.903547,-1.950856,-2.067898,-1.533183
773.000000,-1.605239,-1.847403,-1.949588,-2.002937,-1.367506
774.000000,-1.454902,-1.751412,-1.904241,-1.933766,-0.885971
775.000000,-1.283355,-1.637494,-1.845198,-1.878608,-0.960957
776.000000,-1.211603,-1.521375,-1.785813,-1.832581,-1.141358
777.000000,-1.102028,-1.427219,-1.718936,-1.779236,-0.998574
778.000000,-0.992729,-1.331672,-1.654765,-1.728652,-0.839346
779.000000,-1.021603,-1.272594,-1.601749,-1.695581,-1.020742
780.000000,-1.023105,-1.185543,-1.560718,-1.670219,-0.962576
781.000000,-0.970229,-1.123462,-1.532067,-1.646701,-0.883090
782.000000,-1.004717,-1.083142,-1.525220,-1.649296,-1.194435
783.000000,-1.092004,-1.065260,-1.502726,-1.660583,-1.297787
784.000000,-1.150946,-1.105175,-1.484497,-1.661939,-1.349744
785.000000,-1.097319,-1.076569,-1.419171,-1.627338,-0.527746
786.000000,-1.078189,-1.032081,-1.342120,-1.585957,-0.618050
787.000000,-0.916212,-0.984843,-1.274000,-1.537405,-0.325468
788.000000,-0.696447,-0.955713,-1.210491,-1.494782,-0.267054
789.000000,-0.392911,-0.879898,-1.148439,-1.447104,-0.001797
790.000000,-0.240369,-0.790315,-1.064104,-1.406684,0.246810
791.000000,0.084859,-0.655996,-0.981112,-1.369156,1.005481
792.000000,0.627483,-0.348644,-0.861138,-1.321676,2.409403
793.000000,1.054752,-0.047125,-0.773781,-1.276312,1.323136
794.000000,1.787706,0.455372,-0.686574,-1.214784,2.560126
795.000000,2.187995,0.776260,-0.616773,-1.153089,1.283308
796.000000,2.223662,1.181244,-0.512020,-1.069361,1.335392
797.000000,2.139263,1.720155,-0.354752,-0.972306,2.340031
798.000000,2.294376,2.213965,-0.171531,-0.867483,2.299341
799.000000,2.310565,2.596883,0.127210,-0.743140,2.601294
800.000000,2.402017,2.673178,0.469952,-0.596958,2.067487
801.000000,2.425627,2.578446,0.884695,-0.451627,1.920350
802.000000,2.245631,2.357539,1.389664,-0.282562,1.685390
803.000000,2.110175,2.293077,1.884997,-0.087990,1.742700
804.000000,1.858638,2.124404,2.229941,0.080101,1.433067
805.000000,1.651289,2.036244,2.311242,0.272530,1.121774
806.000000,1.495160,1.966607,2.334478,0.534082,1.186527
807.000000,1.483864,1.888541,2.333524,0.869894,1.620258
808.000000,1.505531,1.841698,2.323379,1.259987,1.810876
809.000000,1.436472,1.685010,2.225207,1.622247,1.128495
810.000000,1.407061,1.568128,2.121127,1.917633,1.010425
811.000000,1.309969,1.437962,1.988663,2.084910,0.721455
812.000000,1.203733,1.373680,1.867106,2.213567,1.088959
813.000000,1.047019,1.302379,1.807492,2.251637,1.081697
814.000000,1.062886,1.277324,1.731652,2.247811,1.244126
815.000000,1.120107,1.291149,1.709662,2.175947,1.303850
816.000000,1.189426,1.269612,1.671597,2.099965,0.969767
817.000000,1.263597,1.241577,1.624300,2.043246,1.433268
818.000000,1.214143,1.128922,1.547853,1.966271,0.742376
819.000000,0.942263,1.018513,1.418291,1.861149,-0.285115
820.000000,0.694658,0.949493,1.329185,1.781894,0.030619
821.000000,0.414643,0.883839,1.231993,1.688179,-0.474216
822.000000,-0.039217,0.761177,1.149039,1.584106,-0.388929
823.000000,-0.267374,0.661738,1.075486,1.536624,-0.013288
824.000000,-0.186145,0.533789,1.023791,1.471666,0.099689
825.000000,-0.088160,0.419787,1.010030,1.457450,0.617375
826.000000,0.252763,0.380412,1.004395,1.451964,1.065180
827.000000,0.798632,0.290993,0.980756,1.427705,1.644218
828.000000,1.524021,0.428883,0.959250,1.416032,2.310592
829.000000,2.094254,0.776762,0.981128,1.374450,1.660318
830.000000,2.390484,1.143249,1.026791,1.353167,1.759113
831.000000,2.174513,1.485652,1.066873,1.311011,0.642383
832.000000,1.870637,1.857744,1.071570,1.278327,0.658767
833.000000,1.319030,2.007207,1.054503,1.229279,0.212810
834.000000,1.181642,2.275021,1.065558,1.219979,1.116433
835.000000,0.925456,2.301615,1.055903,1.224787,0.801200
836.000000,1.084113,2.279438,1.127864,1.239328,1.220409
837.000000,1.421844,2.260266,1.197428,1.244770,1.896269
838.000000,2.066778,2.270145,1.471584,1.264287,2.682603
839.000000,2.286121,2.297831,1.875278,1.332863,2.233806
840.000000,2.532312,2.330663,2.218802,1.430479,2.323532
841.000000,2.511942,2.397619,2.490196,1.542239,1.809614
842.000000,2.527978,2.531854,2.737381,1.662042,2.362350
843.000000,2.358170,2.607308,2.789810,1.766585,2.051012
844.000000,2.224261,2.533658,2.749781,1.832087,1.794363
845.000000,2.038590,2.459175,2.626196,1.866828,1.571924
846.000000,2.019940,2.404033,2.524956,1.938985,1.822439
847.000000,1.820206,2.264980,2.379350,1.928504,1.440936
848.000000,1.747582,2.132843,2.262729,1.981617,1.709896
849.000000,1.373101,1.848837,2.048412,1.953508,0.015451
850.000000,1.089429,1.608290,1.882343,1.912914,0.137496
851.000000,0.761823,1.439412,1.793246,1.901212,0.175726
852.000000,0.481356,1.217097,1.712729,1.882892,0.061555
853.000000,0.068253,1.010093,1.653826,1.839274,-0.091231
854.000000,0.276163,0.934457,1.639833,1.857099,1.058223
855.000000,0.473806,0.878359,1.637756,1.849411,1.054212
856.000000,0.669941,0.777376,1.619077,1.825229,1.009898
857.000000,0.997231,0.762914,1.601592,1.807077,1.422682
858.000000,1.287725,0.667848,1.535140,1.755242,1.118046
859.000000,1.502023,0.935133,1.535806,1.767609,1.962364
860.000000,1.750554,1.228639,1.539896,1.785611,2.110113
861.000000,1.944031,1.498009,1.558806,1.825877,1.940991
862.000000,2.084849,1.797707,1.559340,1.873231,2.134889
863.000000,2.235245,2.061104,1.566845,1.920605,1.991670
864.000000,2.331351,2.230629,1.630008,1.968496,2.469717
865.000000,2.326355,2.332016,1.690837,2.002726,2.150744
866.000000,2.269306,2.366789,1.709272,2.003585,1.768319
867.000000,1.937409,2.216480,1.675447,1.932996,0.576651
868.000000,1.661568,2.122338,1.627370,1.852789,0.637963
869.000000,1.233786,1.938546,1.690983,1.779951,0.427767
870.000000,0.965201,1.806265,1.774723,1.728736,0.926350
871.000000,0.653249,1.632900,1.804245,1.671376,0.375243
872.000000,0.584403,1.423189,1.819058,1.589243,0.259558
873.000000,0.472718,1.215331,1.822562,1.513606,0.130190
874.000000,0.346039,0.902625,1.734320,1.437686,-0.151342
875.000000,0.165209,0.650248,1.671018,1.386661,0.124203
876.000000,-0.177123,0.278369,1.521248,1.263742,-1.140318
877.000000,-0.610655,-0.008098,1.317861,1.135678,-1.591994
878.000000,-1.011412,-0.313500,1.132052,0.985619,-1.568686
879.000000,-1.168419,-0.493981,0.954958,0.966968,-0.887275
880.000000,-1.214037,-0.641056,0.821587,0.986154,-0.157986
881.000000,-0.977334,-0.698571,0.703812,1.014030,-0.024775
882.000000,-0.615962,-0.732218,0.565877,1.057787,0.079442
883.000000,-0.301019,-0.794997,0.397621,1.097832,-0.253888
884.000000,-0.057889,-0.778105,0.177103,1.104602,0.117336
885.000000,0.175756,-0.708971,0.025387,1.159981,0.858155
886.000000,0.436176,-0.428444,-0.083456,1.239318,1.051783
887.000000,0.759840,0.005609,-0.003559,1.328404,1.369745
888.000000,1.206146,0.529781,0.114098,1.470383,1.560752
889.000000,1.488235,0.932177,0.267868,1.554025,1.367675
890.000000,1.580703,1.199892,0.372345,1.629118,1.367526
891.000000,1.579676,1.389892,0.573669,1.699278,1.183395
892.000000,1.321427,1.394919,0.652240,1.645250,0.327120
893.000000,1.041897,1.433744,0.770654,1.580074,0.323577
894.000000,0.807204,1.414275,0.950366,1.404636,0.308635
895.000000,0.544225,1.292757,1.016680,1.203735,0.195750
896.000000,0.473744,1.258133,1.568084,1.109885,0.916171
897.000000,0.584417,1.171942,2.138537,1.164344,0.810081
898.000000,0.677529,1.054197,2.540396,1.194881,0.729311
899.000000,0.880784,1.025866,2.690050,1.317138,1.199914
900.000000,0.864940,0.853381,2.463786,1.211797,0.164818
901.000000,0.702159,0.710015,2.273020,1.188723,0.199024
902.000000,0.499120,0.649121,2.071905,1.141660,-0.092261
903.000000,-0.115942,0.328339,1.707564,0.843175,-1.865879
904.000000,-0.833847,0.010177,1.355353,0.582852,-1.772871
905.000000,-1.154103,-0.205031,1.033342,0.365371,-1.187750
906.000000,-1.465828,-0.522408,0.696640,0.337742,-1.239949
907.000000,-1.724207,-0.846890,0.300266,0.376636,-1.420385
908.000000,-1.587614,-1.134788,-0.101972,0.478805,-1.320846
909.000000,-1.461922,-1.465062,-0.474625,0.459419,-1.259469
910.000000,-1.457854,-1.631659,-0.838661,0.259050,-1.173251
911.000000,-1.243276,-1.671409,-1.043474,0.215012,-0.305626
912.000000,-1.094706,-1.733193,-1.193837,-0.062185,-0.810413
913.000000,-1.044930,-1.608054,-1.378898,-0.455349,-1.104979
914.000000,-0.923436,-1.442468,-1.500010,-0.969162,-0.718038
915.000000,-0.766987,-1.325954,-1.566880,-1.814953,-0.483396
916.000000,-0.803591,-1.201203,-1.705500,-2.627949,-0.499188
917.000000,-0.696704,-1.036270,-1.778417,-3.048556,-0.339341
918.000000,-0.501045,-0.883123,-1.801310,-3.136875,-0.213971
919.000000,-0.409276,-0.756972,-1.861038,-3.089128,-0.300251
920.000000,-0.391683,-0.655743,-1.811840,-3.036238,-0.407675
921.000000,-0.334295,-0.648311,-1.752453,-2.915284,-0.230784
922.000000,-0.227548,-0.535697,-1.645739,-2.618892,0.182755
923.000000,-0.222726,-0.419443,-1.425206,-2.448748,-0.183846
924.000000,-0.206403,-0.358549,-1.234181,-2.310976,-0.237827
925.000000,0.027052,-0.234852,-1.055026,-2.093280,0.603745
926.000000,0.069597,-0.177145,-0.930895,-2.071794,-0.071775
927.000000,0.042722,-0.124105,-0.795490,-2.030469,0.077296
928.000000,0.063616,-0.113099,-0.697000,-2.006934,-0.143700
929.000000,-0.380374,-0.345440,-0.733921,-2.180225,-2.408425
930.000000,-1.018077,-0.514010,-0.744886,-2.164919,-1.666455
931.000000,-1.775975,-0.878310,-0.905545,-2.198365,-2.421603
932.000000,-2.588761,-1.425315,-1.038495,-2.194920,-2.268647
933.000000,-2.806499,-1.812427,-1.105706,-1.999821,-1.544429
934.000000,-2.497170,-2.230598,-1.282025,-1.866616,-2.036278
935.000000,-2.375693,-2.671536,-1.508794,-1.794936,-1.861219
936.000000,-2.146471,-2.764725,-1.750054,-1.733811,-1.769579
937.000000,-1.932211,-2.718900,-1.972276,-1.660537,-1.446788
938.000000,-1.752931,-2.543261,-2.110002,-1.586166,-0.895225
939.000000,-1.490726,-2.187576,-2.182519,-1.529200,-0.854906
940.000000,-1.438828,-2.083705,-2.278302,-1.532528,-1.590129
941.000000,-1.374710,-1.918017,-2.340962,-1.601898,-1.491445
942.000000,-1.316713,-1.755867,-2.380234,-1.616800,-1.212523
943.000000,-1.406368,-1.701564,-2.367916,-1.624579,-1.365955
944.000000,-1.474882,-1.595651,-2.326812,-1.660081,-1.256392
945.000000,-1.438522,-1.534602,-2.362371,-1.726270,-1.435526
946.000000,-1.472609,-1.513636,-2.341397,-1.803120,-1.654597
947.000000,-1.568068,-1.532716,-2.321830,-1.885978,-1.692617
948.000000,-1.540048,-1.552853,-2.247398,-1.932400,-1.262449
949.000000,-1.574319,-1.598506,-2.096208,-1.973051,-1.443187
950.000000,-1.468249,-1.517661,-1.967415,-1.960566,-0.931157
951.000000,-1.350287,-1.466696,-1.835881,-1.961128,-1.074552
952.000000,-1.160796,-1.415077,-1.706194,-1.961955,-0.763730
953.000000,-1.080004,-1.363746,-1.632470,-1.947815,-0.856146
954.000000,-0.966740,-1.333559,-1.552179,-1.934557,-0.921261
955.000000,-0.971736,-1.288043,-1.486626,-1.959894,-0.950280
956.000000,-0.993618,-1.239540,-1.442255,-1.958123,-1.234227
957.000000,-1.081720,-1.172654,-1.413558,-1.952143,-1.150386
958.000000,-1.240331,-1.188418,-1.431343,-1.944596,-1.634163
959.000000,-1.391727,-1.172004,-1.450779,-1.858435,-1.512732
960.000000,-1.503474,-1.219924,-1.425755,-1.796572,-1.302198
961.000000,-1.556688,-1.266572,-1.411710,-1.718607,-1.488604
962.000000,-1.791022,-1.442626,-1.445074,-1.669625,-2.236679
963.000000,-1.930903,-1.627979,-1.476942,-1.654948,-2.265582
964.000000,-2.032789,-1.784249,-1.510896,-1.624493,-2.033006
965.000000,-2.045267,-1.857816,-1.511656,-1.588022,-1.533502
966.000000,-2.199124,-1.978450,-1.537555,-1.584645,-2.309384
967.000000,-2.220155,-2.101484,-1.567442,-1.601089,-2.338177
968.000000,-2.171037,-2.131391,-1.618714,-1.632586,-2.072764
969.000000,-2.103712,-2.131428,-1.640520,-1.656991,-1.773368
970.000000,-1.745133,-1.927241,-1.591847,-1.587828,0.273912
971.000000,-1.308551,-1.770777,-1.550308,-1.535807,-0.006700
972.000000,-0.426350,-1.368911,-1.431171,-1.441309,1.854019
973.000000,0.757313,-0.825926,-1.235521,-1.307876,2.679678
974.000000,2.036916,-0.130894,-0.960101,-1.146485,3.021779
975.000000,2.646035,0.628050,-0.633750,-0.958003,2.799563
976.000000,2.936696,1.488575,-0.272037,-0.754398,2.320088
977.000000,2.818620,2.243069,0.117907,-0.523997,2.115383
978.000000,2.622100,2.725669,0.590700,-0.277642,2.095427
979.000000,2.393075,2.921818,1.096317,0.030012,2.018804
980.000000,2.114282,2.783732,1.495278,0.297812,1.541934
981.000000,2.007701,2.726194,1.929150,0.672613,1.836494
982.000000,1.917637,2.560335,2.300574,1.055785,1.721154
983.000000,1.822540,2.378611,2.535165,1.460777,1.656728
984.000000,1.693590,2.173016,2.615971,1.807524,1.421546
985.000000,1.636174,1.993019,2.600658,2.060230,1.322702
986.000000,1.391248,1.786740,2.516024,2.138450,0.660712
987.000000,1.161402,1.608361,2.432666,2.143739,0.582196
988.000000,0.937307,1.439764,2.342478,2.125244,0.540751
989.000000,0.757850,1.284435,2.252838,2.091636,0.537235
990.000000,0.632266,1.198950,2.131205,2.065138,0.720171
991.000000,0.641831,1.084256,2.040188,2.038268,0.707526
992.000000,0.680270,0.986256,1.922590,2.036100,0.769317
993.000000,0.833264,0.947336,1.834829,2.072788,1.284205
994.000000,0.910499,0.889930,1.714071,2.059688,0.904192
995.000000,0.923896,0.827085,1.597235,2.023009,0.767195
996.000000,0.860038,0.796627,1.480278,1.985651,0.325755
997.000000,0.827867,0.799187,1.391602,1.972881,0.558885
998.000000,0.643579,0.796770,1.299845,1.951727,0.405416
999.000000,0.496651,0.781798,1.203933,1.922575,0.137696
1000.000000,0.350653,0.742727,1.135385,1.855226,0.046840
1001.000000,0.272526,0.693378,1.042156,1.803699,-0.333176
1002.000000,0.016934,0.614376,0.946163,1.720594,-0.787996
1003.000000,-0.212818,0.445175,0.858913,1.635450,-0.308782
1004.000000,-0.508693,0.278386,0.772344,1.533313,-0.788600
1005.000000,-0.963347,0.046151,0.674581,1.427005,-1.201280
1006.000000,-1.286003,-0.173328,0.626966,1.333229,-1.298103
1007.000000,-1.289994,-0.556177,0.595201,1.251894,-0.824413
1008.000000,-1.397368,-1.073063,0.565068,1.166726,-0.781924
1009.000000,-1.236594,-1.467534,0.546189,1.085971,-0.306961
1010.000000,-1.094036,-1.890107,0.484000,1.020317,-0.732039
1011.000000,-0.990091,-1.983918,0.397660,0.923576,-0.961339
1012.000000,-1.262984,-2.080720,0.224796,0.803890,-1.839292
1013.000000,-1.402999,-2.146232,-0.095368,0.684849,-1.333236
1014.000000,-1.640217,-2.118112,-0.432878,0.571411,-1.254082
1015.000000,-1.846627,-2.080431,-0.867509,0.444946,-1.461741
1016.000000,-1.849452,-1.970525,-1.252595,0.378830,-1.127410
1017.000000,-1.854204,-2.113062,-1.855179,0.278998,-2.116836
1018.000000,-1.877889,-2.154967,-2.253838,0.177501,-1.722218
1019.000000,-1.873020,-2.198913,-2.362536,0.061858,-1.499235
1020.000000,-1.873927,-2.195884,-2.365915,-0.120639,-1.612751
1021.000000,-1.776934,-2.065230,-2.224472,-0.317885,-0.938756
1022.000000,-1.433695,-1.818965,-2.055862,-0.570082,-0.647450
1023.000000,-1.205476,-1.679206,-1.971396,-1.005108,-0.752577
1024.000000,-0.921706,-1.501192,-1.834232,-1.367263,-0.118612
1025.000000,-0.614144,-1.331918,-1.703801,-1.689894,-0.208933
1026.000000,-0.687118,-1.330307,-1.660868,-1.903323,-1.448952
1027.000000,-0.777959,-1.184352,-1.636018,-2.017290,-1.071275
1028.000000,-0.732855,-1.037924,-1.588327,-1.986091,-0.492702
1029.000000,-0.985270,-0.981353,-1.610920,-1.931152,-1.170669
1030.000000,-1.164383,-0.880529,-1.597515,-1.866346,-0.924339
1031.000000,-1.114012,-0.909156,-1.584349,-1.812398,-1.240993
1032.000000,-1.057404,-0.947282,-1.488646,-1.741006,-0.784142
1033.000000,-1.347227,-1.068726,-1.474878,-1.749791,-1.712596
1034.000000,-1.195040,-1.151769,-1.406672,-1.694906,-0.413076
1035.000000,-0.947900,-1.143769,-1.297239,-1.605997,0.273654
1036.000000,-0.695936,-0.998581,-1.236566,-1.537027,-0.135159
1037.000000,-0.435085,-0.848802,-1.088546,-1.486254,0.378105
1038.000000,0.124352,-0.774651,-0.969586,-1.443456,0.449625
1039.000000,0.385562,-0.583767,-0.867557,-1.430464,0.602299
1040.000000,0.503246,-0.404934,-0.743654,-1.403043,0.724552
1041.000000,0.828457,-0.121985,-0.678388,-1.364775,0.815096
1042.000000,2.424141,0.938610,-0.365274,-1.115608,4.254123
1043.000000,3.091973,2.025928,-0.077832,-0.944777,2.579249
1044.000000,3.283788,2.700737,0.205189,-0.762758,2.397934
1045.000000,3.031734,2.791546,0.431220,-0.614082,1.330153
1046.000000,2.608819,2.643691,0.725233,-0.552910,0.225008
1047.000000,2.019115,2.651602,1.224415,-0.291013,1.654181
1048.000000,1.593048,2.471345,1.504917,-0.085965,0.830213
1049.000000,0.871515,2.114695,1.607457,0.014989,-0.567886
1050.000000,0.325304,1.794192,1.573508,0.127450,-0.897637
1051.000000,-0.187481,1.396993,1.417259,0.080196,-1.703519
1052.000000,-1.141010,0.543514,1.163138,-0.054819,-1.822748
1053.000000,-1.674546,-0.067802,1.110093,-0.153422,-1.319067
1054.000000,-1.562471,-0.515733,1.079100,-0.212593,-0.340470
1055.000000,-1.356336,-0.767810,0.997867,-0.241588,-0.186385
1056.000000,-1.050253,-0.890762,0.911657,-0.113596,-0.470811
1057.000000,-0.409714,-1.022588,0.989313,0.245625,0.718508
1058.000000,0.674595,-0.611808,1.436922,1.098093,2.576190
1059.000000,1.720793,0.251798,1.989048,2.265290,3.023712
1060.000000,2.161827,0.837056,2.167755,2.673182,1.668553
1061.000000,2.419246,1.430233,2.238971,2.803342,1.285700
1062.000000,2.344730,1.910393,1.956236,2.741648,1.027829
1063.000000,2.035851,2.274174,1.894436,2.775584,1.306354
1064.000000,1.573354,2.383843,1.817347,2.663276,1.133843
1065.000000,1.476830,2.467136,1.890378,2.560117,1.309114
1066.000000,1.430522,2.506671,2.042215,2.477111,1.139591
1067.000000,1.426704,2.400804,2.015129,2.381949,1.066677
1068.000000,1.513209,2.221964,2.174743,2.377976,1.685756
1069.000000,1.738980,2.057094,2.482926,2.421821,2.088526
1070.000000,1.893687,2.068795,2.695387,2.446848,2.007972
1071.000000,2.160442,2.188928,2.920187,2.507973,2.371405
1072.000000,2.382843,2.308662,3.017430,2.431883,2.363235
1073.000000,2.353359,2.301390,2.953475,2.366790,1.919481
1074.000000,2.217795,2.273378,2.816383,2.289813,1.707252
1075.000000,2.077060,2.207677,2.682352,2.241291,1.525312
1076.000000,1.970365,2.215873,2.620231,2.269917,1.880085
1077.000000,1.752569,2.153029,2.475379,2.192941,1.347941
1078.000000,1.463525,1.961719,2.232121,2.080449,0.564260
1079.000000,1.248940,1.781632,2.019494,2.030652,0.652261
1080.000000,1.101645,1.642643,1.907916,2.004477,0.785061
1081.000000,0.833729,1.459662,1.815224,1.987147,0.589103
1082.000000,0.768538,1.331819,1.781323,2.008825,1.097592
1083.000000,0.809048,1.209430,1.718008,1.993189,0.731935
1084.000000,0.899600,1.140822,1.689299,1.976846,1.079565
1085.000000,0.969027,1.090902,1.658232,1.960920,1.093070
1086.000000,1.173027,1.026210,1.656751,1.969176,1.505555
1087.000000,1.190141,0.992460,1.640525,1.936393,1.122602
1088.000000,1.186653,1.018577,1.577340,1.845429,0.570352
1089.000000,1.086368,1.034787,1.499412,1.743324,0.605216
1090.000000,0.893608,0.994886,1.409434,1.673092,0.193335
1091.000000,0.557701,0.963740,1.292575,1.614777,-0.015866
1092.000000,0.279378,0.841505,1.169051,1.567195,-0.170788
1093.000000,0.089444,0.754494,1.064105,1.513133,-0.330441
1094.000000,0.224824,0.780597,1.036415,1.518759,1.437086
1095.000000,0.559457,0.841970,1.031722,1.528300,1.736073
1096.000000,1.080034,0.881810,1.007392,1.551688,2.043014
1097.000000,1.567771,0.921795,1.003381,1.561053,1.433834
1098.000000,2.173049,1.089899,1.084955,1.554694,1.584654
1099.000000,2.533928,1.469095,1.226629,1.563604,2.642354
1100.000000,2.657919,1.974010,1.363792,1.565852,2.244431
1101.000000,2.226906,2.275681,1.445312,1.500833,0.667187
1102.000000,1.807495,2.407142,1.428228,1.411879,0.006393
1103.000000,1.431549,2.490045,1.448596,1.345210,0.095900
1104.000000,0.875344,2.250898,1.442319,1.297109,0.363818
1105.000000,0.454862,2.006048,1.445234,1.266473,0.616062
1106.000000,0.346502,1.651367,1.357807,1.191293,0.252809
1107.000000,0.547907,1.521660,1.344567,1.169798,0.788476
1108.000000,0.562128,1.291777,1.346197,1.189637,0.163253
1109.000000,0.686193,1.011848,1.415190,1.234151,0.904640
1110.000000,0.637026,0.705874,1.497420,1.254932,0.445955
1111.000000,0.781655,0.717895,1.633590,1.309383,0.813733
1112.000000,0.856788,0.883017,1.787928,1.331762,1.069058
1113.000000,1.036724,0.995568,1.913870,1.374019,0.796305
1114.000000,1.383776,1.287355,1.965623,1.453344,2.162576
1115.000000,2.193797,1.778857,2.109543,1.612611,3.189703
1116.000000,2.737983,2.303502,2.213280,1.749526,3.015434
1117.000000,2.857172,2.514480,2.260876,1.856456,2.277540
1118.000000,2.930098,2.705791,2.285440,1.993487,2.228488
1119.000000,2.730180,2.684866,2.191707,2.087356,1.863840
1120.000000,2.251348,2.563463,2.039362,2.120013,1.030323
1121.000000,1.859597,2.452409,2.022001,2.159490,1.124521
1122.000000,1.598473,2.337651,2.038432,2.182017,1.008265
1123.000000,1.307252,2.246727,2.036619,2.188903,0.842160
1124.000000,1.161252,2.125124,2.053121,2.135955,1.235078
1125.000000,1.055089,1.841240,1.994595,2.028383,0.541939
1126.000000,0.938997,1.572902,1.971743,1.923806,0.622932
1127.000000,0.816055,1.363102,1.915277,1.844102,0.464220
1128.000000,0.776207,1.170810,1.904333,1.779105,0.656676
1129.000000,0.566470,0.968810,1.827019,1.656711,0.287012
1130.000000,0.557062,0.899232,1.788536,1.565314,0.504079
1131.000000,0.507113,0.805940,1.732134,1.534115,0.401444
1132.000000,0.430194,0.695992,1.656868,1.517183,0.107315
1133.000000,0.556461,0.745459,1.676244,1.562567,1.291956
1134.000000,0.494901,0.593891,1.560314,1.531797,-0.044621
1135.000000,0.389450,0.531571,1.390572,1.499808,-0.027799
1136.000000,0.465427,0.542934,1.259102,1.525000,0.756278
1137.000000,0.397430,0.462684,1.105656,1.489178,-0.326157
1138.000000,0.097074,0.396001,0.968000,1.497014,0.061197
1139.000000,0.099219,0.367576,0.841891,1.478209,-0.085431
1140.000000,0.081109,0.300220,0.782135,1.478426,-0.175751
1141.000000,-0.176100,0.245908,0.713225,1.473100,-0.164344
1142.000000,-0.048329,0.277657,0.670524,1.478576,0.199504
1143.000000,0.095893,0.123590,0.669452,1.515743,0.768518
1144.000000,0.389394,0.267500,0.630366,1.508906,0.844362
1145.000000,0.536764,0.353270,0.626001,1.412880,0.065702
1146.000000,0.405229,0.036887,0.565437,1.270312,-0.741598
1147.000000,0.354928,0.198211,0.559232,1.176016,0.092439
1148.000000,-0.063942,0.060664,0.473754,1.038963,-0.691018
1149.000000,-1.032239,-0.296060,0.359024,0.871930,-2.073791
1150.000000,-2.117794,-0.744867,0.130262,0.748327,-2.440415
1151.000000,-2.368379,-0.933474,-0.045167,0.639208,-1.173512
1152.000000,-3.400633,-1.772675,-0.474245,0.424985,-3.138889
1153.000000,-3.191007,-2.349053,-1.173201,0.278890,-1.522222
1154.000000,-2.561135,-2.752201,-1.384809,0.116162,-0.561115
1155.000000,-2.341235,-3.077665,-1.809194,-0.060157,-1.845059
1156.000000,-3.018677,-3.478498,-2.764965,-0.484712,-3.686446
1157.000000,-2.938614,-3.526067,-2.996842,-0.914063,-2.917582
1158.000000,-2.473885,-2.999680,-2.703122,-1.108486,-0.419550
1159.000000,-2.286463,-2.574328,-2.475239,-1.266048,-0.474445
1160.000000,-1.919432,-2.209564,-2.275506,-1.439919,-0.295509
1161.000000,-1.272465,-2.090061,-2.200111,-1.636387,-0.787638
1162.000000,-0.461266,-1.668559,-2.053433,-1.627446,0.203832
1163.000000,-0.347003,-1.471084,-2.024362,-1.768484,0.032132
1164.000000,-0.136835,-1.332194,-1.973408,-1.657168,0.347589
1165.000000,0.127711,-1.034202,-1.827971,-1.512766,0.726803
1166.000000,0.455626,-0.495928,-1.685752,-1.496967,0.444799
1167.000000,0.455748,-0.015663,-1.626960,-1.389248,0.197905
1168.000000,0.603270,0.140840,-1.488398,-1.295398,0.604558
1169.000000,0.628182,0.285755,-1.314686,-1.216229,0.445192
1170.000000,0.433330,0.333091,-1.175669,-1.187428,-0.024549
1171.000000,0.420787,0.526454,-1.065154,-1.132179,0.394433
1172.000000,0.459472,0.551903,-0.822864,-1.121110,0.339051
1173.000000,0.507823,0.672699,-0.640944,-1.119548,0.797918
1174.000000,0.719526,0.815563,-0.477632,-1.098424,1.257026
1175.000000,1.193107,0.976422,-0.142147,-0.983185,1.700183
1176.000000,1.343799,1.059819,0.398847,-0.892609,0.919342
1177.000000,1.439451,1.150192,0.931663,-0.881241,0.682257
1178.000000,1.440010,1.197089,1.152181,-0.800200,0.832563
1179.000000,1.403676,1.319391,1.437843,-0.561372,1.173356
1180.000000,1.230293,1.486140,1.669489,-0.238151,1.098389
1181.000000,1.282443,1.582169,1.957931,0.074945,1.185861
1182.000000,1.401718,1.663912,2.046462,0.769117,1.258796
1183.000000,1.480616,1.665979,2.101964,1.406230,1.245810
1184.000000,1.559979,1.663311,2.140685,2.065237,1.574324
1185.000000,1.525004,1.534007,2.052032,2.702987,1.059503
1186.000000,1.689038,1.627513,2.069950,3.390132,2.067469
1187.000000,1.766702,1.706536,2.051149,3.424091,1.930485
1188.000000,1.958626,1.831128,2.040992,3.136211,2.406485
1189.000000,2.095554,1.912306,2.043239,2.934232,2.306332
1190.000000,2.391938,2.019423,2.091725,2.782784,2.406799
1191.000000,2.290637,2.054379,2.059011,2.654104,1.804481
1192.000000,2.276777,2.094877,2.053278,2.501380,1.989503
1193.000000,2.199520,2.147943,2.036863,2.407651,2.068340
1194.000000,2.151855,2.176326,2.014355,2.321811,2.106225
1195.000000,2.183131,2.308154,2.015214,2.268828,2.505721
1196.000000,2.450771,2.403780,2.116128,2.292778,2.976380
1197.000000,2.530172,2.443334,2.186853,2.291812,2.484664
1198.000000,2.546982,2.423431,2.234447,2.268876,2.333887
1199.000000,2.505344,2.381759,2.243837,2.243148,2.119083
1200.000000,2.382066,2.316947,2.241733,2.226464,1.961375
1201.000000,2.154881,2.277376,2.224148,2.188298,1.793482
1202.000000,1.984300,2.211807,2.190614,2.148487,1.623712
1203.000000,1.840097,2.147434,2.160271,2.104927,1.600165
1204.000000,1.680111,2.057089,2.102780,2.044453,1.323494
1205.000000,1.578961,1.962896,2.078627,1.992589,1.453192
1206.000000,1.465375,1.807532,2.011014,1.955395,1.231369
1207.000000,1.371861,1.684842,1.957181,1.927347,1.158289
1208.000000,1.308404,1.587684,1.905381,1.908235,1.286749
1209.000000,1.252429,1.483992,1.845403,1.873051,1.043368
1210.000000,1.178014,1.398999,1.789537,1.846225,1.085530
1211.000000,1.082864,1.296710,1.736567,1.807206,0.737769
1212.000000,0.999682,1.210524,1.683567,1.771036,0.723851
1213.000000,0.861366,1.114322,1.626873,1.735601,0.593309
1214.000000,0.785243,1.053261,1.576291,1.701504,0.667961
1215.000000,0.653299,0.957130,1.504497,1.676074,0.439279
1216.000000,0.472232,0.828291,1.381975,1.614060,-0.249746
1217.000000,0.352899,0.735985,1.292746,1.577812,0.138282
1218.000000,0.193252,0.593745,1.194044,1.527893,-0.216606
1219.000000,0.015297,0.481684,1.106349,1.486371,-0.116752
1220.000000,-0.133069,0.346715,1.021047,1.443323,-0.196476
1221.000000,-0.147804,0.237088,0.937446,1.414061,-0.402807
1222.000000,-0.579121,-0.009124,0.813500,1.353483,-2.131807
1223.000000,-0.855207,-0.216812,0.705073,1.310052,-1.460433
1224.000000,-1.276837,-0.501829,0.603660,1.265150,-1.753499
1225.000000,-1.824538,-0.836037,0.466060,1.200708,-2.024308
1226.000000,-2.210985,-1.099617,0.323006,1.103943,-1.917504
1227.000000,-2.101891,-1.496584,0.146107,1.005519,-2.061028
1228.000000,-2.166636,-1.831356,-0.099639,0.890801,-2.145586
1229.000000,-2.015759,-2.002311,-0.329059,0.788463,-1.365873
1230.000000,-1.857069,-2.076863,-0.616217,0.676442,-1.344808
1231.000000,-1.634318,-2.012395,-0.868681,0.569917,-0.881237
1232.000000,-1.129775,-1.616753,-1.045927,0.503448,0.429075
1233.000000,-0.776557,-1.459993,-1.268034,0.388051,-0.421449
1234.000000,-0.536603,-1.293485,-1.469337,0.283279,-0.221480
1235.000000,-0.384944,-1.171079,-1.617056,0.112197,-0.673340
1236.000000,-0.159500,-0.969842,-1.556168,-0.031774,0.148387
1237.000000,-0.169552,-0.714378,-1.501814,-0.186450,0.457198
1238.000000,-0.060806,-0.471061,-1.424647,-0.431630,0.068506
1239.000000,-0.084402,-0.352255,-1.389406,-0.720967,-0.368887
1240.000000,0.000000,-0.228116,-1.352445,-1.069697,-0.417543
1241.000000,-0.279319,-0.228475,-1.349053,-1.414972,-1.123005
1242.000000,-0.665223,-0.413624,-1.232850,-1.714601,-1.062814
1243.000000,-1.284696,-0.639070,-1.265237,-1.994946,-2.307078
1244.000000,-1.918285,-0.989377,-1.330982,-2.204058,-2.631958
