0.000000,5.385165,5.385165,5.385165,5.385165,-1.128697
1.000000,3.742619,3.740857,3.740542,3.740599,-0.810290
2.000000,3.004720,2.999693,2.998410,2.998739,-0.190538
3.000000,2.556855,2.550451,2.547493,2.547772,-0.250546
4.000000,2.243989,2.238468,2.233785,2.233807,-0.137528
5.000000,2.009462,2.003475,1.997399,1.997556,0.215134
6.000000,1.822736,1.817166,1.809537,1.810271,0.251347
7.000000,1.667058,1.664106,1.656412,1.655899,0.162589
8.000000,1.536256,1.534964,1.526396,1.525205,0.448029
9.000000,1.422606,1.422239,1.413530,1.411880,0.350091
10.000000,1.322466,1.323267,1.314400,1.311982,0.713426
11.000000,1.234074,1.234948,1.225543,1.222693,1.256024
12.000000,1.154418,1.154182,1.144996,1.141573,1.350897
13.000000,1.081136,1.080478,1.071679,1.067227,1.488379
14.000000,1.013177,1.011975,1.003863,0.998282,1.288280
15.000000,0.948979,0.947630,0.940253,0.933627,1.337802
16.000000,0.888373,0.887550,0.880606,0.872655,1.890042
17.000000,0.831140,0.830893,0.824290,0.815854,1.907402
18.000000,0.776070,0.776380,0.770459,0.761151,1.737187
19.000000,0.723279,0.723903,0.718080,0.708163,1.541271
20.000000,0.667859,0.670440,0.666102,0.656019,-0.056040
21.000000,0.616080,0.619229,0.615841,0.605086,1.312361
22.000000,0.564194,0.568415,0.565569,0.554504,1.228127
23.000000,0.512300,0.517427,0.515354,0.504131,1.203656
24.000000,0.459884,0.466080,0.464407,0.453070,1.191220
25.000000,0.410055,0.412559,0.411303,0.399765,0.828439
26.000000,0.352925,0.355580,0.355444,0.343316,0.990706
27.000000,0.290279,0.292744,0.294655,0.281318,0.973673
28.000000,0.217327,0.219823,0.224646,0.208302,1.079492
29.000000,1.026006,1.065642,1.731001,2.543152,0.979397
30.000000,1.080246,1.180476,1.661875,2.496508,1.035905
31.000000,1.098089,1.143116,1.570411,2.394638,1.006084
32.000000,1.145071,1.129973,1.495872,2.256652,1.131468
33.000000,1.149770,1.114357,1.423321,2.145081,1.047248
34.000000,1.180600,1.099328,1.374209,2.046270,1.036405
35.000000,1.227624,1.153636,1.341972,1.950980,1.189192
36.000000,1.384146,1.233449,1.312462,1.887890,1.653735
37.000000,1.600770,1.360781,1.291840,1.852986,2.003359
38.000000,1.798611,1.461101,1.272979,1.804185,1.781021
39.000000,1.698847,1.443703,1.215481,1.730495,0.308481
40.000000,1.882522,1.561225,1.327116,1.690024,1.778173
41.000000,1.990123,1.707812,1.354247,1.639951,1.968735
42.000000,2.156437,1.922350,1.428646,1.618862,2.557343
43.000000,2.253531,2.090260,1.497841,1.593022,2.164339
44.000000,2.674931,2.280702,1.594780,1.599324,2.438222
45.000000,2.769642,2.453077,1.750279,1.626893,2.590546
46.000000,1.954971,2.019744,1.641647,1.508661,-1.196406
47.000000,1.194514,1.639778,1.552402,1.403383,-0.829220
48.000000,0.548639,1.331063,1.459821,1.313129,-0.645225
49.000000,-0.377012,1.105526,1.328411,1.210775,-1.179976
50.000000,-1.345098,0.776756,1.218137,1.210867,-1.076910
51.000000,-1.178367,0.476917,1.141494,1.154050,-0.625766
52.000000,-1.128446,0.049009,1.048053,1.101145,-0.676445
53.000000,-1.245884,-0.455930,0.914938,1.026549,-1.123364
54.000000,-1.117478,-0.985052,0.807828,0.964762,-0.752058
55.000000,-1.052625,-1.569646,0.672188,0.922798,-0.840029
56.000000,-0.969650,-1.400967,0.538703,0.894440,-0.320195
57.000000,-1.049860,-1.414894,0.275674,0.823663,-0.995277
58.000000,-1.068522,-1.492569,-0.032173,0.721084,-1.196610
59.000000,-1.268146,-1.531352,-0.283934,0.584447,-1.518406
60.000000,-1.333222,-1.518070,-0.646574,0.453891,-1.133519
61.000000,-1.531611,-1.584085,-1.085064,0.293128,-1.223946
62.000000,-1.525622,-1.609107,-1.590687,0.100750,-1.084361
63.000000,-1.479278,-1.570801,-2.018344,-0.130725,-1.097362
64.000000,-1.094028,-1.411387,-2.226701,-0.249269,0.026391
65.000000,-1.001587,-1.373386,-2.484834,-0.548780,-0.754415
66.000000,-0.928660,-1.424925,-2.273708,-1.013657,-0.915723
67.000000,-0.822246,-1.349838,-2.101094,-1.522296,-0.645166
68.000000,-0.667072,-1.230314,-1.951537,-1.933457,-0.453103
69.000000,-0.596003,-0.969812,-1.695511,-1.929603,0.331246
70.000000,-0.410027,-0.810870,-1.524181,-2.081711,0.028350
71.000000,-0.095837,-0.597038,-1.380108,-2.125083,0.379220
72.000000,0.212618,-0.373892,-1.231213,-2.168810,0.629920
73.000000,0.311537,-0.240442,-1.128384,-2.253338,-0.150632
74.000000,-0.371584,-0.579133,-1.260024,-2.581411,-2.662050
75.000000,-0.813082,-0.665626,-1.286991,-2.698664,-1.694860
76.000000,-1.390738,-0.651607,-1.313539,-2.391178,-0.875726
77.000000,-2.035242,-0.625572,-1.255143,-2.161519,-0.314749
78.000000,-2.283993,-0.636725,-1.181872,-1.995212,-0.284206
79.000000,-0.949312,-0.753072,-1.032178,-1.774307,0.479693
80.000000,0.095674,-0.670837,-0.869497,-1.573071,1.233167
81.000000,0.476058,-0.926018,-0.759472,-1.487003,0.189193
82.000000,0.838320,-1.226841,-0.622247,-1.382209,0.702616
83.000000,1.683264,-0.622772,-0.345845,-1.165515,2.114373
84.000000,2.216548,1.708358,-0.163050,-0.969638,2.195129
85.000000,2.338608,2.823398,0.159007,-0.780699,1.892919
86.000000,2.764216,3.349395,0.667109,-0.584871,2.312440
87.000000,3.013574,3.499506,1.327190,-0.247683,2.644945
88.000000,2.835727,3.386667,1.940110,0.123436,2.217694
89.000000,2.603400,3.132363,2.292837,0.539224,1.844721
90.000000,2.387053,2.830303,2.501222,0.898156,1.445245
91.000000,2.024390,2.615852,2.429843,1.197328,0.839743
92.000000,1.602549,2.409282,2.272300,1.453557,0.719540
93.000000,1.218703,2.117419,2.177922,1.650231,0.469136
94.000000,1.045229,1.946083,2.396212,1.768620,1.079696
95.000000,0.889821,1.786293,2.385366,1.904161,0.777682
96.000000,0.906115,1.623776,2.335104,2.023202,0.919305
97.000000,1.096098,1.501347,2.322835,2.132686,1.545191
98.000000,1.350363,1.429426,2.311332,2.185593,1.604256
99.000000,1.412253,1.367532,2.240440,2.131998,1.372327
100.000000,1.520605,1.348198,2.147304,2.099284,1.324710
101.000000,1.483856,1.337616,2.072922,2.003457,0.855150
102.000000,1.112932,1.216285,1.918327,1.832933,-0.117237
103.000000,0.656241,1.084373,1.708950,1.708080,-0.499063
104.000000,0.284563,0.920226,1.540534,1.742496,-0.382284
105.000000,-0.084835,0.806665,1.409522,1.724682,-0.337224
106.000000,-0.750464,0.472674,1.153078,1.580846,-2.203451
107.000000,-1.111933,0.104140,0.907263,1.474333,-1.611710
108.000000,-1.359593,-0.276537,0.692592,1.399662,-1.347918
109.000000,-1.493107,-0.595706,0.528481,1.342788,-0.763991
110.000000,-2.269346,-1.352483,0.142962,1.072618,-3.287100
111.000000,-2.710281,-2.184656,-0.343777,0.751563,-3.490645
112.000000,-2.701661,-2.493589,-0.691432,0.541268,-1.941513
113.000000,-2.492412,-2.497420,-0.920564,0.345438,-1.054814
114.000000,-2.561814,-2.570794,-1.343723,-0.004803,-1.812859
115.000000,-2.156771,-2.517331,-1.658862,-0.338797,-1.370074
116.000000,-1.835481,-2.405356,-2.031944,-0.888581,-1.966138
117.000000,-1.825845,-2.348752,-2.343059,-1.535649,-1.918600
118.000000,-2.047641,-2.360844,-2.573433,-2.169323,-2.189322
119.000000,-2.337724,-2.532249,-2.801378,-2.770225,-2.990392
120.000000,-2.516770,-2.442234,-2.843378,-2.983671,-2.434350
121.000000,-2.460120,-2.268330,-2.765754,-2.950040,-1.973009
122.000000,-2.111284,-2.043282,-2.505867,-2.691370,-0.515033
123.000000,-1.661615,-1.853471,-2.249359,-2.423649,0.046597
124.000000,-1.004176,-1.608345,-2.038459,-2.218619,0.320484
125.000000,-0.580226,-1.512904,-1.937164,-2.122189,-0.417721
126.000000,-0.185523,-1.358028,-1.792758,-2.030978,-0.252183
127.000000,-0.179718,-1.243221,-1.710410,-1.999527,-0.511520
128.000000,-0.445332,-1.171394,-1.694823,-2.022057,-1.130329
129.000000,-0.555623,-0.865365,-1.628474,-1.953562,-0.078044
130.000000,-0.429970,-0.559117,-1.481093,-1.880497,0.212860
131.000000,-0.395630,-0.308464,-1.334087,-1.823016,-0.027019
132.000000,-0.213852,-0.214994,-1.237216,-1.730317,0.298725
133.000000,0.119388,-0.224242,-1.196948,-1.654754,0.084564
134.000000,0.248056,-0.242927,-1.107828,-1.585173,0.401982
135.000000,0.238018,-0.172682,-1.058630,-1.544808,0.148434
136.000000,0.167270,-0.186991,-1.003446,-1.494780,-0.357008
137.000000,0.136411,-0.079160,-0.914236,-1.443312,0.193503
138.000000,0.173854,0.177812,-0.796327,-1.409073,0.204037
139.000000,0.096797,0.239500,-0.579905,-1.401650,0.153329
140.000000,0.154637,0.275243,-0.349583,-1.315809,0.350763
141.000000,0.465568,0.419383,-0.099435,-1.186265,0.633809
142.000000,0.476332,0.420164,-0.024798,-1.133941,0.229040
143.000000,0.409594,0.426201,-0.035587,-1.136448,-0.019565
144.000000,0.336610,0.326854,-0.098034,-1.107496,-0.089835
145.000000,0.320286,0.373580,-0.006741,-1.084436,0.303965
146.000000,0.015703,0.397487,-0.003202,-1.059181,-0.376516
147.000000,-0.102950,0.314467,0.096620,-1.016064,-0.160624
148.000000,-0.104132,0.255646,0.454278,-0.922342,-0.023993
149.000000,-0.214889,0.108205,0.471402,-0.708595,-0.536068
150.000000,-0.693803,-0.257786,0.169122,-0.535048,-1.573817
151.000000,-0.886473,-0.583227,0.046282,-0.322067,-0.953601
152.000000,-1.146334,-0.734020,-0.106748,-0.281242,-0.321110
153.000000,-1.665684,-0.894342,-0.243495,-0.358131,-0.733590
154.000000,-2.135039,-1.305365,-0.740270,-0.618137,-2.556012
155.000000,-2.123203,-1.863591,-1.143855,-0.790786,-2.418252
156.000000,-2.598587,-2.233427,-1.444118,-1.108332,-2.664906
157.000000,-3.271399,-2.747903,-2.040926,-1.584056,-3.297610
158.000000,-3.698340,-3.308707,-2.756611,-2.173113,-3.884674
159.000000,-3.361779,-3.192653,-2.940699,-2.688670,-2.475268
160.000000,-3.000720,-2.896813,-2.901988,-2.922791,-1.749937
161.000000,-2.703262,-2.759568,-2.843882,-2.934565,-1.632500
162.000000,-2.421689,-2.715898,-2.760317,-2.954531,-1.816493
163.000000,-2.084742,-2.689397,-2.700997,-2.933407,-2.106043
164.000000,-1.918952,-2.533736,-2.591481,-2.856036,-1.708620
165.000000,-1.746815,-2.330928,-2.452542,-2.670689,-1.010722
166.000000,-1.520728,-2.103979,-2.264759,-2.446179,-0.580006
167.000000,-1.143520,-1.794619,-2.077529,-2.252320,0.052801
168.000000,-0.739374,-1.440677,-1.954671,-2.117190,-0.148598
169.000000,-0.462631,-1.240295,-1.860804,-2.024231,-0.429389
170.000000,-0.391317,-1.141649,-1.779412,-1.978784,-0.704439
171.000000,-0.258945,-0.975075,-1.694908,-1.903251,0.042167
172.000000,-0.314433,-0.807448,-1.654770,-1.835540,-0.172204
173.000000,-0.143872,-0.497564,-1.556358,-1.712128,0.692259
174.000000,-0.210323,-0.375642,-1.516713,-1.691785,-0.768352
175.000000,-0.159337,-0.311151,-1.466516,-1.675926,-0.532710
176.000000,-0.213230,-0.261740,-1.386370,-1.616186,-0.171616
177.000000,-0.191551,-0.286364,-1.266345,-1.569292,-0.058110
178.000000,-0.377667,-0.278611,-1.074358,-1.535447,-0.001788
179.000000,-0.119456,-0.191610,-0.927892,-1.484187,0.335073
180.000000,0.233675,0.018066,-0.785744,-1.395873,0.934852
181.000000,0.552718,0.145793,-0.634420,-1.341977,1.095545
182.000000,0.802301,0.288894,-0.470707,-1.326078,0.845773
183.000000,1.063231,0.303502,-0.249915,-1.308285,0.891355
184.000000,1.367549,0.678037,0.006751,-1.229175,1.412772
185.000000,1.483842,1.043605,0.223612,-1.155908,1.294637
186.000000,1.591897,1.411501,0.454863,-1.054296,1.493450
187.000000,1.796573,1.786088,0.681834,-0.875714,1.759415
188.000000,1.831220,1.959292,0.926622,-0.597640,1.424795
189.000000,1.701310,1.962883,1.208424,-0.371610,1.150846
190.000000,1.616702,1.852163,1.531142,-0.164407,1.076014
191.000000,1.411861,1.677335,1.638719,0.045304,0.605922
192.000000,1.116104,1.558540,1.714602,0.321874,0.474046
193.000000,0.839387,1.437725,1.576862,0.679125,0.129385
194.000000,0.754337,1.347930,1.692830,1.068307,0.830172
195.000000,0.752138,1.326257,1.762268,1.372151,1.180036
196.000000,0.864376,1.273135,1.756506,1.575510,0.990878
197.000000,1.005761,1.157474,1.733932,1.649271,0.949949
198.000000,0.960998,0.966369,1.646603,1.653884,-0.140323
199.000000,0.739607,0.815848,1.550148,1.684523,-0.057187
200.000000,0.553651,0.726529,1.444182,1.755242,0.443235
201.000000,0.793619,0.905873,1.425135,1.789675,1.931363
202.000000,0.963277,1.076946,1.426967,1.811272,1.556987
203.000000,1.587838,1.391446,1.480597,1.773615,2.196221
204.000000,2.228787,1.658443,1.536421,1.912952,2.643363
205.000000,2.469787,1.769727,1.576829,1.960879,2.032575
206.000000,2.329129,1.841950,1.589093,1.947259,1.655215
207.000000,2.206688,1.874994,1.555670,1.909746,1.263650
208.000000,2.018236,2.039989,1.553425,1.878835,1.257731
209.000000,1.496539,2.052164,1.509875,1.794519,0.177334
210.000000,0.868392,1.882574,1.410566,1.651404,-0.834153
211.000000,0.402339,1.625557,1.390123,1.544662,-0.309082
212.000000,0.045363,1.441975,1.392307,1.483120,-0.167160
213.000000,-0.360609,1.156684,1.407358,1.433301,-0.331038
214.000000,-0.141637,0.943421,1.457339,1.418859,1.103354
215.000000,0.348463,0.805477,1.476543,1.420486,1.089527
216.000000,0.399160,0.523635,1.415067,1.363605,-0.138467
217.000000,0.533062,0.368899,1.396096,1.303389,0.350889
218.000000,0.623903,0.159574,1.441030,1.249360,0.043076
219.000000,0.306992,0.106392,1.460370,1.202824,-0.147742
220.000000,-0.120688,0.155239,1.398215,1.138962,-0.580053
221.000000,-0.253639,0.098785,1.211767,1.106855,-0.664188
222.000000,-0.536045,0.000314,1.047992,1.080354,-0.755140
223.000000,-0.665141,-0.014923,0.840836,1.094606,-0.438158
224.000000,-0.753407,-0.294298,0.535295,1.059962,-0.455202
225.000000,-0.677907,-0.549186,0.279952,1.011926,-0.260363
226.000000,-0.427696,-0.479006,0.101981,1.008152,0.311545
227.000000,-0.150012,-0.510787,-0.043667,1.011240,0.283707
228.000000,0.215435,-0.370267,-0.119945,1.147843,0.968475
229.000000,0.561054,-0.208663,-0.048549,1.291315,0.847951
230.000000,1.089091,0.260409,0.349648,1.471505,1.669233
231.000000,1.058888,0.496807,0.489608,1.434923,0.161395
232.000000,1.064282,0.813921,0.659813,1.443243,0.301212
233.000000,0.729920,0.894774,0.776235,1.334619,-0.233486
234.000000,0.322361,0.838880,0.367718,1.032500,-0.791794
235.000000,-0.032473,0.979891,0.149311,0.856853,0.423483
236.000000,0.037302,0.980775,0.308336,0.695156,0.502222
237.000000,0.075720,0.996016,0.317413,0.568120,0.519107
238.000000,-1.209223,-0.157420,-0.782411,-0.256824,-3.688360
239.000000,-2.404960,-1.485779,-1.895516,-1.019839,-3.331516
240.000000,-2.241871,-1.865188,-1.607838,-0.849408,0.185548
241.000000,-2.647502,-2.342200,-1.881025,-1.190819,-1.584531
242.000000,-3.019701,-2.847479,-2.269433,-1.719025,-2.186880
243.000000,-3.055308,-3.387023,-3.069040,-2.585960,-3.489388
244.000000,-2.914607,-3.425816,-3.329342,-3.158385,-2.888524
245.000000,-3.151946,-3.354746,-3.309488,-3.266842,-2.351883
246.000000,-3.016818,-3.225590,-3.250460,-3.140295,-2.154197
247.000000,-2.825964,-3.088148,-3.147360,-3.036402,-2.019240
248.000000,-2.463006,-2.777511,-3.070788,-2.908692,-1.907314
249.000000,-2.226005,-2.547663,-2.982716,-2.791616,-1.868709
250.000000,-2.075433,-2.547861,-2.912164,-2.664757,-1.741479
251.000000,-1.948815,-2.440787,-2.776959,-2.551893,-1.633784
252.000000,-1.584641,-2.171344,-2.536618,-2.324830,-0.361939
253.000000,-1.226645,-1.830589,-2.324462,-2.147076,-0.173213
254.000000,-0.788973,-1.504219,-2.106765,-1.967490,0.260743
255.000000,-0.439012,-1.277276,-1.990761,-1.859302,-0.073869
256.000000,-0.082366,-1.065096,-1.892105,-1.781654,-0.020841
257.000000,-0.068173,-0.896747,-1.833201,-1.740621,-0.310193
258.000000,-0.063906,-0.716537,-1.678358,-1.713705,-0.160799
259.000000,-0.132097,-0.515793,-1.526296,-1.682410,-0.028409
260.000000,-0.126486,-0.317910,-1.499557,-1.680823,-0.036239
261.000000,-0.318090,-0.211522,-1.485087,-1.706145,-0.912891
262.000000,-0.341260,-0.213254,-1.420528,-1.703100,-0.407773
263.000000,-0.394029,-0.235617,-1.286766,-1.688711,-0.357803
264.000000,-0.541853,-0.350204,-1.181774,-1.680470,-0.616220
265.000000,-0.607518,-0.380888,-1.074500,-1.675313,-0.212072
266.000000,-0.507275,-0.456113,-0.989108,-1.688926,-0.501528
267.000000,-0.626448,-0.536793,-0.925706,-1.721934,-0.899519
268.000000,-0.681186,-0.610467,-0.838650,-1.654314,-0.492728
269.000000,-0.608587,-0.693045,-0.730093,-1.575398,-0.302163
270.000000,-0.728076,-0.825032,-0.636603,-1.613743,-0.601237
271.000000,-0.680802,-0.759063,-0.518456,-1.598199,-0.242166
272.000000,-0.506812,-0.798374,-0.540800,-1.569168,-0.238234
273.000000,-0.564819,-0.920521,-0.629750,-1.488680,-0.777301
274.000000,-0.418324,-0.801413,-0.729776,-1.372702,0.257771
275.000000,0.052451,-0.576325,-0.719192,-1.231765,1.213464
276.000000,0.405183,-0.254909,-0.722161,-1.089494,1.133301
277.000000,0.564625,0.016536,-0.750169,-0.971377,0.358107
278.000000,0.934845,0.244587,-0.783885,-0.829296,0.637710
279.000000,1.162269,0.509536,-0.773007,-0.642926,1.128830
280.000000,1.157478,0.833998,-0.696038,-0.438988,1.165913
281.000000,1.132125,1.076536,-0.188567,-0.228515,0.948963
282.000000,1.300052,1.347212,0.231889,-0.151868,0.924539
283.000000,1.535882,1.826005,0.981573,-0.047800,1.680672
284.000000,1.738838,2.103504,2.205624,0.051368,2.296559
285.000000,1.868116,2.103242,2.854874,0.207014,2.009682
286.000000,2.048607,2.078740,3.150586,0.379092,1.866319
287.000000,2.186024,2.160342,3.242587,0.637590,1.817205
288.000000,2.152190,2.177109,3.139126,0.912856,1.777395
289.000000,2.030369,2.148120,3.012532,1.209344,1.833103
290.000000,1.979417,2.141271,2.939063,1.521618,1.859850
291.000000,1.915464,2.139204,2.820990,1.912956,1.709153
292.000000,1.836155,2.113833,2.715804,2.107485,1.571045
293.000000,1.849665,2.076354,2.695414,2.257192,1.911951
294.000000,1.825727,1.984173,2.580944,2.347303,1.773552
295.000000,1.719889,1.880741,2.397017,2.307215,1.386556
296.000000,1.546779,1.746896,2.217317,2.240434,0.890193
297.000000,1.162188,1.497840,2.018255,2.108026,-0.406260
298.000000,0.666521,1.256405,1.829423,1.964859,-0.626078
299.000000,0.333019,1.106289,1.705787,1.896919,0.185434
300.000000,0.157483,1.004184,1.631960,1.898125,0.685498
301.000000,0.152774,0.944654,1.597244,1.907220,1.013266
302.000000,0.493520,0.905419,1.574713,1.927214,1.124243
303.000000,0.913482,0.815410,1.525950,1.966457,1.145776
304.000000,1.120136,0.709058,1.451340,1.943342,0.943506
305.000000,1.030136,0.562466,1.355390,1.845265,0.095203
306.000000,0.820362,0.466920,1.269378,1.758801,0.012405
307.000000,0.720317,0.639132,1.220883,1.743519,0.729201
308.000000,0.590699,0.858470,1.171957,1.713918,0.634381
309.000000,0.518020,0.972893,1.122205,1.667539,0.677747
310.000000,0.699176,1.018496,1.071328,1.624177,0.723391
311.000000,0.921206,1.008106,1.024848,1.589863,0.673430
312.000000,1.158608,1.087744,1.023030,1.587999,1.523871
313.000000,1.239152,1.072870,0.953865,1.541653,0.741333
314.000000,1.327142,1.110339,0.890574,1.485198,0.857810
315.000000,1.221012,1.253373,0.829167,1.425879,0.260422
316.000000,1.008675,1.381339,0.799618,1.366424,-0.105603
317.000000,0.526405,1.330172,0.934119,1.311178,-0.067672
318.000000,0.396578,1.357479,1.148944,1.270238,0.311871
319.000000,0.288685,1.400907,1.300081,1.232775,0.518874
320.000000,-0.003677,1.103059,1.292398,1.150799,-0.662707
321.000000,-0.171861,0.775535,1.223240,1.070331,-0.630055
322.000000,-0.042682,0.443841,1.215914,1.028249,0.336528
323.000000,-0.041062,0.322146,1.165544,0.944275,0.319987
324.000000,-0.059918,0.205919,1.133803,0.859618,0.482323
325.000000,0.409813,0.344400,1.289592,0.811646,0.787100
326.000000,0.834990,0.549241,1.432126,0.802702,0.635818
327.000000,0.895431,0.719596,1.437810,0.936863,0.675042
328.000000,0.983067,0.781678,1.492361,1.119840,0.935439
329.000000,1.050391,0.759017,1.535507,1.228361,0.830079
330.000000,1.560133,1.376770,1.767578,1.364759,2.759877
331.000000,2.626202,2.088637,2.087160,1.522026,3.240294
332.000000,3.142948,2.355857,2.116915,1.646365,2.555116
333.000000,3.302656,2.654580,2.318283,1.796181,2.824068
334.000000,3.312365,2.847530,2.444557,1.957789,2.636335
335.000000,3.079328,2.961695,2.607627,2.207833,2.558253
336.000000,2.765722,3.001794,2.698327,2.398283,2.203905
337.000000,2.464117,2.847549,2.639851,2.390706,1.480107
338.000000,2.254369,2.744154,2.595364,2.405206,1.863646
339.000000,2.077516,2.653779,2.531462,2.391863,1.805891
340.000000,1.833490,2.440493,2.515890,2.327928,1.411621
341.000000,1.660651,2.226714,2.485197,2.263986,1.377309
342.000000,1.609534,2.072058,2.383957,2.146315,1.293245
343.000000,1.385647,1.853249,2.265697,2.047800,0.796826
344.000000,1.015189,1.572312,2.104224,1.899895,0.003851
345.000000,0.565739,1.223267,1.903322,1.748663,-0.784199
346.000000,0.260373,0.993251,1.799806,1.685178,-0.109533
347.000000,-0.019059,0.847454,1.715655,1.636308,-0.006638
348.000000,-0.150416,0.683703,1.652308,1.592527,0.228626
349.000000,-0.090227,0.525090,1.605563,1.550937,0.309890
350.000000,0.187471,0.421339,1.524521,1.576815,0.479899
351.000000,0.373581,0.342447,1.439644,1.617665,0.773160
352.000000,0.593221,0.289989,1.390753,1.629878,1.011388
353.000000,0.794756,0.311252,1.328549,1.654795,1.133352
354.000000,1.038557,0.468049,1.277317,1.690385,1.344457
355.000000,1.202399,0.729062,1.207173,1.709760,1.130502
356.000000,1.078907,0.793701,1.093083,1.693598,0.065835
357.000000,1.030884,0.921589,1.060638,1.704245,0.711522
358.000000,0.941858,1.026566,0.995039,1.706406,0.665751
359.000000,0.765458,1.135858,0.922415,1.709879,0.559647
360.000000,0.713296,1.276941,0.899499,1.684267,0.969230
361.000000,0.714336,1.235655,0.816652,1.597750,-0.142513
362.000000,-0.069226,0.823933,0.599792,1.452881,-2.228925
363.000000,-0.794543,0.329874,0.426360,1.300375,-1.795857
364.000000,-0.942043,0.018639,0.475099,1.214820,-0.043978
365.000000,-1.164123,-0.279085,0.660796,1.114329,-0.012162
366.000000,-1.058922,-0.262708,0.793179,1.027445,0.195171
367.000000,-0.320235,-0.316725,0.985535,0.997697,0.545721
368.000000,0.378811,-0.315357,1.195461,0.935881,0.677661
369.000000,0.574190,-0.289024,1.429940,0.861286,0.638173
370.000000,0.760122,-0.346945,1.632843,0.809904,0.638173
371.000000,0.813807,-0.238894,1.659988,0.736375,0.379686
372.000000,0.767319,0.363203,1.551810,0.659654,0.359663
373.000000,0.623505,0.879748,1.314642,0.616897,0.165292
374.000000,0.489076,0.942878,0.993983,0.667202,0.183200
375.000000,0.192834,0.836805,0.579112,0.786731,-0.485128
376.000000,0.225494,0.892255,0.749558,0.905484,0.597219
377.000000,0.263316,0.854192,0.690282,1.028322,0.562712
378.000000,0.236966,0.695584,0.493972,1.104542,-0.002042
379.000000,0.038440,0.460703,0.182026,1.155624,-0.549138
380.000000,-0.035795,0.160821,-0.355911,1.164276,-0.805460
381.000000,-0.092268,0.168542,-0.180940,1.237858,0.488396
382.000000,-0.267925,0.087915,0.673871,1.218730,0.070617
383.000000,-0.090913,0.184532,1.477515,1.199282,0.529001
384.000000,0.426921,0.427029,1.667287,1.135341,1.012166
385.000000,1.167012,1.004332,1.879682,1.136857,1.366052
386.000000,1.450578,1.190214,1.995882,1.453876,1.352118
387.000000,1.216301,0.818713,1.618592,1.149468,-0.624726
388.000000,1.935686,1.622610,1.906710,1.504169,2.559077
389.000000,2.010791,2.129936,1.936451,1.605825,1.391127
390.000000,1.985595,2.598581,1.960931,1.615659,1.413871
391.000000,2.015840,2.679277,2.075614,1.878348,1.571226
392.000000,2.424283,2.696422,2.218888,2.434347,1.730519
393.000000,2.010137,2.555482,2.370358,2.675077,1.544214
394.000000,1.961588,2.411567,2.463962,2.571245,1.586474
395.000000,1.846078,2.205749,2.489920,2.441969,1.022777
396.000000,1.380090,1.864382,2.194796,2.207472,-0.412066
397.000000,-0.080433,1.367939,1.556096,1.676924,-3.240592
398.000000,-1.530187,0.359491,1.003625,1.163600,-2.938038
399.000000,-2.601931,-0.488209,0.555239,0.690075,-2.491805
400.000000,-3.093241,-1.391524,0.115060,0.178280,-2.346440
401.000000,-2.988539,-2.069892,-0.344562,-0.211287,-1.642920
402.000000,-1.966631,-1.962673,-0.121129,-0.068506,0.943478
403.000000,-1.276109,-1.975398,-0.141610,-0.056468,0.184527
404.000000,-0.862083,-2.136549,-0.416875,-0.240021,-0.587012
405.000000,-0.348053,-2.126951,-0.659400,-0.241207,-0.245362
406.000000,0.171796,-1.880710,-0.749273,-0.239132,0.361507
407.000000,0.263101,-1.192035,-0.337726,0.032131,1.251705
408.000000,0.550649,-0.515512,-0.389814,0.394528,1.219316
409.000000,0.986896,0.109179,-0.310618,0.794122,1.062789
410.000000,1.340708,0.775138,-0.193493,1.257024,1.182642
411.000000,1.426678,1.226599,-0.228221,1.414111,0.823549
412.000000,1.177753,1.097944,-0.444280,1.476582,0.329204
413.000000,0.857889,1.040506,-0.721600,1.386658,-0.027541
414.000000,0.718268,1.217469,-0.804874,1.404266,0.510061
415.000000,0.651088,1.391590,-0.629115,1.495486,0.908374
416.000000,0.723249,1.483487,-0.123297,1.619056,1.091267
417.000000,0.943916,1.448083,1.052017,1.997026,1.195731
418.000000,1.087995,1.316408,1.914145,1.764395,0.610548
419.000000,1.086641,1.211109,2.482332,1.683730,0.563492
420.000000,1.068399,1.146299,2.874606,1.684118,0.873718
421.000000,0.796562,0.998222,2.791327,1.429413,0.001340
422.000000,0.456980,0.903528,2.307737,1.133834,-0.195832
423.000000,0.408756,0.964186,2.168010,1.050942,0.407643
424.000000,0.328931,0.915229,2.134559,0.923582,0.233838
425.000000,0.181088,0.814844,2.067592,0.876247,0.283376
426.000000,-0.252420,0.363066,1.642912,0.487150,-1.663431
427.000000,-0.730386,-0.176138,1.090667,0.385607,-2.002283
428.000000,-1.262801,-0.569334,0.615318,0.394024,-1.737931
429.000000,-1.797142,-0.995733,0.114368,0.302931,-2.021873
430.000000,-2.248082,-1.407727,-0.369980,0.302770,-1.802868
431.000000,-2.211378,-1.620567,-0.757916,0.256300,-1.524246
432.000000,-1.976748,-1.736227,-1.014563,-0.350660,-1.223783
433.000000,-1.786158,-1.902265,-1.195897,-0.807371,-1.146450
434.000000,-1.590401,-2.049282,-1.473693,-1.184226,-1.331406
435.000000,-1.448279,-2.162457,-1.762069,-1.663202,-1.262116
436.000000,-1.322841,-1.996956,-1.979913,-2.190745,-1.009334
437.000000,-1.110485,-1.709085,-2.046358,-2.545208,-0.307866
438.000000,-0.814937,-1.419677,-1.960738,-2.573734,0.204771
439.000000,-0.480074,-1.120252,-1.876830,-2.496827,0.235976
440.000000,-0.187069,-0.889311,-1.850190,-2.463093,0.078889
441.000000,0.019080,-0.726356,-1.762740,-2.397773,-0.122013
442.000000,0.071462,-0.594427,-1.667797,-2.258448,-0.096161
443.000000,0.043956,-0.448137,-1.619952,-2.067370,0.089372
444.000000,0.037625,-0.260349,-1.551575,-1.971962,0.220788
445.000000,0.292007,0.046295,-1.411756,-1.805226,1.224363
446.000000,0.448795,0.253431,-1.185768,-1.794804,0.566069
447.000000,0.619069,0.378589,-0.945427,-1.810956,0.641705
448.000000,0.768663,0.443582,-0.739787,-1.745292,0.700450
449.000000,0.916332,0.519242,-0.507919,-1.679623,0.797785
450.000000,0.831022,0.629424,-0.294150,-1.666755,0.868440
451.000000,0.522978,0.567814,-0.230539,-1.731133,-0.868467
452.000000,0.064020,0.441763,-0.224844,-1.804783,-1.285459
453.000000,-0.216004,0.400451,-0.147271,-1.847856,-0.399173
454.000000,-0.399283,0.412605,0.015668,-1.815311,0.158852
455.000000,-0.578699,0.254077,0.216397,-1.789390,0.256937
456.000000,-0.167588,0.276192,0.484499,-1.502711,0.755052
457.000000,0.337440,0.260213,0.670550,-1.207422,0.633586
458.000000,0.395836,0.103351,0.683824,-1.032571,-0.206268
459.000000,0.455972,0.019189,0.758030,-0.761213,0.434910
460.000000,0.414579,-0.131745,0.795728,-0.549248,0.001259
461.000000,0.384751,0.107135,0.949066,-0.296233,0.681430
462.000000,0.156303,0.303544,0.960338,-0.141766,-0.288924
463.000000,0.326720,0.430309,1.004831,0.097307,0.379768
464.000000,0.123763,0.378222,0.910518,0.339661,-0.366017
465.000000,0.192182,0.396954,0.656797,0.674896,0.223490
466.000000,0.061811,0.328649,0.564798,0.994395,0.308320
467.000000,0.408314,0.348503,0.519180,1.195922,0.778704
468.000000,0.488685,0.569462,0.451565,1.249378,0.631770
469.000000,0.810996,0.626765,0.363838,1.278812,0.580555
470.000000,1.008184,0.868939,0.307901,1.362139,0.892003
471.000000,1.072576,0.852851,0.568708,1.433166,0.568205
472.000000,0.921863,1.049756,0.923117,1.455542,0.328018
473.000000,0.921307,1.119709,1.177392,1.465365,0.659960
474.000000,0.869450,1.307292,1.349563,1.419050,0.433719
475.000000,0.746809,1.329815,1.588960,1.185623,0.533021
476.000000,0.729657,1.348857,1.717880,1.101183,0.547336
477.000000,0.796022,1.278993,1.840146,1.015297,0.561952
478.000000,1.090334,1.470863,2.371921,1.027587,1.658414
479.000000,1.576904,1.730772,2.551686,1.063478,1.966266
480.000000,2.125665,2.014197,2.764710,1.154369,2.387322
481.000000,2.394467,2.200034,2.697943,1.475040,2.102496
482.000000,2.376619,2.194804,2.671687,1.757562,1.419668
483.000000,2.135215,2.087590,2.502225,1.882334,1.147075
484.000000,2.013670,2.101325,2.502479,1.991204,1.706545
485.000000,1.433209,1.880403,2.230544,1.972078,-0.325109
486.000000,0.803856,1.676595,1.989182,1.865940,-0.554476
487.000000,0.503757,1.583609,1.810785,1.819107,0.130088
488.000000,0.219845,1.365441,1.663057,1.862649,-0.093172
489.000000,-1.053735,0.695954,1.260002,1.534836,-3.107000
490.000000,-1.688252,-0.077880,0.889844,1.292709,-2.510511
491.000000,-2.131140,-0.885965,0.565590,0.964016,-2.216368
492.000000,-2.592025,-1.576087,0.240817,0.720091,-2.218187
493.000000,-2.775831,-2.092541,-0.116998,0.375410,-1.999007
494.000000,-2.415713,-2.491900,-0.440834,0.122209,-1.763410
495.000000,-2.134632,-2.491370,-0.740936,-0.179451,-1.436988
496.000000,-1.809302,-2.363499,-0.956205,-0.392710,-0.854599
497.000000,-1.351858,-2.205008,-1.052157,-0.522155,-0.125848
498.000000,-0.956161,-2.058770,-1.266921,-0.643434,-0.155735
499.000000,-0.748695,-1.771313,-1.622447,-0.892602,-0.785405
500.000000,-0.595052,-1.551735,-1.990381,-1.164873,-0.735371
501.000000,-0.303477,-1.216236,-2.055981,-1.138357,0.449465
502.000000,-0.021920,-0.801069,-1.902823,-0.941985,1.099421
503.000000,-0.200792,-0.681300,-2.008442,-1.211818,-0.911452
504.000000,0.013588,-0.435796,-1.983486,-1.214592,0.158808
505.000000,0.297238,-0.179426,-1.783012,-1.163151,0.493442
506.000000,0.280849,-0.015134,-1.616140,-1.142723,0.363822
507.000000,0.110620,0.052497,-1.514995,-1.125783,0.362230
508.000000,0.413430,0.125388,-1.413965,-1.228778,0.371492
509.000000,0.456668,0.280239,-1.126751,-1.369397,0.341956
510.000000,0.445640,0.444550,-0.875496,-1.539928,0.455159
511.000000,0.575018,0.508657,-0.593326,-1.575423,0.946601
512.000000,0.554891,0.386231,-0.371427,-1.626220,0.215166
513.000000,0.487174,0.538227,-0.169965,-1.681431,0.009020
514.000000,1.140004,0.923312,0.343403,-1.413131,2.774237
515.000000,1.582164,1.173062,0.788974,-1.081567,1.967753
516.000000,1.809838,1.424602,1.175536,-0.741960,1.759981
517.000000,2.108146,1.654638,1.467344,-0.468370,1.610235
518.000000,2.353092,1.863677,1.768619,-0.117048,1.613722
519.000000,1.992493,1.979920,2.063974,0.730314,1.469996
520.000000,1.829031,2.027049,2.257988,1.645444,1.476544
521.000000,1.779135,2.029935,2.277060,2.497565,1.717100
522.000000,1.760109,2.084370,2.190114,3.007948,1.641646
523.000000,1.618855,2.060175,2.206475,3.056888,0.951699
524.000000,1.620377,1.865891,2.155496,3.039067,1.458289
525.000000,1.584978,1.751786,2.063291,2.911579,1.272923
526.000000,1.452331,1.653331,1.980327,2.727110,1.081900
527.000000,1.208968,1.530020,1.873150,2.485224,0.533335
528.000000,1.018645,1.369189,1.752908,2.271106,0.030681
529.000000,0.764413,1.259210,1.675939,2.171014,0.322531
530.000000,0.603793,1.175751,1.625457,2.102756,0.591744
531.000000,0.501338,1.060466,1.567219,1.978322,0.687751
532.000000,0.505515,0.927454,1.550190,1.829952,0.564730
533.000000,0.663558,0.899685,1.557258,1.828729,0.672998
534.000000,0.668974,0.759567,1.412978,1.750675,0.300267
535.000000,0.261651,0.474059,1.247296,1.602929,-1.254810
536.000000,0.135597,0.356763,1.165856,1.542409,0.201015
537.000000,0.099310,0.347538,1.111346,1.501716,0.494988
538.000000,0.294051,0.538857,1.108789,1.506325,1.514797
539.000000,0.692847,0.737694,1.133724,1.527816,1.799467
540.000000,1.281273,0.774933,1.105008,1.511971,0.746860
541.000000,1.600130,0.866043,1.077542,1.501162,1.224895
542.000000,1.870232,1.011685,1.056824,1.531052,1.276331
543.000000,2.273088,1.366134,1.187542,1.619951,2.783677
544.000000,2.059490,1.576231,1.177982,1.539830,1.054163
545.000000,1.775301,1.884160,1.102910,1.457995,-0.333610
546.000000,1.177680,1.827506,1.008409,1.373782,-0.822968
547.000000,-0.111332,1.338693,0.818217,1.232222,-2.615111
548.000000,-1.709015,0.539798,0.674544,1.092899,-2.246554
549.000000,-2.286099,-0.287746,0.548150,0.990360,-1.349554
550.000000,-2.875187,-1.537117,0.061745,0.758391,-2.945272
551.000000,-3.029633,-2.594253,-0.547300,0.471850,-2.516609
552.000000,-2.819540,-3.108286,-1.288026,0.132977,-2.333912
553.000000,-2.632454,-3.341605,-2.004070,-0.170338,-1.964064
554.000000,-2.584855,-3.216951,-2.487890,-0.568099,-1.813574
555.000000,-2.251476,-2.977317,-2.534673,-0.957033,-1.574284
556.000000,-1.994456,-2.760996,-2.641726,-1.315132,-1.426802
557.000000,-1.784331,-2.488935,-2.686097,-1.600980,-1.411483
558.000000,-1.646624,-2.297820,-2.745328,-1.801637,-1.375440
559.000000,-1.512631,-2.188541,-2.737067,-1.958093,-1.231306
560.000000,-1.408642,-1.959976,-2.620643,-2.062596,-1.124957
561.000000,-1.322586,-1.776981,-2.537787,-2.120563,-1.052704
562.000000,-1.195010,-1.594245,-2.440584,-2.115183,-0.830359
563.000000,-1.028535,-1.429023,-2.391053,-2.069028,-0.591997
564.000000,-0.924265,-1.302997,-2.297642,-2.017363,-0.736332
565.000000,-0.772608,-1.166981,-2.149131,-1.870038,-0.416113
566.000000,-0.651610,-1.059079,-2.022520,-1.817841,-0.487850
567.000000,-0.602910,-0.968362,-1.868379,-1.793038,-0.607485
568.000000,-0.593160,-0.876282,-1.743914,-1.803726,-0.556292
569.000000,-0.482444,-0.763521,-1.647654,-1.798123,-0.206205
570.000000,-0.367636,-0.622941,-1.467459,-1.734567,0.189972
571.000000,-0.214526,-0.480279,-1.307958,-1.695318,0.299249
572.000000,0.021562,-0.341866,-1.149225,-1.658124,0.539007
573.000000,0.276074,-0.230588,-1.017110,-1.677845,0.648000
574.000000,0.509262,-0.079670,-0.887814,-1.654930,0.931806
575.000000,0.744705,0.065725,-0.759532,-1.598268,1.361478
576.000000,1.134198,0.293175,-0.615505,-1.526311,2.027764
577.000000,1.638675,0.646248,-0.436073,-1.388579,2.394624
578.000000,2.194413,1.131696,-0.206880,-1.239412,2.713565
579.000000,2.508915,1.608517,0.038037,-1.130320,2.411780
580.000000,2.598596,2.013987,0.324783,-0.921741,2.358076
581.000000,2.556532,2.305073,0.659525,-0.691575,2.301533
582.000000,2.418174,2.397452,0.995830,-0.436231,2.063598
583.000000,2.167701,2.348635,1.284561,-0.187591,1.644911
584.000000,2.009252,2.273175,1.583395,0.097744,1.618900
585.000000,1.761592,2.131776,1.768864,0.363630,1.102289
586.000000,1.195384,1.811551,1.764691,0.492332,-0.602294
587.000000,0.783693,1.574372,1.800437,0.694916,-0.050628
588.000000,0.310039,1.259487,1.742034,0.853735,-0.697196
589.000000,-0.306670,0.920643,1.590062,0.947186,-1.248221
590.000000,-0.833548,0.566210,1.411435,1.023454,-1.251587
591.000000,-0.863316,0.247538,1.285664,1.142589,-0.700945
592.000000,-1.054048,-0.099391,1.143227,1.195445,-0.875436
593.000000,-1.088049,-0.419666,1.020780,1.200847,-0.835263
594.000000,-0.901867,-0.704250,0.937540,1.266271,-0.385506
595.000000,-0.721266,-0.932766,0.843775,1.269338,-0.438502
596.000000,-0.600092,-0.887043,0.753784,1.304906,-0.136575
597.000000,-0.464000,-0.934356,0.627895,1.334566,-0.258224
598.000000,-0.278035,-0.859382,0.480519,1.369251,-0.001495
599.000000,-0.274336,-0.747918,0.300349,1.322050,-0.375094
600.000000,-0.258042,-0.628226,0.082144,1.236563,-0.376799
601.000000,-0.255755,-0.552286,-0.159614,1.175688,-0.118960
602.000000,-0.214921,-0.439923,-0.424560,1.109862,-0.078871
603.000000,-0.241611,-0.334215,-0.691428,1.061569,-0.116484
604.000000,-0.217186,-0.317336,-1.018932,1.007040,-0.267419
605.000000,-0.210747,-0.303032,-1.314675,0.938832,-0.348764
606.000000,-0.160714,-0.269431,-1.294714,0.888593,0.101830
607.000000,-0.230591,-0.287274,-1.412270,0.738855,-0.390597
608.000000,-0.301168,-0.348452,-1.396350,0.488963,-0.440848
609.000000,-0.238622,-0.290887,-1.194566,0.248541,0.020051
610.000000,-0.206073,-0.263940,-1.004802,-0.159005,-0.208998
611.000000,-0.236910,-0.247449,-0.874347,-0.729564,0.019346
612.000000,-0.142303,-0.236017,-0.714431,-1.428819,0.055118
613.000000,0.021194,-0.199240,-0.545955,-2.009232,0.289126
614.000000,-0.511718,-0.435815,-0.721323,-2.750353,-2.627757
615.000000,-1.070200,-0.666098,-0.857008,-2.932483,-2.253467
616.000000,-1.768601,-1.041056,-1.041611,-2.676403,-2.052632
617.000000,-2.312265,-1.372301,-1.199569,-2.542936,-1.737097
618.000000,-2.638774,-1.739239,-1.413076,-2.341594,-1.681400
619.000000,-2.237642,-2.163784,-1.563903,-2.112800,-1.643370
620.000000,-2.062985,-2.386974,-1.711334,-1.942352,-1.718354
621.000000,-1.954195,-2.521930,-1.899415,-1.884280,-1.757256
622.000000,-1.926331,-2.555518,-2.068154,-1.820678,-1.740418
623.000000,-1.893978,-2.559904,-2.195267,-1.770790,-1.665483
624.000000,-1.827110,-2.270361,-2.264929,-1.767314,-1.491090
625.000000,-1.753078,-2.100419,-2.309061,-1.761053,-1.475574
626.000000,-1.558525,-1.899642,-2.335393,-1.744998,-0.937462
627.000000,-1.403019,-1.766704,-2.298536,-1.732876,-1.036796
628.000000,-1.136683,-1.576475,-2.188793,-1.704925,-0.394658
629.000000,-0.891580,-1.404875,-2.123278,-1.651497,-0.308032
630.000000,-0.658186,-1.252322,-2.038757,-1.612482,-0.371954
631.000000,-0.623951,-1.147300,-2.007610,-1.628193,-0.782548
632.000000,-0.574632,-1.050721,-1.973566,-1.652779,-0.830465
633.000000,-0.646354,-0.950298,-1.939188,-1.672204,-0.722673
634.000000,-0.684051,-0.837914,-1.739369,-1.670718,-0.447637
635.000000,-0.666676,-0.701026,-1.575643,-1.659410,-0.232179
636.000000,-0.506294,-0.603462,-1.425474,-1.678682,0.016963
637.000000,-0.145314,-0.402997,-1.255051,-1.622417,0.901433
638.000000,0.350542,-0.214532,-1.066013,-1.536574,1.495887
639.000000,1.028100,0.077926,-0.839158,-1.444352,2.351659
640.000000,1.536494,0.340208,-0.648231,-1.373127,1.698209
641.000000,1.917044,0.681314,-0.455693,-1.328189,1.544755
642.000000,2.016682,1.038451,-0.266470,-1.301334,1.276603
643.000000,1.925103,1.379101,-0.081785,-1.310273,0.964983
644.000000,1.589193,1.681696,0.131167,-1.128817,1.102369
645.000000,1.322487,1.860438,0.358160,-0.980337,0.768408
646.000000,1.162880,1.967883,0.584341,-0.811397,1.056227
647.000000,1.097018,1.918390,0.862249,-0.640272,1.112152
648.000000,1.139549,1.787572,1.086300,-0.448601,1.166288
649.000000,1.065950,1.502130,1.267937,-0.271522,0.775995
650.000000,1.039260,1.313067,1.436821,-0.071177,0.659208
651.000000,1.081243,1.236408,1.686699,0.234254,1.249963
652.000000,0.997872,1.146898,1.828387,0.545722,0.722375
653.000000,0.990542,1.164681,1.935436,0.952453,1.139421
654.000000,1.043966,1.151613,1.954489,1.360300,1.008445
655.000000,1.160865,1.195807,1.940683,1.772605,1.172215
656.000000,1.204500,1.238742,1.918227,2.061856,1.450469
657.000000,1.564988,1.376957,1.890821,2.344165,2.272470
658.000000,1.693210,1.444796,1.796050,2.381679,1.681705
659.000000,1.680633,1.478083,1.619760,2.311123,0.982311
660.000000,1.603737,1.510835,1.507984,2.231165,0.852534
661.000000,1.368656,1.412973,1.396900,2.151258,0.302324
662.000000,0.955719,1.393875,1.327454,2.082299,0.318175
663.000000,0.608777,1.307914,1.289760,2.003178,0.078690
664.000000,0.345461,1.215244,1.234113,1.907179,-0.278861
665.000000,-0.304266,0.926750,1.127351,1.753135,-2.106120
666.000000,-0.999576,0.537011,0.993414,1.608882,-2.294572
667.000000,-1.919842,-0.178600,0.819072,1.417438,-2.542932
668.000000,-2.379307,-0.835898,0.668771,1.244198,-1.651827
669.000000,-2.247500,-1.217891,0.615259,1.081981,-0.452193
670.000000,-1.827608,-1.610632,0.547004,0.956775,-0.680364
671.000000,-1.497750,-1.847030,0.382390,0.837317,-0.898822
672.000000,-1.113480,-2.005575,0.246819,0.737361,-0.941323
673.000000,-0.924881,-2.052884,0.036304,0.664653,-0.916864
674.000000,-0.852561,-1.916415,-0.113816,0.615659,-0.181626
675.000000,-0.742870,-1.591695,-0.315284,0.584671,-0.226139
676.000000,-0.664446,-1.333994,-0.641433,0.507384,-0.561358
677.000000,-0.311421,-0.873670,-1.002460,0.488775,0.561768
678.000000,-0.896347,-1.118258,-1.845633,0.170436,-2.893852
679.000000,-1.526184,-1.459859,-2.418191,-0.147502,-2.383235
680.000000,-2.065016,-1.746508,-2.784724,-0.544063,-2.313811
681.000000,-2.313442,-1.894457,-2.819928,-1.051371,-1.897025
682.000000,-2.452248,-1.875386,-2.683386,-1.432513,-1.119623
683.000000,-1.894247,-1.764196,-2.469780,-1.762758,-0.526876
684.000000,-1.399138,-1.686849,-2.246275,-1.960692,-0.165911
685.000000,-1.022503,-1.684374,-2.025013,-2.159367,-0.621276
686.000000,-0.624659,-1.595290,-1.800941,-2.231235,-0.183184
687.000000,-0.443121,-1.644556,-1.607936,-2.335145,-0.358089
688.000000,-0.391311,-1.349471,-1.487121,-2.322874,-0.300218
689.000000,-0.526433,-1.152620,-1.485010,-2.271860,-0.721823
690.000000,-0.726667,-1.033694,-1.527853,-2.267631,-1.481441
691.000000,-1.121248,-0.974210,-1.563548,-2.226212,-1.576961
692.000000,-1.325569,-0.962258,-1.551378,-2.153733,-0.949831
693.000000,-1.437902,-1.007395,-1.519845,-2.065405,-0.534486
694.000000,-1.353892,-1.096802,-1.518404,-1.970619,-0.212998
695.000000,-1.062736,-1.129558,-1.528266,-1.835562,-0.374914
696.000000,-0.647967,-1.218488,-1.505378,-1.705852,-0.153269
697.000000,-0.390068,-1.226511,-1.540790,-1.566190,-0.085640
698.000000,-0.083914,-1.114272,-1.307149,-1.442836,0.529576
699.000000,0.155382,-0.888360,-1.096221,-1.379242,0.641144
700.000000,0.360194,-0.534533,-0.892639,-1.326178,0.352047
701.000000,0.422826,-0.179789,-0.729736,-1.282443,0.055429
702.000000,0.610937,0.155424,-0.601347,-1.215471,0.559202
703.000000,0.606519,0.391753,-0.538145,-1.159474,0.491183
704.000000,0.662625,0.628949,-0.491599,-1.131105,0.822666
705.000000,0.815850,0.926452,-0.376264,-1.110081,0.839281
706.000000,1.129108,1.246999,-0.288687,-1.068957,1.036427
707.000000,1.507194,1.800114,-0.078072,-1.072217,1.708642
708.000000,2.040228,2.328579,0.318100,-0.778867,2.460194
709.000000,1.976983,2.337959,0.693555,-0.552543,1.136251
710.000000,1.895309,2.292704,1.250931,-0.277289,1.099149
711.000000,1.744216,2.212833,1.731598,-0.013580,0.758424
712.000000,1.609231,2.085593,2.006693,0.214297,1.008842
713.000000,1.141782,1.950630,2.074989,0.369451,0.658518
714.000000,1.253622,1.934236,2.175336,0.599827,1.703189
715.000000,1.214773,1.846262,2.184476,0.897349,1.027930
716.000000,1.338126,1.795695,2.185216,1.205355,1.344756
717.000000,1.424496,1.715037,2.177855,1.568229,1.428292
718.000000,1.392937,1.419161,2.026247,1.777624,0.645952
719.000000,1.317403,1.422836,1.952334,2.077156,1.375285
720.000000,1.584617,1.555735,1.990502,2.447255,2.277620
721.000000,1.531792,1.568451,1.951236,2.532918,1.185810
722.000000,1.447030,1.536451,1.868677,2.467649,1.043260
723.000000,1.390001,1.459317,1.756563,2.305917,0.150173
724.000000,1.223009,1.313166,1.662552,2.172930,0.431005
725.000000,0.860827,1.289686,1.613136,2.102268,0.844220
726.000000,0.611895,1.168098,1.528753,1.989222,0.050271
727.000000,0.393193,1.046325,1.436451,1.894338,0.118396
728.000000,0.430598,1.042979,1.286839,1.776559,0.227161
729.000000,0.408795,0.937965,1.239960,1.677876,0.321391
730.000000,0.527475,0.766305,1.246756,1.655398,1.374973
731.000000,1.089137,0.868614,1.312501,1.685123,2.111014
732.000000,1.606403,1.000026,1.355135,1.680352,1.935958
733.000000,1.788914,1.148064,1.366280,1.644186,0.752796
734.000000,2.338222,1.483735,1.391255,1.656597,2.255916
735.000000,2.141526,1.511157,1.379783,1.619631,0.533802
736.000000,1.843615,1.730966,1.372601,1.598416,0.905754
737.000000,1.516642,1.883597,1.351670,1.558461,0.712388
738.000000,1.409758,1.926767,1.382788,1.452838,0.445374
739.000000,0.653128,1.842873,1.304004,1.399005,-0.327657
740.000000,0.606668,1.698933,1.160207,1.372475,0.384418
741.000000,-1.226349,0.413167,0.717042,1.146835,-4.025379
742.000000,-2.733992,-1.079136,0.190326,0.888359,-3.391689
743.000000,-3.902369,-2.886679,-0.717505,0.446725,-4.017199
744.000000,-3.792196,-3.592599,-1.537650,-0.007702,-2.696411
745.000000,-3.611937,-3.566324,-2.299686,-0.469436,-2.378486
746.000000,-3.017100,-3.334202,-2.605261,-0.905780,-1.660527
747.000000,-2.717301,-3.202374,-2.832612,-1.468412,-2.004663
748.000000,-2.213100,-3.003386,-2.843940,-1.880161,-1.561916
749.000000,-1.801264,-2.721097,-2.677019,-2.131661,-0.802397
750.000000,-1.390392,-2.495955,-2.516599,-2.276611,-0.425331
751.000000,-1.142046,-2.157564,-2.417397,-2.269132,-0.463562
752.000000,-0.769064,-1.861365,-2.301237,-2.192653,-0.244776
753.000000,-0.483247,-1.483141,-2.171102,-2.077849,-0.260416
754.000000,-0.292536,-1.181607,-2.078092,-1.950195,0.064966
755.000000,-0.149313,-0.885349,-1.936859,-1.837745,0.232753
756.000000,-0.026546,-0.683206,-1.845852,-1.730814,0.092894
757.000000,0.051678,-0.424261,-1.763912,-1.641069,0.108964
758.000000,0.063729,-0.250007,-1.716032,-1.600938,-0.214330
759.000000,-0.007597,-0.178388,-1.662327,-1.573265,-0.261891
760.000000,0.009471,-0.083781,-1.585978,-1.523476,0.321195
761.000000,0.066425,0.022206,-1.391341,-1.499542,0.364672
762.000000,0.121224,0.100878,-1.209997,-1.480916,0.371462
763.000000,0.243510,0.178018,-0.942601,-1.444122,0.321246
764.000000,0.244455,0.133001,-0.789081,-1.508968,-0.345248
765.000000,-0.214461,-0.113496,-0.752291,-1.636750,-1.735563
766.000000,-0.718034,-0.356317,-0.772385,-1.764926,-1.707128
767.000000,-1.761745,-0.939967,-0.958052,-2.039603,-3.334348
768.000000,-2.323131,-1.290229,-1.059644,-2.154355,-1.955895
769.000000,-2.561359,-1.621073,-1.242800,-2.222259,-1.735225
770.000000,-2.725235,-2.231227,-1.636334,-2.377787,-2.627414
771.000000,-2.748265,-2.666486,-2.005626,-2.382219,-2.293050
772.000000,-2.313524,-2.811372,-2.273655,-2.322650,-1.637568
773.000000,-2.180683,-2.830859,-2.473446,-2.200379,-1.661765
774.000000,-2.057969,-2.707730,-2.595218,-2.111609,-1.435921
775.000000,-1.851849,-2.530786,-2.686746,-2.057206,-1.649401
776.000000,-1.767071,-2.429214,-2.739114,-2.063688,-1.877037
777.000000,-1.899811,-2.268454,-2.789328,-2.084005,-2.239618
778.000000,-1.846270,-2.146247,-2.687085,-2.049359,-1.509888
779.000000,-1.803544,-2.044490,-2.578971,-2.040301,-1.364569
780.000000,-1.978715,-2.038764,-2.634996,-2.152484,-2.436285
781.000000,-2.235140,-2.142432,-2.724386,-2.303801,-2.900241
782.000000,-2.234490,-2.180089,-2.694803,-2.359899,-2.211318
783.000000,-2.696455,-2.440226,-2.824752,-2.562465,-3.422324
784.000000,-2.845238,-2.531257,-2.792357,-2.627181,-2.582081
785.000000,-2.635603,-2.459402,-2.639245,-2.576052,-1.744373
786.000000,-2.262418,-2.297989,-2.457303,-2.460295,-1.065188
787.000000,-2.011729,-2.130294,-2.263877,-2.354584,-0.911950
788.000000,-1.515648,-2.026134,-2.134374,-2.256756,-0.834970
789.000000,-1.123254,-1.931336,-2.021563,-2.164762,-0.681981
790.000000,-0.877384,-1.775139,-1.898948,-2.092277,-0.584749
791.000000,-0.775954,-1.588376,-1.800813,-2.032133,-0.581154
792.000000,-0.550414,-1.382263,-1.683113,-1.935956,0.201450
793.000000,-0.351623,-1.034461,-1.589766,-1.862382,0.121710
794.000000,-0.189761,-0.747437,-1.519938,-1.796345,0.064773
795.000000,0.059119,-0.493971,-1.427049,-1.700035,0.548558
796.000000,0.373174,-0.291252,-1.324253,-1.607615,0.775492
797.000000,0.540730,-0.074267,-1.203482,-1.487834,0.930451
798.000000,0.788172,0.179469,-1.098672,-1.388660,1.167583
799.000000,1.042247,0.430310,-1.003697,-1.302572,1.136552
800.000000,1.167200,0.679399,-0.859749,-1.203771,1.087650
801.000000,1.252002,0.947571,-0.661428,-1.107407,1.160770
802.000000,1.339249,1.121690,-0.464112,-1.017460,1.328364
803.000000,1.326390,1.274414,-0.120931,-0.938726,1.133500
804.000000,1.313462,1.417924,0.220111,-0.867536,1.102895
805.000000,1.284031,1.468128,0.518690,-0.795714,0.982458
806.000000,1.241668,1.482843,0.781556,-0.709557,0.993878
807.000000,1.152077,1.467568,1.050229,-0.599220,0.949248
808.000000,1.088569,1.411830,1.321755,-0.511655,0.869763
809.000000,1.027474,1.358486,1.577366,-0.419700,0.842588
810.000000,0.979332,1.302701,1.785906,-0.237602,0.786998
811.000000,0.950657,1.249396,1.945018,0.079379,0.897978
812.000000,0.938507,1.181303,1.961511,0.459185,0.932077
813.000000,0.915091,1.116520,1.921993,1.180767,0.848665
814.000000,0.929931,1.068624,1.876198,1.896239,1.024812
815.000000,0.962580,1.034399,1.785322,2.360194,1.009103
816.000000,0.969571,1.000139,1.688888,2.534573,0.974050
817.000000,0.943923,0.958254,1.584277,2.541292,0.757524
818.000000,0.931938,0.930199,1.476746,2.471991,0.719529
819.000000,0.902518,0.926899,1.393398,2.373070,0.898256
820.000000,0.925497,0.957336,1.332126,2.276048,1.199534
821.000000,0.851895,0.936210,1.250832,2.164748,0.515706
822.000000,0.830129,0.914774,1.165558,2.010157,0.530269
823.000000,0.924735,0.945565,1.116516,1.910091,1.200599
824.000000,1.142472,1.004223,1.092869,1.850548,2.264840
825.000000,1.610813,1.177356,1.115116,1.797681,3.458014
826.000000,2.045267,1.295111,1.112677,1.719239,1.975298
827.000000,2.259954,1.394445,1.094955,1.625839,0.860696
828.000000,2.316289,1.550613,1.103310,1.540434,1.309337
829.000000,2.147995,1.701529,1.133679,1.473757,1.501195
830.000000,1.691263,1.799262,1.185846,1.419816,1.558879
831.000000,1.253608,1.814230,1.190922,1.343690,0.101025
832.000000,1.113239,1.815241,1.203083,1.266399,0.261777
833.000000,0.973997,1.752301,1.238175,1.215609,0.690876
834.000000,0.765486,1.563422,1.244208,1.171341,0.600776
835.000000,0.522766,1.199678,1.248010,1.140151,0.550655
836.000000,0.719926,1.071730,1.273130,1.119589,0.937671
837.000000,0.860831,1.073040,1.320860,1.104067,0.834040
838.000000,0.969768,1.053946,1.389083,1.107774,1.133015
839.000000,0.992264,0.946241,1.410526,1.114965,0.613427
840.000000,1.053085,0.833427,1.402477,1.137516,0.694254
841.000000,1.009667,0.922620,1.455310,1.154270,0.668695
842.000000,0.978660,0.993967,1.500687,1.174707,0.619673
843.000000,0.951347,1.054579,1.508453,1.214187,1.008935
844.000000,1.114277,1.155582,1.454708,1.240069,1.157957
845.000000,1.130225,1.212175,1.265310,1.256227,0.704519
846.000000,1.352677,1.309211,1.228659,1.299070,1.456540
847.000000,1.536368,1.407237,1.267121,1.361496,1.269908
848.000000,1.678754,1.497775,1.289432,1.439430,1.529695
849.000000,1.703412,1.632585,1.277578,1.491906,1.213749
850.000000,1.418312,1.493211,1.153222,1.456556,-0.457875
851.000000,0.735590,1.270477,1.120701,1.448463,-1.233197
852.000000,0.184409,1.162096,1.126564,1.465329,-0.716151
853.000000,-0.892868,0.813089,1.040276,1.406409,-1.589315
854.000000,-1.455844,0.635053,1.064602,1.342251,-0.063205
855.000000,-3.144853,-1.106049,0.498121,0.876411,-4.545135
856.000000,-3.228929,-2.388273,0.015100,0.589390,-2.476626
857.000000,-2.815391,-2.654748,-0.206265,0.516399,-0.536262
858.000000,-2.513472,-2.853044,-0.587279,0.368039,-0.872059
859.000000,-2.456856,-2.824089,-0.890768,0.196160,-0.713274
860.000000,-1.451083,-2.568662,-1.187724,-0.001782,-0.666858
861.000000,-0.905503,-2.283012,-1.441551,-0.068116,-0.515800
862.000000,-0.898106,-2.131604,-1.677470,-0.164892,-0.544265
863.000000,-0.873171,-1.980513,-1.967985,-0.360032,-0.807710
864.000000,-0.806304,-1.931886,-2.139574,-0.532118,-0.489212
865.000000,-0.712135,-1.284905,-2.164653,-0.696424,-0.326714
866.000000,-0.680596,-0.944050,-2.249251,-0.939059,-0.408405
867.000000,-1.164286,-1.228304,-2.541408,-1.505696,-2.241379
868.000000,-1.400075,-1.350272,-2.634643,-1.946037,-1.650556
869.000000,-1.561819,-1.406161,-2.586195,-2.137179,-1.178022
870.000000,-1.741892,-1.464382,-2.438229,-2.249236,-1.188472
871.000000,-1.743747,-1.452333,-2.233016,-2.224103,-0.643088
872.000000,-1.249929,-1.384598,-2.071702,-2.135340,-0.266589
873.000000,-0.950331,-1.319434,-1.926109,-2.099011,-0.443617
874.000000,-0.911509,-1.385063,-1.923727,-2.129913,-1.015776
875.000000,-0.852006,-1.460224,-1.618425,-2.112439,-0.950390
876.000000,-0.724148,-1.410469,-1.396307,-2.057469,-0.083491
877.000000,-0.832693,-1.192955,-1.386489,-2.046578,-0.611747
878.000000,-0.877185,-1.041226,-1.347256,-2.043087,-0.489135
879.000000,-0.598596,-0.883912,-1.281918,-1.993569,0.177428
880.000000,0.049098,-0.558663,-1.144521,-1.822698,1.360905
881.000000,0.336765,-0.373545,-1.069278,-1.691246,0.772888
882.000000,0.963407,-0.219627,-0.992440,-1.603669,0.885474
883.000000,1.591205,0.028556,-0.891499,-1.497602,0.918399
884.000000,1.884133,0.519040,-0.835135,-1.471082,0.810409
885.000000,1.569335,1.113651,-0.781986,-1.154735,0.922957
886.000000,1.496408,1.419218,-0.708660,-0.945130,0.977513
887.000000,1.456386,1.886155,-0.385002,-0.867250,1.173862
888.000000,1.365147,2.131355,-0.102630,-0.771932,0.966545
889.000000,1.341897,2.114439,0.154052,-0.686342,0.934324
890.000000,1.312427,1.849955,0.462220,-0.597837,0.953318
891.000000,1.387468,1.811081,0.766222,-0.495358,1.315689
892.000000,1.395395,1.750531,1.042275,-0.385361,1.255118
893.000000,1.384565,1.655431,1.348475,-0.253573,0.999879
894.000000,1.384392,1.604585,1.774477,-0.136073,1.010330
895.000000,1.439616,1.602673,2.177388,0.007004,1.248629
896.000000,1.387697,1.594103,2.299656,0.188020,1.158774
897.000000,1.304638,1.527728,2.360948,0.697167,1.076632
898.000000,1.309540,1.503510,2.337822,1.200561,1.235268
899.000000,1.327720,1.488268,2.226544,1.640359,1.271372
900.000000,1.226313,1.426126,1.988576,1.978159,0.837815
901.000000,1.379749,1.439599,1.932050,2.227825,1.843718
902.000000,1.330128,1.356648,1.811092,2.237410,0.819688
903.000000,1.182650,1.283860,1.692729,2.207481,0.543912
904.000000,1.070967,1.241684,1.627427,2.232175,0.741399
905.000000,1.156063,1.228653,1.587024,2.240226,1.271686
906.000000,0.983039,1.236064,1.541491,2.134852,1.197049
907.000000,1.098469,1.268985,1.497467,2.102991,1.376030
908.000000,1.414706,1.316218,1.487644,2.078924,1.884390
909.000000,1.775700,1.384615,1.493529,2.025038,2.148467
910.000000,2.087148,1.571238,1.528817,1.928441,2.675354
911.000000,2.280489,1.569052,1.523469,1.875304,2.084367
912.000000,2.545089,1.826125,1.569082,1.862670,2.757055
913.000000,2.436902,2.007526,1.589649,1.820701,1.763934
914.000000,2.443003,2.203928,1.651388,1.829817,2.335830
915.000000,2.367718,2.297680,1.709542,1.829631,2.308200
916.000000,2.419138,2.398146,1.798841,1.833145,2.406077
917.000000,2.289251,2.419127,1.872697,1.824378,2.141711
918.000000,2.343994,2.404839,1.933800,1.832894,2.177376
919.000000,2.305043,2.380937,1.990624,1.849172,2.192953
920.000000,2.202934,2.287193,2.040856,1.852266,1.870008
921.000000,2.031760,2.208888,2.004577,1.831098,1.593415
922.000000,1.924589,2.093531,2.033582,1.820604,1.630531
923.000000,1.759140,2.028971,2.051203,1.811182,1.358524
924.000000,1.575457,1.920444,2.042735,1.802476,1.271143
925.000000,1.438654,1.811459,2.002093,1.785873,1.188725
926.000000,1.413758,1.726830,1.986168,1.792811,1.465211
927.000000,1.312970,1.630136,1.943925,1.785138,1.135026
928.000000,1.293725,1.543886,1.902120,1.776487,1.263497
929.000000,1.219674,1.416868,1.837565,1.750061,0.900500
930.000000,1.186522,1.332673,1.770062,1.745092,1.016579
931.000000,0.687705,1.075638,1.613842,1.620649,-1.052993
932.000000,0.246686,0.817393,1.448486,1.545744,-1.063464
933.000000,-0.273865,0.574784,1.325513,1.486696,-1.190453
934.000000,-0.767274,0.321241,1.182229,1.424495,-1.303211
935.000000,-1.224667,0.095016,1.057934,1.367583,-0.948985
936.000000,-1.285769,-0.228178,0.905097,1.305776,-1.293716
937.000000,-1.396025,-0.566662,0.742431,1.236350,-1.522512
938.000000,-1.385108,-0.908054,0.584830,1.178970,-1.104805
939.000000,-1.388341,-1.241891,0.390850,1.110188,-1.303670
940.000000,-1.422782,-1.557867,0.203157,1.031090,-1.110628
941.000000,-1.435454,-1.609821,-0.012886,0.950833,-1.371006
942.000000,-1.376504,-1.635566,-0.267840,0.835940,-1.298317
943.000000,-1.454557,-1.661906,-0.559626,0.733254,-1.495963
944.000000,-1.464088,-1.649230,-0.877838,0.590502,-1.394417
945.000000,-1.357058,-1.580965,-1.148179,0.467587,-0.709083
946.000000,-1.234325,-1.490206,-1.469597,0.292164,-0.836388
947.000000,-1.119119,-1.374088,-1.719923,0.090627,-0.783308
948.000000,-0.919535,-1.284416,-1.907176,-0.152390,-0.554692
949.000000,-0.747397,-1.186608,-1.994875,-0.475160,-0.591226
950.000000,-0.694999,-1.100698,-2.028048,-0.821987,-0.453856
951.000000,-0.614374,-0.994434,-1.857561,-1.198263,-0.454365
952.000000,-0.543687,-0.898557,-1.706819,-1.608960,-0.453321
953.000000,-0.493235,-0.766504,-1.558064,-1.921958,-0.300692
954.000000,-0.378526,-0.616015,-1.406828,-2.103952,-0.032834
955.000000,-0.394444,-0.598429,-1.333211,-2.236953,-0.540831
956.000000,-0.278568,-0.500600,-1.211306,-2.261045,0.138347
957.000000,-0.098035,-0.380184,-1.076048,-2.187744,0.445551
958.000000,-0.000128,-0.316167,-1.000724,-2.149530,0.136463
959.000000,0.563034,-0.016783,-0.813950,-1.957199,2.865818
960.000000,1.483541,0.276215,-0.666998,-1.845422,2.748738
961.000000,2.378781,0.674766,-0.480529,-1.562924,2.608586
962.000000,3.063868,1.254192,-0.243634,-1.289798,2.864991
963.000000,2.935568,1.616670,-0.054202,-1.124094,1.022148
964.000000,2.250021,1.872863,0.151208,-0.971193,0.879323
965.000000,1.794401,2.127541,0.292673,-0.871828,0.601422
966.000000,1.404321,2.139798,0.486979,-0.742356,0.718449
967.000000,0.597887,1.862651,0.597207,-0.668235,-0.662481
968.000000,0.163560,1.635892,0.670712,-0.644162,-0.845661
969.000000,-0.296859,1.088099,0.730883,-0.616397,-1.054563
970.000000,-0.504318,0.763921,0.848650,-0.555413,-0.257557
971.000000,-1.041325,0.233842,0.819524,-0.548065,-1.503983
972.000000,-1.690847,-0.709469,0.508466,-0.701639,-2.999177
973.000000,-2.132364,-1.341301,0.150493,-0.828062,-2.525930
974.000000,-2.799001,-2.194640,-0.638266,-1.205922,-3.488231
975.000000,-3.066999,-2.625828,-1.182659,-1.630272,-2.535534
976.000000,-2.808621,-2.682907,-1.518299,-1.848082,-1.406407
977.000000,-2.726784,-2.811075,-2.160536,-2.339293,-2.653227
978.000000,-2.627646,-2.799951,-2.517575,-2.701180,-2.261786
979.000000,-2.259158,-2.678426,-2.788154,-2.812325,-1.720358
980.000000,-1.938464,-2.529774,-2.778501,-2.744108,-1.083355
981.000000,-1.718326,-2.282874,-2.655127,-2.565600,-0.496246
982.000000,-1.450192,-2.099754,-2.669631,-2.526893,-1.253708
983.000000,-1.206528,-1.945707,-2.555729,-2.459696,-1.068414
984.000000,-1.021182,-1.691293,-2.429440,-2.379335,-0.844380
985.000000,-0.925086,-1.495220,-2.297041,-2.246490,-0.638208
986.000000,-1.015105,-1.441209,-2.221354,-2.205061,-0.935864
987.000000,-0.923372,-1.255231,-2.107517,-2.160508,-0.823579
988.000000,-0.769711,-1.046515,-1.971162,-2.053074,-0.346643
989.000000,-0.683351,-0.904246,-1.862419,-2.048119,-0.434523
990.000000,-0.609161,-0.815142,-1.781974,-2.005248,-0.267181
991.000000,-0.380184,-0.748946,-1.657473,-1.941678,0.179411
992.000000,-0.129853,-0.581625,-1.494304,-1.898584,0.385081
993.000000,0.008756,-0.439624,-1.364730,-1.824633,0.311602
994.000000,0.256270,-0.286525,-1.166863,-1.744526,0.686625
995.000000,0.042025,-0.355119,-1.120834,-1.784819,-1.503848
996.000000,-0.193917,-0.326048,-1.102062,-1.793843,-0.902050
997.000000,-0.392553,-0.254634,-0.972672,-1.748197,-0.331104
998.000000,-0.595155,-0.252347,-0.854679,-1.707374,-0.322484
999.000000,-1.023906,-0.274762,-0.785720,-1.685232,-0.703550
1000.000000,-0.837033,-0.341979,-0.768432,-1.690743,-0.774402
1001.000000,-0.762082,-0.494878,-0.793338,-1.663878,-0.498302
1002.000000,-0.921106,-0.756246,-0.758201,-1.600467,-0.664498
1003.000000,-1.020235,-1.044438,-0.728363,-1.545272,-0.417171
1004.000000,-0.961237,-1.485955,-0.725671,-1.434500,-0.578696
1005.000000,-0.922104,-1.346818,-0.762421,-1.359360,-0.761415
1006.000000,-0.824089,-1.244834,-0.735752,-1.326869,-0.231880
1007.000000,-0.915481,-1.394834,-0.774849,-1.230587,-1.057747
1008.000000,-0.845711,-1.310009,-0.839022,-1.109100,-0.144075
1009.000000,-0.389354,-0.910718,-0.783697,-0.976408,1.038215
1010.000000,-0.248424,-0.788602,-0.895369,-0.937640,-0.347266
1011.000000,-0.363709,-0.795148,-1.218535,-0.962926,-0.644372
1012.000000,-0.335688,-0.844820,-1.706274,-0.932570,-1.044431
1013.000000,-0.289016,-0.761572,-2.041337,-0.874309,0.009201
1014.000000,-0.473735,-0.561212,-2.351612,-0.816963,0.424327
1015.000000,-0.605198,-0.548421,-2.118802,-0.838639,-0.797819
1016.000000,-0.526074,-0.572985,-1.912578,-0.801725,-0.372938
1017.000000,-0.406853,-0.477201,-1.881704,-0.788781,-0.633655
1018.000000,-0.301117,-0.378252,-1.665326,-0.791656,0.370580
1019.000000,-0.515184,-0.632980,-1.487981,-0.822921,-0.306738
1020.000000,-0.736378,-0.856939,-1.529150,-0.982198,-1.533326
1021.000000,-0.683326,-0.764550,-1.402457,-1.138338,-0.152303
1022.000000,-0.417788,-0.516153,-1.185471,-1.307146,0.403052
1023.000000,-0.460343,-0.464156,-1.024992,-1.489455,0.520681
1024.000000,0.233189,-0.287789,-0.697408,-1.690075,2.208348
1025.000000,2.162105,0.246582,-0.317970,-1.363743,2.251977
1026.000000,2.655792,0.479180,-0.212171,-1.245953,0.590190
1027.000000,2.618380,0.905931,0.072123,-1.218702,0.790494
1028.000000,2.269511,0.977391,0.134183,-1.227334,0.256612
1029.000000,1.288451,1.154921,-0.115187,-1.167926,-0.398015
1030.000000,0.574152,2.042561,-0.004574,-0.943075,0.322052
1031.000000,0.616643,2.261483,0.243470,-0.717779,0.714758
1032.000000,0.533289,2.105990,0.595103,-0.464853,0.561491
1033.000000,1.097286,2.207107,0.922999,-0.094477,1.709447
1034.000000,1.609374,1.883042,1.041850,0.213171,1.014251
1035.000000,1.904530,1.621485,1.497432,0.606939,1.237705
1036.000000,1.908495,1.652024,1.752141,0.797299,0.860970
1037.000000,1.646049,1.439212,1.838911,1.015488,-0.207107
1038.000000,1.169312,1.478411,1.735820,1.094218,0.312655
1039.000000,0.920566,1.623279,1.806897,0.940486,0.376597
1040.000000,0.763588,1.695675,2.155816,1.176171,0.886034
1041.000000,0.721837,1.673165,2.121272,1.429380,0.827737
1042.000000,0.953852,1.637515,1.979559,1.689855,0.551909
1043.000000,1.261208,1.520723,1.956221,1.804364,1.393498
1044.000000,1.735108,1.666958,1.870395,1.901681,1.992102
1045.000000,2.262315,1.925502,1.884857,2.262241,2.708885
1046.000000,2.591207,2.163811,2.034324,2.414887,2.362040
1047.000000,2.423600,2.179591,1.954960,2.350481,0.645990
1048.000000,2.132682,2.104213,1.932035,2.168282,0.615311
1049.000000,1.572873,1.918952,1.874820,2.018980,-0.308319
1050.000000,0.990076,1.819205,1.836393,2.078667,0.260649
1051.000000,0.267766,1.666675,1.729297,1.953955,-0.324521
1052.000000,-0.162667,1.463300,1.591310,1.778785,-0.982303
1053.000000,-0.948520,0.975636,1.257303,1.566883,-2.022007
1054.000000,-1.082325,0.557339,1.107846,1.374357,-0.728039
1055.000000,-1.992526,-0.594506,0.656890,0.979716,-2.891622
1056.000000,-2.465561,-1.689435,0.244142,0.714864,-2.435622
1057.000000,-2.496088,-2.137677,0.010221,0.488434,-1.726372
1058.000000,-2.451310,-2.554800,-0.391942,0.220699,-2.150778
1059.000000,-2.615995,-2.704212,-0.873115,-0.046843,-2.189538
1060.000000,-2.344050,-2.757339,-1.392599,-0.379724,-1.876244
1061.000000,-2.295123,-2.788564,-1.988643,-0.895068,-2.314564
1062.000000,-3.127211,-3.265404,-3.122398,-2.203568,-4.301506
1063.000000,-3.098353,-3.132903,-3.340697,-2.848682,-2.551967
1064.000000,-2.852859,-2.941957,-3.238320,-2.958403,-1.697557
1065.000000,-2.683174,-2.688198,-3.127998,-2.944637,-1.584492
1066.000000,-2.507293,-2.519112,-3.004415,-2.870624,-1.577373
1067.000000,-1.861996,-2.360798,-2.781419,-2.689640,-1.144178
1068.000000,-1.556572,-2.215160,-2.615699,-2.564095,-1.139632
1069.000000,-1.390393,-2.071466,-2.443595,-2.438980,-0.954083
1070.000000,-1.234443,-1.956883,-2.318753,-2.339160,-0.870676
1071.000000,-1.076282,-1.831108,-2.206322,-2.251398,-0.846357
1072.000000,-1.002234,-1.487068,-2.100625,-2.167797,-0.805068
1073.000000,-0.908094,-1.288035,-1.987404,-2.104463,-0.703856
1074.000000,-0.928196,-1.216865,-1.943590,-2.090280,-1.050403
1075.000000,-0.958548,-1.152537,-1.858614,-2.088389,-1.016834
1076.000000,-0.963992,-1.070790,-1.782154,-2.069083,-0.864235
1077.000000,-0.960269,-1.027358,-1.724761,-2.012091,-0.756320
1078.000000,-0.994893,-0.990931,-1.667870,-1.966950,-0.813865
1079.000000,-1.011306,-1.008182,-1.633009,-1.930036,-1.120572
1080.000000,-1.049808,-1.043392,-1.612588,-1.912945,-1.179809
1081.000000,-1.085670,-1.065024,-1.569522,-1.882751,-0.975924
1082.000000,-1.200092,-1.119381,-1.408295,-1.859695,-1.206691
1083.000000,-1.225426,-1.155893,-1.308970,-1.812326,-0.819598
1084.000000,-1.266642,-1.189882,-1.277493,-1.802997,-1.238951
1085.000000,-1.203415,-1.190167,-1.233572,-1.748145,-0.810267
1086.000000,-1.343398,-1.284590,-1.219758,-1.726797,-1.493929
1087.000000,-1.545991,-1.459313,-1.260627,-1.735249,-1.970109
1088.000000,-1.844914,-1.629561,-1.301997,-1.733065,-1.854680
1089.000000,-2.071314,-1.792861,-1.373646,-1.737971,-2.026716
1090.000000,-2.313308,-1.916112,-1.441628,-1.738211,-1.641609
1091.000000,-2.400618,-2.094765,-1.527150,-1.731896,-1.738753
1092.000000,-2.292008,-2.191711,-1.624777,-1.626011,-2.119836
1093.000000,-2.163271,-2.272111,-1.718669,-1.576402,-1.913688
1094.000000,-2.052234,-2.276572,-1.786938,-1.570193,-2.002061
1095.000000,-2.276883,-2.446376,-1.922449,-1.611027,-2.860153
1096.000000,-2.325550,-2.425754,-2.016174,-1.630369,-2.261060
1097.000000,-2.230446,-2.304036,-2.069871,-1.653274,-1.808694
1098.000000,-2.195937,-2.223972,-2.110424,-1.680491,-1.858718
1099.000000,-2.148388,-2.143784,-2.119706,-1.717560,-1.838783
1100.000000,-1.933550,-2.096908,-2.111663,-1.753554,-1.737841
1101.000000,-1.833878,-2.054044,-2.113431,-1.791007,-1.756052
1102.000000,-1.920312,-2.064038,-2.135831,-1.855017,-2.208497
1103.000000,-1.939352,-2.060201,-2.151825,-1.906583,-1.956918
1104.000000,-1.827023,-1.978754,-2.095525,-1.901826,-1.319056
1105.000000,-1.699405,-1.812332,-2.047813,-1.885886,-1.114398
1106.000000,-1.534505,-1.679335,-1.966821,-1.865111,-0.902496
1107.000000,-1.204861,-1.555463,-1.857375,-1.832122,-0.519680
1108.000000,-0.951476,-1.452381,-1.777562,-1.808649,-0.713623
1109.000000,-0.839191,-1.358986,-1.704141,-1.778828,-0.783705
1110.000000,-0.789105,-1.285295,-1.657317,-1.753589,-0.895718
1111.000000,-0.721535,-1.178440,-1.596095,-1.724249,-0.568765
1112.000000,-0.764783,-1.025021,-1.542420,-1.695284,-0.700476
1113.000000,-0.641041,-0.830279,-1.472100,-1.658475,-0.031723
1114.000000,-0.405988,-0.662638,-1.384004,-1.599313,0.457379
1115.000000,-0.077565,-0.492524,-1.249276,-1.553322,0.741107
1116.000000,0.112833,-0.378812,-1.157067,-1.509237,0.267553
1117.000000,0.392824,-0.297016,-1.080478,-1.452500,0.415939
1118.000000,0.657040,-0.118382,-0.972731,-1.384900,1.122607
1119.000000,0.658761,0.025470,-0.887510,-1.335578,0.374643
1120.000000,0.654110,0.238762,-0.790976,-1.293081,0.712587
1121.000000,1.067916,0.562550,-0.631040,-1.217745,2.022958
1122.000000,1.663847,1.064078,-0.363822,-1.114793,2.684907
1123.000000,1.915470,1.418120,-0.099944,-1.034827,2.006762
1124.000000,2.202318,1.655093,0.131880,-0.956956,1.651961
1125.000000,2.236267,1.755593,0.367781,-0.833520,1.330889
1126.000000,1.901351,1.803569,0.579991,-0.738977,0.783964
1127.000000,1.418061,1.778345,0.759258,-0.663512,0.579904
1128.000000,1.229667,1.736238,1.042697,-0.537117,1.167730
1129.000000,1.142478,1.780273,1.365323,-0.375847,1.248032
1130.000000,1.048533,1.736261,1.658031,-0.202888,0.915000
1131.000000,0.996105,1.537452,1.814495,-0.003547,0.563345
1132.000000,1.046797,1.309168,1.935108,0.338614,0.833070
1133.000000,1.030340,1.194210,1.933835,0.754501,1.143837
1134.000000,0.991850,1.122565,1.862088,1.141329,1.122859
1135.000000,0.978253,1.057135,1.752830,1.493972,0.817847
1136.000000,1.161274,1.105495,1.726744,1.821905,1.298692
1137.000000,1.176934,1.139207,1.669337,1.982997,0.845509
1138.000000,1.066775,1.081222,1.567832,2.075945,0.617977
1139.000000,1.139721,1.095763,1.572138,2.166440,1.447669
1140.000000,1.427409,1.229921,1.597284,2.242518,2.084422
1141.000000,1.831404,1.541945,1.613464,2.291608,2.894003
1142.000000,2.403925,1.862813,1.612448,2.335075,3.019818
1143.000000,2.852671,2.103194,1.652744,2.300142,2.681338
1144.000000,2.898402,2.252247,1.694433,2.220396,2.184593
1145.000000,2.695401,2.325281,1.719447,2.123046,1.669254
1146.000000,2.648470,2.493644,1.870736,2.143269,2.722949
1147.000000,2.408903,2.555948,1.969765,2.114409,1.961618
1148.000000,2.106681,2.519264,1.975345,2.033298,1.324935
1149.000000,2.033402,2.488838,2.021099,2.027120,1.846194
1150.000000,2.022232,2.397616,2.071470,2.009264,1.683147
1151.000000,1.779575,2.242315,2.121705,1.955299,1.570495
1152.000000,1.578739,2.026048,2.096160,1.858753,1.068778
1153.000000,1.474068,1.829056,2.037570,1.788564,0.892006
1154.000000,1.261949,1.679790,1.979794,1.737426,0.835173
1155.000000,1.076539,1.579369,1.935421,1.698971,0.779691
1156.000000,0.867596,1.356173,1.864521,1.673830,0.563478
1157.000000,0.857368,1.259788,1.850979,1.683514,1.035953
1158.000000,0.771250,1.169964,1.811042,1.647912,0.464186
1159.000000,0.786285,1.071980,1.773731,1.633648,0.912580
1160.000000,0.777648,0.970531,1.709533,1.625423,0.729362
1161.000000,0.839125,0.887751,1.624689,1.636125,0.839502
1162.000000,0.703811,0.817008,1.509566,1.618756,0.365601
1163.000000,0.663752,0.751644,1.397969,1.588431,0.191611
1164.000000,0.498607,0.685149,1.305559,1.560239,0.099706
1165.000000,0.354299,0.619363,1.238992,1.543730,0.023991
1166.000000,0.082673,0.543290,1.089376,1.505729,-0.429023
1167.000000,-0.059306,0.412443,0.988513,1.493639,-0.279505
1168.000000,-0.084448,0.396847,0.947061,1.507786,0.246814
1169.000000,-0.054720,0.321658,0.872731,1.508121,0.501943
1170.000000,0.066784,0.284322,0.810539,1.498826,0.853686
1171.000000,0.428837,0.201180,0.743558,1.456877,0.637080
1172.000000,1.037787,0.249764,0.729281,1.408926,1.152191
1173.000000,1.802577,0.492562,0.767218,1.382386,2.184114
1174.000000,2.250860,0.857806,0.814654,1.367559,1.900362
1175.000000,2.544409,1.514770,0.898186,1.384396,2.158970
1176.000000,2.983828,2.667560,1.080639,1.359624,3.072716
1177.000000,3.014871,3.255287,1.207879,1.362521,2.496208
1178.000000,2.851780,3.287793,1.452506,1.408717,2.391887
1179.000000,2.636644,3.054234,1.609858,1.394600,1.767487
1180.000000,2.426634,2.832880,1.791727,1.381839,1.638759
1181.000000,2.122271,2.696073,1.943026,1.376133,1.673859
1182.000000,2.074790,2.644047,2.215846,1.446310,2.253539
1183.000000,1.983522,2.499657,2.426543,1.525381,1.987606
1184.000000,1.744811,2.249884,2.433801,1.544555,0.778226
1185.000000,1.471355,1.988440,2.362316,1.546327,0.354584
1186.000000,1.262247,1.729287,2.343441,1.580439,0.588371
1187.000000,0.780921,1.452204,2.213481,1.528679,-0.109538
1188.000000,0.373370,1.219225,2.077153,1.541807,0.100678
1189.000000,0.220805,1.048333,1.944006,1.512926,0.078801
1190.000000,0.177041,0.901217,1.825229,1.503330,0.155796
1191.000000,0.076436,0.746136,1.730270,1.477668,0.135937
1192.000000,0.152887,0.521499,1.640491,1.497419,0.240596
1193.000000,0.116996,0.273568,1.502844,1.510065,-0.077450
1194.000000,0.116324,0.187677,1.399074,1.537298,0.070950
1195.000000,0.103534,0.156896,1.294047,1.566426,0.098473
1196.000000,0.007923,0.049418,1.125136,1.600455,-0.358791
1197.000000,-0.246819,-0.029416,0.946935,1.585777,-1.024361
1198.000000,-0.378192,-0.108342,0.783333,1.554640,-0.674782
1199.000000,-0.514188,-0.164941,0.668325,1.526512,-0.402141
1200.000000,-0.612304,-0.211625,0.570817,1.502524,-0.101921
1201.000000,-0.596770,-0.271360,0.457239,1.489298,-0.166229
1202.000000,-0.266801,-0.305539,0.289838,1.487902,0.368462
1203.000000,0.146220,-0.205887,0.146801,1.474468,0.977922
1204.000000,0.336112,-0.206621,0.082431,1.440723,0.283421
1205.000000,0.794925,0.000604,0.166380,1.453419,1.612790
1206.000000,1.139191,0.282517,0.201281,1.391667,1.219628
1207.000000,1.466720,0.810182,0.421941,1.376802,1.748797
1208.000000,1.425531,1.092399,0.558173,1.300120,0.911644
1209.000000,1.579962,1.317465,0.756547,1.274883,1.061770
1210.000000,1.498234,1.503811,1.030118,1.274577,1.302533
1211.000000,1.470989,1.649728,1.360768,1.259369,1.151854
1212.000000,1.249520,1.665641,1.593043,1.125733,0.833547
1213.000000,1.102274,1.539059,1.721704,0.941641,0.236377
1214.000000,1.049469,1.596783,1.854455,0.946961,0.866134
1215.000000,0.912093,1.464752,1.917229,1.008184,0.812205
1216.000000,0.727310,1.339909,1.964130,1.007105,0.460659
1217.000000,0.738831,1.197943,2.152216,1.159840,0.986095
1218.000000,0.964043,1.210406,2.248516,1.311890,1.292548
1219.000000,0.888008,1.103774,2.178909,1.411938,0.517272
1220.000000,-0.400278,0.290376,1.491473,0.988402,-3.754656
1221.000000,-2.043543,-0.788826,0.605127,0.249231,-3.864466
1222.000000,-3.383053,-1.953457,-0.599614,-0.949778,-3.670223
1223.000000,-3.889379,-2.871305,-1.995557,-2.394803,-3.469455
1224.000000,-3.732957,-3.227948,-2.755968,-3.220262,-2.667891
1225.000000,-3.268083,-3.248311,-3.129218,-3.419513,-2.213443
1226.000000,-2.967320,-3.229449,-3.288646,-3.425281,-2.424250
1227.000000,-2.697301,-3.165023,-3.298416,-3.300752,-2.297901
1228.000000,-2.411068,-3.055423,-3.174476,-3.153054,-2.049154
1229.000000,-2.230109,-2.912167,-3.034978,-3.006628,-1.852879
1230.000000,-2.123526,-2.686868,-2.913459,-2.885655,-1.780845
1231.000000,-1.961139,-2.471739,-2.788635,-2.764947,-1.640257
1232.000000,-1.806548,-2.269373,-2.665908,-2.663393,-1.537306
1233.000000,-1.623020,-2.039156,-2.515219,-2.543512,-1.161399
1234.000000,-1.423257,-1.847281,-2.377382,-2.405728,-0.868962
1235.000000,-1.202156,-1.683358,-2.250072,-2.297346,-0.668943
1236.000000,-1.031685,-1.525154,-2.153598,-2.214097,-0.782170
1237.000000,-0.866935,-1.374468,-2.076554,-2.147586,-0.727806
1238.000000,-0.725872,-1.220254,-1.997580,-2.060487,-0.468908
1239.000000,-0.629814,-1.077480,-1.919982,-1.985633,-0.392393
1240.000000,-0.606935,-0.955626,-1.813451,-1.937667,-0.553875
1241.000000,-0.558570,-0.844227,-1.703759,-1.895622,-0.554844
1242.000000,-0.527026,-0.741858,-1.593278,-1.857016,-0.589698
1243.000000,-0.545199,-0.674989,-1.475813,-1.815131,-0.549655
1244.000000,-0.554402,-0.627438,-1.377630,-1.779058,-0.403075
