0.000000,5.385165,5.385165,5.385165,5.385165,1.093023
1.000000,3.774654,3.748888,3.750652,3.743435,1.481018
2.000000,3.045411,3.015452,3.012811,3.003037,1.400258
3.000000,2.603985,2.572836,2.565181,2.552944,1.401745
4.000000,2.285987,2.256766,2.251374,2.237741,0.834124
5.000000,2.038126,2.024087,2.017144,2.001427,0.891058
6.000000,1.836293,1.845077,1.829423,1.813412,0.720134
7.000000,1.669123,1.692979,1.674600,1.657705,0.571696
8.000000,1.520922,1.560055,1.543202,1.524091,-0.010921
9.000000,1.396726,1.441390,1.429274,1.408174,-0.190155
10.000000,1.277407,1.327502,1.326156,1.304908,-1.126068
11.000000,1.173610,1.224400,1.232611,1.217706,-1.034607
12.000000,1.081117,1.131158,1.149410,1.137393,-1.007720
13.000000,1.003347,1.045941,1.074110,1.063474,-0.840389
14.000000,0.933742,0.970232,1.002196,0.994292,-0.716889
15.000000,0.872208,0.896309,0.935548,0.929494,-1.271445
16.000000,0.812738,0.827382,0.875708,0.867328,-1.138368
17.000000,0.753523,0.761350,0.816374,0.807775,-1.257287
18.000000,0.694341,0.700575,0.758695,0.751282,-1.235032
19.000000,0.626553,0.637885,0.699068,0.695225,-1.943891
20.000000,0.579706,0.588344,0.641524,0.642469,-0.580755
21.000000,0.537078,0.540509,0.584452,0.589832,-0.150240
22.000000,0.494368,0.491155,0.526723,0.538117,-0.318437
23.000000,0.452197,0.440231,0.467920,0.486506,-0.266908
24.000000,0.424942,0.388955,0.410095,0.432111,0.079417
25.000000,0.378846,0.338653,0.348583,0.376989,0.119491
26.000000,0.335300,0.289345,0.284418,0.322771,0.780268
27.000000,0.295615,0.236799,0.210607,0.260102,0.853236
28.000000,0.261868,0.175710,0.115363,0.182574,0.930744
29.000000,0.744998,0.292409,-1.370093,-0.044298,0.574936
30.000000,0.913016,0.509473,-1.062887,-0.081681,0.908712
31.000000,0.962477,0.678289,-0.749482,-0.195556,1.074360
32.000000,1.006160,0.867240,-0.442881,-0.309427,1.117817
33.000000,0.977422,0.998533,-0.214401,-0.545808,0.806877
34.000000,1.046181,1.078883,0.000487,-0.625131,0.839153
35.000000,1.203676,1.244921,0.408764,-0.523289,1.608462
36.000000,1.204821,1.264296,0.729079,-0.522835,1.051159
37.000000,1.255783,1.319056,1.115137,-0.341427,1.333003
38.000000,1.373656,1.373191,1.494992,0.214334,1.352446
39.000000,1.399525,1.433377,1.905848,0.801385,1.033157
40.000000,1.386201,1.502172,2.117514,1.978309,1.619271
41.000000,1.436031,1.502128,2.176002,2.700067,1.387623
42.000000,1.538241,1.550679,2.271103,3.173615,1.839902
43.000000,1.575657,1.595311,2.289666,3.229616,1.561625
44.000000,2.149222,1.912628,2.477170,3.516285,3.320034
45.000000,2.676201,2.226622,2.669183,3.670968,3.512205
46.000000,2.770997,2.334050,2.598052,3.439444,2.252490
47.000000,2.715984,2.365347,2.504152,3.233749,1.994841
48.000000,2.653928,2.358239,2.399510,3.046332,1.771124
49.000000,2.373627,2.376699,2.331444,2.938014,1.791102
50.000000,2.021916,2.349480,2.261386,2.777703,1.764601
51.000000,1.865456,2.309429,2.183348,2.619471,1.534528
52.000000,1.742613,2.237903,2.116074,2.496599,1.434357
53.000000,1.701155,2.210484,2.090101,2.408409,1.591374
54.000000,1.610317,2.037476,2.053698,2.310315,1.365540
55.000000,1.440790,1.778262,1.975789,2.202218,0.948701
56.000000,1.315100,1.637173,1.928039,2.092353,0.924819
57.000000,1.242536,1.539834,1.892736,2.008630,1.080569
58.000000,1.093038,1.444233,1.849810,1.924866,0.876126
59.000000,1.060768,1.385373,1.843268,1.881445,1.215405
60.000000,1.117718,1.328427,1.821026,1.838260,1.218013
61.000000,1.253794,1.333334,1.827940,1.818121,1.562375
62.000000,1.229920,1.283202,1.786180,1.774457,0.961261
63.000000,1.197096,1.188503,1.742815,1.735218,0.694950
64.000000,1.048721,1.095626,1.625373,1.693973,0.452908
65.000000,0.854171,1.028672,1.468941,1.638690,0.224427
66.000000,0.595208,0.981158,1.380373,1.609603,0.366332
67.000000,0.469052,0.920096,1.307105,1.584008,0.396815
68.000000,0.397560,0.883717,1.246446,1.563673,0.384745
69.000000,0.373652,0.801122,1.184016,1.554257,0.335351
70.000000,0.091985,0.575459,1.059838,1.494446,-1.397985
71.000000,-0.219252,0.299717,0.964278,1.458282,-1.138487
72.000000,-0.512713,0.126272,0.894563,1.432406,-0.595798
73.000000,-1.210925,-0.127362,0.777312,1.399406,-1.949547
74.000000,-1.997074,-0.368119,0.678325,1.316578,-1.382039
75.000000,-1.895863,-0.608422,0.605652,1.196666,-1.236027
76.000000,-1.686731,-0.904072,0.539122,1.127077,-0.798402
77.000000,-1.690163,-1.291024,0.438258,1.057819,-0.981521
78.000000,-1.285236,-1.631925,0.360291,1.002894,-0.541738
79.000000,-1.116863,-1.911788,0.209474,0.932889,-0.823886
80.000000,-0.992107,-1.683379,0.024169,0.854920,-0.766431
81.000000,-0.922610,-1.487395,-0.255707,0.787716,-0.549013
82.000000,-0.960295,-1.500896,-0.542199,0.699508,-1.137354
83.000000,-0.907351,-1.243505,-0.776334,0.606571,-0.348953
84.000000,-0.555686,-0.946004,-0.911668,0.550369,0.607749
85.000000,-0.138105,-0.638827,-0.981319,0.539292,0.897860
86.000000,0.260870,-0.377154,-1.054243,0.534963,1.001596
87.000000,1.011532,0.032762,-1.013211,0.548618,1.715820
88.000000,1.535735,0.404348,-0.910488,0.604688,1.752064
89.000000,1.889407,0.899108,-0.682881,0.654820,2.122643
90.000000,2.104956,1.358371,-0.115358,0.714957,2.007115
91.000000,2.387099,1.844076,0.474497,0.764854,2.500068
92.000000,2.398687,2.251510,0.918517,0.944850,2.083052
93.000000,2.315645,2.396669,1.449456,1.204461,1.703892
94.000000,2.372713,2.532662,2.047736,1.807447,2.535738
95.000000,2.322706,2.527799,2.396992,2.443945,2.072869
96.000000,2.167417,2.477868,2.558518,2.836426,1.865772
97.000000,2.004564,2.324107,2.591082,2.897701,1.430753
98.000000,1.907526,2.188697,2.551994,2.821961,1.357269
99.000000,1.671697,2.049751,2.516479,2.712834,1.353303
100.000000,1.607490,1.984772,2.502322,2.847434,1.754861
101.000000,1.407744,1.802225,2.380112,2.730541,0.930822
102.000000,1.127469,1.577584,2.227871,2.480146,0.056277
103.000000,0.955042,1.450650,2.111199,2.394444,0.477984
104.000000,0.775757,1.251130,1.981269,2.292989,0.445994
105.000000,0.450453,1.070432,1.850418,2.185213,0.219590
106.000000,0.225400,0.872644,1.716041,2.055151,-0.144872
107.000000,0.108291,0.678518,1.553262,1.930145,-0.574676
108.000000,0.042188,0.561476,1.454070,1.865786,0.208580
109.000000,-0.017721,0.438309,1.351647,1.824373,0.223800
110.000000,-0.057200,0.236102,1.255485,1.781946,0.073482
111.000000,-0.048767,0.111030,1.138563,1.732273,-0.124388
112.000000,0.106173,0.115281,1.053492,1.723345,0.060829
113.000000,-0.016754,0.018836,0.970549,1.679103,-0.425357
114.000000,-0.215340,-0.106569,0.819725,1.607787,-0.702274
115.000000,-0.261103,-0.150643,0.711961,1.562327,0.013968
116.000000,-0.388442,-0.197166,0.581792,1.501710,-0.630008
117.000000,-0.991530,-0.348830,0.399803,1.369618,-2.233979
118.000000,-1.514678,-0.716345,0.186246,1.234885,-2.231930
119.000000,-2.044274,-1.231090,-0.109615,1.061039,-2.548004
120.000000,-2.424346,-1.651156,-0.487524,0.909409,-1.934780
121.000000,-2.528878,-1.959016,-0.826120,0.724407,-1.832889
122.000000,-2.208007,-2.083406,-1.037024,0.575616,-1.181027
123.000000,-1.952770,-2.093496,-1.338010,0.423839,-1.215865
124.000000,-1.518325,-1.961644,-1.552060,0.208033,-0.597324
125.000000,-1.216168,-1.913653,-1.684260,-0.015496,-0.546224
126.000000,-0.907860,-1.813568,-1.704057,-0.261478,-0.432060
127.000000,-0.591705,-1.516849,-1.565995,-0.446870,0.299281
128.000000,-0.131890,-1.186846,-1.476225,-0.618991,0.826362
129.000000,0.247968,-0.786313,-1.366379,-0.811025,1.044963
130.000000,0.710626,-0.411907,-1.226465,-1.059124,1.400707
131.000000,1.338648,0.087999,-1.024208,-1.082961,2.061213
132.000000,1.760021,0.563527,-0.847214,-0.924431,2.003040
133.000000,1.978092,1.097991,-0.643424,-0.823212,1.854531
134.000000,2.013350,1.477515,-0.455012,-0.738345,1.463779
135.000000,1.977118,1.816509,-0.313588,-0.588075,1.477911
136.000000,1.825625,2.058368,-0.112401,-0.355797,1.471969
137.000000,1.654232,2.101088,0.223798,-0.061418,1.307026
138.000000,1.520103,2.058346,0.605785,0.099237,1.293210
139.000000,1.467157,1.991865,1.075896,0.261972,1.275633
140.000000,1.338032,1.864257,1.455117,0.397086,0.925517
141.000000,1.290880,1.740645,1.847818,0.621189,1.268277
142.000000,1.254683,1.617118,2.092403,0.807368,1.150880
143.000000,1.182374,1.494094,2.254066,1.026603,0.969077
144.000000,1.210194,1.473887,2.325835,1.348562,1.398103
145.000000,1.286471,1.442908,2.337158,1.581432,1.312211
146.000000,1.365239,1.455798,2.342582,1.917230,1.627583
147.000000,1.469096,1.487752,2.283047,2.315685,1.672296
148.000000,1.597952,1.516949,2.197351,2.572394,1.678643
149.000000,1.617772,1.530619,2.105847,2.705809,1.593791
150.000000,1.575599,1.525826,1.990845,2.660141,1.146522
151.000000,1.564534,1.534523,1.898503,2.622689,1.584870
152.000000,1.495667,1.531745,1.801957,2.513899,1.319948
153.000000,1.460910,1.568308,1.735461,2.433720,1.527012
154.000000,1.505993,1.595265,1.714099,2.350671,1.848622
155.000000,1.573688,1.601583,1.672488,2.258095,1.412220
156.000000,1.320899,1.482180,1.577967,2.128299,0.129568
157.000000,1.059610,1.332864,1.487246,1.989440,-0.230189
158.000000,0.854780,1.231667,1.435577,1.885714,0.494124
159.000000,0.627446,1.174391,1.409633,1.811492,0.992377
160.000000,0.491508,1.175874,1.406205,1.747328,0.980840
161.000000,0.967267,1.227946,1.434640,1.711100,2.158635
162.000000,1.475992,1.299296,1.463756,1.670555,1.874738
163.000000,1.832747,1.370126,1.516311,1.646320,2.035576
164.000000,1.851726,1.293250,1.505685,1.611019,1.179217
165.000000,1.764773,1.218631,1.484190,1.563829,0.690585
166.000000,1.482835,1.325915,1.450596,1.524325,0.817714
167.000000,1.093750,1.373367,1.376156,1.469404,0.008201
168.000000,0.627123,1.328507,1.296849,1.419322,-0.057700
169.000000,0.499857,1.309632,1.256201,1.395326,0.657604
170.000000,0.616350,1.358457,1.280905,1.405388,1.240267
171.000000,0.442494,1.134223,1.214543,1.372382,0.033958
172.000000,0.644733,1.011190,1.204580,1.368403,0.762376
173.000000,1.110216,0.945844,1.224409,1.400238,1.697153
174.000000,1.111821,0.868932,1.154304,1.383039,0.396664
175.000000,0.784215,0.811296,1.094332,1.363533,-0.167058
176.000000,0.916290,0.770738,1.159086,1.338675,0.221487
177.000000,0.851786,0.932067,1.262734,1.314702,0.446736
178.000000,0.666526,1.252615,1.347923,1.307136,1.173569
179.000000,0.749221,1.338762,1.360934,1.287456,0.637313
180.000000,0.791813,1.144808,1.336178,1.278758,-0.046839
181.000000,0.795948,1.289737,1.216331,1.245472,0.237948
182.000000,0.601249,1.131204,1.082080,1.215201,-0.171167
183.000000,0.257590,0.739907,0.923786,1.176619,0.120876
184.000000,-0.072383,0.552262,0.808242,1.085950,-0.368028
185.000000,-0.037288,0.614596,0.776055,1.038002,0.061754
186.000000,0.085985,0.727442,0.780029,1.109157,0.675003
187.000000,0.244184,0.718496,0.885832,1.198581,0.378254
188.000000,0.558224,0.706475,1.101769,1.277074,1.311434
189.000000,0.924864,0.697505,1.174958,1.297989,0.493867
190.000000,0.467109,0.311892,0.928974,1.237511,-1.811663
191.000000,-0.205974,-0.035880,0.959919,1.106028,-0.856244
192.000000,-1.572775,-1.061922,0.532356,0.883423,-2.596611
193.000000,-3.227086,-2.663289,-0.465039,0.516014,-3.345919
194.000000,-3.772945,-3.501193,-1.317159,0.155736,-3.069593
195.000000,-3.299786,-3.498934,-1.688234,-0.086595,-1.658894
196.000000,-2.781937,-3.105871,-1.735574,-0.235174,-0.180894
197.000000,-2.052472,-2.715859,-1.751029,-0.248026,0.133386
198.000000,-1.310860,-2.618311,-1.961302,-0.293289,-0.155328
199.000000,-0.394346,-2.342285,-1.915475,-0.392214,0.425190
200.000000,0.368024,-1.756051,-1.596990,-0.484828,1.138951
201.000000,0.972973,-1.169679,-1.176492,-0.129664,1.968094
202.000000,1.260796,-0.516061,-0.857601,-0.016296,1.226125
203.000000,1.732568,0.458606,-0.466488,0.063811,1.755917
204.000000,1.875391,1.341287,-0.101502,0.325711,1.247642
205.000000,2.050284,2.047454,0.424065,0.987596,2.062575
206.000000,2.114737,2.410941,0.969303,1.666822,2.329723
207.000000,2.214003,2.542915,1.460035,2.102674,1.949988
208.000000,2.159732,2.614316,1.763253,2.264351,1.760249
209.000000,2.050833,2.485245,1.938667,2.281804,1.116391
210.000000,1.696412,2.234607,2.143088,2.232472,0.543758
211.000000,1.306036,1.957752,2.185404,2.148535,0.522516
212.000000,1.087451,1.854955,2.411667,2.198163,0.932136
213.000000,0.838790,1.680634,2.567947,2.142355,0.636276
214.000000,0.719838,1.568419,2.647836,2.129271,0.583972
215.000000,0.598532,1.311099,2.502127,1.986373,0.001503
216.000000,0.601461,1.095615,2.343795,1.899381,0.534535
217.000000,0.485055,0.904512,2.185045,1.828846,0.410016
218.000000,0.418451,0.723984,2.068560,1.710393,0.340180
219.000000,0.430928,0.662547,1.968179,1.690646,0.637454
220.000000,0.855552,0.838226,1.963189,1.933663,1.847928
221.000000,1.026632,0.938998,1.855880,2.008065,1.283435
222.000000,1.155357,0.949721,1.781834,2.103216,1.023675
223.000000,1.547291,1.143699,1.788203,2.326907,2.184397
224.000000,1.822222,1.301681,1.798240,2.465068,1.992244
225.000000,1.879826,1.543616,1.771372,2.503820,2.173990
226.000000,2.067541,1.710880,1.721575,2.456843,2.063391
227.000000,2.251168,1.861966,1.682083,2.385146,1.799118
228.000000,2.205248,2.052127,1.679628,2.347049,2.022778
229.000000,2.183767,2.200224,1.723036,2.292027,1.944859
230.000000,2.105215,2.190602,1.800593,2.224168,1.863628
231.000000,1.855850,2.143629,1.811453,2.092009,0.986884
232.000000,1.639340,2.104826,1.785084,1.998547,0.812244
233.000000,1.334586,1.897781,1.765806,1.894378,0.569760
234.000000,1.173372,1.796858,1.792974,1.849874,1.163510
235.000000,1.000482,1.667625,1.846040,1.775992,1.070285
236.000000,1.119286,1.601723,1.889360,1.716098,1.520819
237.000000,0.984637,1.409687,1.846587,1.610795,0.221458
238.000000,0.942141,1.221268,1.825113,1.529562,0.394732
239.000000,0.761410,1.034823,1.785685,1.478559,0.307266
240.000000,0.634792,0.874855,1.686000,1.464426,0.468718
241.000000,0.415752,0.823931,1.636561,1.457866,0.539789
242.000000,0.437093,0.768560,1.592427,1.426570,0.309172
243.000000,0.563999,0.815858,1.516513,1.440451,0.999275
244.000000,0.564897,0.715962,1.416803,1.428149,0.256248
245.000000,0.621474,0.671467,1.338217,1.462501,0.727386
246.000000,0.666101,0.564509,1.265301,1.477628,0.736822
247.000000,0.748666,0.611664,1.200498,1.497628,0.573609
248.000000,0.712024,0.668529,1.131798,1.537171,0.910885
249.000000,0.767058,0.686618,1.031352,1.550836,0.029292
250.000000,0.810490,0.740610,0.954272,1.523864,0.825915
251.000000,0.861356,0.790594,0.942847,1.528520,0.761834
252.000000,0.950120,0.886854,0.935864,1.544113,0.401905
253.000000,0.741595,0.819539,0.939561,1.485422,0.054282
254.000000,0.530706,0.846326,0.855607,1.418593,-0.869012
255.000000,-0.258123,0.660792,0.760495,1.329858,-1.153151
256.000000,-1.757630,-0.033809,0.518092,1.194126,-2.701055
257.000000,-2.639445,-1.059737,0.409993,1.065805,-2.336576
258.000000,-3.184662,-2.481597,0.205200,0.883027,-2.686591
259.000000,-3.294919,-3.033960,-0.064672,0.671155,-2.629253
260.000000,-3.111244,-3.174822,-0.364006,0.468572,-1.835668
261.000000,-2.546781,-3.005570,-0.649381,0.362190,-0.940070
262.000000,-2.096168,-2.793745,-0.923054,0.273672,-0.661103
263.000000,-1.842131,-2.748893,-1.613612,0.134725,-1.648322
264.000000,-1.475515,-2.561196,-2.046362,-0.054653,-1.139389
265.000000,-1.279476,-2.386546,-2.397507,-0.255150,-1.034215
266.000000,-1.425316,-2.202770,-2.608957,-0.589259,-1.648698
267.000000,-1.806395,-2.178477,-2.759324,-0.872912,-2.388860
268.000000,-2.105182,-2.200565,-2.901274,-1.291128,-2.823271
269.000000,-2.291554,-2.124765,-2.819526,-1.651142,-2.192813
270.000000,-2.507221,-2.182583,-2.821331,-2.030579,-2.418342
271.000000,-2.501028,-2.250559,-2.758812,-2.278319,-2.052196
272.000000,-2.411599,-2.332758,-2.699088,-2.422580,-2.115579
273.000000,-2.212816,-2.295720,-2.614089,-2.513806,-1.898206
274.000000,-2.003078,-2.214213,-2.463770,-2.426630,-1.275619
275.000000,-1.860081,-2.205711,-2.378770,-2.407224,-1.693409
276.000000,-1.752669,-2.140587,-2.255312,-2.361361,-1.531655
277.000000,-1.517457,-1.975673,-2.116679,-2.263607,-0.956839
278.000000,-1.363403,-1.811779,-2.000993,-2.207303,-1.133226
279.000000,-1.312892,-1.694064,-1.890916,-2.130553,-1.018843
280.000000,-1.150404,-1.546879,-1.812146,-2.077894,-0.891290
281.000000,-0.907456,-1.380692,-1.738782,-2.003140,-0.315403
282.000000,-0.703384,-1.168676,-1.663015,-1.917998,0.137231
283.000000,-0.441490,-0.973161,-1.569308,-1.843506,0.185296
284.000000,-0.213783,-0.858567,-1.512196,-1.777431,0.026561
285.000000,0.036714,-0.670649,-1.459491,-1.712844,0.197414
286.000000,0.132655,-0.496227,-1.397420,-1.633866,0.059936
287.000000,0.321374,-0.292496,-1.267885,-1.531531,1.055917
288.000000,0.494331,-0.046966,-1.115155,-1.428179,0.963991
289.000000,0.585016,0.149286,-1.011071,-1.347462,0.387347
290.000000,0.593815,0.321666,-0.891416,-1.296866,0.204236
291.000000,0.597843,0.392703,-0.792339,-1.282121,0.022980
292.000000,0.213929,0.311453,-0.712434,-1.307337,-0.769151
293.000000,-0.055994,0.278162,-0.608979,-1.289891,-0.203905
294.000000,-0.000054,0.377424,-0.501165,-1.261041,0.778563
295.000000,0.188803,0.499773,-0.316556,-1.231149,1.161433
296.000000,0.445857,0.651714,-0.115566,-1.187333,1.100272
297.000000,0.845996,0.599802,0.034139,-1.128308,0.681812
298.000000,1.141605,0.587245,0.267745,-1.022155,0.956319
299.000000,1.170870,0.686625,0.555791,-0.929469,1.003546
300.000000,0.714770,0.568285,0.732419,-0.868921,-0.715484
301.000000,0.372812,0.518697,0.859760,-0.800485,-0.375554
302.000000,0.251519,0.669263,0.952378,-0.674035,0.151711
303.000000,0.269728,0.837851,1.119616,-0.483536,1.105214
304.000000,0.266062,0.848265,1.295277,-0.323179,1.059671
305.000000,0.928554,0.917417,1.476391,0.003297,1.840991
306.000000,1.550120,1.017386,1.629407,0.403787,1.870106
307.000000,1.846869,1.109323,1.518343,0.748089,1.181070
308.000000,1.859310,1.157042,1.412754,1.179889,1.069117
309.000000,1.685034,1.083980,1.310950,1.524030,0.026475
310.000000,0.830663,1.107598,1.110754,1.646393,-1.677712
311.000000,-0.271552,1.057692,0.948865,1.577923,-1.700136
312.000000,-1.140650,0.930588,0.945246,1.428958,-1.217749
313.000000,-1.746145,0.588836,0.912451,1.301900,-0.764904
314.000000,-1.917167,0.116338,0.761002,1.195152,-0.806500
315.000000,-1.711159,-0.985297,0.530166,1.027044,-1.159261
316.000000,-1.926813,-2.659278,0.106316,0.741080,-2.419602
317.000000,-2.329437,-3.474276,-0.428973,0.239125,-2.695169
318.000000,-2.603192,-3.533228,-1.054621,-0.217222,-2.276361
319.000000,-2.710252,-3.303818,-1.707066,-0.561397,-2.008218
320.000000,-2.903667,-3.139665,-2.221334,-1.020962,-2.727619
321.000000,-2.839606,-3.024086,-2.662942,-1.453499,-2.620551
322.000000,-2.607949,-2.877473,-2.872733,-1.677653,-2.071193
323.000000,-2.476488,-2.786395,-3.000023,-1.935260,-1.994952
324.000000,-2.349926,-2.671828,-2.964118,-2.187027,-1.734793
325.000000,-2.080693,-2.533317,-2.897643,-2.352950,-1.512927
326.000000,-1.855684,-2.361518,-2.820212,-2.450273,-1.562721
327.000000,-1.634303,-2.136743,-2.657617,-2.405334,-1.040115
328.000000,-1.481188,-1.999859,-2.546997,-2.385830,-1.246592
329.000000,-1.211753,-1.806171,-2.352577,-2.272035,-0.424592
330.000000,-0.992882,-1.574988,-2.157703,-2.103241,-0.447041
331.000000,-0.661818,-1.302820,-1.964793,-1.940905,0.031529
332.000000,-0.375343,-1.055431,-1.798780,-1.804534,0.336428
333.000000,-0.032688,-0.812744,-1.673380,-1.724380,0.368192
334.000000,0.123139,-0.598692,-1.571711,-1.661370,0.316355
335.000000,0.220293,-0.440279,-1.499667,-1.660500,-0.026816
336.000000,0.165743,-0.293360,-1.412514,-1.680830,-0.297836
337.000000,0.063890,-0.188253,-1.307960,-1.674856,-0.161657
338.000000,-0.077282,-0.057834,-1.228603,-1.678494,-0.287175
339.000000,-0.190187,-0.013170,-1.152754,-1.653800,-0.114932
340.000000,-0.140402,0.076772,-1.011212,-1.580177,0.294794
341.000000,0.097794,0.153800,-0.832705,-1.494280,0.806959
342.000000,0.203211,0.137365,-0.705564,-1.453988,0.266514
343.000000,0.108712,0.000072,-0.625910,-1.478511,-0.841729
344.000000,-0.050361,-0.155274,-0.558389,-1.509556,-0.912524
345.000000,-0.251749,-0.230124,-0.481653,-1.522484,-0.559152
346.000000,-0.481489,-0.190735,-0.350695,-1.474491,0.044740
347.000000,-0.680844,-0.236515,-0.286915,-1.426251,-0.446312
348.000000,0.005221,0.086645,-0.018628,-1.292835,1.844218
349.000000,0.755113,0.438833,0.201735,-1.158737,1.863839
350.000000,1.397214,0.756281,0.501909,-0.949581,1.921223
351.000000,1.770647,0.925760,0.772506,-0.713071,1.700259
352.000000,2.087803,1.115434,1.006374,-0.499566,1.353721
353.000000,1.924193,1.450204,1.257471,-0.248144,1.298893
354.000000,1.777926,1.734933,1.509616,0.025848,1.241799
355.000000,1.755758,2.026027,1.873916,0.377407,1.821027
356.000000,1.796427,2.216171,2.154074,0.794282,1.864038
357.000000,1.902269,2.417710,2.279359,1.164612,1.799009
358.000000,2.093190,2.403418,2.393595,1.583081,2.124993
359.000000,2.677458,2.654706,2.675557,2.032575,3.501565
360.000000,2.897477,2.775041,2.776772,2.358114,2.952455
361.000000,2.952090,2.818968,2.772981,2.511503,2.644431
362.000000,2.837169,2.755582,2.722031,2.505675,2.045574
363.000000,2.629462,2.632514,2.684352,2.434229,1.645587
364.000000,2.256119,2.528382,2.640295,2.366759,1.605876
365.000000,1.928506,2.372015,2.554724,2.296564,1.324547
366.000000,1.649990,2.241241,2.459633,2.242445,1.275818
367.000000,1.510076,2.149946,2.405522,2.195446,1.371092
368.000000,1.452113,2.057617,2.290984,2.159893,1.377666
369.000000,1.350288,1.841474,2.177693,2.103428,1.123953
370.000000,1.333655,1.678716,2.090594,2.053408,1.251279
371.000000,1.331461,1.539934,2.024236,1.999505,1.272710
372.000000,1.309110,1.456595,1.977075,1.970539,1.267040
373.000000,1.251247,1.395562,1.926471,1.963550,1.105832
374.000000,1.252907,1.344319,1.886788,1.961519,1.146053
375.000000,1.223054,1.319416,1.834515,1.952033,1.115354
376.000000,1.236155,1.323138,1.800320,1.945183,1.353079
377.000000,1.246335,1.313033,1.768396,1.946239,1.322790
378.000000,1.311725,1.310589,1.734380,1.910509,1.409941
379.000000,1.338938,1.322858,1.638785,1.872818,1.254118
380.000000,1.308876,1.292637,1.540166,1.824561,0.928761
381.000000,1.238271,1.268836,1.453328,1.788250,1.001881
382.000000,1.128926,1.225466,1.384722,1.754410,0.753514
383.000000,1.042467,1.225096,1.348961,1.733507,1.006910
384.000000,1.018380,1.235463,1.323012,1.720856,1.191256
385.000000,1.056178,1.242619,1.310211,1.695342,1.088459
386.000000,1.036876,1.198873,1.292732,1.664699,0.823034
387.000000,0.959355,1.103563,1.248489,1.622625,-0.032541
388.000000,0.891376,1.025872,1.218737,1.586543,0.492940
389.000000,0.717287,0.955028,1.204473,1.505367,0.447030
390.000000,0.669275,0.977041,1.196805,1.439445,1.170249
391.000000,0.594809,0.944454,1.174076,1.367690,0.674658
392.000000,0.603080,0.887447,1.130471,1.305209,-0.081671
393.000000,0.265130,0.677801,1.072301,1.245515,-1.084503
394.000000,-0.003441,0.425587,1.014275,1.192285,-0.802291
395.000000,-0.531473,0.126456,0.946040,1.148611,-1.185891
396.000000,-0.854520,-0.081746,0.867136,1.117375,-0.591759
397.000000,-1.303068,-0.295664,0.740368,1.060261,-1.929475
398.000000,-1.603263,-0.652704,0.565478,0.991841,-2.246876
399.000000,-1.979780,-1.036438,0.374291,0.935218,-2.213723
400.000000,-2.266906,-1.582168,0.165179,0.857629,-2.362047
401.000000,-2.466552,-1.979493,-0.090023,0.777453,-1.904868
402.000000,-2.422737,-2.241594,-0.399255,0.675527,-2.083790
403.000000,-2.107962,-2.173697,-0.739275,0.603908,-1.101590
404.000000,-1.783709,-2.086910,-1.132318,0.526284,-0.802498
405.000000,-1.383893,-1.920964,-1.489168,0.450613,-0.479152
406.000000,-1.152627,-1.865028,-1.779450,0.311850,-0.800151
407.000000,-0.799595,-1.662016,-1.819893,0.163360,-0.464010
408.000000,-0.547857,-1.389007,-1.793060,-0.009354,0.070279
409.000000,-0.254724,-1.087155,-1.700808,-0.175022,0.585865
410.000000,0.020096,-0.746536,-1.657036,-0.316104,0.794842
411.000000,0.230646,-0.527842,-1.637103,-0.589239,0.091384
412.000000,0.292150,-0.307736,-1.584085,-0.926836,-0.255375
413.000000,0.230527,-0.200217,-1.460357,-1.385642,-0.239852
414.000000,0.169856,-0.062451,-1.330665,-1.766017,0.341101
415.000000,0.306661,0.170075,-1.113439,-1.839767,1.519976
416.000000,0.697038,0.499702,-0.937838,-1.720038,1.755058
417.000000,1.235187,0.824264,-0.669742,-1.407853,1.851031
418.000000,1.845593,1.144112,-0.327151,-1.122556,2.203752
419.000000,2.067742,1.297308,-0.025631,-0.940063,1.524432
420.000000,2.132578,1.495899,0.378179,-0.784044,1.976405
421.000000,2.131042,1.771943,0.790071,-0.566062,1.913143
422.000000,2.043871,2.008113,1.233229,-0.285867,1.619043
423.000000,1.628656,2.006313,1.437573,-0.077998,0.436984
424.000000,1.288679,1.871065,1.554369,0.025410,0.021043
425.000000,0.856446,1.627637,1.614132,0.161446,-0.071154
426.000000,1.604487,2.058187,2.290776,1.329259,3.863126
427.000000,2.367751,2.417554,2.761859,2.648010,3.466381
428.000000,2.921657,2.558482,2.905680,3.337812,2.830471
429.000000,3.204319,2.667458,2.902108,3.519762,2.594862
430.000000,3.259438,2.673146,2.830172,3.454288,2.340763
431.000000,2.889539,2.667972,2.781942,3.309377,2.263366
432.000000,2.529305,2.609960,2.691257,3.125750,1.850123
433.000000,2.256234,2.578546,2.588052,2.919404,1.607314
434.000000,1.991337,2.528923,2.467399,2.730643,1.359256
435.000000,1.720738,2.448178,2.321407,2.550019,1.049250
436.000000,1.452258,2.182939,2.197940,2.414228,0.968236
437.000000,1.244254,1.933339,2.086949,2.290327,0.850387
438.000000,1.072213,1.732052,1.983597,2.176673,0.787874
439.000000,0.985769,1.569356,1.925046,2.088041,0.954141
440.000000,0.887867,1.387459,1.841384,1.987238,0.584478
441.000000,0.768623,1.188961,1.760397,1.906189,0.395622
442.000000,0.732367,1.062902,1.716544,1.861562,0.676381
443.000000,0.662764,0.937041,1.692055,1.812387,0.446362
444.000000,0.416689,0.768608,1.644161,1.731425,-0.234418
445.000000,0.362886,0.693131,1.637725,1.677008,0.339770
446.000000,0.218240,0.558697,1.486002,1.599732,-0.311639
447.000000,-0.057418,0.408191,1.316918,1.520499,-0.563830
448.000000,-0.271889,0.266779,1.169254,1.448927,-0.477959
449.000000,-0.294657,0.108203,1.030676,1.403873,-0.327182
450.000000,-0.529390,-0.044198,0.878014,1.346283,-0.645477
451.000000,-0.582856,-0.165589,0.721720,1.302333,-0.512956
452.000000,-0.599019,-0.354333,0.576491,1.266067,-0.619891
453.000000,-0.682648,-0.544167,0.428102,1.254718,-0.823945
454.000000,-0.762128,-0.610778,0.303017,1.273797,-0.577978
455.000000,-0.857990,-0.839028,0.174550,1.297542,-1.046692
456.000000,-0.892615,-0.920407,0.054722,1.222450,-0.545331
457.000000,-0.839334,-0.933748,-0.071221,1.127054,-0.451182
458.000000,-0.647389,-0.918194,-0.202373,1.041098,-0.210309
459.000000,-0.324946,-0.785235,-0.320816,0.977193,0.817361
460.000000,0.019247,-0.597468,-0.422587,0.894907,0.573774
461.000000,0.315975,-0.401475,-0.485488,0.795136,0.854454
462.000000,0.646138,-0.171687,-0.595331,0.712683,1.029567
463.000000,0.997111,0.107917,-0.634937,0.642470,1.279345
464.000000,1.058136,0.308132,-0.534076,0.571751,1.025786
465.000000,1.194137,0.588906,-0.535800,0.531941,1.077729
466.000000,1.346376,0.874121,-0.338656,0.519109,1.496008
467.000000,1.382791,1.129356,-0.100212,0.505451,1.203984
468.000000,1.415412,1.383344,0.152140,0.520025,1.442463
469.000000,1.500435,1.479350,0.370766,0.494954,1.440902
470.000000,1.557725,1.593148,0.649099,0.562187,1.400292
471.000000,1.552914,1.662944,0.909395,0.732300,1.528546
472.000000,1.526685,1.653549,1.141391,0.793124,1.175606
473.000000,1.302186,1.522816,1.323963,0.818377,0.474262
474.000000,1.046075,1.399171,1.439347,1.081473,0.271487
475.000000,0.762667,1.257127,1.610409,1.061544,0.072437
476.000000,0.416340,1.060487,1.682637,1.288835,-0.083219
477.000000,0.161349,0.914173,1.714573,1.655322,-0.001325
478.000000,-0.001591,0.714941,1.665943,1.895254,-0.302885
479.000000,-0.028991,0.571695,1.538862,2.079431,0.174724
480.000000,0.183915,0.531330,1.518031,2.476832,1.181234
481.000000,0.475585,0.479416,1.481000,2.656825,1.301167
482.000000,0.660826,0.417605,1.401776,2.669862,0.797858
483.000000,1.219821,0.589855,1.407130,2.784015,2.207432
484.000000,1.653890,0.786857,1.425764,2.727252,1.977583
485.000000,1.964805,1.102911,1.475768,2.734286,2.452615
486.000000,2.392935,1.574108,1.549102,2.701530,2.955056
487.000000,2.521457,1.852036,1.545148,2.546037,1.461534
488.000000,2.488520,2.252767,1.579983,2.449141,2.121185
489.000000,2.187731,2.353324,1.532807,2.224921,0.789112
490.000000,1.773819,2.260028,1.478983,2.062469,0.542829
491.000000,1.358242,2.217794,1.458016,1.956300,1.106538
492.000000,1.390723,2.277762,1.515723,1.894881,1.584646
493.000000,1.155884,2.093418,1.602358,1.812054,1.068080
494.000000,1.425741,2.067909,1.778490,1.809061,1.937862
495.000000,1.587371,1.915111,1.924506,1.777402,1.355770
496.000000,1.542243,1.651869,2.031226,1.713739,0.992088
497.000000,1.396707,1.569785,2.100835,1.670827,0.948866
498.000000,1.392475,1.437139,2.175239,1.630576,1.088852
499.000000,1.162762,1.431591,2.175203,1.588979,0.892969
500.000000,1.060036,1.450732,2.097817,1.553771,0.895403
501.000000,1.121413,1.458222,2.044756,1.534318,1.273349
502.000000,1.101507,1.365459,1.989211,1.516296,0.878259
503.000000,1.107893,1.363137,1.886887,1.553382,1.133257
504.000000,1.073924,1.220033,1.780672,1.578180,0.756117
505.000000,0.992361,1.117040,1.645842,1.605155,0.503090
506.000000,0.631293,0.953591,1.421415,1.593706,-0.559261
507.000000,0.430187,0.845546,1.324542,1.601755,-0.148307
508.000000,0.261526,0.784915,1.230049,1.653517,0.538460
509.000000,0.033786,0.692595,1.189124,1.663083,-0.214910
510.000000,0.005173,0.666457,1.203786,1.657478,0.715256
511.000000,0.653548,0.683777,1.235640,1.684695,1.949061
512.000000,1.081278,0.681304,1.191560,1.699856,0.838335
513.000000,0.699303,0.426933,1.105670,1.599456,-1.287515
514.000000,0.879105,0.313352,0.992662,1.542225,-0.111228
515.000000,0.176470,0.066538,0.872462,1.429455,-1.200260
516.000000,-1.382180,-0.008692,0.756795,1.263095,-1.532626
517.000000,-1.537174,0.113957,0.721636,1.227309,0.314117
518.000000,-0.788078,0.079055,0.678072,1.155668,0.561971
519.000000,-0.423937,0.400098,0.668151,1.168807,0.833449
520.000000,0.310476,0.407729,0.653966,1.195228,0.711445
521.000000,0.931156,-0.430907,0.540852,1.165906,-0.105981
522.000000,0.762666,-0.864680,0.461650,1.100448,-0.167466
523.000000,-0.564633,-1.385710,0.109038,0.985293,-2.449657
524.000000,-1.934060,-2.184656,-0.290921,0.787307,-2.228417
525.000000,-2.723902,-2.314133,-0.756724,0.624726,-1.890702
526.000000,-2.987869,-2.380012,-1.118756,0.466455,-1.936039
527.000000,-3.220128,-3.013799,-1.863066,0.237188,-2.468669
528.000000,-2.808542,-3.170993,-2.524391,-0.011058,-1.815015
529.000000,-2.888423,-3.458170,-3.017416,-0.434847,-2.971995
530.000000,-2.719416,-3.308225,-3.104867,-0.839631,-1.905829
531.000000,-2.519345,-3.076719,-3.118486,-1.336238,-1.601495
532.000000,-2.202743,-2.860025,-2.925358,-1.757992,-1.271742
533.000000,-2.121500,-2.605552,-2.691329,-2.194365,-1.603277
534.000000,-1.833293,-2.440367,-2.608867,-2.441924,-1.690674
535.000000,-1.652700,-2.263892,-2.423260,-2.462786,-1.155656
536.000000,-1.581151,-2.137220,-2.280604,-2.355511,-1.351771
537.000000,-1.540734,-1.961497,-2.239309,-2.271959,-1.179535
538.000000,-1.440910,-1.862843,-2.210421,-2.236510,-1.193719
539.000000,-1.248295,-1.609478,-2.161864,-2.128102,-0.837561
540.000000,-1.204106,-1.493218,-2.128984,-2.092950,-0.986801
541.000000,-0.972298,-1.333381,-2.024674,-2.057782,-0.243152
542.000000,-0.710873,-1.182242,-1.917713,-1.965302,0.114677
543.000000,-0.371553,-0.967812,-1.736587,-1.804269,0.405745
544.000000,-0.244927,-0.815816,-1.627438,-1.751828,-0.302986
545.000000,-0.056504,-0.715406,-1.534974,-1.669309,-0.235416
546.000000,-0.016848,-0.570952,-1.437029,-1.576188,-0.078397
547.000000,-0.213530,-0.518656,-1.360194,-1.590654,-0.803164
548.000000,-0.362074,-0.398204,-1.283950,-1.583364,-0.222482
549.000000,-0.466085,-0.379307,-1.164465,-1.616335,-0.835909
550.000000,-0.701361,-0.386070,-1.131627,-1.669612,-1.425145
551.000000,0.305894,0.135319,-0.809768,-1.467761,3.980092
552.000000,2.298620,0.956574,-0.353097,-1.177883,4.145125
553.000000,3.782005,2.019354,0.327991,-0.706340,3.856474
554.000000,4.015353,2.862002,1.066053,-0.208302,3.069451
555.000000,3.809783,3.204227,1.707117,0.299001,2.479893
556.000000,3.257555,3.216960,2.229838,0.826901,2.057948
557.000000,2.789867,3.141387,2.560733,1.404620,1.851384
558.000000,2.375869,3.002683,2.733889,1.927400,1.787529
559.000000,2.100464,2.892212,2.766185,2.408132,1.752471
560.000000,1.887169,2.773871,2.713246,2.616882,1.501112
561.000000,1.719282,2.501401,2.589434,2.659032,1.297008
562.000000,1.606803,2.253531,2.477698,2.637042,1.334340
563.000000,1.510965,2.013628,2.376527,2.598099,1.334402
564.000000,1.493219,1.873090,2.343209,2.584523,1.651445
565.000000,1.468315,1.752986,2.283035,2.508447,1.393429
566.000000,1.518151,1.694455,2.240901,2.459468,1.550761
567.000000,1.541047,1.646880,2.209429,2.397878,1.464438
568.000000,1.572577,1.612795,2.173598,2.345753,1.507656
569.000000,1.572855,1.599996,2.161660,2.301882,1.651409
570.000000,1.573000,1.584060,2.138249,2.246698,1.412472
571.000000,1.509154,1.570668,2.037284,2.174956,1.249512
572.000000,1.420388,1.532304,1.916340,2.096791,1.032488
573.000000,1.301798,1.484915,1.784742,2.021323,0.917670
574.000000,1.153452,1.409946,1.678600,1.969253,0.923742
575.000000,1.021690,1.348049,1.588806,1.916589,0.763061
576.000000,0.875880,1.249411,1.508561,1.859792,0.520596
577.000000,0.799384,1.174321,1.448844,1.827458,0.654735
578.000000,0.749111,1.095205,1.396142,1.796214,0.672528
579.000000,0.694661,0.995234,1.347401,1.777961,0.690390
580.000000,0.703894,0.929407,1.318785,1.773576,0.925827
581.000000,0.731893,0.853816,1.291124,1.713401,0.491362
582.000000,0.591223,0.754509,1.242968,1.628051,-0.384335
583.000000,0.373377,0.652999,1.192515,1.530577,-0.443536
584.000000,-0.105179,0.463968,1.095629,1.428578,-1.370764
585.000000,-0.663460,0.262438,1.010877,1.341251,-1.365890
586.000000,-1.049060,0.083488,0.914628,1.271350,-1.157398
587.000000,-1.291663,-0.202455,0.807033,1.202631,-1.474629
588.000000,-1.419089,-0.502008,0.696971,1.143553,-1.031335
589.000000,-1.353579,-0.833007,0.553701,1.082229,-1.071633
590.000000,-1.229929,-1.125678,0.422889,1.036429,-0.792667
591.000000,-1.131811,-1.311621,0.292572,1.003114,-0.682126
592.000000,-0.974931,-1.375322,0.160278,0.966097,-0.760682
593.000000,-0.914893,-1.430166,0.012596,0.927952,-0.750724
594.000000,-0.803892,-1.331913,-0.169690,0.866925,-0.603278
595.000000,-0.592060,-1.134709,-0.329487,0.835833,0.144082
596.000000,-0.407542,-0.960002,-0.489739,0.785412,0.134162
597.000000,-0.053065,-0.641660,-0.657501,0.753655,0.833753
598.000000,0.300276,-0.382405,-0.849501,0.708568,0.850626
599.000000,0.606993,-0.126698,-1.018915,0.626694,0.809625
600.000000,0.839402,0.134845,-1.081986,0.567001,1.225357
601.000000,1.091653,0.382852,-1.018106,0.513967,1.271214
602.000000,1.044470,0.559379,-0.894383,0.446100,0.572728
603.000000,1.135434,0.823590,-0.683293,0.419127,1.243610
604.000000,1.146651,1.023214,-0.387366,0.351385,0.843785
605.000000,0.976217,1.077706,-0.137272,0.264670,0.448651
606.000000,0.871726,1.175559,0.123062,0.263866,0.806939
607.000000,1.002232,1.221046,0.472493,0.275450,1.163786
608.000000,0.987731,1.264579,0.759852,0.325183,1.177232
609.000000,1.005382,1.277388,1.021439,0.376459,0.930554
610.000000,1.228759,1.309341,1.309964,0.713563,1.481158
611.000000,1.355020,1.324141,1.573356,1.563471,1.403572
612.000000,1.104014,1.240268,1.674190,1.928792,0.067137
613.000000,1.011669,1.168974,1.846914,2.686208,0.780883
614.000000,1.031098,1.178769,1.981509,3.586999,1.086679
615.000000,0.928182,1.220043,1.982621,3.732186,1.041770
616.000000,0.822325,1.203840,1.949428,3.544659,0.941309
617.000000,0.967023,1.121618,1.814791,3.366259,0.690680
618.000000,0.978724,1.052240,1.697131,3.127324,0.770899
619.000000,1.118854,1.113557,1.666654,3.046248,1.825565
620.000000,1.352877,1.151261,1.630136,2.931313,2.114095
621.000000,1.751401,1.265005,1.634022,2.842381,2.551281
622.000000,2.129451,1.534279,1.671950,2.733139,2.204012
623.000000,2.355448,1.683270,1.636575,2.601949,1.741429
624.000000,2.376949,1.818459,1.648132,2.492729,1.907294
625.000000,2.322240,1.961126,1.691534,2.354030,1.889230
626.000000,1.968662,2.010698,1.661709,2.202924,0.943115
627.000000,1.828427,2.142277,1.654470,2.075526,1.641666
628.000000,1.929932,2.301198,1.691227,2.006025,2.215239
629.000000,1.786700,2.208349,1.699600,1.919159,1.325305
630.000000,1.721744,2.118825,1.700975,1.846951,1.618921
631.000000,1.788887,1.952618,1.701197,1.779425,1.397845
632.000000,1.644018,1.792192,1.772942,1.739446,1.027515
633.000000,1.325716,1.658988,1.774933,1.665683,0.736045
634.000000,1.287528,1.571773,1.779968,1.639601,1.157351
635.000000,1.278456,1.538531,1.813529,1.654133,1.585435
636.000000,1.333417,1.603477,1.853511,1.657845,1.648174
637.000000,1.366289,1.548518,1.869540,1.631542,1.180072
638.000000,1.536878,1.473201,1.896391,1.625811,1.527175
639.000000,1.434147,1.397664,1.815617,1.602314,0.664174
640.000000,1.252820,1.299625,1.728370,1.566308,0.720741
641.000000,0.959746,1.179436,1.593860,1.522375,0.260485
642.000000,0.859898,1.151632,1.511003,1.561232,0.712720
643.000000,0.642435,1.149447,1.451546,1.567261,0.587407
644.000000,0.435168,1.012063,1.342611,1.529856,-0.417596
645.000000,0.054489,0.756096,1.207895,1.477730,-1.137692
646.000000,-0.257436,0.472411,1.129238,1.436146,-1.177992
647.000000,-0.803902,0.202893,1.007707,1.404276,-1.516907
648.000000,-1.306351,-0.125337,0.864694,1.389021,-1.154691
649.000000,-1.263961,-0.225468,0.829484,1.371921,0.333903
650.000000,-1.215491,-0.478612,0.724248,1.313592,-0.770490
651.000000,-0.965022,-0.633629,0.645109,1.240920,-0.238713
652.000000,-0.364265,-0.790581,0.623871,1.199471,0.534379
653.000000,-0.045222,-1.002795,0.601740,1.162723,-0.027169
654.000000,-0.138070,-0.991177,0.533854,1.116065,-0.000907
655.000000,0.252052,-0.685309,0.441704,1.085033,0.641487
656.000000,0.578385,-0.285221,0.341715,1.116941,0.958584
657.000000,0.041387,-0.224068,0.111028,1.027182,-1.388766
658.000000,-0.243871,-0.196889,-0.212506,0.894535,-1.041751
659.000000,-0.290831,-0.293266,-0.377456,0.848614,-0.168738
660.000000,-0.100345,0.105423,-0.438320,0.835537,1.289417
661.000000,-0.193875,0.266000,-0.497771,0.804417,0.588868
662.000000,0.379837,0.284212,-0.652333,0.808672,0.611930
663.000000,0.633366,0.264068,-0.919572,0.808806,-0.127903
664.000000,0.437117,0.099708,-1.079625,0.706650,-0.832849
665.000000,-0.946967,-0.714980,-1.542585,0.284045,-3.019044
666.000000,-2.040940,-1.573599,-1.927166,-0.312859,-2.828843
667.000000,-2.397334,-1.578517,-1.788882,-0.769169,-1.166172
668.000000,-2.422215,-1.530663,-1.657923,-1.320363,-0.650583
669.000000,-2.158284,-1.500745,-1.663478,-1.605548,0.009668
670.000000,-1.516939,-1.825257,-1.621686,-1.960023,-0.500192
671.000000,-1.445996,-2.397623,-2.075256,-2.470655,-2.466171
672.000000,-1.483606,-2.594036,-2.309640,-2.607184,-1.246578
673.000000,-1.621334,-2.639692,-2.419494,-2.585460,-1.141479
674.000000,-1.950041,-2.603492,-2.529433,-2.448870,-1.362028
675.000000,-1.792406,-2.067084,-2.466468,-2.140976,-0.233157
676.000000,-1.282562,-1.658474,-2.501099,-1.957217,-0.694199
677.000000,-1.074717,-1.510849,-2.277383,-1.775353,-0.530854
678.000000,-0.740931,-1.351238,-2.035264,-1.602871,0.097427
679.000000,-0.451678,-1.362973,-1.969798,-1.601363,-0.306896
680.000000,-0.607665,-1.383892,-2.085121,-1.580822,-0.822347
681.000000,-0.464979,-1.013149,-2.041972,-1.533760,-0.171331
682.000000,-0.367883,-0.838421,-2.011201,-1.541148,-0.165552
683.000000,-0.688372,-0.823657,-2.030346,-1.598526,-1.085399
684.000000,-0.552968,-0.574386,-1.872444,-1.542189,0.225515
685.000000,-0.644463,-0.710521,-1.687966,-1.645107,-1.149593
686.000000,-0.879755,-0.748294,-1.492721,-1.746970,-0.966052
687.000000,-1.185360,-0.856364,-1.483602,-1.733112,-1.213090
688.000000,-0.875523,-0.882938,-1.400517,-1.642503,0.039054
689.000000,-1.666774,-1.240808,-1.619323,-1.802919,-2.384874
690.000000,-2.238201,-1.658397,-1.852000,-2.078287,-2.952512
691.000000,-2.227445,-1.841808,-1.702363,-2.126304,-1.080730
692.000000,-2.252345,-2.050552,-1.691154,-2.184473,-1.260666
693.000000,-2.515329,-2.078689,-1.665689,-2.189183,-0.979667
694.000000,-1.995109,-2.195238,-1.560483,-2.117813,-0.210478
695.000000,-1.401905,-2.180736,-1.642907,-1.983276,-1.114896
696.000000,-1.374605,-2.142560,-1.675837,-1.845138,-1.143405
697.000000,-0.939153,-1.887218,-1.613900,-1.731421,0.165919
698.000000,-0.385377,-1.727767,-1.553373,-1.608221,0.949746
699.000000,0.212459,-1.055679,-1.379475,-1.477691,1.844481
700.000000,1.005274,-0.222146,-1.184819,-1.343326,1.592217
701.000000,1.555393,0.157421,-1.116721,-1.131263,0.907434
702.000000,1.826467,0.670905,-0.978655,-0.959270,1.387438
703.000000,1.833956,1.088203,-0.731509,-0.797876,1.257170
704.000000,1.664253,1.357308,-0.600526,-0.604055,1.341315
705.000000,1.593254,1.747563,-0.254189,-0.478418,1.421282
706.000000,1.622977,2.024444,0.069831,-0.330193,1.181573
707.000000,1.654123,2.131814,0.565430,-0.135428,1.605090
708.000000,1.834878,2.197998,1.058371,0.094322,2.080294
709.000000,2.113766,2.240014,2.085311,0.485197,2.528834
710.000000,2.205442,2.223906,2.829102,0.913682,2.027853
711.000000,2.433783,2.357877,3.086848,1.421331,2.475034
712.000000,2.453309,2.359810,3.106983,1.860938,2.090244
713.000000,2.298775,2.300679,2.974905,2.220681,1.656018
714.000000,2.127726,2.266216,2.835382,2.409874,1.793711
715.000000,1.995628,2.191871,2.731499,2.545681,1.520876
716.000000,1.829630,2.165883,2.656621,2.602975,1.674236
717.000000,1.715874,2.101688,2.525445,2.604129,1.563803
718.000000,1.664372,2.004919,2.386573,2.514938,1.458764
719.000000,1.499862,1.833538,2.210683,2.478638,1.023586
720.000000,1.461460,1.751462,2.108005,2.489955,1.372099
721.000000,1.351676,1.613156,2.029224,2.395227,1.157816
722.000000,1.184646,1.471789,1.920974,2.293753,0.740096
723.000000,1.064364,1.388522,1.843082,2.213576,0.871967
724.000000,1.026497,1.290228,1.770591,2.125320,0.813725
725.000000,0.919687,1.225165,1.710154,2.077189,0.868972
726.000000,0.847927,1.139130,1.663809,2.033068,0.833329
727.000000,0.862171,1.057528,1.608562,1.963919,0.783813
728.000000,0.943652,1.028565,1.565635,1.910123,1.313932
729.000000,1.137429,1.094310,1.523825,1.863849,1.747271
730.000000,1.273002,1.095079,1.490090,1.821131,1.474330
731.000000,1.561292,1.193158,1.463478,1.823033,2.153702
732.000000,1.836608,1.350147,1.452443,1.813392,2.079639
733.000000,1.944978,1.473833,1.454439,1.800471,1.853624
734.000000,1.861649,1.553780,1.426703,1.769062,1.317707
735.000000,2.095088,1.762255,1.475106,1.783922,2.554883
736.000000,2.098839,1.921423,1.497325,1.790868,2.141220
737.000000,2.047494,2.036552,1.512996,1.778372,1.798240
738.000000,2.226775,2.185318,1.589364,1.788443,2.626491
739.000000,2.548056,2.322225,1.726679,1.801929,2.857863
740.000000,2.478284,2.400882,1.808196,1.810293,2.309122
741.000000,2.470749,2.392339,1.901472,1.803656,2.261914
742.000000,2.427210,2.334551,1.985315,1.793812,1.884263
743.000000,2.209422,2.263143,2.027700,1.786742,1.594642
744.000000,2.042806,2.283493,2.092457,1.795115,1.962151
745.000000,2.054054,2.253954,2.168795,1.833619,2.291469
746.000000,1.847919,2.132486,2.148609,1.811152,1.286921
747.000000,1.596952,1.982586,2.082126,1.762825,0.671392
748.000000,1.411506,1.794706,2.001755,1.722343,0.653015
749.000000,1.156131,1.592347,1.915227,1.701341,0.628893
750.000000,0.940054,1.504637,1.888656,1.697274,1.249787
751.000000,0.877090,1.389260,1.822695,1.688666,0.990445
752.000000,0.939092,1.304559,1.763733,1.694157,0.961103
753.000000,1.075409,1.281561,1.738442,1.709726,1.299242
754.000000,1.200643,1.210084,1.729167,1.722386,1.219839
755.000000,1.095965,1.041761,1.650752,1.711138,0.716047
756.000000,0.885712,0.903465,1.551300,1.670074,-0.166865
757.000000,0.742100,0.869790,1.490448,1.649334,0.169656
758.000000,0.489668,0.836879,1.399786,1.618349,0.108907
759.000000,0.005497,0.714145,1.247743,1.547444,-1.019685
760.000000,-0.502229,0.460347,1.100507,1.478625,-1.497128
761.000000,-0.651420,0.286559,0.980936,1.420672,-0.702862
762.000000,-1.026175,0.038161,0.853133,1.351521,-1.242142
763.000000,-1.697000,-0.464505,0.674560,1.249944,-2.448412
764.000000,-1.768348,-0.881470,0.515199,1.212231,-1.194690
765.000000,-1.869962,-1.352605,0.255647,1.108060,-1.875376
766.000000,-1.923643,-1.561238,0.096459,1.046229,-1.021795
767.000000,-1.888054,-1.830692,-0.039875,0.988421,-1.186509
768.000000,-1.425115,-1.946924,-0.160257,0.914392,-0.613062
769.000000,-1.183364,-1.796762,-0.270934,0.823071,-0.238255
770.000000,-0.865471,-1.624840,-0.518984,0.722639,-0.578726
771.000000,-0.655067,-1.502855,-0.735622,0.622362,-0.150329
772.000000,-0.631022,-1.446573,-1.072405,0.470581,-1.084373
773.000000,-0.791390,-1.258319,-1.502605,0.296719,-1.265689
774.000000,-0.710667,-1.067896,-1.720650,0.141633,0.125385
775.000000,-0.572150,-0.805827,-1.791530,-0.111048,0.078248
776.000000,-0.699304,-0.752069,-1.769244,-0.346463,-0.663607
777.000000,-0.730330,-0.754289,-1.820584,-0.596647,-1.257424
778.000000,-0.687079,-0.826175,-1.834286,-0.891291,-1.152424
779.000000,-1.201536,-1.051487,-1.806182,-1.318008,-1.861991
780.000000,-1.608178,-1.207864,-1.733245,-1.846384,-1.681484
781.000000,-1.819286,-1.425337,-1.737664,-2.249131,-1.710336
782.000000,-1.783326,-1.446367,-1.671395,-2.430788,-1.218955
783.000000,-1.818693,-1.467883,-1.539795,-2.530062,-1.376173
784.000000,-1.532906,-1.569169,-1.462734,-2.457079,-0.427821
785.000000,-1.030535,-1.510351,-1.271370,-2.252876,0.893340
786.000000,-0.328044,-1.310296,-1.131752,-1.993959,1.314621
787.000000,0.321349,-1.058868,-1.001351,-1.831128,1.161051
788.000000,1.405319,-0.665519,-0.851476,-1.643824,2.146536
789.000000,1.995591,-0.098082,-0.752625,-1.433585,1.657098
790.000000,2.083026,0.569875,-0.615582,-1.224797,1.505989
791.000000,2.107761,1.450259,-0.480016,-1.068967,1.704474
792.000000,2.225530,2.285503,-0.160163,-0.857108,1.988395
793.000000,1.934248,2.649810,0.148865,-0.608935,1.187578
794.000000,1.800957,2.667740,0.332013,-0.441192,1.280436
795.000000,1.828607,2.558427,0.630413,-0.154804,1.776296
796.000000,1.747839,2.382678,1.011509,0.060558,1.457686
797.000000,1.558546,2.238028,1.449824,0.292355,1.218555
798.000000,1.599846,2.068443,1.895120,0.525739,1.454712
799.000000,1.630910,1.982303,2.374248,0.757339,1.509336
800.000000,1.580620,1.932696,2.655913,1.055119,1.570589
801.000000,1.635391,1.896524,2.811538,1.349132,1.738361
802.000000,1.475358,1.683034,2.674082,1.563625,0.593433
803.000000,1.420553,1.656131,2.615621,1.843070,1.230643
804.000000,1.367462,1.628110,2.494383,1.941081,1.273184
805.000000,1.244432,1.521853,2.308834,1.969947,1.004572
806.000000,1.046017,1.430697,2.131306,2.004644,0.813893
807.000000,0.995099,1.319116,1.967919,2.010335,0.379990
808.000000,0.780657,1.173034,1.780623,1.978305,0.195010
809.000000,0.569241,1.036710,1.649426,1.994749,0.253858
810.000000,0.389454,0.886011,1.536652,1.980662,0.140526
811.000000,0.179330,0.683163,1.411564,1.949983,-0.221452
812.000000,0.040213,0.607037,1.278103,1.896811,-0.342903
813.000000,0.025389,0.494973,1.225058,1.890756,0.236668
814.000000,0.184398,0.444768,1.215038,1.887461,1.540850
815.000000,0.422995,0.419692,1.169190,1.836897,1.424615
816.000000,1.055325,0.485272,1.170214,1.803732,2.181733
817.000000,1.703364,0.595370,1.162083,1.768039,1.471260
818.000000,1.836727,0.681372,1.101041,1.675791,0.386997
819.000000,1.261722,0.646533,0.992442,1.577806,-0.884410
820.000000,0.830505,0.693705,0.892717,1.507266,-0.359287
821.000000,0.020546,0.803928,0.758350,1.427364,-0.616778
822.000000,-0.568008,0.966379,0.728781,1.336532,-0.457786
823.000000,-0.918875,0.909764,0.617727,1.280513,-0.735475
824.000000,-0.687665,0.626912,0.516861,1.240039,-0.084232
825.000000,-0.299085,0.549261,0.486217,1.195751,0.941503
826.000000,0.260468,0.257987,0.496114,1.175811,1.172283
827.000000,0.827029,0.208766,0.604256,1.175497,1.299286
828.000000,1.462051,0.575967,0.807778,1.162417,1.365493
829.000000,1.841455,1.433097,1.089590,1.147941,1.412768
830.000000,1.652080,1.688992,1.383627,1.089123,0.505360
831.000000,1.542629,2.055294,1.853790,1.021067,0.922911
832.000000,1.233805,2.108343,2.285367,1.034343,0.260537
833.000000,0.926342,2.188428,2.395233,0.979235,0.274591
834.000000,0.659543,2.154748,2.152167,0.922417,0.480883
835.000000,0.619728,1.908401,1.902669,0.889678,0.384842
836.000000,0.291552,1.520499,1.403218,0.842112,-0.294470
837.000000,0.171444,1.164553,1.085647,0.862783,-0.197034
838.000000,0.177862,0.910757,1.068821,0.960180,0.314553
839.000000,0.001529,0.542992,1.189435,1.027700,-0.204204
840.000000,-0.222873,0.335257,1.167167,1.106504,-0.481380
841.000000,-0.334048,-0.009711,1.161589,1.243731,-0.747441
842.000000,-0.297656,-0.067958,1.261610,1.499958,0.020120
843.000000,-0.509761,-0.201167,1.353623,1.621363,-0.314536
844.000000,-0.153669,-0.112614,1.504303,1.653896,1.135864
845.000000,-0.481725,-0.621116,1.104501,1.345359,-1.637264
846.000000,-0.507311,-0.786925,0.769832,0.907513,-0.943974
847.000000,-0.974197,-1.125872,0.313820,0.443187,-1.616846
848.000000,-1.220153,-1.464197,-0.097645,0.218150,-1.113010
849.000000,-2.158328,-1.947488,-0.750794,-0.019567,-2.485708
850.000000,-2.174479,-2.199488,-1.189499,-0.366092,-2.125494
851.000000,-2.378252,-2.357922,-1.719712,-0.745670,-2.209822
852.000000,-2.300511,-2.464376,-1.975227,-1.087064,-1.640573
853.000000,-2.251773,-2.418256,-2.143648,-1.303589,-1.299125
854.000000,-1.737586,-2.378347,-2.169248,-1.405773,-0.303655
855.000000,-1.296218,-2.024437,-2.143238,-1.696105,-0.186304
856.000000,-0.817014,-1.814457,-2.007227,-1.949627,-0.098285
857.000000,-0.333484,-1.493014,-1.818351,-2.020666,0.492285
858.000000,0.181284,-1.201532,-1.655899,-1.989682,0.967900
859.000000,0.513438,-0.751719,-1.446170,-1.948833,1.146856
860.000000,1.091221,-0.182518,-1.116527,-1.555983,2.152576
861.000000,1.667115,0.453820,-0.774488,-1.267052,2.154810
862.000000,1.943225,0.976035,-0.563374,-0.948136,1.702411
863.000000,2.230805,1.573254,-0.204121,-0.468388,2.332584
864.000000,2.353422,1.947922,0.011825,-0.061016,2.040908
865.000000,2.520469,2.415487,0.743835,0.702916,2.907137
866.000000,2.740232,2.795828,1.537566,1.759828,3.126732
867.000000,2.687393,2.783025,2.056231,2.294221,2.051722
868.000000,2.456833,2.644981,2.312888,2.478405,1.575972
869.000000,2.292161,2.512187,2.550773,2.609008,1.480923
870.000000,1.985618,2.327235,2.636644,2.652548,1.319103
871.000000,1.534833,2.126543,2.613827,2.590133,0.892512
872.000000,1.335577,2.013548,2.568027,2.514053,1.084361
873.000000,1.202407,1.859851,2.482917,2.436465,0.941755
874.000000,1.143429,1.771875,2.389226,2.337413,1.193246
875.000000,1.195735,1.660566,2.336077,2.409122,1.551641
876.000000,1.091800,1.377810,2.183483,2.282022,0.430455
877.000000,0.877233,1.159638,2.012589,2.163207,0.042849
878.000000,0.715310,1.005749,1.870373,2.062294,0.135605
879.000000,0.550581,0.891014,1.770088,2.048541,0.385545
880.000000,0.386728,0.842284,1.687802,2.063575,0.872442
881.000000,0.484355,0.844424,1.619683,2.079489,0.942412
882.000000,0.653302,0.811345,1.565261,2.060513,0.803747
883.000000,0.828259,0.798946,1.495971,2.032815,0.862837
884.000000,0.994875,0.774857,1.451007,1.987255,1.066881
885.000000,1.077435,0.708571,1.368996,1.951794,1.205515
886.000000,1.292081,0.860935,1.285022,1.947827,1.879193
887.000000,1.680030,1.144550,1.282498,1.952796,2.357183
888.000000,1.958789,1.405669,1.290213,1.933107,1.907824
889.000000,2.144979,1.633795,1.298183,1.911728,1.744052
890.000000,2.267261,1.798007,1.319717,1.872203,1.719865
891.000000,2.171049,1.924912,1.364971,1.831640,1.495705
892.000000,1.972216,2.069258,1.404079,1.808546,1.515935
893.000000,1.875192,2.182458,1.462057,1.771488,1.517049
894.000000,1.744322,2.211753,1.494735,1.735205,1.196802
895.000000,1.654751,2.214673,1.507471,1.673487,1.402220
896.000000,1.572275,2.083471,1.612090,1.581131,1.295740
897.000000,1.385117,1.835676,1.715315,1.515186,0.801238
898.000000,1.137121,1.619971,1.782442,1.461181,0.462235
899.000000,1.061576,1.490420,1.841202,1.428690,0.876517
900.000000,0.911826,1.353772,1.835342,1.400086,0.737390
901.000000,0.785716,1.248348,1.817360,1.395370,0.721312
902.000000,0.775546,1.150982,1.806932,1.384110,0.756297
903.000000,0.773408,1.020044,1.766895,1.371445,0.437057
904.000000,0.751671,0.966609,1.732974,1.361065,0.778999
905.000000,0.756577,0.887412,1.684235,1.325592,0.767186
906.000000,1.461890,1.190604,1.805142,1.494827,3.388138
907.000000,1.861649,1.409779,1.805466,1.637419,2.337776
908.000000,2.491566,1.801568,1.914897,1.827308,3.115103
909.000000,2.802566,2.053589,1.983907,1.964305,2.546945
910.000000,2.957310,2.245127,2.020291,2.043775,2.207058
911.000000,2.649772,2.386173,2.056327,2.102472,2.099474
912.000000,2.437894,2.412403,2.034581,2.118744,1.529342
913.000000,2.074607,2.427057,2.000865,2.114691,1.364887
914.000000,1.892566,2.445697,2.009897,2.117628,1.659105
915.000000,1.785741,2.466235,2.013813,2.114158,1.695440
916.000000,1.688377,2.270569,2.024780,2.083248,1.650977
917.000000,1.754075,2.200923,2.072921,2.049812,1.858686
918.000000,1.782974,2.027951,2.102532,2.014202,1.580237
919.000000,1.740803,1.905052,2.103343,1.981632,1.513252
920.000000,1.614376,1.773283,2.076991,1.928923,1.134669
921.000000,1.510942,1.662305,2.053906,1.889292,1.168266
922.000000,1.350667,1.601445,2.023869,1.847467,1.077559
923.000000,1.222099,1.546494,1.997044,1.802904,0.957443
924.000000,1.151402,1.492001,1.976649,1.782061,1.171410
925.000000,1.167284,1.440405,1.962303,1.761002,1.211240
926.000000,1.184423,1.398202,1.857819,1.749483,1.250187
927.000000,1.212014,1.330355,1.797122,1.750194,1.211567
928.000000,1.244648,1.279875,1.698161,1.754696,1.113314
929.000000,1.115803,1.175840,1.590610,1.724130,0.501039
930.000000,1.035303,1.143396,1.517607,1.713948,0.795876
931.000000,0.887547,1.081568,1.436574,1.695464,0.494045
932.000000,0.747143,1.035980,1.389435,1.682227,0.535993
933.000000,0.682110,1.036057,1.368212,1.690365,0.913380
934.000000,0.739459,0.994984,1.324935,1.687957,0.706333
935.000000,0.740581,0.953159,1.282040,1.692648,0.862546
936.000000,0.779654,0.875407,1.229457,1.620424,0.429846
937.000000,0.912901,0.822382,1.173317,1.585656,0.969596
938.000000,0.958929,0.789997,1.136225,1.522926,1.203922
939.000000,0.928982,0.829615,1.085082,1.463037,0.523118
940.000000,0.359931,0.644765,1.009235,1.379609,-1.647611
941.000000,-0.137444,0.480164,0.926733,1.298191,-1.567791
942.000000,-0.708808,0.295163,0.857560,1.246831,-1.271204
943.000000,-1.399254,-0.035777,0.797558,1.204716,-1.327303
944.000000,-1.943872,-0.397881,0.706806,1.147128,-1.409267
945.000000,-1.887424,-0.803925,0.596221,1.084353,-1.390997
946.000000,-1.855338,-1.206104,0.453540,1.017767,-1.441075
947.000000,-1.876051,-1.690813,0.271649,0.927372,-1.552736
948.000000,-1.903382,-2.183490,0.045630,0.840209,-1.671135
949.000000,-1.855654,-2.395051,-0.126474,0.749798,-1.451786
950.000000,-1.896948,-2.280137,-0.439728,0.668275,-1.745616
951.000000,-1.958810,-2.205708,-0.804434,0.564745,-1.866874
952.000000,-1.993776,-2.179868,-1.278575,0.447957,-1.865237
953.000000,-1.984829,-2.148851,-1.850428,0.319528,-1.787784
954.000000,-1.974120,-2.092049,-2.225331,0.139181,-1.617423
955.000000,-1.900209,-2.039789,-2.389430,-0.096917,-1.562278
956.000000,-1.654042,-1.898183,-2.338038,-0.360825,-0.818781
957.000000,-1.458492,-1.785768,-2.305610,-0.702006,-0.963926
958.000000,-1.079839,-1.563912,-2.190560,-1.010327,0.099937
959.000000,-0.680050,-1.362220,-2.038717,-1.224038,0.290215
960.000000,-0.182097,-1.108253,-1.761946,-1.453696,0.689853
961.000000,-0.057352,-0.951145,-1.606642,-1.669529,-0.315705
962.000000,0.100395,-0.788560,-1.499559,-1.812641,-0.332596
963.000000,-0.053198,-0.655894,-1.433829,-1.934430,-0.624711
964.000000,-0.122330,-0.463040,-1.338443,-1.902794,0.014146
965.000000,-0.032696,-0.125292,-1.185614,-1.776435,1.249442
966.000000,0.156319,0.044499,-1.085766,-1.690465,0.502031
967.000000,0.269057,0.196671,-1.011211,-1.682065,0.039045
968.000000,0.529944,0.219645,-0.922944,-1.685600,0.257395
969.000000,0.559725,0.173846,-0.869792,-1.676197,-0.190053
970.000000,0.607447,0.252456,-0.699428,-1.476091,1.709488
971.000000,0.989762,0.575628,-0.481297,-1.285649,1.890154
972.000000,0.829474,0.610803,-0.379032,-1.248225,-0.638670
973.000000,0.490530,0.653167,-0.281878,-1.240870,-0.941315
974.000000,0.556030,0.710652,-0.108034,-1.191081,0.068158
975.000000,-0.008181,0.406166,0.064528,-1.170916,-0.383398
976.000000,-0.555727,0.306240,0.191428,-1.135058,-0.033223
977.000000,-0.157492,0.450586,0.443801,-1.046951,0.744022
978.000000,0.391738,0.586583,0.581646,-0.929716,0.933026
979.000000,0.321425,0.582599,0.582097,-0.885497,-0.169534
980.000000,1.151362,0.766208,0.872263,-0.621703,2.305003
981.000000,2.167834,1.180390,1.663052,-0.160915,3.130229
982.000000,2.733375,1.962670,2.388553,0.432449,2.833177
983.000000,3.086306,2.627738,2.887221,1.203950,2.814863
984.000000,3.197458,2.768149,2.868428,1.871471,1.924779
985.000000,2.814303,2.777142,2.580438,2.311428,1.255855
986.000000,2.122333,2.563818,2.291470,2.329266,0.070601
987.000000,1.313629,2.216401,2.010885,2.185884,-0.854801
988.000000,0.606677,2.031333,1.878526,2.022636,-0.100060
989.000000,0.306879,2.099688,1.913818,1.968187,0.782113
990.000000,0.266538,1.961180,1.857415,1.913550,1.092280
991.000000,0.593810,1.740945,1.816612,1.969648,1.276342
992.000000,0.980354,1.440470,1.868830,1.942478,0.665776
993.000000,1.662707,1.434548,2.146113,2.118966,2.482448
994.000000,1.881965,1.432810,2.232211,2.139875,1.748261
995.000000,1.813407,1.392316,2.230802,2.015882,0.988763
996.000000,1.712538,1.519191,2.207642,1.957233,0.982492
997.000000,1.545541,1.605611,2.072912,1.863376,0.115697
998.000000,1.049423,1.630550,1.981668,1.806819,0.399919
999.000000,0.709288,1.542840,1.951314,1.777828,0.352274
1000.000000,0.505180,1.399245,1.795192,1.676862,0.154647
1001.000000,0.300569,1.241092,1.592370,1.579903,0.178453
1002.000000,0.448784,1.251377,1.450662,1.619314,0.712488
1003.000000,0.458870,0.954492,1.275690,1.651755,0.440962
1004.000000,0.506697,0.770738,1.176665,1.659153,0.546544
1005.000000,0.518050,0.651768,1.101704,1.663827,0.126474
1006.000000,0.543516,0.531801,1.127178,1.667092,0.150131
1007.000000,0.323761,0.524775,1.204001,1.636638,-0.176799
1008.000000,0.116765,0.437640,1.216399,1.601591,-0.348780
1009.000000,-0.051316,0.422375,1.199535,1.639378,0.060511
1010.000000,0.076510,0.565364,1.199088,1.611105,0.599082
1011.000000,0.326636,0.847111,1.198602,1.538899,0.935145
1012.000000,0.343178,0.708119,1.169345,1.402149,-0.168739
1013.000000,0.812404,0.962696,1.004252,1.298609,1.117107
1014.000000,1.033967,1.043570,0.875614,1.224925,0.757054
1015.000000,0.778260,0.937471,0.757740,1.143417,-0.245472
1016.000000,0.843957,1.299890,0.762329,1.225392,1.221574
1017.000000,0.770314,1.274423,0.764610,1.294071,-0.483999
1018.000000,0.450121,1.477554,0.774617,1.341078,0.038877
1019.000000,0.217160,1.444207,0.794351,1.327504,-0.011910
1020.000000,0.972952,1.689310,1.054460,1.378396,1.821395
1021.000000,1.340615,1.908202,1.449730,1.432999,2.068318
1022.000000,2.631792,2.717244,1.969891,1.599622,2.710842
1023.000000,3.071347,2.865035,2.454392,1.548657,2.498174
1024.000000,3.293902,3.022393,2.768455,1.574964,2.571953
1025.000000,3.117492,3.231141,2.973801,1.699989,2.502191
1026.000000,2.896327,3.021995,2.968193,1.802058,2.192686
1027.000000,2.647818,3.048716,2.964463,2.003542,2.242893
1028.000000,2.472378,2.949388,2.909296,2.134367,2.052218
1029.000000,2.331839,2.863307,2.802907,2.243270,2.049972
1030.000000,2.258464,2.711331,2.702046,2.368422,2.208366
1031.000000,2.201631,2.559726,2.587618,2.445758,2.002083
1032.000000,2.243318,2.464885,2.615813,2.493535,2.429501
1033.000000,2.188478,2.350200,2.519001,2.479250,1.898930
1034.000000,2.185299,2.283993,2.485144,2.468280,2.096655
1035.000000,2.094214,2.194115,2.466216,2.441469,1.818137
1036.000000,1.995853,2.108367,2.367931,2.385970,1.586215
1037.000000,1.826617,2.027124,2.333605,2.344216,1.572676
1038.000000,1.761599,1.968900,2.284859,2.308614,1.586721
1039.000000,1.670496,1.921113,2.245495,2.260994,1.633379
1040.000000,1.611447,1.852234,2.166723,2.197929,1.530237
1041.000000,1.654743,1.832647,2.115009,2.157218,1.794073
1042.000000,1.640157,1.745229,2.034104,2.132056,1.517186
1043.000000,1.559238,1.671256,1.954768,2.066221,1.203393
1044.000000,1.530238,1.612180,1.902875,2.036761,1.488761
1045.000000,1.507864,1.571839,1.851717,2.026860,1.425016
1046.000000,1.368500,1.521327,1.794260,1.971941,1.102696
1047.000000,1.345520,1.504490,1.756405,1.964289,1.418696
1048.000000,1.344639,1.464387,1.713958,1.936263,1.189250
1049.000000,1.330315,1.442279,1.685717,1.921165,1.448460
1050.000000,1.281648,1.408016,1.639757,1.875913,1.188618
1051.000000,1.268109,1.326537,1.593163,1.825288,0.971446
1052.000000,1.154408,1.262619,1.523168,1.764652,0.838503
1053.000000,1.028454,1.208280,1.464040,1.707750,0.496107
1054.000000,1.171022,1.264114,1.463459,1.705918,2.226988
1055.000000,1.285150,1.287345,1.454679,1.688254,1.711642
1056.000000,1.388315,1.326062,1.444588,1.667372,1.388408
1057.000000,1.557147,1.340902,1.441529,1.649462,1.554534
1058.000000,1.751489,1.367643,1.429195,1.629840,1.341166
1059.000000,1.683617,1.418411,1.436567,1.625322,1.938965
1060.000000,1.706916,1.494057,1.446083,1.612198,1.805189
1061.000000,1.601428,1.502463,1.399841,1.578729,0.750627
1062.000000,1.546734,1.570977,1.388708,1.542267,1.250178
1063.000000,1.611676,1.708998,1.413989,1.530509,1.599279
1064.000000,1.446855,1.595628,1.403531,1.500498,1.175904
1065.000000,1.321068,1.550044,1.400320,1.481728,1.245440
1066.000000,1.528402,1.588615,1.441201,1.482584,1.681566
1067.000000,1.579229,1.584320,1.450210,1.478757,1.457383
1068.000000,1.569993,1.615183,1.481141,1.476523,1.546902
1069.000000,1.745002,1.614897,1.512443,1.482492,1.936673
1070.000000,1.781233,1.570712,1.537848,1.479793,1.387167
1071.000000,1.780669,1.680924,1.591972,1.472264,1.697711
1072.000000,1.688308,1.661554,1.622186,1.460967,1.066645
1073.000000,1.642210,1.633664,1.685081,1.474664,1.343829
1074.000000,1.414028,1.605145,1.609352,1.460907,0.890284
1075.000000,1.238280,1.534253,1.551135,1.440837,0.552439
1076.000000,1.045291,1.445659,1.529389,1.447293,0.817167
1077.000000,0.896821,1.335924,1.474118,1.423181,0.348508
1078.000000,0.531225,1.150673,1.403285,1.393976,-0.355294
1079.000000,0.481464,1.017444,1.343046,1.379936,0.701963
1080.000000,0.601644,0.987299,1.308924,1.390910,1.091030
1081.000000,0.763900,0.958873,1.365180,1.426616,1.550709
1082.000000,1.165813,1.061784,1.411842,1.482141,1.988132
1083.000000,1.757162,1.116830,1.430214,1.550464,1.969375
1084.000000,2.165242,1.296101,1.496949,1.543805,2.340488
1085.000000,2.398779,1.531578,1.555935,1.560515,2.173069
1086.000000,2.689264,1.866344,1.643754,1.629072,2.974573
1087.000000,2.721123,2.206938,1.729664,1.679877,2.547007
1088.000000,2.613404,2.478232,1.768230,1.716484,1.923914
1089.000000,2.498456,2.572423,1.786162,1.728314,2.030399
1090.000000,2.381986,2.556834,1.824022,1.736236,1.837969
1091.000000,2.118805,2.479857,1.833757,1.785081,1.728557
1092.000000,1.935437,2.372901,1.883088,1.809197,1.698691
1093.000000,1.940648,2.329277,1.932489,1.831399,1.990520
1094.000000,1.795146,2.195240,1.957080,1.838798,1.375152
1095.000000,1.701902,2.094297,1.999134,1.843646,1.407811
1096.000000,1.671234,1.952509,2.028907,1.838092,1.587739
1097.000000,1.629474,1.838957,2.068278,1.836117,1.504741
1098.000000,1.439323,1.737790,2.094046,1.807957,1.077335
1099.000000,1.361657,1.624325,2.058571,1.761381,1.015161
1100.000000,1.355237,1.573149,2.032252,1.755420,1.373760
1101.000000,1.178509,1.463872,1.945719,1.705411,0.729754
1102.000000,0.992737,1.348556,1.846741,1.676451,0.593612
1103.000000,1.022663,1.270473,1.803028,1.668457,1.218432
1104.000000,1.147572,1.297517,1.774193,1.695785,1.605976
1105.000000,1.242933,1.343542,1.764028,1.742620,1.814832
1106.000000,1.428703,1.346490,1.704657,1.765945,1.598595
1107.000000,1.638363,1.358207,1.660254,1.801659,1.621832
1108.000000,1.822823,1.464616,1.670154,1.872310,2.149964
1109.000000,1.973408,1.602793,1.685983,1.916297,2.344485
1110.000000,2.186102,1.762897,1.741538,1.968726,2.773582
1111.000000,2.400739,1.978510,1.794642,2.000169,2.574691
1112.000000,2.541018,2.174516,1.839851,2.013138,2.392139
1113.000000,2.416209,2.211611,1.823267,1.994267,1.686004
1114.000000,2.278531,2.210337,1.839443,1.971175,1.714500
1115.000000,2.104712,2.205147,1.863659,1.959928,1.870232
1116.000000,1.803144,2.125865,1.827263,1.890845,1.090528
1117.000000,1.236587,1.892473,1.707305,1.770181,-0.415477
1118.000000,0.820627,1.643810,1.621428,1.677683,-0.414868
1119.000000,0.482973,1.442375,1.575597,1.609174,0.055753
1120.000000,0.045296,1.172648,1.505404,1.543260,-0.139977
1121.000000,-0.201626,0.921968,1.483893,1.491422,0.017873
1122.000000,0.034994,0.739852,1.509986,1.469149,0.678843
1123.000000,0.356420,0.671051,1.524156,1.450410,1.021674
1124.000000,0.493814,0.547655,1.496641,1.438077,0.653128
1125.000000,0.696630,0.399513,1.463277,1.428998,0.734207
1126.000000,0.861395,0.347310,1.441738,1.414063,0.725298
1127.000000,0.889590,0.512987,1.423738,1.405393,0.792380
1128.000000,0.740439,0.628753,1.353127,1.396933,0.336862
1129.000000,0.500556,0.584538,1.223900,1.364603,-0.497394
1130.000000,0.228932,0.568385,1.056837,1.322337,-0.499538
1131.000000,-0.293517,0.402517,0.823781,1.274139,-1.543576
1132.000000,-0.815841,0.160348,0.597595,1.251067,-1.266471
1133.000000,-1.389025,-0.264684,0.365278,1.183569,-1.831405
1134.000000,-1.736344,-0.699015,0.088859,1.095447,-1.798531
1135.000000,-2.048432,-1.222480,-0.265793,0.984701,-1.813546
1136.000000,-1.899720,-1.648153,-0.528012,0.912186,-1.118658
1137.000000,-1.772347,-2.020620,-0.624861,0.843829,-0.907493
1138.000000,-1.540944,-2.214703,-0.741551,0.731448,-0.918292
1139.000000,-1.169699,-2.074599,-0.855437,0.630883,-0.233330
1140.000000,-0.869034,-1.969118,-0.981389,0.425049,-0.542005
1141.000000,-0.740345,-1.726223,-1.124672,0.160236,-0.584459
1142.000000,-0.627236,-1.542836,-1.320416,-0.153283,-0.411089
1143.000000,-0.515045,-1.319518,-1.542322,-0.446297,-0.443073
1144.000000,-0.461657,-1.049897,-1.590462,-0.736372,0.109502
1145.000000,-0.299992,-0.769115,-1.610332,-1.063396,0.230795
1146.000000,0.055484,-0.510278,-1.555428,-1.194653,0.936385
1147.000000,0.480475,-0.212231,-1.483281,-1.034753,1.272950
1148.000000,0.894328,0.118526,-1.369160,-0.873064,1.177248
1149.000000,1.296900,0.455655,-1.109461,-0.695923,1.812282
1150.000000,1.512589,0.795591,-0.913312,-0.526277,1.296207
1151.000000,1.594991,1.150295,-0.602270,-0.351570,1.387440
1152.000000,1.522057,1.384844,-0.364853,-0.335096,1.067251
1153.000000,1.533863,1.634203,-0.028307,-0.340576,1.344475
1154.000000,1.354751,1.713356,0.302549,-0.308070,1.060666
1155.000000,1.384360,1.813716,0.720614,-0.220227,1.467588
1156.000000,1.436333,1.838736,1.101892,-0.097063,1.622634
1157.000000,1.543039,1.823216,1.480262,0.013830,1.575635
1158.000000,1.563929,1.813632,1.854063,0.208304,1.471819
1159.000000,1.567697,1.698348,2.053881,0.519680,1.188913
1160.000000,1.449334,1.624693,2.201055,0.811986,1.000207
1161.000000,1.352636,1.570081,2.287882,1.332886,1.241634
1162.000000,1.455256,1.653313,2.377667,1.932656,2.052476
1163.000000,1.499021,1.651193,2.372551,2.419192,1.692457
1164.000000,1.728629,1.746900,2.363017,2.790129,2.278436
1165.000000,1.884004,1.739569,2.296769,2.888204,1.795168
1166.000000,1.981962,1.726226,2.209825,2.826730,1.783308
1167.000000,1.890173,1.711474,2.109679,2.714663,1.608514
1168.000000,1.935810,1.751333,2.054114,2.636472,1.920562
1169.000000,1.811597,1.794952,1.964162,2.503068,1.696002
1170.000000,1.725560,1.825318,1.891056,2.392984,1.388181
1171.000000,1.662304,1.841591,1.829633,2.311039,1.475530
1172.000000,1.515343,1.722330,1.757401,2.202247,0.849286
1173.000000,1.324849,1.654915,1.693654,2.122986,0.951814
1174.000000,1.328329,1.600775,1.693610,2.076722,1.749125
1175.000000,1.538244,1.662086,1.716023,2.069818,2.363629
1176.000000,1.711843,1.712719,1.731547,2.042905,2.206979
1177.000000,1.894417,1.725159,1.728310,1.986124,1.679398
1178.000000,2.004709,1.689662,1.729154,1.933943,1.554144
1179.000000,1.910589,1.654764,1.733507,1.861909,1.349787
1180.000000,1.752316,1.679604,1.761763,1.823148,1.584801
1181.000000,1.687931,1.727593,1.794060,1.799606,1.877366
1182.000000,1.702233,1.820244,1.779886,1.785588,1.752552
1183.000000,1.694348,1.867749,1.771113,1.761282,1.537251
1184.000000,1.667625,1.808967,1.715647,1.738522,1.238980
1185.000000,1.536215,1.663542,1.669944,1.699182,0.923989
1186.000000,1.374248,1.549485,1.634403,1.668253,1.074782
1187.000000,1.280415,1.512699,1.620963,1.653816,1.307452
1188.000000,1.179327,1.464355,1.578826,1.638236,1.055903
1189.000000,1.161682,1.448657,1.554558,1.637232,1.152266
1190.000000,1.301870,1.450071,1.568792,1.658487,1.605487
1191.000000,1.284809,1.355409,1.547589,1.651886,0.911776
1192.000000,1.028264,1.186821,1.519148,1.593667,-0.077791
1193.000000,0.946358,1.096015,1.515105,1.568457,0.592325
1194.000000,0.510064,0.900567,1.410894,1.481637,-0.975878
1195.000000,0.237474,0.876228,1.335660,1.454919,0.560330
1196.000000,-0.218604,0.676558,1.199781,1.387863,-1.081637
1197.000000,-0.482397,0.408259,1.087966,1.326924,-1.212832
1198.000000,-0.989593,0.111329,0.967055,1.245817,-1.466062
1199.000000,-1.350533,-0.360919,0.806758,1.144128,-2.292438
1200.000000,-1.949410,-0.906062,0.631571,1.064206,-1.905308
1201.000000,-2.143616,-1.372500,0.395204,0.970320,-2.000733
1202.000000,-2.294241,-1.706224,0.122533,0.897546,-2.069556
1203.000000,-2.340403,-2.065052,-0.174394,0.820779,-1.923056
1204.000000,-2.145451,-2.132424,-0.473191,0.709041,-1.606475
1205.000000,-1.981052,-2.280466,-0.769025,0.551490,-1.402499
1206.000000,-1.823437,-2.219472,-1.129220,0.362709,-1.475302
1207.000000,-1.559214,-2.079535,-1.471102,0.210397,-0.940624
1208.000000,-1.234291,-1.874046,-1.694336,0.078530,-0.398759
1209.000000,-0.951003,-1.603792,-1.859048,-0.054076,-0.250971
1210.000000,-0.477533,-1.268582,-1.879763,-0.137551,0.842134
1211.000000,0.052366,-0.926454,-1.777560,-0.268369,0.989769
1212.000000,0.382944,-0.638491,-1.637220,-0.472115,0.569791
1213.000000,0.561539,-0.385176,-1.575324,-0.714736,0.397719
1214.000000,0.717949,-0.152823,-1.403116,-0.936815,0.428627
1215.000000,0.694859,0.104553,-1.328529,-1.070689,0.738263
1216.000000,0.600206,0.363426,-1.169006,-1.246800,0.571786
1217.000000,0.719084,0.626856,-0.970598,-1.341909,1.105407
1218.000000,0.937870,0.858395,-0.740587,-1.300611,1.365012
1219.000000,1.199712,1.103946,-0.424786,-1.198937,1.581400
1220.000000,1.541635,1.296044,-0.059747,-1.031367,2.199693
1221.000000,1.906604,1.478267,0.355047,-0.728598,2.188777
1222.000000,2.037764,1.655824,0.778649,-0.332143,1.844361
1223.000000,2.045296,1.799248,1.194363,-0.060170,1.605485
1224.000000,1.906652,1.845541,1.527232,0.351741,1.168717
1225.000000,1.654908,1.833853,1.806178,0.546887,1.051345
1226.000000,1.322428,1.773229,1.988905,0.883549,0.609842
1227.000000,1.066233,1.667030,2.075769,1.263659,0.627840
1228.000000,0.769503,1.495486,2.033275,1.568115,0.189026
1229.000000,0.602696,1.342358,1.984541,2.007694,0.379533
1230.000000,0.507544,1.168377,1.865551,2.338504,0.611840
1231.000000,0.435072,0.958128,1.715560,2.491854,0.257084
1232.000000,0.392388,0.800137,1.628312,2.593459,0.441783
1233.000000,0.442545,0.662555,1.560016,2.600673,0.401625
1234.000000,0.513193,0.602255,1.519315,2.571473,0.736549
1235.000000,0.341035,0.464874,1.407132,2.422441,-0.306753
1236.000000,0.175256,0.348681,1.304206,2.291830,-0.747383
1237.000000,-0.194278,0.168015,1.156893,2.114268,-1.461259
1238.000000,-0.571331,0.056343,1.020732,1.952667,-1.187137
1239.000000,-1.223250,-0.149780,0.860044,1.792416,-1.649727
1240.000000,-1.736035,-0.520053,0.621260,1.539295,-2.202456
1241.000000,-1.870126,-0.799319,0.397954,1.346611,-1.410749
1242.000000,-1.919463,-1.214051,0.147425,1.178382,-1.837357
1243.000000,-1.775816,-1.479129,-0.047959,1.100147,-0.779322
1244.000000,-1.568661,-1.771207,-0.226158,1.027797,-0.778922
