0.000000,5.385165,5.385165,5.385165,5.385165,-0.578353
1.000000,3.758482,3.742770,3.740800,3.741888,-0.267449
2.000000,3.023390,3.000056,2.999972,2.997931,0.129028
3.000000,2.574244,2.543973,2.547658,2.544283,-0.514234
4.000000,2.259230,2.238099,2.236446,2.229700,0.184928
5.000000,2.023152,2.009036,2.001080,1.991783,-0.015246
6.000000,1.836847,1.831191,1.814957,1.803274,0.443236
7.000000,1.684240,1.682942,1.663176,1.648853,0.980515
8.000000,1.560914,1.558329,1.534767,1.516163,0.879298
9.000000,1.449232,1.446356,1.426300,1.401038,1.539294
10.000000,1.354859,1.349937,1.330344,1.302812,1.647130
11.000000,1.273651,1.265607,1.244159,1.216806,2.356607
12.000000,1.198511,1.188709,1.165018,1.139198,2.381366
13.000000,1.135502,1.123982,1.093250,1.068490,2.381009
14.000000,1.072099,1.059142,1.029227,1.003194,1.849823
15.000000,1.020901,1.004638,0.973147,0.943517,2.347745
16.000000,0.971048,0.954154,0.922599,0.887837,2.403186
17.000000,0.930780,0.909083,0.875255,0.836775,2.640438
18.000000,0.882956,0.864418,0.829666,0.787413,1.927514
19.000000,0.828777,0.814712,0.780256,0.739358,1.065617
20.000000,0.770136,0.767942,0.734235,0.692893,1.126739
21.000000,0.715353,0.722910,0.690729,0.647339,1.447508
22.000000,0.655611,0.680175,0.648541,0.602036,1.547196
23.000000,0.618222,0.643996,0.613668,0.559573,1.982991
24.000000,0.596730,0.611506,0.577939,0.520244,1.746498
25.000000,0.606852,0.591599,0.553597,0.488524,2.548948
26.000000,0.626094,0.578959,0.535575,0.462066,2.428273
27.000000,0.691408,0.587817,0.536445,0.446239,2.602809
28.000000,0.810101,0.657826,0.587866,0.464107,2.027469
29.000000,2.373399,2.119523,2.249027,2.581456,2.030027
30.000000,2.223899,2.152317,2.209513,2.493892,1.842920
31.000000,2.090689,2.149654,2.156306,2.405779,1.774651
32.000000,1.926750,2.142598,2.110378,2.324315,1.775930
33.000000,1.778533,2.056359,2.036511,2.244436,1.311555
34.000000,1.574297,1.965132,1.965435,2.144230,1.006131
35.000000,1.397428,1.814155,1.885926,2.065286,0.938723
36.000000,1.134395,1.629305,1.782278,1.967169,0.423440
37.000000,0.978448,1.486437,1.712608,1.908302,1.035206
38.000000,0.932760,1.403332,1.675839,1.868898,1.110001
39.000000,0.884494,1.282831,1.653332,1.819028,0.760755
40.000000,0.892767,1.198665,1.642930,1.785698,0.980538
41.000000,0.986921,1.102581,1.616554,1.741356,0.827185
42.000000,0.958433,1.004392,1.593434,1.702939,0.888926
43.000000,0.900351,0.953213,1.553939,1.665334,0.833757
44.000000,0.915859,0.935794,1.524517,1.638921,0.802864
45.000000,0.946176,0.957668,1.472422,1.615291,1.137670
46.000000,0.999574,1.039996,1.417982,1.587704,1.062739
47.000000,0.946901,1.002301,1.325871,1.538205,0.602391
48.000000,0.877987,0.940030,1.256153,1.503920,0.459240
49.000000,0.822711,0.927741,1.184451,1.496032,0.486087
50.000000,0.720043,0.904018,1.128486,1.494245,0.689338
51.000000,0.605934,0.894649,1.069766,1.484801,0.590258
52.000000,0.693739,0.915847,1.019978,1.485205,1.138199
53.000000,0.991669,1.003054,1.023249,1.485489,1.885701
54.000000,1.525563,1.160309,1.071199,1.503092,2.626377
55.000000,2.097228,1.284246,1.129002,1.486885,2.345114
56.000000,2.821667,1.534401,1.268521,1.483576,2.831949
57.000000,2.983412,1.903258,1.353629,1.458683,2.422853
58.000000,2.838684,2.305950,1.432422,1.453559,2.156834
59.000000,2.563762,2.561310,1.536357,1.437550,1.838485
60.000000,2.390088,2.646291,1.619735,1.429353,1.828949
61.000000,2.171912,2.655051,1.719722,1.424712,1.871502
62.000000,1.936021,2.501201,1.770909,1.400620,1.402990
63.000000,1.838443,2.366087,1.842721,1.417518,1.723214
64.000000,1.717876,2.178253,1.878763,1.441348,1.343531
65.000000,1.613343,2.042933,1.880024,1.471102,1.377347
66.000000,1.480661,1.867455,1.880883,1.531053,1.282671
67.000000,1.619367,1.828860,1.978501,1.584023,2.087555
68.000000,1.654900,1.791060,2.056230,1.624101,1.890862
69.000000,1.742038,1.770539,2.100354,1.680823,1.779084
70.000000,1.612479,1.644300,2.042800,1.675116,0.777574
71.000000,1.713318,1.631830,2.057675,1.723053,1.778441
72.000000,1.533147,1.603323,2.003086,1.735797,1.176008
73.000000,1.340265,1.520590,1.915092,1.738117,0.924156
74.000000,1.193023,1.492397,1.828673,1.745135,1.053794
75.000000,1.242665,1.455729,1.753670,1.729271,0.997417
76.000000,1.169052,1.475396,1.687735,1.736272,1.443173
77.000000,1.157113,1.379801,1.619894,1.751888,1.116148
78.000000,1.270606,1.336113,1.582195,1.785949,1.477424
79.000000,1.399275,1.322141,1.569442,1.819057,1.697748
80.000000,1.441261,1.367367,1.531258,1.815908,1.148011
81.000000,1.398392,1.301602,1.494240,1.813704,1.188508
82.000000,1.290647,1.239081,1.452649,1.770627,0.333022
83.000000,1.256891,1.285358,1.432300,1.740645,1.310727
84.000000,1.242888,1.355104,1.449399,1.710960,1.739418
85.000000,1.518287,1.496814,1.489679,1.703211,2.312450
86.000000,1.916817,1.646204,1.559710,1.695674,2.700287
87.000000,2.379645,1.823332,1.574254,1.691085,2.390837
88.000000,2.573073,1.960767,1.606763,1.696966,2.413989
89.000000,2.641455,2.064099,1.648730,1.714463,2.369850
90.000000,2.639441,2.243785,1.768504,1.741939,2.497392
91.000000,2.652950,2.439328,1.854569,1.789206,2.786598
92.000000,2.592413,2.576664,1.942405,1.833340,2.289975
93.000000,2.383628,2.507809,1.983326,1.830209,1.593515
94.000000,2.266246,2.455327,2.031064,1.854060,1.849690
95.000000,2.088576,2.347516,2.058352,1.863333,1.615713
96.000000,1.832640,2.214625,2.049917,1.868179,1.496975
97.000000,1.510553,2.028233,1.997953,1.805903,0.720540
98.000000,1.269088,1.825232,1.909560,1.738492,0.401560
99.000000,1.103587,1.706184,1.861549,1.707893,1.030151
100.000000,1.065286,1.619470,1.868821,1.733958,1.427635
101.000000,0.977078,1.454180,1.847921,1.705469,1.076908
102.000000,1.090491,1.350737,1.866138,1.708357,1.256858
103.000000,1.207932,1.286536,1.834487,1.706462,0.963896
104.000000,1.259333,1.225986,1.812503,1.714349,1.276775
105.000000,1.122747,1.135608,1.746903,1.702425,0.756996
106.000000,1.068489,1.060387,1.672139,1.679109,0.790532
107.000000,1.043775,1.108508,1.627868,1.682518,1.148251
108.000000,1.095040,1.198833,1.583531,1.676612,1.196453
109.000000,1.118368,1.240483,1.548880,1.672512,1.397095
110.000000,1.200618,1.206993,1.489977,1.673520,1.111686
111.000000,1.255231,1.205790,1.401693,1.669968,0.995603
112.000000,1.255543,1.194531,1.339582,1.689685,1.133252
113.000000,1.102465,1.152351,1.283849,1.665709,0.271116
114.000000,0.901370,1.077430,1.215048,1.639518,0.336730
115.000000,0.866912,1.121826,1.180420,1.617605,0.997587
116.000000,0.683954,1.100457,1.122501,1.565116,0.017625
117.000000,-0.245400,0.790150,1.029442,1.463144,-2.788028
118.000000,-0.778058,0.533491,1.005061,1.388978,-1.472978
119.000000,-1.358247,0.177191,0.939411,1.317862,-1.271267
120.000000,-2.092978,-0.254294,0.826755,1.232733,-1.326766
121.000000,-2.127682,-0.658452,0.768512,1.138911,-0.473896
122.000000,-1.114558,-0.932046,0.734443,1.083685,0.638729
123.000000,-0.817064,-1.172040,0.670574,1.031562,-0.442423
124.000000,-0.344005,-1.201064,0.605267,0.980851,0.409055
125.000000,-0.030528,-1.446301,0.552436,0.918397,-0.238905
126.000000,0.256579,-1.310268,0.539180,0.880473,0.528208
127.000000,0.428149,-0.489023,0.530717,0.920803,1.243259
128.000000,0.958999,0.106409,0.539107,1.001367,1.496345
129.000000,2.536265,1.728564,1.100519,1.247311,4.336623
130.000000,3.513103,2.949036,1.924212,1.496460,3.566939
131.000000,3.609048,3.323299,2.689462,1.751756,2.785155
132.000000,3.454031,3.315140,3.148630,1.978583,2.500159
133.000000,3.305008,3.313411,3.407320,2.219659,2.447356
134.000000,2.843610,3.169473,3.361581,2.364314,2.149143
135.000000,2.568965,3.101559,3.258206,2.526687,2.272120
136.000000,2.369886,2.956368,3.134462,2.595218,1.952439
137.000000,2.182552,2.784849,3.067227,2.573992,1.698886
138.000000,1.974497,2.622027,2.913922,2.511669,1.484789
139.000000,1.772376,2.323030,2.748053,2.407790,1.201748
140.000000,1.522221,2.066614,2.602316,2.311130,1.039116
141.000000,1.341598,1.885956,2.471509,2.233189,1.059717
142.000000,1.213852,1.739136,2.346764,2.161413,1.070418
143.000000,1.087094,1.578988,2.249667,2.103370,0.871917
144.000000,0.986163,1.432107,2.142652,2.036263,0.715449
145.000000,0.903618,1.266124,2.060292,1.959993,0.638589
146.000000,0.862827,1.154579,1.996355,1.927637,0.861400
147.000000,0.833681,1.074568,1.936934,1.946337,0.942839
148.000000,0.737961,0.959527,1.848571,1.903396,0.390651
149.000000,0.653464,0.864466,1.691599,1.857697,0.271169
150.000000,0.525505,0.758390,1.532572,1.805110,-0.058890
151.000000,0.312399,0.637737,1.396879,1.746435,-0.201578
152.000000,0.021713,0.493379,1.264410,1.675827,-0.418851
153.000000,-0.185082,0.354607,1.127361,1.627069,-0.592746
154.000000,-0.452088,0.196407,0.988135,1.565253,-0.978123
155.000000,-0.675673,0.029603,0.834203,1.524518,-1.093477
156.000000,-0.981812,-0.235644,0.673607,1.471228,-1.608114
157.000000,-1.272900,-0.553405,0.522368,1.421925,-1.598180
158.000000,-1.620211,-0.861319,0.363460,1.372230,-1.918438
159.000000,-1.749816,-1.155840,0.223683,1.260083,-1.423918
160.000000,-1.734367,-1.381723,0.085640,1.145483,-1.187888
161.000000,-1.460865,-1.507534,-0.053080,1.058155,-0.646425
162.000000,-1.183814,-1.543230,-0.212761,0.973046,-0.472886
163.000000,-0.879925,-1.502665,-0.377368,0.871542,-0.438957
164.000000,-0.903898,-1.505500,-0.628469,0.721305,-1.507097
165.000000,-0.907917,-1.444625,-0.887619,0.541057,-1.214585
166.000000,-0.883552,-1.256730,-1.154768,0.383964,-0.510182
167.000000,-0.901942,-1.105612,-1.420546,0.217906,-0.508829
168.000000,-0.914324,-0.943617,-1.548546,0.045488,-0.413515
169.000000,-0.627206,-0.811254,-1.596914,-0.114084,-0.166222
170.000000,-0.431434,-0.722776,-1.577642,-0.296892,-0.366137
171.000000,-0.521295,-0.756911,-1.559620,-0.558846,-0.951656
172.000000,-0.637028,-0.826826,-1.512954,-0.878085,-1.055638
173.000000,-0.655495,-0.847353,-1.419825,-1.156749,-0.446828
174.000000,-0.725699,-0.716341,-1.304354,-1.411398,-0.396624
175.000000,-0.744740,-0.613911,-1.203543,-1.634011,-0.357176
176.000000,-0.564007,-0.585018,-1.075165,-1.829345,-0.078071
177.000000,-0.279189,-0.531885,-0.962902,-1.932948,0.301414
178.000000,0.045696,-0.416231,-0.818757,-1.855426,1.279398
179.000000,0.443250,-0.333837,-0.708405,-1.758022,1.275671
180.000000,0.843706,-0.256131,-0.631007,-1.645848,0.607424
181.000000,1.217203,-0.031100,-0.601509,-1.537338,0.534800
182.000000,1.823480,0.498583,-0.528674,-1.380542,1.978218
183.000000,1.079263,0.570249,-0.587316,-1.321471,-1.073381
184.000000,0.146527,0.550868,-0.539029,-1.254252,-1.459616
185.000000,-1.436087,-0.257930,-0.680246,-1.279441,-3.244237
186.000000,-2.526926,-1.449725,-0.935797,-1.267698,-2.594261
187.000000,-3.380469,-2.570330,-1.247421,-1.285405,-2.440227
188.000000,-2.986187,-2.894267,-1.421018,-1.232457,-0.988914
189.000000,-2.700126,-3.048701,-1.668705,-1.227032,-1.183885
190.000000,-2.359047,-3.179747,-2.010798,-1.295957,-2.036889
191.000000,-1.983379,-3.027789,-2.116037,-1.374790,-1.274048
192.000000,-1.814590,-3.096126,-2.278865,-1.522659,-1.856741
193.000000,-1.950632,-2.851915,-2.483880,-1.678713,-1.758320
194.000000,-1.959999,-2.616902,-2.550408,-1.705644,-1.477086
195.000000,-1.602994,-2.171131,-2.436424,-1.682164,-0.618570
196.000000,-1.372978,-1.826271,-2.309465,-1.701465,-0.338380
197.000000,-0.954564,-1.488468,-2.168210,-1.686600,0.014256
198.000000,-0.672580,-1.407952,-2.162420,-1.719050,-0.499197
199.000000,-0.322841,-1.249959,-2.081962,-1.727600,0.054296
200.000000,-0.102736,-0.963003,-1.951323,-1.695458,0.350418
201.000000,0.027047,-0.783923,-1.849429,-1.616705,0.218744
202.000000,0.059923,-0.531601,-1.835093,-1.528589,0.156563
203.000000,0.262381,-0.256802,-1.669409,-1.477491,0.351046
204.000000,0.314633,-0.017431,-1.517724,-1.437262,0.275300
205.000000,0.356101,0.140923,-1.246914,-1.377398,0.531898
206.000000,0.311785,0.195179,-1.062955,-1.380613,0.018522
207.000000,0.353675,0.240028,-0.857098,-1.369583,0.328118
208.000000,0.362065,0.369043,-0.764667,-1.405066,0.386356
209.000000,0.315332,0.376159,-0.687628,-1.462434,0.038422
210.000000,0.186817,0.333104,-0.530594,-1.492291,-0.020094
211.000000,0.317788,0.380014,-0.389022,-1.482516,0.553056
212.000000,0.136861,0.319904,-0.251058,-1.628574,-0.547773
213.000000,-0.312275,0.107270,-0.168126,-1.679759,-1.423325
214.000000,-0.966891,-0.266455,-0.193305,-1.777500,-2.235622
215.000000,-0.283970,-0.008803,0.149701,-1.417106,2.299887
216.000000,0.423760,0.499643,0.591393,-1.036906,2.558923
217.000000,1.253754,0.864801,0.967269,-0.661938,1.993555
218.000000,2.166114,1.204371,1.483248,-0.390382,1.878117
219.000000,3.019209,1.644279,1.944910,0.009548,2.114103
220.000000,2.752547,1.983110,2.225837,0.614636,1.972216
221.000000,2.480434,2.165263,2.424603,1.205227,1.899855
222.000000,2.298854,2.383899,2.475178,1.822145,1.600279
223.000000,2.120908,2.581423,2.399335,2.240345,1.323391
224.000000,1.920126,2.789129,2.323010,2.472204,1.297438
225.000000,1.967460,2.658023,2.346941,2.615969,2.193217
226.000000,1.847828,2.418346,2.315741,2.560845,1.454156
227.000000,1.798380,2.271269,2.265445,2.470246,1.472857
228.000000,1.861598,2.193647,2.249453,2.447508,1.693191
229.000000,1.946596,2.117506,2.273363,2.390727,1.801912
230.000000,1.848545,2.059706,2.294559,2.324609,1.794345
231.000000,1.788015,1.948180,2.239494,2.233768,1.307287
232.000000,1.754264,1.891811,2.255488,2.170898,1.411409
233.000000,1.658294,1.853324,2.284192,2.101084,1.305889
234.000000,1.540938,1.817870,2.328140,2.045164,1.281200
235.000000,1.469245,1.726155,2.211662,2.001897,1.465275
236.000000,1.468863,1.693675,2.090114,1.976746,1.335808
237.000000,1.433143,1.654728,2.001791,1.940451,1.267714
238.000000,1.372882,1.572418,1.914635,1.896817,1.045049
239.000000,1.248806,1.445763,1.804464,1.852995,0.695457
240.000000,1.071754,1.316073,1.706494,1.815829,0.606598
241.000000,0.983549,1.273621,1.639421,1.789623,0.918617
242.000000,0.860540,1.198797,1.578735,1.786867,0.689110
243.000000,0.884504,1.186064,1.563869,1.828358,1.238844
244.000000,1.016546,1.181656,1.554042,1.889952,1.515680
245.000000,1.084082,1.105077,1.475166,1.823385,0.781979
246.000000,1.163039,1.075400,1.451900,1.765325,1.300368
247.000000,1.349476,1.062187,1.432817,1.727530,1.416485
248.000000,1.408151,1.097898,1.407246,1.700183,1.590019
249.000000,1.364382,1.173122,1.364616,1.659083,1.300253
250.000000,1.389320,1.231643,1.304931,1.611242,0.819100
251.000000,1.331198,1.258358,1.281431,1.570500,0.980441
252.000000,1.030445,1.230511,1.216677,1.517665,-0.138365
253.000000,0.833002,1.174612,1.185448,1.494521,0.678718
254.000000,0.304294,0.931759,1.101819,1.438467,-1.447254
255.000000,-0.066252,0.817571,1.014442,1.359053,-0.827885
256.000000,-1.078846,0.399563,0.864555,1.270824,-2.914516
257.000000,-1.971927,-0.171120,0.688514,1.174902,-2.977701
258.000000,-2.664864,-0.773100,0.545024,1.085198,-2.010765
259.000000,-2.810197,-1.526272,0.374030,0.963014,-2.493119
260.000000,-2.791323,-2.050279,0.215462,0.848348,-1.771669
261.000000,-2.421675,-2.460274,-0.022356,0.756839,-1.598490
262.000000,-2.197827,-2.632240,-0.341299,0.624726,-2.020348
263.000000,-2.391627,-2.908799,-0.961366,0.420978,-2.847152
264.000000,-2.320292,-2.798406,-1.545907,0.207134,-2.229132
265.000000,-2.291706,-2.694501,-1.966499,-0.053616,-1.898834
266.000000,-2.326032,-2.514302,-2.363774,-0.379141,-2.036969
267.000000,-2.366467,-2.417422,-2.656289,-0.811225,-2.339460
268.000000,-2.263521,-2.400480,-2.801553,-1.295033,-2.302591
269.000000,-2.183943,-2.303840,-2.787950,-1.719439,-1.933993
270.000000,-2.208705,-2.295443,-2.744640,-2.124655,-2.119172
271.000000,-2.088094,-2.226615,-2.637455,-2.378503,-1.574878
272.000000,-1.933132,-2.146688,-2.510827,-2.487890,-1.585682
273.000000,-1.837003,-2.046854,-2.451647,-2.558089,-1.798517
274.000000,-1.782631,-1.982144,-2.346109,-2.539939,-1.677588
275.000000,-1.705689,-1.951740,-2.279551,-2.480569,-1.722331
276.000000,-1.911447,-2.013777,-2.256943,-2.513971,-2.497624
277.000000,-1.969111,-1.972123,-2.187334,-2.473069,-1.900426
278.000000,-1.991720,-1.937383,-2.152440,-2.437547,-1.929291
279.000000,-1.986151,-1.907085,-2.094098,-2.378706,-1.706282
280.000000,-1.925001,-1.836200,-2.041633,-2.301088,-1.454245
281.000000,-1.718338,-1.814217,-2.001029,-2.239022,-1.445817
282.000000,-1.597586,-1.778713,-1.946899,-2.161696,-1.291050
283.000000,-1.421133,-1.704370,-1.861095,-2.096740,-1.038306
284.000000,-1.297570,-1.650139,-1.802452,-2.024432,-1.092951
285.000000,-1.197909,-1.582768,-1.751131,-1.964530,-0.950261
286.000000,-1.078324,-1.426567,-1.695144,-1.889929,-0.858344
287.000000,-0.981008,-1.323791,-1.629981,-1.822614,-0.822548
288.000000,-0.933295,-1.211179,-1.566637,-1.774709,-0.796679
289.000000,-0.854390,-1.110856,-1.515734,-1.722018,-0.707528
290.000000,-0.750732,-1.011377,-1.446938,-1.675647,-0.411338
291.000000,-0.652096,-0.904086,-1.402738,-1.637002,-0.338405
292.000000,-0.465862,-0.770662,-1.343804,-1.583936,0.181640
293.000000,-0.205619,-0.635677,-1.264784,-1.510378,0.524504
294.000000,0.053888,-0.487895,-1.195362,-1.454556,0.495127
295.000000,0.242400,-0.358594,-1.128793,-1.413193,0.400135
296.000000,0.448435,-0.222022,-1.003860,-1.370006,0.511357
297.000000,0.504656,-0.084713,-0.912873,-1.322430,0.357500
298.000000,0.492460,0.076429,-0.805697,-1.272266,0.455051
299.000000,0.574030,0.285741,-0.690962,-1.226036,0.882622
300.000000,0.684387,0.470810,-0.584311,-1.171840,0.858538
301.000000,0.838352,0.695991,-0.454221,-1.133508,1.173234
302.000000,0.800004,0.735281,-0.363185,-1.118846,0.030574
303.000000,0.926055,0.815787,-0.249283,-1.076130,0.930456
304.000000,0.820786,0.847076,-0.129373,-1.049106,0.382270
305.000000,0.675012,0.871510,-0.009112,-1.021462,0.223460
306.000000,0.215796,0.722390,0.078436,-0.948257,-0.738350
307.000000,-0.115987,0.482199,0.137761,-0.921072,-1.478272
308.000000,-0.582532,0.262309,0.231470,-0.868405,-1.132670
309.000000,-1.024359,-0.087685,0.291560,-0.834493,-1.583336
310.000000,-1.543964,-0.489454,0.239600,-0.832353,-1.951347
311.000000,-1.840360,-0.950202,0.110024,-0.833679,-2.047359
312.000000,-1.778395,-1.121618,-0.087573,-0.817508,-1.240859
313.000000,-1.741184,-1.392532,-0.381780,-0.824836,-1.065965
314.000000,-1.529585,-1.528818,-0.617921,-0.799074,-0.653650
315.000000,-1.329517,-1.692321,-0.870362,-0.812998,-1.025626
316.000000,-1.231763,-1.779995,-1.203798,-0.892278,-1.573710
317.000000,-1.318830,-1.775989,-1.479309,-1.009452,-1.610673
318.000000,-1.385219,-1.775757,-1.696916,-1.136575,-1.381214
319.000000,-1.492735,-1.707718,-1.913433,-1.294936,-1.236553
320.000000,-1.588730,-1.644540,-2.116169,-1.602227,-1.545652
321.000000,-1.518201,-1.539525,-2.263610,-1.880756,-1.298353
322.000000,-1.409785,-1.503521,-2.235770,-2.210790,-1.156395
323.000000,-1.060686,-1.314955,-2.129218,-2.331044,0.274029
324.000000,-0.900903,-1.267206,-2.057214,-2.476666,-0.437839
325.000000,-0.621719,-1.164083,-1.959274,-2.468421,-0.193120
326.000000,-0.364328,-1.004582,-1.803563,-2.415426,-0.104334
327.000000,-0.053309,-0.811516,-1.604573,-2.288247,0.222112
328.000000,-0.137171,-0.674377,-1.479470,-2.215254,-0.071868
329.000000,-0.093049,-0.573274,-1.360894,-2.206000,-0.283826
330.000000,1.065387,0.144591,-0.886339,-1.712903,3.943839
331.000000,2.087150,0.854727,-0.442854,-1.350994,3.088689
332.000000,2.852497,1.628885,-0.004307,-0.828082,2.916227
333.000000,3.348045,2.224150,0.509415,-0.305048,2.925616
334.000000,3.441963,2.695859,1.005168,0.286999,2.552753
335.000000,2.999130,2.918546,1.526773,0.915722,2.349476
336.000000,2.719034,2.951961,2.009210,1.584376,2.104161
337.000000,2.440628,2.855467,2.335515,2.136357,1.789991
338.000000,2.140899,2.736588,2.496643,2.445997,1.530338
339.000000,1.878525,2.610202,2.536132,2.603226,1.300973
340.000000,1.652338,2.310461,2.535816,2.673592,1.237898
341.000000,1.492284,2.116436,2.503402,2.696232,1.313705
342.000000,1.368118,1.936294,2.438006,2.626027,1.190791
343.000000,1.266361,1.748758,2.309883,2.528668,1.045420
344.000000,1.185341,1.582741,2.216863,2.413813,0.917516
345.000000,1.124042,1.440270,2.134067,2.331978,0.944139
346.000000,1.054231,1.324013,2.064808,2.279409,0.975821
347.000000,0.981181,1.223621,1.989149,2.219168,0.838304
348.000000,0.921839,1.141823,1.927501,2.152714,0.756252
349.000000,0.907072,1.093594,1.885999,2.097622,0.842935
350.000000,0.879229,1.048333,1.750807,2.055520,0.804501
351.000000,0.888380,1.016384,1.660829,2.025652,1.035943
352.000000,0.929668,0.997194,1.575398,1.995191,1.040894
353.000000,0.940479,0.969622,1.473446,1.924392,0.768943
354.000000,0.934993,0.959145,1.386071,1.881713,0.777603
355.000000,0.879056,0.918644,1.291992,1.829586,0.444805
356.000000,0.812998,0.896849,1.219823,1.795597,0.715657
357.000000,0.747365,0.897902,1.165072,1.764439,0.764968
358.000000,0.820565,0.943312,1.137957,1.754554,1.233263
359.000000,0.961637,1.000533,1.130422,1.755777,2.094139
360.000000,1.267418,1.069795,1.123906,1.677907,1.867329
361.000000,1.540872,1.095759,1.104453,1.614306,1.511261
362.000000,1.842931,1.114903,1.089406,1.547202,1.223841
363.000000,1.700598,1.158771,1.072013,1.465199,0.416547
364.000000,1.166349,1.163144,1.054721,1.384176,-0.208671
365.000000,0.661769,1.246633,1.034281,1.306173,-0.168355
366.000000,0.213228,1.208310,1.002881,1.231075,-0.356214
367.000000,-0.110976,1.121257,0.987585,1.169503,-0.157244
368.000000,-0.003354,0.993396,1.008130,1.132290,0.877922
369.000000,0.302124,0.844608,1.028972,1.110291,1.113327
370.000000,0.504354,0.668340,1.046628,1.085831,0.702635
371.000000,1.062793,0.726088,1.076394,1.072347,1.952707
372.000000,1.185268,0.604872,1.044354,1.042419,0.303725
373.000000,0.948311,0.527346,1.034227,1.014929,-0.219223
374.000000,0.371145,0.386820,0.966416,0.980390,-1.415577
375.000000,0.092346,0.365618,0.996557,0.958102,-0.476728
376.000000,-0.328930,0.520853,1.029944,0.949365,0.580341
377.000000,-0.340417,0.643847,1.043122,0.952472,0.418519
378.000000,0.266380,0.840169,1.077613,0.997774,1.951511
379.000000,0.832148,0.735228,0.939195,1.005390,0.163956
380.000000,0.234331,0.206926,0.592881,0.959621,-2.337856
381.000000,-0.395746,-0.529840,0.362185,0.906416,-1.051276
382.000000,-1.049235,-1.007382,0.118115,0.832133,-1.197817
383.000000,-2.166882,-1.442596,-0.078004,0.779049,-1.330391
384.000000,-2.465022,-1.525112,-0.229229,0.704293,-1.356723
385.000000,-2.205733,-2.062669,-0.504736,0.637997,-1.890058
386.000000,-2.410909,-2.791110,-0.887819,0.445897,-2.147500
387.000000,-2.753481,-3.293754,-1.603268,0.031704,-2.837768
388.000000,-2.662861,-3.375486,-2.251736,-0.510123,-1.795986
389.000000,-2.683923,-3.232168,-2.781943,-1.209466,-2.189232
390.000000,-2.488902,-2.814508,-2.851114,-1.768561,-1.546333
391.000000,-2.281477,-2.636000,-2.924778,-2.133290,-1.455841
392.000000,-1.894432,-2.453055,-2.739892,-2.293012,-1.177325
393.000000,-1.776014,-2.326185,-2.576575,-2.334516,-1.334240
394.000000,-1.761138,-2.328844,-2.473392,-2.400667,-2.116099
395.000000,-1.867363,-2.288574,-2.447060,-2.432780,-2.042476
396.000000,-1.818279,-2.142614,-2.399551,-2.354966,-1.374199
397.000000,-1.961167,-2.022868,-2.406703,-2.360983,-1.944150
398.000000,-1.915975,-1.930129,-2.402820,-2.336021,-1.332821
399.000000,-1.762468,-1.825714,-2.338870,-2.320829,-1.448932
400.000000,-1.663541,-1.809758,-2.217757,-2.293265,-1.601020
401.000000,-1.662029,-1.780211,-2.149830,-2.293577,-1.428209
402.000000,-1.211447,-1.595707,-1.971958,-2.114354,0.256762
403.000000,-0.706516,-1.326389,-1.765101,-1.902809,1.129888
404.000000,0.042082,-0.900562,-1.530595,-1.643254,1.846512
405.000000,0.752805,-0.529832,-1.339688,-1.485686,1.321919
406.000000,1.384976,-0.223272,-1.153922,-1.384092,1.267212
407.000000,1.662632,0.224878,-0.907278,-1.272787,1.528514
408.000000,1.741637,0.630809,-0.711194,-1.221165,1.550275
409.000000,1.779148,1.160011,-0.431315,-1.089101,2.018671
410.000000,1.924372,1.714649,-0.152520,-0.871711,2.019662
411.000000,1.882641,2.043177,0.069584,-0.753508,1.256003
412.000000,1.753465,2.083377,0.278266,-0.637520,1.098773
413.000000,1.598625,1.989714,0.501557,-0.524697,0.927399
414.000000,1.364003,1.825476,0.820807,-0.397938,0.929127
415.000000,1.160904,1.752884,1.188129,-0.207049,1.083913
416.000000,1.155988,1.709120,1.521539,0.064836,1.241152
417.000000,1.106191,1.592855,1.835941,0.412274,0.905060
418.000000,1.065168,1.474345,2.013085,0.722731,0.771058
419.000000,1.075831,1.345108,2.159486,1.151074,0.998359
420.000000,1.065290,1.221167,2.260319,1.540409,1.041598
421.000000,0.993288,1.169577,2.276117,1.863364,0.908810
422.000000,0.984192,1.133802,2.158986,2.085520,0.868639
423.000000,1.005796,1.120720,2.010076,2.246200,0.878817
424.000000,0.905059,1.069477,1.812956,2.345894,0.521799
425.000000,0.738295,0.974384,1.657837,2.350034,0.228101
426.000000,0.519254,0.822351,1.504644,2.243642,-0.180006
427.000000,0.246216,0.684286,1.342145,2.173720,-0.492324
428.000000,-0.252342,0.466220,1.146457,2.000279,-1.495794
429.000000,-0.698421,0.219333,0.943490,1.884498,-1.452552
430.000000,-1.173739,-0.077104,0.729901,1.800052,-1.786570
431.000000,-1.692538,-0.425675,0.557669,1.718459,-2.218063
432.000000,-2.090544,-0.816439,0.402452,1.565247,-1.865100
433.000000,-2.123567,-1.275748,0.254696,1.385246,-1.638994
434.000000,-2.054478,-1.684783,0.091214,1.166355,-1.535974
435.000000,-1.734946,-1.903325,-0.059860,1.036551,-0.750848
436.000000,-1.397878,-1.993123,-0.253243,0.917771,-0.722237
437.000000,-1.101468,-1.933917,-0.417312,0.795304,-0.470707
438.000000,-0.913857,-1.737181,-0.614141,0.655900,-0.747924
439.000000,-0.894245,-1.644142,-0.924798,0.411623,-1.435908
440.000000,-1.087686,-1.561322,-1.274663,0.109060,-1.653257
441.000000,-1.220107,-1.441899,-1.567682,-0.128559,-1.336321
442.000000,-1.306232,-1.322563,-1.779947,-0.343823,-0.898078
443.000000,-1.412793,-1.277856,-1.978625,-0.607362,-1.275050
444.000000,-1.473330,-1.301213,-2.103495,-0.960256,-1.716995
445.000000,-1.432372,-1.379393,-2.116242,-1.339918,-1.455366
446.000000,-1.564788,-1.521708,-2.106529,-1.791490,-1.938828
447.000000,-1.776861,-1.685544,-2.068861,-2.123900,-1.945962
448.000000,-1.837823,-1.771247,-1.948871,-2.309554,-1.641142
449.000000,-1.722635,-1.728144,-1.833020,-2.381427,-1.199103
450.000000,-1.633186,-1.648456,-1.723926,-2.380950,-1.025915
451.000000,-1.483243,-1.624545,-1.641816,-2.347057,-1.188359
452.000000,-1.289560,-1.628693,-1.580133,-2.283203,-1.001982
453.000000,-1.107215,-1.579271,-1.523225,-2.205998,-0.739901
454.000000,-0.885341,-1.427166,-1.440036,-2.080126,0.041588
455.000000,-0.626311,-1.283925,-1.394726,-1.950448,0.408410
456.000000,-0.115008,-1.003772,-1.324686,-1.797087,1.255033
457.000000,0.550742,-0.634912,-1.253130,-1.643489,1.748515
458.000000,1.347803,-0.157783,-1.129507,-1.438701,2.285931
459.000000,1.942393,0.383353,-0.934622,-1.250378,2.406291
460.000000,2.202555,0.900613,-0.736861,-1.089590,1.852779
461.000000,2.363386,1.557163,-0.492250,-0.896782,2.296079
462.000000,2.369738,2.064750,-0.258150,-0.717616,2.076264
463.000000,2.289502,2.382553,0.055046,-0.527239,2.058752
464.000000,2.128899,2.448738,0.435165,-0.338523,1.754235
465.000000,2.042009,2.424207,0.828429,-0.182319,1.599043
466.000000,2.077802,2.457933,1.446580,0.082565,2.387423
467.000000,1.599241,2.116913,1.694270,0.107101,-0.106906
468.000000,1.013360,1.719160,1.791274,0.079686,-0.771843
469.000000,0.555468,1.393590,1.843972,0.134494,-0.484256
470.000000,0.089459,1.119044,1.819296,0.197798,-0.610640
471.000000,-0.620608,0.788081,1.767609,0.225555,-0.744944
472.000000,-0.778656,0.460880,1.674807,0.203895,-0.814368
473.000000,-0.842971,0.085535,1.521559,0.176649,-1.051683
474.000000,-0.905241,-0.228208,1.360240,0.257885,-0.774505
475.000000,-0.801973,-0.444671,1.272807,0.447885,-0.164410
476.000000,-0.640720,-0.764598,1.166208,0.765800,-0.016065
477.000000,-0.447079,-0.740132,1.053655,1.117260,0.074373
478.000000,-0.078086,-0.562947,0.967582,1.495280,0.598262
479.000000,0.139322,-0.485067,0.808024,1.649980,0.143393
480.000000,0.197915,-0.399764,0.675177,1.720958,0.060409
481.000000,0.228087,-0.289638,0.492049,1.793533,0.087504
482.000000,0.197019,-0.186702,0.287845,1.808997,-0.088425
483.000000,0.082743,-0.004928,0.083614,1.838451,0.139717
484.000000,0.085770,0.149617,-0.112034,1.819600,0.161617
485.000000,0.037933,0.165268,-0.360306,1.762931,-0.145470
486.000000,-0.009985,0.159084,-0.793215,1.676624,-0.108702
487.000000,-0.003246,0.140936,-0.847095,1.579491,-0.063672
488.000000,-0.052178,0.024774,-0.784125,1.419288,-0.060797
489.000000,-0.149934,-0.040170,-0.796095,1.183784,-0.246166
490.000000,-0.037965,0.000707,-0.663599,1.071426,0.326741
491.000000,-0.052254,-0.041369,-0.562499,0.763068,-0.174459
492.000000,-0.028093,-0.020363,-0.368002,0.460321,0.040998
493.000000,-0.093804,-0.094690,-0.147319,0.026550,-0.355792
494.000000,0.017140,-0.094789,0.129164,-0.299630,0.218343
495.000000,0.218121,0.101677,0.423266,-0.450842,1.262758
496.000000,0.658763,0.334024,0.680277,-0.815353,1.681348
497.000000,1.249571,0.691310,1.002397,-0.496355,2.128962
498.000000,1.598318,0.900898,0.969079,-0.193379,0.853685
499.000000,1.682915,1.159454,1.062982,0.044767,0.853840
500.000000,1.683712,1.429097,1.331304,0.470941,1.846420
501.000000,1.780021,1.792762,1.614818,0.988350,2.103356
502.000000,1.756384,1.986701,1.872075,1.505528,1.987372
503.000000,1.822499,2.050947,1.890143,1.923328,1.095772
504.000000,1.847519,1.980534,1.838564,2.177515,0.734512
505.000000,1.503491,1.736139,1.772193,2.172957,-0.030200
506.000000,0.987743,1.555122,1.688999,2.096519,-0.222201
507.000000,0.665894,1.429945,1.699740,2.086083,0.940181
508.000000,0.802458,1.555764,1.765510,2.015971,1.693138
509.000000,0.941632,1.628809,1.805459,1.988940,1.244842
510.000000,1.258878,1.543728,1.758326,1.966604,1.216615
511.000000,1.639925,1.430775,1.797124,1.950994,1.433742
512.000000,1.675396,1.299134,1.794018,1.938030,1.229979
513.000000,1.459389,1.262177,1.812117,1.865923,0.851976
514.000000,1.573112,1.405319,1.841828,1.862401,1.733577
515.000000,1.537219,1.541015,1.757396,1.847535,1.122961
516.000000,1.543829,1.727156,1.735630,1.849805,1.485587
517.000000,1.699611,1.823325,1.713720,1.870878,1.903162
518.000000,1.848561,1.793537,1.764303,1.867730,1.590269
519.000000,1.942196,1.894488,1.855603,1.912598,2.141165
520.000000,1.863781,1.824808,1.775440,1.836963,0.896247
521.000000,1.536675,1.637412,1.616981,1.770070,-0.018476
522.000000,1.041147,1.448148,1.448479,1.687731,-0.431499
523.000000,0.505159,1.280515,1.335382,1.636830,-0.925549
524.000000,-0.132082,1.090135,1.297312,1.597332,-0.251937
525.000000,-0.381705,1.021506,1.334085,1.531458,0.221333
526.000000,-0.394688,0.870850,1.370071,1.483008,0.051178
527.000000,1.195829,1.300180,1.646979,1.613347,3.842071
528.000000,2.622973,1.766134,1.849406,1.796168,3.137776
529.000000,3.201892,2.047609,2.029033,1.947000,2.595913
530.000000,3.224030,2.351214,2.121435,1.988476,1.965299
531.000000,3.185537,2.664501,2.182531,2.006162,1.967720
532.000000,2.600523,2.790189,2.194697,1.989840,1.603031
533.000000,2.220517,2.849772,2.221527,2.013623,1.611885
534.000000,1.913451,2.756025,2.167169,2.020157,1.330523
535.000000,1.721790,2.630045,2.137764,2.036446,1.191871
536.000000,1.535515,2.535673,2.092614,2.050072,1.157566
537.000000,1.415462,2.195789,2.023144,2.019429,1.067470
538.000000,1.307709,1.942445,1.980914,1.976109,1.135950
539.000000,1.218394,1.729038,1.895706,1.937978,0.935221
540.000000,1.191936,1.610478,1.893155,1.913987,1.078624
541.000000,1.127963,1.472335,1.909509,1.873257,0.871170
542.000000,1.040568,1.358255,1.918246,1.830899,0.667089
543.000000,1.017522,1.287743,1.959310,1.826005,1.029394
544.000000,0.918924,1.186187,1.925173,1.765394,0.474050
545.000000,0.774236,1.096287,1.878256,1.726280,0.411081
546.000000,0.648828,0.997339,1.834888,1.674784,0.290004
547.000000,0.524665,0.885805,1.639461,1.604048,0.091577
548.000000,0.404444,0.813446,1.493528,1.569379,0.515538
549.000000,0.328307,0.719455,1.346245,1.497685,0.135271
550.000000,0.390583,0.671211,1.271231,1.499462,0.694258
551.000000,0.641152,0.737225,1.239471,1.564507,1.419684
552.000000,1.014130,0.872631,1.251797,1.650763,1.754671
553.000000,1.320397,0.971292,1.268235,1.741609,1.896984
554.000000,1.728438,1.140028,1.296736,1.798367,1.760060
555.000000,2.014218,1.310337,1.326369,1.833351,1.587326
556.000000,2.352629,1.616769,1.402333,1.897043,2.550420
557.000000,2.574317,2.010228,1.504523,1.853442,2.665336
558.000000,2.459219,2.232222,1.562431,1.791259,1.887993
559.000000,2.300977,2.463318,1.625195,1.735928,1.694717
560.000000,2.172293,2.528634,1.663418,1.701574,1.519442
561.000000,1.887619,2.398809,1.696411,1.654728,1.213926
562.000000,1.717899,2.291715,1.785756,1.653219,1.795693
563.000000,1.723782,2.189401,1.843846,1.656160,1.896114
564.000000,1.728853,2.102546,1.932168,1.667062,1.734627
565.000000,1.828380,2.091216,2.034794,1.698844,2.003944
566.000000,1.916429,1.996658,2.109433,1.717887,1.758362
567.000000,1.868594,1.879553,2.171907,1.733420,1.626256
568.000000,1.779400,1.820855,2.178574,1.737871,1.496987
569.000000,1.733733,1.789774,2.208358,1.754137,1.538499
570.000000,1.623751,1.767371,2.184552,1.757465,1.466064
571.000000,1.570577,1.776477,2.118725,1.772378,1.501986
572.000000,1.554872,1.744629,2.045931,1.797960,1.554875
573.000000,1.540736,1.693458,1.968949,1.796958,1.441760
574.000000,1.504545,1.651125,1.905879,1.816883,1.373003
575.000000,1.451858,1.568542,1.849687,1.827775,1.212474
576.000000,1.320612,1.473127,1.751691,1.823944,0.828289
577.000000,1.217437,1.413937,1.666749,1.838529,1.042225
578.000000,1.115585,1.359538,1.610859,1.831376,0.932160
579.000000,0.909865,1.249865,1.539308,1.819949,0.257054
580.000000,0.663880,1.124157,1.468686,1.780488,-0.136001
581.000000,0.438947,0.970590,1.408431,1.711079,-0.423545
582.000000,0.021599,0.758860,1.309700,1.621565,-0.943587
583.000000,-0.486621,0.512609,1.197523,1.527061,-1.236124
584.000000,-0.986445,0.176706,1.067350,1.425856,-1.903161
585.000000,-1.636991,-0.310930,0.869240,1.304016,-2.817056
586.000000,-2.051280,-0.764169,0.687860,1.176315,-2.229573
587.000000,-2.197046,-1.241257,0.511147,1.049655,-1.816659
588.000000,-2.272518,-1.702172,0.311347,0.937238,-1.879372
589.000000,-2.167006,-1.953568,0.091940,0.836147,-1.608356
590.000000,-1.888512,-2.075594,-0.152402,0.740009,-1.473367
591.000000,-1.581410,-2.040698,-0.387343,0.687153,-0.777562
592.000000,-1.338987,-1.939114,-0.661595,0.606792,-0.654788
593.000000,-1.088493,-1.823022,-0.972601,0.505580,-0.666902
594.000000,-0.851629,-1.641210,-1.284701,0.407574,-0.475565
595.000000,-0.428370,-1.265711,-1.458160,0.339115,0.536980
596.000000,-0.199004,-0.982028,-1.572595,0.253211,0.320070
597.000000,0.112392,-0.682640,-1.608298,0.199821,0.817731
598.000000,0.348221,-0.418443,-1.636378,0.104707,0.436434
599.000000,0.578697,-0.160035,-1.545488,-0.008749,0.597921
600.000000,0.619929,0.104621,-1.406094,-0.135452,0.729090
601.000000,0.707099,0.286959,-1.257883,-0.317137,0.727082
602.000000,0.652719,0.437064,-1.104916,-0.601869,0.561868
603.000000,0.738261,0.623694,-0.919793,-0.897583,0.835172
604.000000,0.842796,0.819293,-0.674223,-1.156205,1.089480
605.000000,0.911548,0.883106,-0.353042,-1.346097,1.041555
606.000000,1.073385,1.027617,-0.014714,-1.264573,1.458030
607.000000,1.299286,1.127084,0.323883,-1.147604,1.573934
608.000000,1.463536,1.282117,0.700741,-0.978356,1.582430
609.000000,1.381177,1.306615,0.979876,-0.855661,0.741369
610.000000,1.372616,1.347762,1.292254,-0.598350,1.044440
611.000000,1.212740,1.342848,1.493708,-0.360604,0.742742
612.000000,1.017890,1.340973,1.662218,-0.018139,0.674719
613.000000,0.879609,1.331799,1.835617,0.531508,0.931068
614.000000,1.017788,1.347190,1.995491,1.510960,1.400757
615.000000,1.053065,1.339745,1.974399,2.624264,1.255905
616.000000,1.134793,1.276150,1.943077,3.166347,1.177409
617.000000,1.347319,1.266571,1.902825,3.335373,1.741574
618.000000,1.517816,1.260833,1.886833,3.295214,1.760981
619.000000,1.675647,1.389907,1.879071,3.189286,2.150709
620.000000,1.820999,1.464207,1.839519,3.027323,1.903573
621.000000,2.022414,1.602052,1.820995,2.846951,2.096161
622.000000,2.082319,1.748078,1.815444,2.691606,2.004374
623.000000,2.051983,1.832770,1.775668,2.543814,1.583943
624.000000,1.971308,1.886640,1.743316,2.423875,1.757107
625.000000,1.872005,1.919265,1.710701,2.257637,1.443761
626.000000,1.569054,1.876739,1.625140,2.104591,0.625870
627.000000,1.314672,1.781867,1.556847,1.965534,0.819409
628.000000,1.190767,1.702893,1.509162,1.879354,0.996379
629.000000,0.980444,1.552222,1.506999,1.791502,0.745818
630.000000,0.848676,1.441410,1.496888,1.716143,0.834552
631.000000,0.979177,1.346455,1.530539,1.668802,1.243581
632.000000,0.936494,1.191175,1.542343,1.616560,0.585167
633.000000,0.845976,1.081952,1.541118,1.562725,0.541972
634.000000,0.911985,1.001679,1.533816,1.525201,1.049955
635.000000,1.096554,1.022855,1.567414,1.518661,1.688614
636.000000,1.192702,1.145138,1.604452,1.500457,1.663715
637.000000,1.349197,1.204453,1.581839,1.472057,1.276428
638.000000,1.570591,1.278511,1.573751,1.460606,1.583717
639.000000,1.641835,1.364165,1.531595,1.484709,1.436499
640.000000,1.506843,1.397747,1.487247,1.487751,1.063732
641.000000,1.355229,1.370591,1.422762,1.505075,0.932174
642.000000,1.337830,1.446538,1.374158,1.536733,1.185431
643.000000,1.230923,1.516294,1.348092,1.557228,1.062671
644.000000,0.893292,1.411849,1.252460,1.523457,-0.379858
645.000000,0.554286,1.206192,1.167736,1.493249,-0.733720
646.000000,0.317121,1.047290,1.168201,1.484909,-0.150691
647.000000,-0.081871,0.917205,1.152723,1.445482,-0.323869
648.000000,-0.333660,0.772450,1.150990,1.419913,0.377686
649.000000,-0.077552,0.648177,1.179892,1.376302,0.660951
650.000000,0.223904,0.537185,1.190522,1.336319,0.332989
651.000000,0.631867,0.579838,1.210971,1.305745,1.392893
652.000000,1.005728,0.536164,1.275841,1.267414,1.135029
653.000000,1.246888,0.566981,1.357555,1.257640,1.355914
654.000000,1.272567,0.806466,1.362791,1.219423,0.834177
655.000000,1.487899,1.180193,1.330594,1.212537,1.319457
656.000000,1.652290,1.556343,1.355014,1.285200,2.145800
657.000000,1.644601,1.752747,1.366122,1.319009,1.215632
658.000000,1.569040,1.804189,1.336331,1.339397,1.102369
659.000000,2.022794,2.073740,1.462821,1.444113,2.719840
660.000000,2.576697,2.485210,1.757757,1.598489,3.348344
661.000000,2.674718,2.590339,2.001618,1.700182,2.594490
662.000000,2.704832,2.586215,2.111275,1.802007,1.859777
663.000000,2.385197,2.327419,2.023465,1.805974,0.133541
664.000000,1.741962,2.097041,1.996376,1.746678,-0.496303
665.000000,0.354688,1.523390,1.724741,1.512737,-2.496325
666.000000,-1.007578,0.843308,1.392445,1.267583,-2.334246
667.000000,-1.859964,0.400465,1.193435,1.102217,-1.503376
668.000000,-2.003452,0.084404,1.036702,0.949702,-0.870944
669.000000,-1.942244,-0.416860,0.892193,0.813047,-0.650960
670.000000,-1.543240,-1.136189,0.731599,0.671030,-0.861251
671.000000,-1.338809,-1.850096,0.348376,0.445607,-1.487940
672.000000,-1.083471,-2.107141,0.156697,0.303656,-0.500641
673.000000,-1.212984,-2.217547,-0.272287,0.035446,-1.399483
674.000000,-1.375735,-2.214963,-0.684398,-0.140603,-1.370168
675.000000,-1.287657,-1.851001,-0.995132,-0.182582,-0.576980
676.000000,-1.166476,-1.609350,-1.496765,-0.346236,-0.998590
677.000000,-1.218147,-1.466928,-1.806112,-0.474179,-0.781089
678.000000,-1.028306,-1.396229,-2.006856,-0.629955,-0.610030
679.000000,-0.936980,-1.417376,-2.365258,-0.888477,-0.989965
680.000000,-0.898583,-1.329483,-2.589243,-1.024629,-0.441510
681.000000,-0.649342,-1.094678,-2.584395,-1.145110,0.056430
682.000000,-0.264325,-0.886617,-2.385989,-1.086989,0.852625
683.000000,-0.008275,-0.619470,-2.133446,-1.118970,0.476687
684.000000,0.181055,-0.454355,-1.969022,-1.238666,-0.192945
685.000000,0.303304,-0.363821,-1.634296,-1.335702,0.065904
686.000000,0.359515,-0.181898,-1.315435,-1.436341,0.287262
687.000000,0.189414,-0.049261,-1.116877,-1.462693,0.149036
688.000000,-0.056108,-0.039141,-1.072690,-1.586227,-0.543252
689.000000,-0.348163,-0.094969,-1.149925,-1.941006,-1.413399
690.000000,-0.783451,-0.271153,-1.230340,-2.324388,-1.748137
691.000000,-1.127641,-0.424795,-1.167127,-2.474805,-1.029459
692.000000,-1.426608,-0.689058,-1.181067,-2.508976,-0.705915
693.000000,-1.390405,-0.803419,-1.023377,-2.355260,0.340358
694.000000,-0.835668,-0.725153,-0.817626,-2.162374,1.027379
695.000000,-0.226017,-0.854851,-0.791647,-1.912576,-0.107272
696.000000,0.126089,-1.045919,-0.706339,-1.678090,-0.121824
697.000000,0.436809,-1.150006,-0.611154,-1.505081,0.273099
698.000000,0.821707,-0.773211,-0.400111,-1.305978,1.632690
699.000000,1.104432,0.129429,-0.049791,-1.107978,1.893765
700.000000,1.273750,0.898231,0.096078,-0.996273,0.527279
701.000000,1.271336,1.195712,0.093751,-0.852890,-0.008202
702.000000,1.424619,1.554922,0.047363,-0.739602,0.921576
703.000000,1.486235,1.858307,0.274049,-0.422374,1.850038
704.000000,1.409769,1.962529,0.731807,-0.103474,1.625149
705.000000,1.589487,2.153402,1.132966,0.095700,1.238123
706.000000,1.695765,2.155477,1.305001,0.300060,0.579877
707.000000,1.501051,2.033536,1.418556,0.452522,0.252711
708.000000,1.274979,1.865762,1.974830,0.673021,1.009578
709.000000,1.136037,1.700716,2.594311,0.967233,1.109001
710.000000,1.176130,1.824605,2.984730,1.206160,1.376894
711.000000,1.604897,2.130706,3.128023,1.458798,2.133696
712.000000,1.860198,2.121977,3.019684,1.503360,1.480985
713.000000,1.802518,1.910608,2.769754,1.547666,1.056219
714.000000,1.774477,1.785016,2.558228,1.692830,1.206924
715.000000,1.610652,1.668151,2.437905,1.732223,0.836046
716.000000,1.322094,1.667743,2.344392,1.743527,0.974960
717.000000,1.047121,1.614117,2.175127,1.694162,0.352256
718.000000,0.881342,1.483984,1.953719,1.720948,0.364636
719.000000,0.555536,1.285820,1.705015,1.767531,-0.215589
720.000000,0.392306,1.116765,1.626346,1.852762,0.124286
721.000000,0.108981,0.814767,1.571387,1.835774,-0.276841
722.000000,-0.297968,0.476241,1.386070,1.736584,-1.597065
723.000000,-0.710811,0.226039,1.169579,1.622851,-1.160765
724.000000,-0.767848,0.027737,1.032440,1.540110,-0.233037
725.000000,-0.569546,0.021062,1.021587,1.614136,1.182020
726.000000,-0.110857,0.027612,1.091003,1.701496,1.567324
727.000000,0.589017,0.055351,1.137018,1.718312,0.768854
728.000000,1.210359,0.094922,1.120620,1.657138,0.801716
729.000000,2.388568,0.845860,1.315952,1.759778,3.388380
730.000000,2.802729,1.563377,1.464447,1.925764,2.814420
731.000000,2.957636,2.329324,1.543141,2.102752,2.641975
732.000000,3.183785,3.100240,1.745622,2.238110,2.793751
733.000000,2.861648,3.061968,1.761017,2.128477,0.905786
734.000000,2.443361,3.016835,1.852867,2.101718,1.657356
735.000000,2.207256,2.856317,2.000401,2.112276,1.810784
736.000000,1.820943,2.573632,2.019001,2.075751,0.912318
737.000000,1.455708,2.450145,2.138668,2.077500,1.144110
738.000000,1.424175,2.312352,2.201429,2.016416,0.836570
739.000000,1.252207,2.015369,2.283841,1.958871,0.881524
740.000000,1.133327,1.835389,2.334849,1.923849,1.280387
741.000000,1.123899,1.625770,2.320762,1.822439,0.903096
742.000000,0.948976,1.326586,2.295558,1.730494,0.377780
743.000000,0.852386,1.252678,2.243867,1.675143,0.410507
744.000000,0.808521,1.132733,2.177799,1.636342,0.682899
745.000000,0.640904,0.973218,2.047226,1.609923,0.520816
746.000000,0.476377,0.878826,1.893640,1.556376,0.156361
747.000000,0.427764,0.759440,1.794450,1.542744,0.149403
748.000000,0.461326,0.726941,1.741110,1.558961,0.564419
749.000000,0.331858,0.634772,1.547567,1.569869,0.088093
750.000000,0.182369,0.463489,1.365560,1.546414,-0.171887
751.000000,0.086351,0.322826,1.184741,1.532411,-0.316328
752.000000,0.064076,0.288970,1.007125,1.588789,0.053184
753.000000,-0.054258,0.261617,0.971855,1.638812,0.175955
754.000000,-0.030478,0.203119,0.889429,1.667963,0.317529
755.000000,0.004924,0.127964,0.768063,1.636678,-0.089278
756.000000,-0.304254,-0.057456,0.635700,1.535365,-1.796006
757.000000,-0.764404,-0.238210,0.495827,1.488788,-1.390540
758.000000,-1.264252,-0.520018,0.401249,1.473467,-0.927128
759.000000,-1.949005,-0.867479,0.245350,1.311379,-1.637676
760.000000,-2.871888,-1.630254,-0.145554,1.044181,-3.396704
761.000000,-3.155394,-2.506566,-0.643699,0.684028,-3.512518
762.000000,-3.215327,-2.916646,-1.076992,0.268394,-2.789406
763.000000,-3.196267,-2.998092,-1.505984,-0.010171,-2.249681
764.000000,-2.880266,-2.838205,-1.824633,-0.311525,-1.259881
765.000000,-2.482048,-2.724089,-2.088645,-0.714233,-1.558649
766.000000,-2.095634,-2.544457,-2.254248,-1.071155,-1.719314
767.000000,-1.792329,-2.418079,-2.302396,-1.414469,-1.403156
768.000000,-1.633454,-2.381923,-2.360022,-1.710832,-1.535179
769.000000,-1.583250,-2.258572,-2.283911,-1.904452,-1.098486
770.000000,-1.540182,-2.065434,-2.213893,-2.107295,-1.384211
771.000000,-1.412221,-1.814984,-2.120463,-2.180707,-1.130576
772.000000,-1.353023,-1.634653,-2.070078,-2.171945,-1.140521
773.000000,-1.334173,-1.544964,-2.060357,-2.176935,-1.450440
774.000000,-1.298089,-1.500018,-2.021417,-2.142717,-0.939530
775.000000,-1.195846,-1.424314,-1.975187,-2.089520,-0.904329
776.000000,-1.209747,-1.366045,-1.904341,-2.036428,-1.197311
777.000000,-1.303413,-1.384260,-1.890172,-2.012665,-1.568680
778.000000,-0.900902,-1.166615,-1.777788,-1.890527,0.497085
779.000000,-0.713281,-1.056989,-1.691662,-1.795492,0.000000
780.000000,-0.467388,-0.885349,-1.531313,-1.691891,0.292986
781.000000,-0.111995,-0.729030,-1.342495,-1.596321,0.411775
782.000000,0.261068,-0.622879,-1.212637,-1.558772,-0.094461
783.000000,0.061349,-0.502469,-1.124464,-1.550268,-0.408432
784.000000,0.093445,-0.388835,-1.069024,-1.534257,0.136795
785.000000,0.207461,-0.197505,-0.963710,-1.492838,0.933665
786.000000,0.485049,0.147856,-0.806904,-1.392636,1.678542
787.000000,0.804918,0.535905,-0.701621,-1.346768,0.931069
788.000000,1.404753,0.654095,-0.560293,-1.317995,1.359940
789.000000,1.904736,0.916942,-0.437285,-1.276372,1.455103
790.000000,1.949868,1.116926,-0.287273,-1.179738,1.027389
791.000000,1.664495,1.293251,-0.135253,-1.037567,1.023898
792.000000,1.913198,1.752051,0.137617,-0.850556,2.223382
793.000000,1.926574,2.097219,0.474042,-0.681839,1.749595
794.000000,1.712151,2.086066,0.714259,-0.606465,0.767112
795.000000,1.670669,1.963771,1.002340,-0.482617,0.990078
796.000000,1.797430,1.848535,1.426262,-0.273570,1.667282
797.000000,1.754364,1.915933,1.937857,-0.015122,2.036701
798.000000,1.747228,1.908574,2.031917,0.301073,1.764640
799.000000,1.957029,1.923915,2.150229,0.646734,1.814607
800.000000,2.023496,1.939467,2.145894,1.054378,1.509456
801.000000,1.968211,1.957052,2.112718,1.466998,1.560339
802.000000,1.807794,1.836871,2.098754,1.846505,1.382664
803.000000,1.844232,1.847273,2.144894,2.245042,1.967316
804.000000,1.754395,1.886666,2.095424,2.386503,1.443128
805.000000,1.661284,1.866082,1.991085,2.402313,1.107161
806.000000,1.626320,1.821541,1.889234,2.417918,1.393657
807.000000,1.597233,1.725157,1.837460,2.406520,1.200294
808.000000,1.434052,1.664456,1.792133,2.232279,1.309134
809.000000,1.235908,1.527322,1.718863,2.090982,0.546352
810.000000,1.168507,1.451936,1.687598,1.973820,0.824941
811.000000,0.891605,1.308180,1.625252,1.843759,0.186729
812.000000,0.708698,1.202677,1.522029,1.773767,0.330452
813.000000,0.491656,1.020003,1.448428,1.734037,0.324929
814.000000,0.778892,1.052802,1.504333,1.738707,1.986549
815.000000,0.946825,1.098767,1.532835,1.707352,1.591723
816.000000,1.320382,1.119009,1.531153,1.660771,1.688754
817.000000,1.741314,1.216161,1.526867,1.668112,2.039132
818.000000,2.009584,1.258213,1.516143,1.657421,1.603787
819.000000,1.882738,1.385444,1.495625,1.649836,1.464579
820.000000,1.990081,1.562930,1.530689,1.682488,2.123574
821.000000,2.027280,1.796497,1.550804,1.704296,1.868725
822.000000,2.042617,2.025353,1.601456,1.696393,2.138859
823.000000,2.122819,2.199011,1.605610,1.702022,2.038353
824.000000,2.303109,2.231054,1.674742,1.760357,2.393128
825.000000,2.292631,2.272225,1.757066,1.803034,2.174902
826.000000,2.292923,2.285404,1.807705,1.815886,2.021937
827.000000,2.196346,2.229844,1.850927,1.805130,1.801758
828.000000,2.081996,2.192668,1.874085,1.795970,1.603880
829.000000,1.939982,2.183847,1.948037,1.791799,1.747743
830.000000,1.838707,2.110707,1.994849,1.797843,1.694857
831.000000,1.731381,2.044884,2.054508,1.792681,1.516230
832.000000,1.620874,1.936402,2.074804,1.783837,1.286079
833.000000,1.525592,1.828102,2.070370,1.741348,1.167120
834.000000,1.440268,1.715137,2.005116,1.730255,1.332064
835.000000,1.363045,1.626911,1.961468,1.732524,1.319024
836.000000,1.297905,1.541964,1.910706,1.716122,1.205728
837.000000,1.212783,1.444265,1.829329,1.692668,0.878208
838.000000,1.212783,1.398734,1.790444,1.681651,1.167203
839.000000,1.103797,1.300822,1.739263,1.680535,0.787078
840.000000,1.006111,1.213793,1.669886,1.673868,0.837557
841.000000,0.961252,1.159977,1.625659,1.696210,1.014531
842.000000,0.905641,1.089413,1.551179,1.695922,0.542912
843.000000,0.824668,1.054361,1.495318,1.703411,0.819416
844.000000,0.793490,0.982242,1.414251,1.659869,0.586493
845.000000,0.632822,0.860827,1.320954,1.614303,-0.105304
846.000000,0.528879,0.798064,1.259007,1.588574,0.653494
847.000000,0.319803,0.689876,1.168551,1.526699,-0.647894
848.000000,0.137823,0.574207,1.109612,1.496997,0.021948
849.000000,-0.348888,0.383140,0.993190,1.443252,-1.994955
850.000000,-0.778922,0.126773,0.868484,1.368115,-2.165819
851.000000,-1.725375,-0.310440,0.719868,1.286440,-2.970069
852.000000,-2.147232,-0.665451,0.602383,1.211647,-1.951578
853.000000,-2.699645,-1.182372,0.463125,1.126444,-2.263240
854.000000,-2.463896,-1.601562,0.315780,1.036857,-1.409354
855.000000,-2.150893,-1.824686,0.153753,0.955369,-1.091544
856.000000,-1.838567,-2.165054,-0.063082,0.853750,-1.603264
857.000000,-1.718776,-2.207975,-0.282922,0.753290,-1.469116
858.000000,-1.638095,-2.327683,-0.641265,0.633442,-1.848959
859.000000,-1.698577,-2.200971,-1.008338,0.483551,-1.732151
860.000000,-1.808407,-2.083249,-1.434227,0.305300,-1.725273
861.000000,-1.808846,-1.916761,-1.857836,0.104783,-1.687244
862.000000,-1.829433,-1.858872,-2.112919,-0.117120,-1.662282
863.000000,-1.749558,-1.764572,-2.262680,-0.369757,-1.512239
864.000000,-1.628572,-1.713203,-2.277162,-0.674987,-1.195561
865.000000,-1.529982,-1.702637,-2.204568,-1.037263,-1.265915
866.000000,-1.537111,-1.704408,-2.213279,-1.463760,-1.720020
867.000000,-1.618736,-1.756563,-2.165277,-1.867541,-2.021853
868.000000,-1.639303,-1.726043,-2.124996,-2.187227,-1.611184
869.000000,-1.686114,-1.689248,-2.013537,-2.317903,-1.445725
870.000000,-1.655466,-1.622312,-1.901859,-2.338520,-1.140093
871.000000,-1.589713,-1.588666,-1.798312,-2.332158,-1.393046
872.000000,-1.352779,-1.505928,-1.715671,-2.227932,-0.854259
873.000000,-1.214316,-1.450337,-1.636104,-2.152554,-0.922735
874.000000,-1.002062,-1.380595,-1.569938,-2.049131,-0.345469
875.000000,-0.711711,-1.244484,-1.491744,-1.906533,0.399945
876.000000,-0.547501,-1.157072,-1.452133,-1.866361,-0.732469
877.000000,-0.480714,-1.010739,-1.417003,-1.785831,-0.604379
878.000000,-0.197290,-0.828699,-1.333054,-1.716996,0.437161
879.000000,0.110443,-0.587755,-1.230631,-1.595008,1.174110
880.000000,0.420768,-0.289095,-1.099458,-1.466562,1.878153
881.000000,0.893939,0.023798,-0.994403,-1.349694,1.054514
882.000000,1.223145,0.240299,-0.903889,-1.282850,0.600576
883.000000,1.420682,0.576308,-0.784294,-1.187336,1.300994
884.000000,1.515586,0.877202,-0.664038,-1.112914,1.599527
885.000000,1.585366,1.158046,-0.493432,-1.032952,2.149749
886.000000,1.861974,1.627135,-0.241022,-0.925034,2.197937
887.000000,2.274091,2.084662,0.139754,-0.795154,2.490986
888.000000,2.362803,2.239025,0.522649,-0.649206,2.014917
889.000000,2.316004,2.239753,0.942421,-0.496752,1.771385
890.000000,2.028975,2.057994,1.290398,-0.363740,1.035746
891.000000,1.702929,1.934335,1.628492,-0.228901,0.712338
892.000000,1.230961,1.800754,1.802009,-0.104013,0.204403
893.000000,0.897248,1.652125,1.944546,0.056306,0.407274
894.000000,0.541798,1.464497,1.936953,0.196827,0.118232
895.000000,0.294474,1.223272,1.814842,0.359540,-0.102202
896.000000,0.037097,0.942668,1.745302,0.585480,-0.473060
897.000000,-0.113028,0.622628,1.661914,0.924552,-0.508227
898.000000,-0.216350,0.392990,1.559168,1.298692,-0.035173
899.000000,-0.379392,0.112632,1.383727,1.567637,-0.633806
900.000000,-0.567252,-0.120768,1.162591,1.690338,-0.950855
901.000000,-0.674939,-0.320656,1.012348,1.783216,-0.952106
902.000000,-0.953670,-0.551064,0.844144,1.650762,-1.721707
903.000000,-1.462602,-0.883797,0.599704,1.463814,-2.125122
904.000000,-1.638257,-1.105464,0.391373,1.295523,-1.370346
905.000000,-1.974684,-1.455379,0.020252,0.891118,-2.409583
906.000000,-2.398496,-1.849468,-0.481384,0.513355,-2.870202
907.000000,-2.589646,-2.194404,-1.090074,0.070471,-2.729975
908.000000,-2.737382,-2.555522,-1.748660,-0.651534,-2.910927
909.000000,-2.899606,-2.727976,-2.318254,-1.521740,-2.774129
910.000000,-2.586469,-2.585785,-2.468265,-2.034900,-1.439951
911.000000,-2.262704,-2.457673,-2.505517,-2.330952,-1.338064
912.000000,-2.121235,-2.392923,-2.541748,-2.609120,-1.900978
913.000000,-1.916398,-2.303535,-2.535924,-2.770530,-1.776356
914.000000,-1.688098,-2.249952,-2.476451,-2.814446,-1.620378
915.000000,-1.686440,-2.133137,-2.391304,-2.801147,-1.491165
916.000000,-1.659311,-1.978500,-2.280519,-2.730080,-1.281127
917.000000,-1.501812,-1.828302,-2.174839,-2.651213,-1.126983
918.000000,-1.390342,-1.673958,-2.111303,-2.567167,-1.225711
919.000000,-1.311909,-1.522622,-2.042224,-2.483528,-1.237814
920.000000,-1.244660,-1.488463,-1.973450,-2.379213,-1.165561
921.000000,-1.192157,-1.452173,-1.910511,-2.273048,-1.015776
922.000000,-1.139694,-1.348093,-1.832204,-2.161658,-0.850580
923.000000,-1.085276,-1.265551,-1.763628,-2.083262,-0.954720
924.000000,-1.048192,-1.207929,-1.728973,-2.015503,-1.062774
925.000000,-0.991447,-1.146502,-1.661854,-1.944720,-0.887267
926.000000,-0.937296,-1.094193,-1.576693,-1.871165,-0.736308
927.000000,-0.884803,-1.043142,-1.488971,-1.804228,-0.553561
928.000000,-0.840325,-0.995196,-1.395414,-1.766234,-0.726736
929.000000,-0.879803,-0.995727,-1.321335,-1.744390,-1.325925
930.000000,-0.894266,-0.972504,-1.299108,-1.710021,-0.953768
931.000000,-0.998671,-0.988500,-1.292867,-1.690901,-1.223102
932.000000,-1.214292,-1.048958,-1.262645,-1.669376,-1.482216
933.000000,-1.369893,-1.084682,-1.230622,-1.640124,-1.283948
934.000000,-1.353046,-1.093915,-1.200153,-1.624364,-1.112865
935.000000,-1.426511,-1.121906,-1.171674,-1.584764,-0.903581
936.000000,-1.489737,-1.209197,-1.166418,-1.538773,-1.239999
937.000000,-1.403006,-1.326709,-1.165232,-1.488623,-0.885056
938.000000,-1.040073,-1.325024,-1.123351,-1.405506,0.333336
939.000000,-0.521121,-1.133106,-1.059511,-1.306924,0.817206
940.000000,-0.193677,-1.045668,-1.014428,-1.273154,0.347977
941.000000,0.289838,-0.876024,-0.979628,-1.244711,0.588736
942.000000,0.694240,-0.588697,-0.957308,-1.186173,0.619251
943.000000,0.571300,-0.372156,-0.942510,-1.139810,-0.203844
944.000000,0.503557,-0.078862,-0.885988,-1.086517,0.662014
945.000000,0.488047,0.134870,-0.854322,-1.041830,0.295706
946.000000,0.405380,0.416176,-0.841249,-1.009074,0.249693
947.000000,0.455995,0.714440,-0.832316,-0.976665,0.836545
948.000000,0.690347,0.776612,-0.798018,-0.935155,0.723772
949.000000,0.651889,0.723337,-0.664206,-0.891420,0.505717
950.000000,0.902906,0.877130,-0.514627,-0.832756,1.272570
951.000000,0.669261,0.681577,-0.416863,-0.822918,-0.684266
952.000000,0.275108,0.472862,-0.250261,-0.831324,-0.740842
953.000000,0.009512,0.465525,-0.046768,-0.820788,-0.322558
954.000000,-0.280900,0.257734,0.098605,-0.804465,-0.608227
955.000000,-0.908820,0.017495,0.141471,-0.824633,-1.099488
956.000000,-0.814994,-0.086632,0.355525,-0.846159,-0.333972
957.000000,-0.681482,-0.277684,0.549058,-0.902956,-0.222594
958.000000,-0.686527,-0.476330,0.495595,-0.958544,-0.338190
959.000000,-0.551952,-0.591415,0.339988,-0.907513,-0.105248
960.000000,-0.097793,-0.718998,0.451531,-0.869875,0.648407
961.000000,-0.062197,-0.624404,0.268323,-0.818351,-0.220681
962.000000,-0.268495,-0.664201,-0.199903,-0.742382,-1.147414
963.000000,-0.727584,-0.947783,-0.719442,-0.808848,-2.179859
964.000000,-1.560797,-1.350175,-1.752337,-1.131453,-2.927827
965.000000,-2.615469,-1.748053,-2.579459,-1.678080,-3.053160
966.000000,-2.929587,-2.064702,-2.853677,-1.902385,-2.134722
967.000000,-2.834225,-2.279260,-2.972602,-2.045074,-1.697393
968.000000,-2.480714,-2.320032,-2.885621,-2.309375,-1.190072
969.000000,-2.185519,-2.408694,-2.842693,-2.740514,-1.739155
970.000000,-1.796120,-2.459051,-2.800225,-2.804370,-1.392708
971.000000,-1.508486,-2.329599,-2.529314,-2.716145,-0.876212
972.000000,-0.726536,-1.821317,-2.020541,-2.263927,1.856863
973.000000,0.065263,-1.266499,-1.604617,-1.771111,2.080580
974.000000,1.067111,-0.616427,-1.191541,-1.401998,2.160124
975.000000,1.965889,0.158825,-0.726552,-0.965436,2.227372
976.000000,2.499068,0.844410,-0.349032,-0.536431,2.005006
977.000000,2.375222,1.431542,-0.017645,-0.208289,1.717967
978.000000,2.284112,1.945899,0.382894,0.236755,1.917786
979.000000,1.987248,2.236819,0.592424,0.481052,1.021497
980.000000,1.693524,2.387479,0.728982,0.621599,0.948931
981.000000,1.435580,2.402614,0.915303,1.002282,0.859864
982.000000,1.241630,2.162328,1.159107,1.368480,0.851599
983.000000,0.995306,1.936427,1.453403,1.631912,0.815243
984.000000,0.845542,1.670477,1.707105,1.756455,0.364384
985.000000,0.669298,1.389329,1.923297,1.841119,0.146853
986.000000,0.432176,1.097402,1.973448,1.728357,-0.224559
987.000000,0.040326,0.755331,1.878620,1.447072,-0.914349
988.000000,-0.360759,0.375706,1.744399,1.192716,-0.963042
989.000000,-0.601237,0.145008,1.704907,0.999383,-0.703705
990.000000,-0.794244,-0.082428,1.638918,0.737044,-0.731242
991.000000,-0.881844,-0.288323,1.550885,0.586221,-0.644653
992.000000,-0.843207,-0.508595,1.253592,0.489734,-0.748363
993.000000,-0.718570,-0.673819,0.996676,0.577917,-0.408991
994.000000,-0.536466,-0.703052,0.804576,0.904078,0.127713
995.000000,-0.188377,-0.604530,0.692123,1.447499,0.902228
996.000000,0.161423,-0.453550,0.597236,1.830548,0.961762
997.000000,0.650574,-0.149220,0.580937,2.160715,1.384356
998.000000,1.017124,0.137376,0.496331,2.308580,1.109037
999.000000,1.158373,0.334548,0.463208,2.405584,0.648313
1000.000000,1.116207,0.553014,0.442563,2.458668,0.648174
1001.000000,1.019065,0.758266,0.410032,2.451396,0.452047
1002.000000,0.713633,0.949990,0.318362,2.202454,0.092701
1003.000000,0.924688,1.378887,0.562563,2.175085,2.053055
1004.000000,1.366412,1.757947,1.082536,2.187929,2.415416
1005.000000,1.666615,1.876757,1.631647,2.122482,1.945000
1006.000000,1.972775,1.951888,2.255976,2.071614,1.909130
1007.000000,2.239899,1.933507,2.832619,2.033742,1.764555
1008.000000,2.192230,1.987921,3.159335,2.001980,1.972351
1009.000000,2.091632,2.099270,3.237618,2.067287,2.017087
1010.000000,2.046554,2.169746,3.192391,2.113593,1.862938
1011.000000,1.921934,2.183082,3.045621,2.105549,1.464978
1012.000000,1.805628,2.189968,2.902843,2.077897,1.325301
1013.000000,1.623463,2.025345,2.729587,2.031298,1.127369
1014.000000,1.401165,1.828702,2.536432,2.000329,0.942829
1015.000000,1.149534,1.657367,2.312776,1.954351,0.645251
1016.000000,1.005182,1.520207,2.149204,1.948452,0.766633
1017.000000,0.878191,1.400075,1.992072,1.977408,0.717508
1018.000000,0.777582,1.261502,1.872443,1.997227,0.648741
1019.000000,0.691894,1.106839,1.785977,1.991183,0.528643
1020.000000,0.662092,0.960547,1.708865,1.987819,0.476589
1021.000000,0.593456,0.850064,1.646797,1.980790,0.417660
1022.000000,0.611492,0.789631,1.630655,2.005641,0.861903
1023.000000,0.650670,0.750698,1.540143,2.009832,0.881447
1024.000000,0.706001,0.723788,1.432625,1.980165,0.754447
1025.000000,0.723613,0.713589,1.341535,1.904696,0.425702
1026.000000,0.704358,0.664840,1.247305,1.825188,0.142760
1027.000000,0.691411,0.675845,1.189162,1.758574,0.842854
1028.000000,0.707846,0.713843,1.125415,1.713321,0.990479
1029.000000,1.336610,1.033601,1.152620,1.771656,3.194866
1030.000000,1.951758,1.368175,1.174166,1.807675,2.669596
1031.000000,2.417270,1.672336,1.201204,1.821999,2.083967
1032.000000,2.713544,1.929969,1.247860,1.848260,2.156865
1033.000000,2.835640,2.134773,1.310088,1.802755,1.866689
1034.000000,2.505442,2.338352,1.413818,1.755664,2.055856
1035.000000,2.271587,2.511376,1.556237,1.729721,1.939772
1036.000000,2.166136,2.632162,1.696425,1.708324,1.866715
1037.000000,2.023006,2.604546,1.826454,1.687201,1.614018
1038.000000,1.987547,2.568697,1.969606,1.669785,1.798072
1039.000000,1.830867,2.277065,2.067355,1.631098,1.400570
1040.000000,1.666819,2.045554,2.122682,1.591006,1.220354
1041.000000,1.571483,1.929001,2.172055,1.583851,1.427379
1042.000000,1.519357,1.827563,2.161017,1.584303,1.387198
1043.000000,1.461931,1.775680,2.149342,1.605410,1.518727
1044.000000,1.442123,1.688526,2.122548,1.628676,1.334442
1045.000000,1.474121,1.624317,2.115347,1.673911,1.409115
1046.000000,1.356368,1.508520,2.075241,1.682660,0.872100
1047.000000,1.354642,1.477421,2.046923,1.718516,1.378647
1048.000000,1.252448,1.390466,1.991342,1.735069,1.016933
1049.000000,1.167450,1.334534,1.845666,1.749310,0.908068
1050.000000,0.972483,1.254866,1.704999,1.740853,0.427213
1051.000000,0.974905,1.198951,1.627329,1.752718,0.856255
1052.000000,0.839694,1.138400,1.550504,1.738836,0.749585
1053.000000,0.771408,1.057039,1.486758,1.722288,0.693367
1054.000000,0.771555,1.015718,1.428393,1.719681,0.934254
1055.000000,0.793834,0.918159,1.353574,1.710189,0.400253
1056.000000,0.645323,0.859604,1.271045,1.701289,-0.026701
1057.000000,0.688574,0.800659,1.236972,1.703123,1.105306
1058.000000,0.666775,0.749608,1.174466,1.690040,0.465061
1059.000000,0.574358,0.718748,1.138997,1.608407,0.708381
1060.000000,0.703978,0.777792,1.119092,1.541988,0.876073
1061.000000,0.558843,0.630672,1.039798,1.465088,-1.285643
1062.000000,-0.030053,0.492681,0.966254,1.393910,-1.049576
1063.000000,-0.506711,0.306220,0.869620,1.329254,-1.430186
1064.000000,-1.192071,-0.035188,0.773465,1.253394,-1.620778
1065.000000,-1.818716,-0.267732,0.672430,1.188780,-0.951091
1066.000000,-1.726600,-0.428339,0.616224,1.124512,-0.872704
1067.000000,-1.716540,-0.923398,0.485488,1.067732,-0.971071
1068.000000,-1.710506,-1.309190,0.354101,0.986557,-1.487987
1069.000000,-1.807547,-1.854809,0.181061,0.912610,-2.007407
1070.000000,-1.853530,-2.259271,0.075769,0.861098,-1.269555
1071.000000,-1.838229,-2.159099,-0.125642,0.794061,-1.035999
1072.000000,-1.980634,-2.192507,-0.433920,0.701020,-1.752644
1073.000000,-1.934675,-2.109476,-0.826529,0.581757,-1.576945
1074.000000,-1.549872,-1.865391,-1.288372,0.486329,-0.619606
1075.000000,-1.182103,-1.620945,-1.530830,0.388698,0.248699
1076.000000,-0.902235,-1.434034,-1.609143,0.333479,0.152555
1077.000000,-0.383516,-1.235064,-1.746033,0.197285,0.409241
1078.000000,-0.077195,-1.097394,-1.772977,0.040689,-0.473761
1079.000000,0.097158,-0.836543,-1.764171,-0.117916,0.005783
1080.000000,-0.042190,-0.711868,-1.791645,-0.244520,-0.291702
1081.000000,-0.379792,-0.727498,-1.680601,-0.569427,-1.151665
1082.000000,-0.673107,-0.571621,-1.574973,-0.933437,-0.697398
1083.000000,-0.787252,-0.457306,-1.481900,-1.383077,-0.918164
1084.000000,-0.961058,-0.458194,-1.369522,-1.851694,-0.658796
1085.000000,-0.664516,-0.379598,-1.205740,-1.892141,1.050681
1086.000000,0.404735,-0.016284,-0.927735,-1.573983,2.565907
1087.000000,1.413674,0.346586,-0.650896,-1.431726,2.492291
1088.000000,2.170014,0.755264,-0.390880,-1.267880,1.632455
1089.000000,2.443443,0.956795,-0.135778,-1.234910,0.831761
1090.000000,2.122362,1.099809,-0.015260,-1.316639,-0.027344
1091.000000,1.122193,1.174214,-0.022236,-1.285435,-1.148609
1092.000000,0.342524,1.345394,0.187273,-1.203473,-0.208227
1093.000000,-0.155065,1.577005,0.443349,-1.086558,-0.005618
1094.000000,-0.518155,1.589031,0.528137,-0.995012,-0.404913
1095.000000,-0.097548,1.658683,0.752470,-0.779470,1.392256
1096.000000,0.509764,1.281165,0.954200,-0.617274,0.904600
1097.000000,-0.773551,-0.338514,0.097751,-1.114735,-3.437649
1098.000000,-2.412632,-2.057399,-1.110458,-1.795471,-3.639749
1099.000000,-3.415689,-3.177935,-2.513236,-2.462112,-3.430619
1100.000000,-3.844702,-3.541795,-3.348933,-3.034491,-3.077857
1101.000000,-3.764098,-3.485363,-3.527658,-3.308954,-2.731338
1102.000000,-3.380240,-3.446813,-3.544336,-3.351545,-2.693051
1103.000000,-3.010061,-3.306597,-3.388245,-3.247092,-2.308494
1104.000000,-2.632937,-3.088855,-3.172242,-3.097437,-1.817105
1105.000000,-2.337501,-2.966911,-3.043017,-2.985198,-1.714927
1106.000000,-2.095677,-2.829152,-2.954689,-2.864894,-1.582086
1107.000000,-1.833548,-2.566608,-2.839305,-2.742842,-1.405297
1108.000000,-1.649608,-2.337313,-2.719263,-2.621473,-1.409412
1109.000000,-1.537093,-2.124815,-2.587964,-2.519006,-1.286905
1110.000000,-1.398952,-1.920207,-2.442879,-2.406150,-1.057928
1111.000000,-1.215402,-1.710236,-2.277441,-2.263993,-0.699076
1112.000000,-1.037173,-1.490426,-2.149680,-2.143433,-0.534611
1113.000000,-0.912323,-1.336769,-2.071581,-2.064488,-0.796091
1114.000000,-0.809303,-1.230319,-2.000231,-2.000867,-0.788380
1115.000000,-0.726258,-1.120505,-1.956041,-1.958519,-0.660504
1116.000000,-0.709537,-1.019849,-1.909094,-1.942019,-0.618477
1117.000000,-0.671574,-0.908130,-1.782911,-1.907412,-0.323585
1118.000000,-0.567828,-0.790100,-1.651804,-1.865237,-0.272331
1119.000000,-0.422057,-0.663628,-1.513006,-1.808763,-0.061045
1120.000000,-0.284145,-0.554488,-1.379452,-1.747986,0.008422
1121.000000,-0.098981,-0.463991,-1.244264,-1.674435,0.253636
1122.000000,0.055519,-0.378197,-1.097588,-1.618878,0.416646
1123.000000,0.229486,-0.243538,-0.961584,-1.573819,0.536556
1124.000000,0.364826,-0.097884,-0.851935,-1.536093,0.549342
1125.000000,0.531596,0.057838,-0.740796,-1.527512,0.778696
1126.000000,0.695799,0.239650,-0.631785,-1.522976,1.086361
1127.000000,0.909608,0.427515,-0.517199,-1.453933,1.406052
1128.000000,1.239899,0.696304,-0.366849,-1.355636,1.893383
1129.000000,1.465599,0.929955,-0.220851,-1.257039,1.312618
1130.000000,1.529876,1.174328,-0.073553,-1.150873,1.231981
1131.000000,1.472042,1.346679,0.051220,-1.044276,1.016559
1132.000000,1.396170,1.449537,0.186914,-0.910148,1.159591
1133.000000,1.154926,1.423222,0.370649,-0.786069,0.757966
1134.000000,0.833866,1.258359,0.536043,-0.708583,-0.316344
1135.000000,0.386765,1.008187,0.668637,-0.642961,-1.003453
1136.000000,0.067589,0.833550,0.840495,-0.554580,-0.467089
1137.000000,-0.430245,0.587782,0.912143,-0.484371,-1.037066
1138.000000,-0.863207,0.271958,0.946843,-0.395382,-1.106345
1139.000000,-1.045610,0.010191,0.917238,-0.296194,-1.059779
1140.000000,-1.006167,-0.244283,0.875180,-0.195214,-0.766558
1141.000000,-0.948805,-0.429039,0.822218,-0.102448,-0.083026
1142.000000,-0.792406,-0.680918,0.717888,-0.032419,-0.379692
1143.000000,-0.655342,-0.897306,0.588521,0.106746,-0.554097
1144.000000,-0.448456,-0.911778,0.494354,0.313627,-0.167359
1145.000000,-0.312212,-0.815966,0.392553,0.545403,-0.173583
1146.000000,-0.311028,-0.788944,0.301186,0.817093,-0.047905
1147.000000,-0.159699,-0.614462,0.202584,1.037951,0.304067
1148.000000,0.137100,-0.360039,0.058731,1.252360,0.709605
1149.000000,0.381115,-0.076242,-0.033989,1.371394,0.863413
1150.000000,0.641479,0.180679,-0.135706,1.434679,0.926496
1151.000000,0.878753,0.345083,-0.223225,1.414365,0.994275
1152.000000,1.269598,0.723272,-0.217846,1.439850,1.975923
1153.000000,1.265266,0.922895,-0.292297,1.340318,0.753056
1154.000000,1.091504,0.954136,-0.240135,1.215370,0.129770
1155.000000,1.135890,1.127194,0.200796,1.187332,1.103828
1156.000000,1.167665,1.274234,0.601602,1.201435,1.118200
1157.000000,0.854369,1.292463,1.078074,1.159262,0.601523
1158.000000,0.816998,1.262771,1.499170,1.038090,0.588665
1159.000000,0.796482,1.144971,1.691794,0.925733,0.029294
1160.000000,0.390365,0.929935,1.633456,0.701340,-0.707813
1161.000000,-0.163737,0.631860,1.348059,0.376600,-1.240031
1162.000000,-0.414256,0.297604,1.309660,0.065437,-0.417920
1163.000000,-0.569017,0.187502,1.385270,-0.125381,-0.031802
1164.000000,-0.477168,0.233168,1.466088,0.029475,0.426294
1165.000000,-0.474592,-0.040267,1.341652,0.163398,-0.746976
1166.000000,-0.595418,-0.481169,1.021296,-0.094366,-1.807892
1167.000000,-0.885004,-0.808352,0.674427,-0.187700,-1.643133
1168.000000,-1.163151,-1.041843,0.352530,-0.152874,-1.142884
1169.000000,-1.564470,-1.193944,-0.011299,-0.163465,-1.217728
1170.000000,-1.795957,-1.320977,-0.495659,-0.459416,-1.762679
1171.000000,-1.817129,-1.410008,-1.032438,-1.108432,-1.941167
1172.000000,-1.765551,-1.557844,-1.621696,-1.571569,-1.515681
1173.000000,-1.730104,-1.696582,-1.858337,-1.818628,-1.133624
1174.000000,-1.634852,-1.833831,-1.924706,-2.035979,-0.929212
1175.000000,-1.500541,-1.840743,-2.132955,-2.246224,-1.189388
1176.000000,-1.263917,-1.685269,-2.238343,-2.310353,-0.896492
1177.000000,-1.253367,-1.634960,-2.314572,-2.532898,-1.466881
1178.000000,-1.498613,-1.739872,-2.437299,-2.858916,-2.170272
1179.000000,-1.851651,-1.876071,-2.501133,-3.082656,-2.455927
1180.000000,-1.970486,-1.861949,-2.412465,-3.061232,-1.832933
1181.000000,-2.005449,-1.759584,-2.247393,-2.934407,-1.297021
1182.000000,-1.819182,-1.629151,-2.102647,-2.828152,-0.635345
1183.000000,-1.417132,-1.497461,-1.965598,-2.596867,-0.110417
1184.000000,-0.818653,-1.347158,-1.841336,-2.338916,0.402693
1185.000000,-0.292682,-1.179028,-1.675148,-2.203910,0.546848
1186.000000,0.024529,-1.115529,-1.521263,-2.149229,-0.037980
1187.000000,-0.055635,-1.110151,-1.466513,-2.146075,-1.184441
1188.000000,-0.255124,-0.999224,-1.440341,-2.121701,-1.043710
1189.000000,-0.776246,-0.876701,-1.451308,-2.097857,-1.610650
1190.000000,-1.415767,-0.843345,-1.446474,-2.043131,-1.707509
1191.000000,-1.916770,-0.935553,-1.447835,-1.984068,-1.933691
1192.000000,-1.984089,-1.103016,-1.453445,-1.949025,-1.547996
1193.000000,-1.976238,-1.317347,-1.463522,-1.913237,-1.166464
1194.000000,-1.832237,-1.628243,-1.485688,-1.897092,-1.070741
1195.000000,-1.472528,-1.821380,-1.446218,-1.803527,-0.108048
1196.000000,-0.854519,-1.770927,-1.385531,-1.652082,0.683044
1197.000000,-0.366710,-1.573794,-1.308910,-1.542586,0.354930
1198.000000,0.187794,-1.314439,-1.142288,-1.447578,0.903871
1199.000000,0.595814,-1.028058,-0.957299,-1.383885,0.420588
1200.000000,0.121770,-1.105390,-0.970292,-1.401603,-1.839561
1201.000000,-0.672546,-1.181633,-1.063874,-1.421698,-2.003871
1202.000000,-1.370845,-1.344581,-1.240406,-1.462562,-1.930096
1203.000000,-2.006570,-1.518975,-1.453069,-1.508040,-1.570170
1204.000000,-2.378281,-1.710919,-1.732875,-1.567824,-1.562917
1205.000000,-2.191171,-2.032260,-1.992086,-1.611062,-1.404231
1206.000000,-2.044436,-2.484363,-2.178155,-1.684074,-1.566552
1207.000000,-1.991903,-2.800128,-2.259076,-1.746820,-1.821360
1208.000000,-1.926456,-2.937962,-2.277040,-1.741949,-1.487447
1209.000000,-1.787925,-2.844461,-2.188831,-1.682686,-1.202893
1210.000000,-1.663988,-2.504425,-2.076918,-1.646263,-1.058113
1211.000000,-1.627045,-2.293847,-2.002662,-1.673998,-1.490493
1212.000000,-1.458497,-2.083363,-1.929853,-1.714908,-1.153795
1213.000000,-1.333317,-1.930900,-1.880432,-1.772487,-1.016894
1214.000000,-1.498052,-1.936010,-1.939794,-1.922316,-2.006257
1215.000000,-1.595045,-1.895657,-2.003255,-2.024273,-1.557911
1216.000000,-1.669760,-1.876175,-2.122315,-2.092730,-1.830992
1217.000000,-1.706777,-1.768008,-2.153929,-2.063284,-1.305556
1218.000000,-1.752510,-1.702938,-2.190735,-2.034902,-1.234349
1219.000000,-2.025336,-1.935400,-2.338876,-2.110304,-3.017523
1220.000000,-2.361744,-2.177901,-2.363134,-2.177250,-2.888130
1221.000000,-2.482197,-2.287245,-2.339622,-2.195638,-2.443283
1222.000000,-2.626537,-2.397493,-2.319573,-2.221085,-2.367557
1223.000000,-2.744416,-2.501774,-2.328412,-2.262545,-2.428819
1224.000000,-2.584867,-2.492055,-2.327763,-2.290149,-2.324526
1225.000000,-2.430168,-2.493593,-2.320536,-2.322581,-2.189769
1226.000000,-2.264064,-2.413653,-2.265191,-2.324193,-1.745430
1227.000000,-2.153418,-2.391045,-2.220832,-2.321269,-1.858348
1228.000000,-2.012563,-2.357489,-2.185281,-2.313224,-1.730765
1229.000000,-1.809133,-2.182506,-2.134076,-2.263113,-1.303225
1230.000000,-1.575045,-1.998630,-2.076144,-2.163166,-1.026324
1231.000000,-1.399757,-1.844027,-2.003341,-2.067033,-0.872742
1232.000000,-1.175289,-1.691622,-1.942986,-1.979801,-0.759146
1233.000000,-0.949889,-1.523615,-1.886850,-1.905401,-0.638401
1234.000000,-0.780650,-1.345674,-1.799811,-1.832846,-0.470763
1235.000000,-0.689463,-1.186224,-1.743091,-1.778482,-0.582979
1236.000000,-0.559136,-1.036235,-1.666225,-1.711626,-0.225625
1237.000000,-0.333342,-0.809998,-1.580875,-1.622071,0.369623
1238.000000,-0.112982,-0.583927,-1.504785,-1.548011,0.442317
1239.000000,0.037305,-0.422323,-1.389226,-1.499566,0.240207
1240.000000,0.488540,-0.154911,-1.207078,-1.409865,1.567000
1241.000000,0.806891,0.075005,-1.057250,-1.333876,1.220367
1242.000000,1.012766,0.312722,-0.900401,-1.270602,1.281239
1243.000000,1.183552,0.538093,-0.732081,-1.222285,1.167075
1244.000000,1.416603,0.768805,-0.539456,-1.148524,1.274722
