0.000000,5.385165,5.385165,5.385165,5.385165,2.057875
1.000000,3.744667,3.750056,3.754300,3.749449,1.605773
2.000000,2.995532,3.009726,3.016838,3.011434,0.970038
3.000000,2.543694,2.555630,2.567040,2.564685,0.794750
4.000000,2.207083,2.227122,2.249285,2.250858,-0.179193
5.000000,1.934324,1.978626,2.010967,2.015823,-0.436699
6.000000,1.731157,1.782980,1.824639,1.830700,-0.042290
7.000000,1.566398,1.619142,1.669426,1.676859,-0.503738
8.000000,1.429562,1.483387,1.538121,1.546303,-0.428327
9.000000,1.330710,1.365652,1.424963,1.434277,-0.279792
10.000000,1.244132,1.253417,1.324254,1.335569,-0.473670
11.000000,1.160569,1.156355,1.231079,1.247339,-0.345265
12.000000,1.092604,1.073783,1.147948,1.167296,-0.269834
13.000000,1.025195,0.997163,1.069318,1.092104,-0.498910
14.000000,0.951308,0.930321,0.993006,1.020864,-1.099262
15.000000,0.885233,0.869838,0.922218,0.955472,-0.986285
16.000000,0.812143,0.804531,0.852249,0.892856,-1.537765
17.000000,0.739851,0.745137,0.785967,0.833297,-1.514182
18.000000,0.681723,0.691153,0.725640,0.777515,-0.846085
19.000000,0.635965,0.637973,0.666930,0.723889,-0.670623
20.000000,0.601124,0.592477,0.608272,0.673330,0.132042
21.000000,0.568851,0.542437,0.549794,0.619738,-0.294614
22.000000,0.551781,0.498140,0.497560,0.569648,0.612937
23.000000,0.520447,0.452706,0.443840,0.517246,0.354844
24.000000,0.495387,0.415752,0.396177,0.463997,0.869033
25.000000,0.472334,0.384775,0.351311,0.411789,1.640347
26.000000,0.455991,0.356855,0.298017,0.354191,1.308907
27.000000,0.432499,0.335322,0.242405,0.292622,1.483939
28.000000,0.433111,0.312945,0.169601,0.221306,1.067873
29.000000,1.423446,1.104113,-0.053506,0.721304,0.728574
30.000000,1.096724,1.116571,0.038011,0.379673,0.123352
31.000000,0.885363,1.220696,0.129153,0.043767,0.308693
32.000000,0.696819,1.255266,0.256894,-0.133995,0.697595
33.000000,0.706968,1.390612,0.481246,-0.192386,1.164028
34.000000,0.588191,1.315553,0.679342,-0.080368,0.257134
35.000000,0.645360,1.123035,0.876535,0.254629,0.396570
36.000000,0.697133,0.997836,1.175140,0.551608,0.571693
37.000000,0.816084,0.927550,1.535574,1.545195,1.252531
38.000000,0.633496,0.798469,1.660772,2.197650,0.344399
39.000000,0.664992,0.729067,1.749420,2.600061,0.383706
40.000000,0.905491,0.891927,1.835054,3.164748,1.446548
41.000000,1.491342,1.254363,2.109762,3.627021,2.825997
42.000000,1.712813,1.453431,2.145170,3.497304,2.043911
43.000000,2.095330,1.612534,2.194252,3.392677,2.105059
44.000000,2.279279,1.787934,2.125142,3.260796,1.644791
45.000000,2.434824,2.046334,2.087868,3.216546,2.411143
46.000000,2.309949,2.234534,2.075609,3.160394,2.295028
47.000000,2.302091,2.304034,2.040085,3.050611,2.115617
48.000000,2.262521,2.413882,2.034120,2.890300,1.988883
49.000000,2.241584,2.452494,2.028690,2.725475,1.669288
50.000000,2.044746,2.386300,2.058430,2.546871,1.533934
51.000000,1.822479,2.189676,2.062114,2.414068,1.268107
52.000000,1.750040,2.138560,2.093613,2.305358,1.775768
53.000000,1.699853,2.083247,2.105201,2.231213,1.754980
54.000000,1.601198,2.010077,2.109584,2.121188,1.239111
55.000000,1.485871,1.840256,2.083008,1.991843,1.030787
56.000000,1.488699,1.722039,2.071071,1.917902,1.315546
57.000000,1.390668,1.625727,2.029891,1.851437,1.304440
58.000000,1.342131,1.569550,2.037961,1.822702,1.503144
59.000000,1.315519,1.504033,2.015235,1.790579,1.135886
60.000000,1.178413,1.372430,1.913636,1.746758,0.379021
61.000000,1.176178,1.372951,1.828583,1.755283,1.306050
62.000000,1.008974,1.235805,1.730171,1.715856,0.453613
63.000000,1.014606,1.214453,1.699809,1.723749,1.548875
64.000000,1.555529,1.470788,1.817463,1.854197,3.263178
65.000000,2.329053,1.806040,1.926363,1.995882,3.331482
66.000000,2.471601,1.908197,1.922724,2.034543,1.968517
67.000000,2.659170,1.989299,1.916248,2.045241,1.833619
68.000000,2.749968,2.118952,1.956373,2.103535,2.318581
69.000000,2.440178,2.194041,1.961499,2.118676,1.756174
70.000000,1.981783,2.243669,1.929101,2.079256,1.181177
71.000000,1.804012,2.202119,1.907534,2.011736,1.160810
72.000000,1.645997,2.215169,1.863083,1.964254,1.095972
73.000000,1.343437,2.129832,1.812137,1.911073,0.936570
74.000000,1.179824,1.912822,1.793655,1.877657,1.010512
75.000000,1.157264,1.667838,1.791191,1.829441,1.079909
76.000000,1.145327,1.571613,1.779371,1.787057,1.108348
77.000000,1.234381,1.534386,1.795258,1.769908,1.495033
78.000000,1.310296,1.412188,1.787949,1.745797,1.288860
79.000000,1.425309,1.387347,1.814044,1.743575,1.545370
80.000000,1.518729,1.426931,1.865651,1.744138,1.529342
81.000000,1.588040,1.460407,1.871151,1.747992,1.462370
82.000000,1.538691,1.478531,1.894014,1.730276,1.283889
83.000000,1.444772,1.463856,1.849192,1.694580,0.859415
84.000000,1.336046,1.461438,1.741440,1.683249,1.027353
85.000000,1.208660,1.442308,1.609180,1.675709,0.920055
86.000000,1.099624,1.426400,1.552779,1.664230,0.950313
87.000000,0.988369,1.350496,1.494522,1.648380,0.755148
88.000000,0.969687,1.297881,1.405482,1.628833,0.729444
89.000000,0.867766,1.195159,1.340344,1.615518,0.512140
90.000000,0.904759,1.148863,1.339836,1.645109,1.116473
91.000000,0.852390,1.068122,1.322898,1.636907,0.663224
92.000000,0.747838,0.962914,1.291445,1.640520,0.006618
93.000000,0.579592,0.896698,1.264314,1.613390,-0.455694
94.000000,1.063336,1.026593,1.325438,1.586560,2.562462
95.000000,1.274386,1.149099,1.365194,1.524726,2.059028
96.000000,1.609656,1.272193,1.400443,1.512329,1.875373
97.000000,1.902328,1.384838,1.386304,1.489989,1.306051
98.000000,1.550172,1.156432,1.273043,1.370657,-1.380228
99.000000,0.448468,0.859317,1.109613,1.262736,-1.802016
100.000000,-0.343018,0.523627,0.978382,1.207387,-0.999633
101.000000,-1.115223,0.252489,0.843414,1.155007,-0.989656
102.000000,-1.793471,0.015132,0.691251,1.094951,-1.369699
103.000000,-2.105976,-0.431283,0.483709,1.000415,-2.518076
104.000000,-2.438377,-1.517207,0.155098,0.867160,-2.888852
105.000000,-2.475535,-2.174681,-0.099015,0.781537,-1.486344
106.000000,-2.681247,-2.800962,-0.532557,0.634298,-2.279621
107.000000,-2.709095,-3.046275,-1.038333,0.429500,-2.169080
108.000000,-2.336181,-2.767143,-1.474723,0.266089,-1.280478
109.000000,-1.871656,-2.459898,-1.808316,0.067577,-0.964253
110.000000,-1.853240,-2.374033,-2.205844,-0.234542,-1.538003
111.000000,-1.661336,-2.283669,-2.376863,-0.585077,-1.424530
112.000000,-1.425086,-2.144581,-2.342185,-0.943170,-1.129029
113.000000,-1.393402,-1.949883,-2.272107,-1.296309,-1.169159
114.000000,-1.409438,-1.727664,-2.352629,-1.661056,-1.085376
115.000000,-1.217743,-1.609307,-2.329066,-1.904989,-0.682964
116.000000,-1.093419,-1.446505,-2.306126,-2.095581,-0.862628
117.000000,-1.157441,-1.361224,-2.297928,-2.243146,-1.412072
118.000000,-1.156581,-1.343492,-2.149876,-2.282894,-1.162551
119.000000,-1.215716,-1.382252,-2.027751,-2.278946,-1.344759
120.000000,-1.385210,-1.372789,-1.973122,-2.294203,-1.464535
121.000000,-1.484626,-1.361792,-1.922368,-2.252546,-1.348717
122.000000,-1.283592,-1.284265,-1.811134,-2.121477,-0.492849
123.000000,-1.032591,-1.149067,-1.640894,-1.972153,0.023086
124.000000,-0.656363,-0.986338,-1.443092,-1.918874,0.499595
125.000000,-0.153887,-0.840971,-1.311456,-1.845984,0.939416
126.000000,0.418131,-0.662496,-1.142237,-1.782736,1.231574
127.000000,1.006521,-0.332042,-0.944605,-1.690466,2.117410
128.000000,1.542071,0.003596,-0.801429,-1.529977,1.909538
129.000000,1.901286,0.424295,-0.675711,-1.373077,1.736001
130.000000,2.016546,0.903490,-0.514888,-1.274123,1.418899
131.000000,2.169176,1.520290,-0.300047,-1.153004,2.037141
132.000000,2.012275,1.943295,-0.110807,-1.046506,1.562699
133.000000,1.900280,2.233336,0.119242,-0.886191,1.566429
134.000000,1.802391,2.303067,0.374950,-0.683962,1.499989
135.000000,1.725665,2.223426,0.605251,-0.553832,1.258968
136.000000,1.524474,2.092325,0.875847,-0.353519,1.182946
137.000000,1.588240,1.996940,1.311423,-0.057855,1.871520
138.000000,1.611553,1.916089,1.693530,0.205421,1.700893
139.000000,1.570685,1.820337,2.013454,0.454929,1.366439
140.000000,1.532473,1.742513,2.224750,0.778970,1.145029
141.000000,1.427038,1.573491,2.294730,1.076714,0.738519
142.000000,1.085648,1.406608,2.193571,1.287691,0.200883
143.000000,0.628007,1.170179,1.997074,1.411728,-0.531559
144.000000,0.398991,1.041783,1.858884,1.602139,0.277290
145.000000,0.281346,0.979177,1.743540,1.750698,0.616727
146.000000,0.332291,0.966839,1.666341,1.914222,0.987460
147.000000,0.452670,0.849218,1.553029,2.048798,0.757784
148.000000,0.705592,0.724973,1.451922,2.086506,0.592419
149.000000,0.696963,0.590367,1.343834,2.078952,0.152523
150.000000,0.554111,0.445308,1.249922,2.049405,-0.224608
151.000000,0.293632,0.344858,1.132874,2.012680,-0.341200
152.000000,-0.008725,0.293242,1.040158,1.909185,-0.712818
153.000000,-0.468692,0.312652,0.927850,1.773943,-1.329767
154.000000,-0.914828,0.205140,0.818403,1.643168,-1.228482
155.000000,-1.342761,-0.006918,0.716932,1.514186,-1.316498
156.000000,-1.652160,-0.363349,0.619080,1.406512,-1.118239
157.000000,-1.758875,-0.787128,0.439636,1.279580,-1.136543
158.000000,-1.728153,-1.335276,0.230148,1.156512,-1.385130
159.000000,-1.773398,-1.846875,0.005494,1.032629,-1.563516
160.000000,-1.933918,-2.261776,-0.274970,0.904592,-2.047013
161.000000,-2.044092,-2.400237,-0.539106,0.736711,-1.789825
162.000000,-2.000200,-2.315817,-0.731469,0.608684,-1.273974
163.000000,-1.920421,-2.169873,-0.840192,0.457349,-1.293372
164.000000,-1.795995,-2.055515,-1.092531,0.289388,-1.196562
165.000000,-1.592229,-1.961579,-1.437632,0.110361,-1.223576
166.000000,-1.448624,-1.906725,-1.845454,-0.097592,-1.209371
167.000000,-1.429582,-1.862420,-2.096893,-0.434471,-1.251131
168.000000,-1.100078,-1.630771,-2.065527,-0.689430,0.247130
169.000000,-0.717098,-1.370315,-1.906476,-0.900705,0.669027
170.000000,-0.260643,-1.050235,-1.711333,-1.072719,0.867321
171.000000,0.219304,-0.775883,-1.566172,-1.190020,0.631608
172.000000,1.065711,-0.400601,-1.336929,-1.112223,1.801741
173.000000,1.494018,0.052212,-1.071566,-0.879793,1.984549
174.000000,1.732439,0.511932,-0.836350,-0.780376,1.794482
175.000000,1.821887,0.959692,-0.623497,-0.759687,1.480051
176.000000,1.935322,1.419166,-0.422571,-0.795108,1.500061
177.000000,1.884294,1.878986,-0.175341,-0.731249,1.801306
178.000000,1.780935,2.011388,0.095766,-0.650215,1.570588
179.000000,1.887904,2.162271,0.516698,-0.388478,2.269920
180.000000,2.073602,2.275594,1.078404,-0.027359,2.370341
181.000000,2.235243,2.382889,1.655216,0.387030,2.370566
182.000000,2.289487,2.349434,2.118656,0.859298,2.220189
183.000000,2.302716,2.272038,2.429463,1.358624,1.938381
184.000000,2.184435,2.201737,2.591406,1.806553,1.805557
185.000000,2.044418,2.153671,2.652710,2.177025,1.719238
186.000000,1.869682,2.088808,2.632638,2.398518,1.514258
187.000000,1.659120,1.977396,2.549659,2.475038,1.184045
188.000000,1.421721,1.852788,2.361437,2.451001,0.761942
189.000000,1.181706,1.680152,2.185865,2.394791,0.591223
190.000000,0.927855,1.496486,2.031518,2.343346,0.435987
191.000000,0.707152,1.317046,1.916625,2.275790,0.423429
192.000000,0.456480,1.103434,1.751795,2.151911,-0.058770
193.000000,0.293733,0.917144,1.606572,2.056239,-0.040898
194.000000,0.314052,0.812299,1.532293,2.027671,0.761828
195.000000,0.351280,0.697538,1.473239,1.995760,0.661999
196.000000,0.458638,0.626603,1.441614,1.984894,1.023579
197.000000,0.709962,0.595251,1.408543,1.978534,1.135408
198.000000,0.923583,0.590685,1.375827,1.910644,0.796917
199.000000,0.916480,0.597365,1.309121,1.840176,0.624269
200.000000,1.007982,0.660704,1.247870,1.792625,0.999993
201.000000,0.989994,0.726155,1.175897,1.758299,0.902538
202.000000,1.084951,0.947256,1.129581,1.717120,1.608489
203.000000,1.500815,1.299203,1.135512,1.702304,2.498087
204.000000,1.755887,1.455139,1.113417,1.667890,1.616909
205.000000,1.920194,1.650078,1.099246,1.651342,1.680901
206.000000,1.979641,1.734086,1.081975,1.628986,1.229332
207.000000,1.874748,1.780862,1.093346,1.601650,1.125444
208.000000,1.566117,1.878807,1.154550,1.588155,1.099950
209.000000,1.695851,2.126879,1.309917,1.584684,2.153881
210.000000,1.606984,2.168812,1.453628,1.548660,1.337655
211.000000,1.515029,2.125706,1.580059,1.493531,0.917720
212.000000,1.451753,1.990508,1.763927,1.440223,0.950118
213.000000,1.440260,1.763224,1.943828,1.402487,1.115396
214.000000,1.221038,1.662455,2.009848,1.369702,1.157911
215.000000,1.018829,1.465045,1.999065,1.310429,0.448061
216.000000,0.860021,1.309328,1.909563,1.251777,0.214595
217.000000,0.487493,1.059947,1.730112,1.176641,-0.730359
218.000000,0.319876,0.968969,1.677618,1.178058,0.344856
219.000000,0.266327,0.827568,1.686067,1.219973,0.933772
220.000000,0.385387,0.785831,1.669007,1.278827,1.004177
221.000000,0.669112,0.849172,1.693226,1.361601,1.475955
222.000000,1.279404,0.951026,1.698488,1.501582,1.908433
223.000000,1.554406,0.974165,1.602304,1.618110,1.457461
224.000000,1.692607,0.992133,1.569145,1.671254,1.413066
225.000000,1.820840,1.113951,1.530757,1.727639,1.403077
226.000000,2.051307,1.405450,1.591393,1.798352,2.371578
227.000000,1.874898,1.705783,1.579260,1.801714,1.195739
228.000000,1.797803,1.847757,1.563811,1.818305,1.118543
229.000000,1.704175,1.894455,1.466416,1.834037,0.954311
230.000000,1.850807,2.056305,1.495075,1.871609,1.993603
231.000000,1.630850,2.081294,1.524600,1.883874,1.441453
232.000000,1.531158,1.937601,1.513096,1.831217,0.702292
233.000000,1.308230,1.774296,1.459670,1.708832,0.206730
234.000000,1.229818,1.673252,1.435749,1.651998,0.648898
235.000000,1.003253,1.629094,1.505942,1.610536,1.113472
236.000000,0.790872,1.374092,1.569232,1.569660,0.582211
237.000000,0.853224,1.340956,1.742690,1.551073,0.971573
238.000000,0.826954,1.202679,1.761362,1.497271,0.080960
239.000000,0.595461,1.030278,1.691121,1.373367,-0.325114
240.000000,0.082428,0.619498,1.566458,1.266431,-0.988134
241.000000,-0.466702,0.193470,1.352538,1.159140,-1.593166
242.000000,-1.106868,-0.140271,1.091489,1.052897,-1.570115
243.000000,-1.382300,-0.345349,0.902665,0.958527,-1.117747
244.000000,-1.521926,-0.603507,0.713805,0.864148,-1.018105
245.000000,-1.328788,-0.808496,0.593880,0.858255,-0.234094
246.000000,-0.982605,-0.914605,0.372130,0.882611,-0.099193
247.000000,-0.759054,-1.154704,0.207423,0.962671,-0.649634
248.000000,-0.486283,-1.171182,0.102520,1.016130,0.075481
249.000000,-0.050578,-1.048324,0.079415,1.073840,0.788958
250.000000,0.102635,-0.879042,-0.134900,1.114196,0.365990
251.000000,0.256273,-0.571794,-0.286554,1.125703,0.486161
252.000000,0.369108,-0.338563,-0.437109,1.035644,-0.229317
253.000000,0.293919,-0.170436,-0.533849,0.980853,-0.228336
254.000000,0.039874,-0.010048,-0.717712,0.918020,-0.239191
255.000000,-0.042540,0.041220,-0.966154,0.869142,0.032991
256.000000,-0.362937,-0.064895,-1.232885,0.522587,-0.840256
257.000000,-0.634290,-0.162539,-1.616784,0.198225,-1.347337
258.000000,-0.793715,-0.309646,-1.719575,-0.151203,-0.871658
259.000000,-1.068622,-0.649662,-1.803621,-0.678128,-1.337476
260.000000,-1.425585,-0.936845,-1.753806,-1.580011,-1.437572
261.000000,-1.555734,-1.248322,-1.602889,-2.222659,-1.446575
262.000000,-1.645319,-1.493428,-1.511122,-2.553590,-1.766708
263.000000,-1.809955,-1.714327,-1.489634,-2.651081,-1.657082
264.000000,-1.837958,-1.903870,-1.474129,-2.705276,-1.547589
265.000000,-1.710366,-2.032882,-1.506022,-2.673857,-0.961440
266.000000,-1.741515,-2.110957,-1.639601,-2.623688,-1.642080
267.000000,-1.924260,-2.262429,-1.845767,-2.691207,-2.545438
268.000000,-2.166748,-2.477106,-2.161910,-2.659731,-2.626768
269.000000,-2.288422,-2.527032,-2.453157,-2.557567,-2.165699
270.000000,-2.361241,-2.461838,-2.585850,-2.396146,-1.727843
271.000000,-2.321366,-2.403193,-2.672160,-2.245641,-1.849038
272.000000,-2.255295,-2.383826,-2.697505,-2.175381,-2.285255
273.000000,-2.307462,-2.456416,-2.755462,-2.207957,-2.734040
274.000000,-2.336450,-2.466496,-2.737770,-2.212273,-2.353925
275.000000,-2.281195,-2.423593,-2.659269,-2.202877,-1.761131
276.000000,-2.182304,-2.324162,-2.535318,-2.186424,-1.597246
277.000000,-1.980969,-2.157053,-2.393188,-2.134006,-1.333065
278.000000,-1.696413,-1.997265,-2.292329,-2.112965,-1.261144
279.000000,-1.407994,-1.845170,-2.166484,-2.090758,-0.902324
280.000000,-1.268083,-1.759137,-2.073468,-2.070704,-1.065221
281.000000,-1.153745,-1.673425,-1.993959,-2.054396,-1.040283
282.000000,-1.143653,-1.586850,-1.933580,-2.033771,-1.295196
283.000000,-1.038583,-1.399226,-1.849301,-1.984310,-0.733400
284.000000,-1.026480,-1.247467,-1.784737,-1.947190,-0.813658
285.000000,-1.062188,-1.192266,-1.769249,-1.943589,-1.249741
286.000000,-0.980544,-1.093036,-1.702464,-1.888524,-0.595951
287.000000,-0.865292,-1.035849,-1.621777,-1.836632,-0.752820
288.000000,-0.860231,-0.977767,-1.535437,-1.799315,-0.663546
289.000000,-0.899492,-0.991227,-1.481902,-1.769120,-0.993532
290.000000,-0.829222,-0.982099,-1.445693,-1.738453,-0.958894
291.000000,-0.942218,-0.989243,-1.413834,-1.715460,-1.110352
292.000000,-1.126027,-1.008457,-1.382694,-1.703416,-1.607121
293.000000,-1.217498,-1.050323,-1.295314,-1.675981,-0.994051
294.000000,-1.226651,-1.080538,-1.218644,-1.652001,-0.945832
295.000000,-1.134341,-0.998895,-1.153321,-1.627604,-0.273579
296.000000,-1.057855,-1.034346,-1.106558,-1.598393,-0.577017
297.000000,-0.838659,-1.063139,-1.081479,-1.550232,-0.690306
298.000000,-0.858608,-1.144505,-1.073740,-1.504392,-1.121035
299.000000,-0.952805,-1.203697,-1.103133,-1.473674,-1.329708
300.000000,-1.473230,-1.352148,-1.145163,-1.469850,-2.070578
301.000000,-1.954800,-1.516209,-1.197672,-1.464958,-2.110858
302.000000,-2.514619,-1.685234,-1.255437,-1.454914,-2.540848
303.000000,-2.773587,-1.997909,-1.380079,-1.418769,-2.526539
304.000000,-2.808881,-2.260512,-1.501713,-1.392848,-2.397373
305.000000,-2.707745,-2.537412,-1.588022,-1.399961,-2.370465
306.000000,-2.556843,-2.591261,-1.716647,-1.405976,-1.958979
307.000000,-2.427272,-2.624804,-1.845075,-1.439900,-2.170671
308.000000,-2.327331,-2.599719,-1.973775,-1.483645,-2.175469
309.000000,-2.233790,-2.538538,-2.051300,-1.548294,-2.032903
310.000000,-2.108793,-2.415091,-2.102108,-1.595326,-1.826153
311.000000,-1.905593,-2.225353,-2.066165,-1.608657,-1.048618
312.000000,-1.578013,-1.983755,-1.950232,-1.581466,-0.543555
313.000000,-1.218004,-1.758483,-1.875770,-1.582916,-0.341675
314.000000,-0.738061,-1.493488,-1.761965,-1.549878,0.373494
315.000000,-0.312069,-1.257406,-1.705479,-1.497115,0.178485
316.000000,-0.003388,-1.041990,-1.626229,-1.479111,0.390862
317.000000,0.108170,-0.844767,-1.581277,-1.474547,-0.083275
318.000000,0.054871,-0.688181,-1.561030,-1.501531,-0.692152
319.000000,-0.220792,-0.552887,-1.547645,-1.518649,-0.921167
320.000000,-0.570211,-0.476935,-1.535506,-1.557310,-1.383306
321.000000,-1.044493,-0.537136,-1.539372,-1.598252,-1.637365
322.000000,-1.317071,-0.633846,-1.498209,-1.592204,-1.267996
323.000000,-1.487304,-0.794258,-1.469268,-1.628031,-1.474039
324.000000,-1.348939,-0.911032,-1.374475,-1.609313,-0.303428
325.000000,-1.043163,-0.961097,-1.256479,-1.603140,0.117573
326.000000,-0.521797,-0.956003,-1.121576,-1.556660,0.885759
327.000000,-0.107785,-0.923333,-0.983419,-1.525495,0.615967
328.000000,0.524268,-0.745946,-0.805719,-1.469848,1.069739
329.000000,0.878918,-0.528575,-0.623608,-1.417749,0.980235
330.000000,1.133196,-0.183842,-0.429612,-1.344765,0.995694
331.000000,1.233593,0.343098,-0.269565,-1.262364,1.239161
332.000000,1.432133,0.965963,-0.121611,-1.148956,1.402762
333.000000,1.458291,1.720323,0.022940,-1.031716,1.250055
334.000000,1.625661,2.253334,0.163889,-0.875309,1.744061
335.000000,1.820565,2.541902,0.412932,-0.672029,1.932166
336.000000,1.933456,2.539117,0.697767,-0.454601,1.866692
337.000000,1.927924,2.477704,1.071907,-0.188987,1.556780
338.000000,1.896145,2.320631,1.509438,0.121880,1.298399
339.000000,1.997944,2.369303,2.089316,0.582300,2.247583
340.000000,2.013130,2.385763,2.507024,1.059639,2.045101
341.000000,2.038391,2.385072,2.759210,1.458108,2.015878
342.000000,2.168059,2.406175,2.863128,1.811250,2.228370
343.000000,2.263341,2.403761,2.873412,2.055916,2.003475
344.000000,2.095550,2.301847,2.721872,2.130443,1.643004
345.000000,1.966247,2.183882,2.568914,2.180928,1.543377
346.000000,1.776802,2.038365,2.380272,2.144272,1.173093
347.000000,1.390023,1.840030,2.183911,2.047057,0.351395
348.000000,1.084023,1.709900,2.027236,2.005771,0.487940
349.000000,0.878802,1.533402,1.920794,1.986102,0.631173
350.000000,0.729988,1.410925,1.851033,2.000955,0.845164
351.000000,0.683874,1.308580,1.796954,2.027584,1.006185
352.000000,0.824849,1.182101,1.747637,2.025495,1.039738
353.000000,1.008679,1.101372,1.731091,2.045930,1.406326
354.000000,1.194769,1.065322,1.701873,2.013624,1.499615
355.000000,1.334874,1.035175,1.663450,1.971006,1.451768
356.000000,1.362020,1.018217,1.610094,1.897812,1.064896
357.000000,1.488014,1.162166,1.600082,1.872326,1.601908
358.000000,1.509495,1.289069,1.596994,1.838761,1.496738
359.000000,1.560637,1.429879,1.559766,1.826809,1.734630
360.000000,1.550518,1.511993,1.514690,1.806705,1.386167
361.000000,1.536071,1.527205,1.449015,1.770460,0.917108
362.000000,1.394982,1.533199,1.366905,1.734322,0.860968
363.000000,1.264770,1.488373,1.293307,1.706101,0.796060
364.000000,1.095961,1.447976,1.251177,1.672047,0.972000
365.000000,0.951826,1.389951,1.207626,1.627212,0.725903
366.000000,0.781185,1.322031,1.169518,1.569437,0.038515
367.000000,0.712011,1.223383,1.220495,1.537612,0.515226
368.000000,0.911676,1.253176,1.315529,1.544979,1.727809
369.000000,1.068825,1.235970,1.404586,1.513341,1.627624
370.000000,1.232716,1.242474,1.468006,1.479989,1.331980
371.000000,1.434644,1.260915,1.492831,1.431572,0.797176
372.000000,1.484686,1.274748,1.508370,1.368301,0.805338
373.000000,1.173755,1.233948,1.466260,1.300957,0.433020
374.000000,1.008021,1.225185,1.436706,1.265455,0.932847
375.000000,1.081341,1.346663,1.445242,1.255454,1.613302
376.000000,1.374527,1.614246,1.512569,1.285030,1.998744
377.000000,1.593746,1.762066,1.525089,1.365415,1.874173
378.000000,1.802019,1.705165,1.526294,1.430436,1.543856
379.000000,1.849320,1.622901,1.485923,1.479469,1.205004
380.000000,1.631991,1.497112,1.433360,1.493324,0.361136
381.000000,1.354597,1.471935,1.436436,1.504163,0.609435
382.000000,0.919767,1.393820,1.408534,1.494401,-0.156912
383.000000,0.282771,1.286058,1.334103,1.435288,-1.158989
384.000000,-0.461175,1.061795,1.216253,1.355529,-1.586213
385.000000,-0.650143,0.859717,1.191269,1.316360,-0.231806
386.000000,-1.055035,0.453620,1.192882,1.286612,-0.809701
387.000000,-1.240987,-0.034952,1.143360,1.214112,-0.867061
388.000000,-1.056458,-0.461286,1.010595,1.155864,-0.474336
389.000000,-0.826184,-0.874915,0.851383,1.058210,-0.765926
390.000000,-0.996029,-1.124913,0.693161,0.971144,-0.922897
391.000000,-1.142155,-1.476040,0.537455,0.893015,-1.397879
392.000000,-1.386490,-1.730370,0.322971,0.787025,-1.825874
393.000000,-1.629252,-1.755856,0.143855,0.686989,-1.553260
394.000000,-1.772868,-1.705502,-0.134873,0.559580,-1.503252
395.000000,-1.933005,-1.892995,-0.630457,0.413107,-1.764340
396.000000,-1.534293,-1.671095,-1.054966,0.456709,0.167476
397.000000,-1.036105,-1.450624,-1.475288,0.477167,0.328565
398.000000,-0.653837,-1.333647,-1.819607,0.364939,0.096375
399.000000,-0.374147,-1.252486,-2.056993,0.196570,-0.325397
400.000000,-0.378684,-1.373032,-2.277252,-0.129833,-1.779472
401.000000,-0.953531,-1.473685,-2.462683,-0.495499,-2.024146
402.000000,-1.583615,-1.537645,-2.506340,-0.966379,-2.114768
403.000000,-2.092626,-1.647217,-2.456475,-1.499918,-2.157973
404.000000,-2.290818,-1.675543,-2.323015,-2.063466,-1.691920
405.000000,-2.209528,-1.672776,-2.308373,-2.622845,-1.722459
406.000000,-1.875129,-1.727360,-2.143159,-2.808580,-0.658275
407.000000,-1.559840,-1.798939,-2.008862,-2.774821,-0.641115
408.000000,-1.303421,-1.877295,-1.948315,-2.677663,-0.954424
409.000000,-1.069146,-1.866490,-1.853345,-2.523201,-0.567281
410.000000,-0.768656,-1.708587,-1.758994,-2.345538,-0.454880
411.000000,-0.923153,-1.624307,-1.711449,-2.278553,-1.290522
412.000000,-0.906691,-1.440645,-1.596659,-2.143604,-0.462130
413.000000,-0.849625,-1.262976,-1.524082,-2.007995,-0.701113
414.000000,-0.876605,-1.131599,-1.456680,-1.875598,-0.658577
415.000000,-1.011830,-1.020698,-1.400148,-1.841727,-0.992581
416.000000,-1.000010,-1.124891,-1.489974,-1.807568,-1.256257
417.000000,-1.168536,-1.219817,-1.584699,-1.771747,-1.158320
418.000000,-1.286712,-1.268479,-1.662466,-1.758304,-1.192772
419.000000,-1.270472,-1.286143,-1.673262,-1.705681,-0.536797
420.000000,-1.088016,-1.271464,-1.578240,-1.639216,-0.169627
421.000000,-1.043593,-1.245163,-1.519416,-1.601244,-1.055069
422.000000,-1.173145,-1.429170,-1.485799,-1.576612,-1.643058
423.000000,-1.189724,-1.512969,-1.418112,-1.549221,-1.242946
424.000000,-1.459651,-1.658144,-1.414469,-1.543560,-1.596981
425.000000,-1.851034,-1.783513,-1.426485,-1.542821,-1.873705
426.000000,-2.078700,-1.916734,-1.569491,-1.650538,-2.206254
427.000000,-2.190740,-2.072312,-1.720322,-1.769728,-2.336774
428.000000,-2.364415,-2.198791,-1.834744,-1.868623,-2.284703
429.000000,-2.386680,-2.326592,-1.938073,-1.923872,-1.866254
430.000000,-2.467914,-2.514893,-2.075435,-1.940440,-2.319457
431.000000,-2.302078,-2.483500,-2.082015,-1.914272,-1.684037
432.000000,-2.177055,-2.432161,-2.155942,-1.898766,-1.984042
433.000000,-2.066664,-2.408465,-2.191744,-1.876332,-1.925677
434.000000,-2.045819,-2.345569,-2.216298,-1.875940,-1.872424
435.000000,-1.915789,-2.246554,-2.195778,-1.860443,-1.719636
436.000000,-1.888760,-2.127394,-2.158375,-1.895353,-1.663115
437.000000,-1.681215,-1.943389,-2.080795,-1.885291,-1.031872
438.000000,-1.580489,-1.837624,-2.041040,-1.882224,-1.434228
439.000000,-1.530268,-1.801035,-2.046791,-1.902349,-1.621239
440.000000,-1.588934,-1.769555,-2.088095,-1.942641,-1.973819
441.000000,-1.722864,-1.825145,-2.109612,-1.965645,-2.236034
442.000000,-1.952710,-1.846491,-2.103812,-2.008197,-2.163788
443.000000,-2.016765,-1.832583,-2.089328,-2.017654,-1.817774
444.000000,-2.065984,-1.839035,-2.073026,-2.034480,-1.930013
445.000000,-1.980127,-1.822058,-2.026249,-2.018870,-1.590599
446.000000,-1.886596,-1.831009,-1.984087,-2.007195,-1.764364
447.000000,-1.833995,-1.906181,-1.951459,-2.006073,-1.888514
448.000000,-1.833967,-1.935304,-1.920829,-1.999909,-1.822440
449.000000,-1.799150,-1.940025,-1.903299,-2.004635,-1.761212
450.000000,-1.870929,-1.938070,-1.884538,-2.024776,-1.968186
451.000000,-1.859808,-1.887022,-1.873322,-2.012061,-1.727264
452.000000,-1.775717,-1.816503,-1.838833,-1.977626,-1.478106
453.000000,-1.648639,-1.750012,-1.793481,-1.942149,-1.174926
454.000000,-1.540127,-1.678637,-1.755923,-1.905242,-1.201463
455.000000,-1.419111,-1.657645,-1.737214,-1.873802,-1.372289
456.000000,-1.381726,-1.638143,-1.731311,-1.844769,-1.554792
457.000000,-1.365100,-1.590014,-1.741890,-1.808988,-1.400034
458.000000,-1.399087,-1.541298,-1.733554,-1.774576,-1.336440
459.000000,-1.425657,-1.498055,-1.718372,-1.750986,-1.330414
460.000000,-1.362470,-1.404455,-1.675811,-1.708849,-1.050941
461.000000,-1.185911,-1.298626,-1.604454,-1.669751,-0.647189
462.000000,-0.572398,-0.996176,-1.430515,-1.551211,1.759388
463.000000,0.055777,-0.731434,-1.284159,-1.448004,1.635906
464.000000,0.885494,-0.375253,-1.099485,-1.329486,2.193246
465.000000,1.522534,-0.036337,-0.961244,-1.241964,1.579139
466.000000,1.895656,0.303058,-0.833899,-1.176617,1.110050
467.000000,1.698293,0.624353,-0.705966,-1.144588,0.869600
468.000000,1.569743,0.988556,-0.558886,-1.097130,1.031227
469.000000,1.295882,1.358493,-0.400460,-1.046309,0.990281
470.000000,1.169774,1.684003,-0.195257,-0.977567,1.047797
471.000000,1.223383,1.943756,0.053018,-0.872538,1.361101
472.000000,1.291135,1.840441,0.309596,-0.762196,1.209065
473.000000,1.171024,1.664304,0.509337,-0.691258,0.560500
474.000000,1.099447,1.434486,0.752576,-0.591325,0.706126
475.000000,0.969455,1.263377,1.014346,-0.510818,0.482338
476.000000,0.630410,1.074767,1.235952,-0.448480,-0.157668
477.000000,0.357491,0.947174,1.450023,-0.343226,-0.008852
478.000000,0.236019,0.809953,1.631276,-0.208014,0.017601
479.000000,0.050231,0.666616,1.749229,-0.051124,-0.117073
480.000000,-0.113712,0.504362,1.780456,0.171137,-0.240639
481.000000,-0.096072,0.320263,1.758184,0.453281,-0.079757
482.000000,-0.141962,0.134684,1.496275,0.758215,-0.209381
483.000000,-0.150612,0.059105,1.292013,1.108886,-0.004744
484.000000,-0.105399,-0.027910,1.051888,1.522792,0.090785
485.000000,-0.013824,-0.078937,0.891573,1.949262,0.157728
486.000000,0.051241,-0.032557,0.792184,2.283013,0.209382
487.000000,0.053067,-0.062867,0.690393,2.359173,-0.251478
488.000000,-0.035465,-0.121509,0.567509,2.327561,-0.440299
489.000000,-0.242859,-0.208465,0.425992,2.243506,-0.842547
490.000000,-0.585077,-0.324685,0.250923,2.121457,-1.192851
491.000000,-1.177826,-0.584035,-0.033658,1.943589,-1.807667
492.000000,-1.704487,-0.922393,-0.390662,1.465261,-2.169411
493.000000,-2.027587,-1.330070,-0.712573,1.039784,-2.077396
494.000000,-2.065993,-1.638353,-1.048993,0.563583,-1.765864
495.000000,-1.906222,-1.744786,-1.273968,0.253099,-0.860426
496.000000,-1.699096,-1.792681,-1.374769,0.016785,-0.737230
497.000000,-1.388675,-1.740650,-1.484759,-0.187007,-0.708630
498.000000,-1.024376,-1.651744,-1.552151,-0.410068,-0.486016
499.000000,-0.786064,-1.574048,-1.592238,-0.670418,-0.749484
500.000000,-0.649760,-1.445607,-1.535872,-0.906952,-0.212030
501.000000,-0.629341,-1.335216,-1.523094,-1.240862,-0.653182
502.000000,-0.769810,-1.240968,-1.531274,-1.579349,-1.453825
503.000000,-1.025098,-1.160207,-1.573405,-1.771198,-1.622526
504.000000,-1.157554,-1.085452,-1.593627,-1.907938,-1.237183
505.000000,-1.597310,-1.222733,-1.655806,-2.007691,-1.865843
506.000000,-2.093786,-1.506145,-1.776589,-2.049030,-2.656570
507.000000,-2.292434,-1.784454,-1.838637,-2.083731,-2.405141
508.000000,-2.375793,-2.057396,-1.885256,-2.096010,-2.207589
509.000000,-2.477254,-2.245498,-1.917515,-2.082268,-2.123040
510.000000,-2.416955,-2.413400,-1.937424,-2.044720,-1.924844
511.000000,-2.247117,-2.471227,-1.944480,-2.029923,-1.932517
512.000000,-2.095544,-2.407658,-1.907988,-1.996380,-1.756653
513.000000,-1.943185,-2.311783,-1.859327,-1.970589,-1.539273
514.000000,-1.753492,-2.223110,-1.812867,-1.937707,-1.238965
515.000000,-1.568851,-2.084529,-1.809808,-1.904400,-1.025298
516.000000,-1.443774,-1.938521,-1.835709,-1.898259,-1.322065
517.000000,-1.237939,-1.760208,-1.822193,-1.847147,-0.732672
518.000000,-1.096046,-1.620816,-1.830172,-1.809973,-0.849910
519.000000,-1.017125,-1.492124,-1.823804,-1.774267,-0.853141
520.000000,-0.967468,-1.375532,-1.837610,-1.741127,-0.768408
521.000000,-0.796517,-1.228545,-1.809331,-1.690827,-0.532845
522.000000,-0.617333,-1.025306,-1.709042,-1.596455,0.132158
523.000000,-0.756794,-1.010853,-1.700234,-1.572437,-1.492369
524.000000,-0.886056,-1.027242,-1.701147,-1.559916,-1.416101
525.000000,-1.044473,-1.079572,-1.681447,-1.587193,-1.473775
526.000000,-1.013546,-0.972083,-1.565952,-1.571519,-0.387824
527.000000,-0.943197,-0.841011,-1.416612,-1.524810,0.534664
528.000000,-0.441986,-0.650529,-1.258938,-1.476481,1.020194
529.000000,0.010231,-0.499886,-1.126637,-1.440546,0.642677
530.000000,0.734801,-0.264840,-0.962340,-1.400332,1.602368
531.000000,1.290711,-0.024525,-0.779549,-1.343910,1.817857
532.000000,1.663720,0.166884,-0.584701,-1.261127,1.896056
533.000000,2.116360,0.776374,-0.321250,-1.135105,2.656854
534.000000,2.477386,1.423743,-0.073118,-1.039889,2.139209
535.000000,2.613316,2.177629,0.241603,-0.890842,2.431866
536.000000,2.680568,2.648765,0.681649,-0.658644,2.545279
537.000000,2.692404,2.807776,1.130256,-0.378537,2.474624
538.000000,2.434758,2.704811,1.522504,-0.101314,1.815741
539.000000,2.312815,2.627867,1.879288,0.243609,1.811779
540.000000,2.144222,2.471510,2.132591,0.642382,1.688527
541.000000,1.996140,2.360071,2.296397,1.136455,1.810471
542.000000,1.914444,2.302667,2.372779,1.689491,2.035818
543.000000,1.887099,2.172144,2.470717,2.122797,1.730597
544.000000,1.805429,2.070601,2.478662,2.368643,1.465440
545.000000,1.707266,1.940020,2.440859,2.452942,1.253662
546.000000,1.576387,1.800438,2.335126,2.468980,1.173013
547.000000,1.360115,1.647205,2.194629,2.388607,0.964898
548.000000,1.205800,1.558396,2.068815,2.313372,0.971350
549.000000,1.053652,1.447901,1.966320,2.221235,0.718324
550.000000,1.027693,1.395028,1.885799,2.168200,1.129823
551.000000,1.079177,1.360778,1.836464,2.130760,1.421482
552.000000,1.167356,1.296100,1.792336,2.069368,1.378351
553.000000,1.345952,1.306644,1.757586,2.097647,1.826379
554.000000,1.548040,1.330407,1.736890,2.103159,1.722072
555.000000,1.665243,1.375586,1.707093,2.102718,1.749761
556.000000,1.646625,1.388188,1.648289,2.047922,1.315722
557.000000,1.675993,1.439948,1.597421,1.986283,1.469722
558.000000,1.637918,1.511276,1.584987,1.934852,1.662671
559.000000,1.593495,1.597863,1.565412,1.897311,1.512267
560.000000,1.464885,1.604850,1.534475,1.838778,1.103409
561.000000,1.270184,1.509007,1.462770,1.763445,0.202747
562.000000,0.974723,1.399492,1.367649,1.691060,-0.163296
563.000000,0.713778,1.274726,1.312348,1.627389,0.453108
564.000000,0.365231,1.114963,1.256172,1.570769,-0.071205
565.000000,0.148389,0.968443,1.226230,1.518822,0.257504
566.000000,0.228395,0.901892,1.213839,1.469594,0.610041
567.000000,0.508181,0.845502,1.232618,1.428451,1.057084
568.000000,0.731124,0.788548,1.268253,1.417408,1.434827
569.000000,1.067610,0.741453,1.322065,1.403569,1.328155
570.000000,1.522743,0.868652,1.386550,1.415850,2.167240
571.000000,1.798969,1.120844,1.419042,1.414430,1.808474
572.000000,1.890901,1.393906,1.445865,1.393500,1.536619
573.000000,1.885370,1.565704,1.431579,1.384702,1.515004
574.000000,1.861621,1.761650,1.416193,1.383969,1.347787
575.000000,1.737782,1.927063,1.416560,1.404319,1.630100
576.000000,1.610925,1.981356,1.433549,1.418658,1.266817
577.000000,1.512479,1.962909,1.428316,1.441088,1.092226
578.000000,1.700204,2.063449,1.491575,1.508703,2.339680
579.000000,2.112024,2.271847,1.638974,1.626667,3.025208
580.000000,2.279149,2.277460,1.777054,1.700459,2.306457
581.000000,2.392601,2.262775,1.947316,1.743756,1.912659
582.000000,2.437441,2.244120,2.094042,1.780439,1.654266
583.000000,2.145263,2.154420,2.124760,1.760012,1.142192
584.000000,1.690369,2.052604,2.141642,1.728778,0.883513
585.000000,1.294200,1.876174,2.088985,1.670870,0.435974
586.000000,1.002592,1.764925,2.028792,1.641927,0.528369
587.000000,0.784546,1.690778,1.959521,1.608548,0.629889
588.000000,0.567548,1.450568,1.841103,1.537720,0.135482
589.000000,0.402500,1.137893,1.738274,1.474833,0.121803
590.000000,0.400515,0.932051,1.625048,1.449965,0.426487
591.000000,0.570114,0.868417,1.599450,1.514020,1.330646
592.000000,0.584206,0.756225,1.550499,1.557225,0.717939
593.000000,0.793198,0.745245,1.531243,1.590575,1.118223
594.000000,0.907039,0.704232,1.490738,1.615546,0.543587
595.000000,0.876887,0.675256,1.414622,1.609930,0.044767
596.000000,0.633236,0.650431,1.372401,1.601983,0.192224
597.000000,0.530987,0.612807,1.343352,1.583036,0.179768
598.000000,0.327799,0.670080,1.251379,1.560054,0.382917
599.000000,0.415302,0.803866,1.126520,1.562160,1.003765
600.000000,0.527134,0.849544,1.008146,1.512588,0.371978
601.000000,0.494844,0.679962,0.889766,1.464964,-0.045533
602.000000,0.485432,0.621960,0.787602,1.434915,0.055377
603.000000,0.451988,0.479656,0.732331,1.412936,0.208640
604.000000,0.341439,0.516271,0.720611,1.414093,0.641740
605.000000,0.231978,0.578979,0.724981,1.382165,-0.044428
606.000000,0.681519,0.903263,0.802747,1.415708,1.422349
607.000000,1.089250,1.313084,0.878457,1.455458,1.223793
608.000000,1.494030,1.806522,1.061824,1.429089,1.402383
609.000000,1.356119,1.690325,1.209238,1.297513,0.381271
610.000000,1.070543,1.344064,1.233156,1.147554,-1.011630
611.000000,0.301545,1.030220,1.040940,1.001009,-1.248982
612.000000,-0.608923,0.516645,0.854841,0.839395,-1.764504
613.000000,-1.408863,0.217436,0.609930,0.744491,-0.814929
614.000000,-1.819771,-0.275426,0.415612,0.658328,-0.991694
615.000000,-1.914198,-0.734964,0.197359,0.583603,-1.599389
616.000000,-1.845933,-1.537170,-0.075664,0.504066,-1.288568
617.000000,-1.951536,-2.431836,-0.639264,0.342090,-2.223482
618.000000,-2.313105,-3.021921,-1.410362,0.196653,-2.359912
619.000000,-2.469492,-3.038028,-2.224320,0.041085,-1.993302
620.000000,-2.469663,-2.867930,-2.718405,-0.228188,-2.007632
621.000000,-2.247215,-2.551334,-2.654012,-0.626622,-0.963629
622.000000,-1.812928,-2.215589,-2.502635,-0.934801,-0.568517
623.000000,-1.469841,-2.094144,-2.439844,-1.401899,-0.912943
624.000000,-1.211624,-1.969585,-2.419713,-1.711145,-0.853298
625.000000,-0.833177,-1.750145,-2.256694,-1.796273,-0.375907
626.000000,-0.951415,-1.731704,-2.406741,-1.997691,-1.470407
627.000000,-1.126394,-1.603894,-2.465248,-2.103701,-1.340845
628.000000,-1.014781,-1.355640,-2.408970,-2.067166,-0.439986
629.000000,-0.957641,-1.183625,-2.291581,-2.094057,-0.608168
630.000000,-1.051081,-1.034225,-2.131336,-2.066276,-0.819071
631.000000,-1.015005,-1.074500,-2.030254,-2.050275,-1.301581
632.000000,-1.430893,-1.395396,-2.071896,-2.211524,-2.849691
633.000000,-1.894212,-1.597995,-2.110947,-2.296167,-2.315757
634.000000,-1.994737,-1.636531,-2.036829,-2.278815,-1.255623
635.000000,-2.005197,-1.700055,-1.938357,-2.214582,-1.104522
636.000000,-1.852801,-1.597040,-1.838108,-2.200675,-0.655179
637.000000,-1.505643,-1.586876,-1.747273,-2.222002,-1.206768
638.000000,-1.184363,-1.642727,-1.640832,-2.224720,-0.898338
639.000000,-1.110786,-1.680279,-1.567117,-2.173212,-0.884569
640.000000,-1.029772,-1.676991,-1.484919,-2.067382,-0.658198
641.000000,-1.263795,-1.715902,-1.517560,-2.009022,-1.535490
642.000000,-1.472077,-1.603382,-1.603795,-1.964038,-2.009248
643.000000,-1.697077,-1.521186,-1.651542,-1.943467,-1.757904
644.000000,-2.080569,-1.694945,-1.750269,-1.957090,-2.423146
645.000000,-2.425421,-1.897637,-1.872714,-1.955330,-2.335097
646.000000,-2.486269,-2.115552,-1.916636,-1.956880,-2.104643
647.000000,-2.401771,-2.192442,-1.952389,-1.921001,-1.911687
648.000000,-2.101990,-2.100969,-1.941656,-1.822187,-0.707538
649.000000,-1.441362,-1.845936,-1.829420,-1.683605,0.588474
650.000000,-0.893542,-1.693437,-1.743054,-1.575218,0.218054
651.000000,-0.332619,-1.455852,-1.630906,-1.504966,0.417273
652.000000,0.298691,-1.143496,-1.404840,-1.441831,0.761376
653.000000,0.548762,-0.923769,-1.242347,-1.394454,0.308290
654.000000,0.584478,-0.552876,-1.128605,-1.334876,0.741367
655.000000,0.769859,-0.125771,-1.015376,-1.292799,0.956111
656.000000,0.852620,0.281331,-0.951071,-1.223707,0.712472
657.000000,0.816275,0.684294,-0.851464,-1.168219,0.593060
658.000000,0.817010,0.863494,-0.805038,-1.174973,0.246134
659.000000,0.775280,0.878586,-0.738295,-1.165640,0.542287
660.000000,0.616044,0.935741,-0.708267,-1.165876,0.296988
661.000000,0.511701,0.958440,-0.610241,-1.149392,0.284709
662.000000,0.312157,0.820535,-0.488042,-1.049385,-0.172969
663.000000,-0.048532,0.585618,-0.466484,-1.018093,-1.191435
664.000000,-0.747939,0.064207,-0.467262,-1.131209,-2.101383
665.000000,-1.663697,-0.768995,-0.618692,-1.364116,-2.925818
666.000000,-2.313750,-1.485544,-0.776544,-1.629667,-2.476088
667.000000,-2.333038,-1.768064,-0.706040,-1.706590,-1.002755
668.000000,-2.155748,-1.897651,-0.809786,-1.784752,-0.834571
669.000000,-1.842649,-2.007618,-1.166979,-1.848937,-0.739652
670.000000,-1.399146,-2.075001,-1.572087,-1.944646,-0.892168
671.000000,-1.292710,-2.287446,-2.336717,-2.094336,-1.949802
672.000000,-1.384197,-2.307557,-2.879004,-2.123050,-1.408127
673.000000,-1.426901,-2.184398,-3.037435,-2.111957,-1.092084
674.000000,-1.646926,-2.096371,-3.186059,-2.107127,-1.774808
675.000000,-1.745513,-1.875278,-3.117495,-2.043035,-1.484666
676.000000,-1.584507,-1.685651,-2.955808,-1.955719,-1.280955
677.000000,-1.479363,-1.639586,-2.767512,-1.844237,-1.002262
678.000000,-1.394029,-1.587453,-2.570181,-1.815367,-0.785061
679.000000,-1.171611,-1.550807,-2.437667,-1.889811,-0.805090
680.000000,-1.010354,-1.500111,-2.314120,-1.921936,-0.786965
681.000000,-0.790603,-1.285253,-2.167947,-1.907674,-0.275659
682.000000,-0.633087,-1.137361,-2.032650,-1.911487,-0.252611
683.000000,-0.648781,-1.097643,-1.928804,-1.934990,-0.868520
684.000000,-0.606329,-0.955215,-1.779766,-1.953211,-0.609853
685.000000,-0.634971,-0.881876,-1.616696,-1.996210,-0.951394
686.000000,-0.760617,-0.819716,-1.474182,-2.007186,-0.809526
687.000000,-0.890469,-0.791157,-1.430259,-2.005362,-0.763885
688.000000,-0.755560,-0.736114,-1.367332,-1.950822,-0.140472
689.000000,-0.840287,-0.748943,-1.356390,-1.951509,-0.936180
690.000000,-0.907442,-0.796295,-1.351401,-1.951189,-1.267858
691.000000,-0.862777,-0.858883,-1.241899,-1.917069,-0.407963
692.000000,-0.551481,-0.831374,-1.124352,-1.839039,1.072777
693.000000,-0.105711,-0.600854,-0.997922,-1.715186,2.106676
694.000000,1.305665,-0.261784,-0.784068,-1.542222,2.596987
695.000000,2.697585,0.218722,-0.603945,-1.341679,1.899782
696.000000,3.305226,1.008994,-0.368831,-1.109465,2.695509
697.000000,3.257004,1.958985,-0.118297,-0.950637,2.596553
698.000000,2.934611,2.567960,0.118861,-0.820968,2.001978
699.000000,2.621459,3.052914,0.411832,-0.688879,1.934463
700.000000,2.387434,3.143883,0.718238,-0.567774,1.398859
701.000000,1.987740,2.917301,0.959973,-0.373977,1.047051
702.000000,1.793111,2.722709,1.319144,-0.143336,1.759270
703.000000,1.780029,2.550626,1.825388,0.115670,1.975152
704.000000,1.727270,2.348689,2.166301,0.460455,1.738636
705.000000,1.725330,2.204981,2.373408,0.789521,1.458753
706.000000,1.820513,2.040267,2.463922,1.142488,1.616872
707.000000,1.835061,1.933449,2.504469,1.508122,1.862366
708.000000,1.834897,1.909741,2.473588,1.845519,1.970062
709.000000,1.791453,1.850103,2.441666,2.071659,1.579703
710.000000,1.721942,1.802373,2.384590,2.180519,1.206629
711.000000,1.643281,1.795684,2.302527,2.198296,1.277260
712.000000,1.510822,1.723017,2.190143,2.180025,1.223601
713.000000,1.192823,1.547262,2.019813,2.120313,0.419537
714.000000,1.027708,1.443664,1.886160,2.067868,0.771877
715.000000,0.911942,1.358073,1.784434,2.024371,0.636288
716.000000,0.736361,1.240499,1.651765,1.961908,0.416923
717.000000,0.594834,1.115358,1.541430,1.915218,0.578959
718.000000,0.597962,0.954549,1.454471,1.842734,0.391853
719.000000,0.505712,0.825983,1.375962,1.810529,0.321575
720.000000,0.486043,0.758323,1.341660,1.806218,0.592797
721.000000,0.505188,0.668288,1.323326,1.779457,0.492657
722.000000,0.352798,0.522098,1.247834,1.711551,-0.350308
723.000000,0.141773,0.451682,1.147038,1.626788,-0.855180
724.000000,0.012125,0.355568,1.074903,1.550399,-0.210935
725.000000,-0.198633,0.281775,1.023932,1.500267,-0.024137
726.000000,-0.258756,0.279617,0.973603,1.435082,0.542957
727.000000,-0.058372,0.235721,0.895174,1.367952,0.466406
728.000000,0.273761,0.213706,0.791038,1.320675,0.339630
729.000000,0.375780,0.179848,0.700157,1.273216,0.113655
730.000000,0.393917,0.063042,0.631624,1.249910,-0.010205
731.000000,0.055294,-0.151399,0.521281,1.230550,-0.940526
732.000000,-0.378848,-0.252546,0.387985,1.174109,-1.182542
733.000000,-1.012791,-0.368964,0.309451,1.087477,-1.791776
734.000000,-1.299333,-0.484533,0.202125,1.027286,-0.726006
735.000000,-1.529888,-0.676703,0.080690,0.976944,-0.829783
736.000000,-1.707953,-1.208705,-0.103769,0.885630,-1.700771
737.000000,-1.643452,-1.568106,-0.358948,0.772904,-1.117121
738.000000,-1.455041,-1.799755,-0.684961,0.621227,-1.254803
739.000000,-1.664693,-1.982602,-1.155495,0.463296,-1.770397
740.000000,-1.861300,-2.087525,-1.725120,0.317462,-1.669639
741.000000,-1.870478,-2.080361,-2.092762,0.128746,-1.658784
742.000000,-2.585648,-2.363351,-2.357612,-0.193566,-3.496486
743.000000,-2.871980,-2.429963,-2.391442,-0.446767,-2.745601
744.000000,-2.927664,-2.605270,-2.478856,-0.839258,-2.594232
745.000000,-2.643085,-2.532143,-2.381482,-1.164792,-1.184233
746.000000,-2.538964,-2.453234,-2.410979,-1.523802,-1.718645
747.000000,-2.215051,-2.464369,-2.433492,-1.903183,-1.910916
748.000000,-1.927428,-2.377784,-2.383212,-2.120289,-1.415796
749.000000,-1.592857,-2.219704,-2.293708,-2.181769,-1.060452
750.000000,-1.451794,-2.042684,-2.183664,-2.153391,-0.584308
751.000000,-1.279154,-1.932604,-2.090627,-2.107653,-0.888422
752.000000,-0.991057,-1.646270,-1.983905,-1.977872,-0.571575
753.000000,-0.703425,-1.369994,-1.828255,-1.812779,-0.102009
754.000000,-0.584231,-1.149229,-1.775720,-1.744416,-0.530573
755.000000,-0.629955,-1.108721,-1.748319,-1.716563,-0.799821
756.000000,-0.671995,-1.043286,-1.706160,-1.737740,-1.108176
757.000000,-0.613561,-0.860648,-1.645146,-1.708559,-0.283189
758.000000,-0.699827,-0.748964,-1.596668,-1.689189,-0.444081
759.000000,-0.963729,-0.814250,-1.607724,-1.726129,-1.770261
760.000000,-1.384207,-1.041706,-1.673617,-1.800708,-2.573288
761.000000,-1.626019,-1.178470,-1.703450,-1.824124,-1.988200
762.000000,-1.917230,-1.298575,-1.608493,-1.818496,-1.431835
763.000000,-2.174139,-1.518597,-1.558128,-1.807024,-1.676398
764.000000,-1.921620,-1.566236,-1.445437,-1.787937,-0.644359
765.000000,-1.824984,-1.764088,-1.508457,-1.837760,-2.107853
766.000000,-1.677847,-1.820918,-1.492309,-1.823813,-1.334422
767.000000,-1.878163,-2.089641,-1.523874,-1.872705,-2.249151
768.000000,-2.236446,-2.415995,-1.658928,-1.957776,-2.969331
769.000000,-2.361660,-2.345402,-1.704151,-1.942500,-1.419215
770.000000,-2.206719,-2.202627,-1.786361,-1.934713,-1.497449
771.000000,-2.147317,-2.093846,-1.821457,-1.912190,-1.178920
772.000000,-1.539667,-1.833755,-1.752403,-1.751136,0.515860
773.000000,-1.004079,-1.711291,-1.805683,-1.671721,-0.666462
774.000000,-0.375227,-1.458004,-1.683958,-1.503104,1.216000
775.000000,0.680962,-0.835632,-1.429175,-1.320662,2.548162
776.000000,1.275306,-0.490478,-1.268997,-1.191898,1.241392
777.000000,1.307032,-0.103146,-1.214671,-1.083501,0.680683
778.000000,1.590237,0.451109,-1.138760,-0.992050,0.743596
779.000000,1.221946,0.611839,-1.077931,-0.982290,-0.271001
780.000000,0.460167,0.733671,-0.981660,-1.017701,-0.563805
781.000000,-0.102577,0.729714,-0.970291,-1.068542,-0.991661
782.000000,-0.802194,0.297396,-1.129295,-1.214695,-1.949958
783.000000,-1.565478,-0.026468,-1.312728,-1.417577,-2.135822
784.000000,-2.177448,-0.818096,-1.687164,-1.661518,-2.618011
785.000000,-2.383910,-1.654935,-1.804153,-1.814117,-1.777623
786.000000,-2.347897,-2.083213,-1.903140,-1.897595,-1.313161
787.000000,-2.149598,-2.344318,-1.916106,-2.013958,-1.300762
788.000000,-1.979739,-2.567573,-1.869925,-2.124771,-1.468320
789.000000,-1.521724,-2.466442,-1.840712,-2.084235,-0.660807
790.000000,-1.312997,-2.372262,-1.832243,-2.020989,-0.911118
791.000000,-1.130474,-2.194557,-1.788769,-1.949031,-0.556456
792.000000,-0.800060,-1.849150,-1.803140,-1.845030,0.132377
793.000000,-0.446802,-1.526584,-1.719819,-1.743013,0.070583
794.000000,-0.337322,-1.180458,-1.872549,-1.721073,-0.181424
795.000000,0.032960,-0.821888,-2.011582,-1.550718,0.678856
796.000000,0.357588,-0.506292,-1.980023,-1.411753,0.821175
797.000000,0.565621,-0.155990,-1.861683,-1.205686,1.006331
798.000000,0.788317,0.230800,-1.742599,-0.933968,1.032676
799.000000,0.988654,0.447419,-1.570558,-0.781109,0.732344
800.000000,0.968142,0.682714,-1.391430,-0.629301,0.624626
801.000000,0.873678,0.826395,-1.205392,-0.515508,0.426391
802.000000,0.796529,0.902209,-0.873335,-0.479145,0.689562
803.000000,0.849037,1.070915,-0.402132,-0.294365,1.258294
804.000000,0.953472,1.252263,0.178830,-0.238114,1.210618
805.000000,1.004828,1.254012,0.609325,-0.345065,0.903573
806.000000,1.168659,1.275889,1.037720,-0.320542,1.206191
807.000000,1.343430,1.318039,1.513220,-0.198163,1.527941
808.000000,1.405974,1.367593,1.969648,-0.057813,1.546041
809.000000,1.491751,1.468388,2.236557,0.254464,1.619460
810.000000,1.545923,1.527588,2.402538,0.615567,1.240710
811.000000,1.440593,1.547955,2.402519,1.044158,0.819299
812.000000,1.272127,1.520013,2.295729,1.699213,0.798245
813.000000,1.128109,1.429053,2.206463,2.343498,0.883690
814.000000,1.016482,1.368021,2.159955,2.840718,1.145333
815.000000,0.952734,1.333319,2.027289,2.904822,0.979211
816.000000,0.931798,1.248727,1.884315,2.786612,0.686627
817.000000,0.853204,1.109478,1.725920,2.636652,0.320538
818.000000,0.702306,0.956994,1.571892,2.515719,0.009654
819.000000,0.344738,0.741435,1.425556,2.308779,-0.707292
820.000000,0.004007,0.575063,1.312355,2.187190,-0.656862
821.000000,-0.307922,0.460074,1.230108,2.071410,-0.653328
822.000000,-0.389020,0.403632,1.175576,1.968525,0.320766
823.000000,-0.449092,0.297263,1.069417,1.878237,-0.039592
824.000000,0.067899,0.263707,1.033730,1.887491,1.786071
825.000000,1.065384,0.400736,1.088001,1.882898,2.969934
826.000000,1.837156,0.529637,1.090649,1.832988,1.829503
827.000000,2.086495,0.694055,1.048644,1.750648,1.146243
828.000000,2.358046,0.987811,1.019449,1.678765,1.320355
829.000000,2.222929,1.514365,0.993367,1.641980,1.477129
830.000000,1.989781,2.121960,1.044941,1.641139,2.075921
831.000000,1.893703,2.516167,1.131470,1.634576,1.547283
832.000000,2.064520,2.726994,1.273831,1.634992,1.975491
833.000000,2.032875,2.759153,1.388264,1.576838,1.397679
834.000000,1.908609,2.516000,1.457943,1.523816,1.151090
835.000000,1.651304,2.172404,1.553906,1.508258,1.060755
836.000000,1.106312,1.749009,1.525123,1.412065,-0.802174
837.000000,0.370230,1.391225,1.488881,1.287290,-1.184420
838.000000,-0.063078,1.144952,1.548180,1.200435,-0.431098
839.000000,-0.547827,0.816459,1.620361,1.084882,-0.843516
840.000000,-1.043809,0.364842,1.611896,0.984713,-1.032387
841.000000,-1.033855,0.021394,1.603350,0.931215,-0.793418
842.000000,-0.881951,-0.359972,1.512848,0.888948,-0.572150
843.000000,-0.776085,-0.570743,1.526306,0.868685,-0.011469
844.000000,-0.592010,-0.753017,1.351111,0.810506,-0.069370
845.000000,-0.498077,-1.002399,0.949990,0.717670,-0.636785
846.000000,-0.399571,-0.929182,0.697976,0.665671,-0.381080
847.000000,-0.549293,-0.927056,0.389947,0.574494,-1.183096
848.000000,-0.768085,-0.996942,0.082571,0.525971,-0.935826
849.000000,-1.020510,-1.039682,-0.306878,0.526403,-1.166173
850.000000,-1.128508,-1.045717,-0.813980,0.519270,-1.107533
851.000000,-1.376974,-1.137967,-1.321318,0.459119,-1.441081
852.000000,-1.331096,-1.195654,-1.799435,0.337564,-0.996318
853.000000,-1.384742,-1.359358,-2.173104,0.192779,-1.177147
854.000000,-1.258734,-1.431799,-2.343022,-0.136767,-0.704477
855.000000,-1.160366,-1.417484,-2.405970,-0.814605,-0.800733
856.000000,-1.044493,-1.455713,-2.240941,-1.489672,-1.007022
857.000000,-1.033686,-1.380816,-2.063356,-2.076528,-1.006333
858.000000,-0.977091,-1.332867,-1.983972,-2.568536,-0.933904
859.000000,-1.009663,-1.253652,-1.863523,-2.820011,-0.843285
860.000000,-1.080740,-1.225878,-1.762579,-2.968216,-1.141638
861.000000,-1.104638,-1.168395,-1.693755,-2.899498,-1.134930
862.000000,-1.100584,-1.153767,-1.636480,-2.836479,-0.979034
863.000000,-1.085449,-1.110055,-1.618771,-2.700144,-0.765030
864.000000,-1.105281,-1.133650,-1.593981,-2.570760,-0.727975
865.000000,-1.148184,-1.187080,-1.546425,-2.489344,-1.360882
866.000000,-1.445901,-1.308051,-1.572303,-2.331460,-2.500642
867.000000,-2.027629,-1.533193,-1.578403,-2.218470,-3.083495
868.000000,-2.470292,-1.751210,-1.589500,-2.158854,-2.441341
869.000000,-2.631799,-1.943172,-1.575449,-2.060503,-1.937932
870.000000,-2.676362,-2.096968,-1.597974,-1.983299,-2.191334
871.000000,-2.415824,-2.139634,-1.576066,-1.909080,-1.575689
872.000000,-1.885040,-2.050489,-1.542859,-1.818635,-0.614573
873.000000,-1.475790,-1.971644,-1.502565,-1.768661,-0.435488
874.000000,-1.256285,-1.947333,-1.528840,-1.737718,-0.845467
875.000000,-0.674400,-1.726880,-1.474421,-1.630415,0.599660
876.000000,-0.624084,-1.656618,-1.515421,-1.622699,-1.493135
877.000000,-1.239170,-1.702046,-1.658828,-1.639134,-2.952064
878.000000,-1.832139,-1.765144,-1.795595,-1.665719,-2.547809
879.000000,-1.961687,-1.715184,-1.850785,-1.639361,-1.386877
880.000000,-2.321203,-1.646636,-1.879295,-1.632495,-1.476598
881.000000,-2.259696,-1.658302,-1.902259,-1.621044,-1.515863
882.000000,-1.803270,-1.698862,-1.883059,-1.611783,-0.917106
883.000000,-1.602987,-1.848354,-1.926172,-1.636115,-1.658223
884.000000,-1.652195,-1.931656,-1.958873,-1.686590,-1.635630
885.000000,-1.581619,-2.063858,-1.931636,-1.707386,-1.193912
886.000000,-1.237579,-1.855850,-1.784477,-1.660717,0.070622
887.000000,-0.798967,-1.398198,-1.550077,-1.573434,1.133725
888.000000,-0.191000,-0.996535,-1.366391,-1.505938,0.961469
889.000000,0.497911,-0.713194,-1.206192,-1.443727,1.082052
890.000000,1.197490,-0.340889,-0.998397,-1.347366,1.464726
891.000000,1.555083,0.085172,-0.818286,-1.250645,1.465069
892.000000,1.487234,0.371356,-0.741697,-1.195365,0.881064
893.000000,1.546211,0.875283,-0.645662,-1.133155,1.217275
894.000000,1.520553,1.369681,-0.536168,-1.087656,1.004479
895.000000,1.468400,1.812979,-0.488696,-1.008592,1.267468
896.000000,1.338753,1.946889,-0.311907,-0.900707,0.983801
897.000000,1.357184,1.884567,0.053402,-0.732930,1.048826
898.000000,1.293239,1.835748,0.462280,-0.565203,1.050818
899.000000,1.254620,1.746362,0.775575,-0.407952,0.921115
900.000000,1.275043,1.676546,1.184303,-0.152167,1.376314
901.000000,1.316572,1.585881,1.573186,0.087288,1.196780
902.000000,1.155749,1.470332,1.744923,0.195720,0.413098
903.000000,0.905304,1.269842,1.920922,0.252615,-0.004542
904.000000,0.748064,1.148878,2.069681,0.388405,0.243055
905.000000,0.577537,1.055626,2.165763,0.475656,0.633127
906.000000,0.500879,1.033376,2.119856,0.848247,0.871584
907.000000,0.710791,1.065276,2.014382,1.571727,1.375530
908.000000,1.027546,1.103917,1.939477,2.209944,1.494160
909.000000,1.318033,1.177568,1.881143,2.536705,1.647106
910.000000,1.445925,1.137152,1.767207,2.643311,1.212170
911.000000,1.568304,1.137440,1.682593,2.671661,1.379474
912.000000,1.509407,1.204484,1.632426,2.564835,1.069527
913.000000,1.577887,1.406713,1.619448,2.573916,1.825988
914.000000,1.594520,1.566836,1.620097,2.540620,1.755645
915.000000,1.717293,1.699879,1.603682,2.465170,1.707623
916.000000,1.814082,1.825945,1.613296,2.331385,1.710595
917.000000,1.878071,1.824147,1.590294,2.151365,1.142559
918.000000,1.550215,1.728836,1.534467,1.994447,0.407649
919.000000,1.154787,1.572612,1.477262,1.852805,0.072558
920.000000,0.640610,1.400908,1.355298,1.692620,-0.575193
921.000000,0.225433,1.230656,1.271860,1.570089,-0.101528
922.000000,0.071012,1.172901,1.288938,1.515450,0.506675
923.000000,0.239599,1.052212,1.378222,1.475390,1.132421
924.000000,0.698288,1.066189,1.497960,1.485623,1.928506
925.000000,1.494881,1.221680,1.646365,1.517898,2.527069
926.000000,2.114133,1.390081,1.785777,1.570198,2.453590
927.000000,2.394797,1.569317,1.850119,1.602392,2.056125
928.000000,2.370136,1.725586,1.853015,1.606529,1.476368
929.000000,2.171307,1.858711,1.822408,1.607471,1.240700
930.000000,1.802906,1.976035,1.794307,1.565449,0.868515
931.000000,1.315208,1.934137,1.697261,1.504500,0.211845
932.000000,0.860671,1.815415,1.616519,1.484423,-0.035645
933.000000,0.574242,1.695002,1.501987,1.506849,0.168751
934.000000,0.214664,1.451921,1.369713,1.502299,-0.407895
935.000000,-0.042571,1.158514,1.269150,1.500722,-0.211409
936.000000,-0.112320,0.860163,1.184687,1.501520,-0.023247
937.000000,0.210310,0.749374,1.231658,1.527150,1.401843
938.000000,0.600389,0.766942,1.351119,1.557998,1.690386
939.000000,1.070214,0.779474,1.465305,1.561939,1.339144
940.000000,1.424789,0.855185,1.610985,1.587414,1.212252
941.000000,1.770685,1.151732,1.746765,1.617269,1.549080
942.000000,1.543753,1.336240,1.759446,1.615566,0.557901
943.000000,1.316620,1.486840,1.744251,1.572590,0.782167
944.000000,1.139864,1.670879,1.658821,1.525858,0.628035
945.000000,0.664010,1.528912,1.411229,1.410782,-0.767596
946.000000,0.037960,1.313464,1.132493,1.283637,-1.000230
947.000000,-0.311067,0.912027,0.885478,1.195536,-0.848992
948.000000,-0.766622,0.416082,0.664763,1.135355,-1.062609
949.000000,-1.249907,-0.102818,0.422382,1.077516,-1.377568
950.000000,-1.346798,-0.586700,0.223877,1.075582,-1.202107
951.000000,-1.573263,-1.334790,-0.002015,1.011005,-1.929430
952.000000,-1.784324,-1.825864,-0.217693,0.925728,-1.683303
953.000000,-1.943739,-2.330919,-0.541139,0.782536,-1.767433
954.000000,-1.902234,-2.599068,-0.781737,0.581045,-1.416550
955.000000,-1.853750,-2.504590,-1.046172,0.271765,-1.313643
956.000000,-1.558425,-2.274984,-1.215021,-0.063819,-0.783829
957.000000,-1.328497,-2.080883,-1.530661,-0.422863,-0.677730
958.000000,-1.133798,-1.918473,-1.860680,-0.791033,-0.878753
959.000000,-0.990433,-1.734656,-2.046639,-1.143567,-0.762275
960.000000,-0.881065,-1.626726,-2.162400,-1.461587,-0.843569
961.000000,-0.844349,-1.430697,-2.245965,-1.639259,-0.629053
962.000000,-0.331804,-1.004677,-1.960206,-1.435328,1.554481
963.000000,0.475855,-0.422173,-1.639557,-1.072072,2.347776
964.000000,1.463425,0.295138,-1.225020,-0.415426,2.859880
965.000000,2.171284,0.929526,-0.751667,0.159000,2.247790
966.000000,2.540494,1.388079,-0.308753,0.653187,1.851019
967.000000,2.384726,1.688320,0.044270,0.834395,1.402487
968.000000,2.152339,1.960758,0.439074,0.980997,1.465062
969.000000,1.775323,2.098028,0.807663,1.080581,1.147574
970.000000,1.571386,2.221227,1.180830,1.239707,1.323949
971.000000,1.445593,2.277107,1.604818,1.327739,1.284496
972.000000,1.467402,2.186636,2.003528,1.609785,1.521342
973.000000,1.495179,2.058574,2.345328,1.848969,1.603054
974.000000,1.592676,1.897329,2.554034,2.072386,1.644066
975.000000,1.620341,1.787211,2.627266,2.337854,1.530192
976.000000,1.681134,1.739102,2.616165,2.540267,1.656436
977.000000,1.606558,1.683774,2.525681,2.564446,1.252225
978.000000,1.532609,1.632701,2.454044,2.570098,1.288717
979.000000,1.376842,1.569152,2.345281,2.511787,0.900841
980.000000,1.243867,1.495674,2.256329,2.435068,0.879715
981.000000,1.078238,1.431971,2.170981,2.390356,0.846562
982.000000,0.996473,1.353713,2.027758,2.332864,0.853167
983.000000,0.815354,1.228118,1.848722,2.246762,0.394144
984.000000,0.768118,1.130285,1.682373,2.182945,0.666273
985.000000,0.734132,1.048574,1.559811,2.129205,0.717951
986.000000,0.670035,0.931352,1.455448,2.055925,0.527181
987.000000,0.446187,0.786711,1.344117,1.954239,-0.298691
988.000000,0.320168,0.631695,1.243043,1.882381,-0.332274
989.000000,0.044840,0.492668,1.155950,1.812530,-0.724438
990.000000,-0.221198,0.377279,1.084643,1.777510,-0.402932
991.000000,-0.365144,0.311667,1.050420,1.770642,0.500430
992.000000,-0.100547,0.289534,1.026469,1.724208,1.500444
993.000000,0.528574,0.421931,1.019673,1.671941,2.258428
994.000000,1.424561,0.490621,0.993269,1.580112,1.659571
995.000000,2.085521,0.574614,0.972367,1.510800,1.634436
996.000000,1.885219,0.546736,0.883998,1.423993,0.107231
997.000000,1.485909,0.748039,0.823494,1.362633,0.041656
998.000000,0.809004,0.926363,0.734598,1.294115,-0.411263
999.000000,0.414556,1.350449,0.701974,1.259162,0.114329
1000.000000,-0.005463,1.644262,0.670814,1.220284,0.138265
1001.000000,-0.114068,1.543734,0.621788,1.180249,-0.286988
1002.000000,-0.313941,1.129674,0.541207,1.119016,-0.658129
1003.000000,-0.317079,0.530417,0.535638,1.056162,-0.429693
1004.000000,-0.432199,0.049142,0.481965,0.989240,-0.276590
1005.000000,-0.615048,-0.552818,0.370110,0.915383,-0.512044
1006.000000,-0.784336,-0.818945,0.206741,0.803482,-0.916612
1007.000000,-0.893351,-1.082342,0.217781,0.709093,-1.053747
1008.000000,-0.912603,-1.062686,0.353132,0.611905,-0.473893
1009.000000,-0.439845,-0.740898,1.388683,0.617477,1.394927
1010.000000,0.109345,-0.444459,2.544679,0.625985,1.314629
1011.000000,0.631938,-0.164730,2.628087,0.616825,0.822595
1012.000000,1.121043,0.174010,2.166573,0.592166,0.629955
1013.000000,1.341893,0.410379,1.417269,0.634250,0.424417
1014.000000,1.047733,0.608270,0.916222,0.630516,0.417338
1015.000000,0.760833,0.846694,0.355231,0.602885,0.341921
1016.000000,0.865657,1.395019,0.797578,0.701392,1.194770
1017.000000,0.690529,1.598911,0.796698,0.914426,0.020357
1018.000000,0.718571,1.766284,1.188257,1.265860,0.552191
1019.000000,0.628363,1.431168,1.178874,1.752226,0.021209
1020.000000,0.728917,1.266502,1.364242,2.240733,0.632345
1021.000000,0.154194,0.951272,1.237276,2.154777,-0.782399
1022.000000,-0.257404,0.520652,1.044920,1.685635,-1.355697
1023.000000,-0.931323,0.026958,0.675250,0.906024,-1.664730
1024.000000,-1.111402,-0.253359,0.578225,0.387046,-0.677262
1025.000000,-2.321068,-1.238524,-0.452975,-0.803952,-3.431361
1026.000000,-2.921837,-2.314432,-1.347618,-1.574565,-2.997289
1027.000000,-2.983839,-2.635782,-1.862445,-2.065929,-2.259583
1028.000000,-2.734176,-2.745770,-2.189544,-2.179888,-1.511028
1029.000000,-2.645576,-2.704454,-2.792853,-2.303975,-1.345674
1030.000000,-2.191387,-2.746498,-3.078009,-2.399116,-1.437387
1031.000000,-1.893630,-2.666987,-3.132254,-2.449111,-1.692249
1032.000000,-1.618830,-2.459643,-2.979127,-2.340648,-1.120814
1033.000000,-1.537035,-2.288410,-2.837649,-2.290386,-1.216144
1034.000000,-1.404962,-2.171528,-2.663987,-2.201960,-0.822845
1035.000000,-1.243228,-1.851687,-2.510715,-2.093285,-0.735529
1036.000000,-0.977470,-1.546782,-2.433113,-1.938480,-0.497386
1037.000000,-0.864067,-1.342120,-2.284761,-1.813232,-0.615222
1038.000000,-0.766452,-1.246384,-2.219223,-1.771984,-0.776323
1039.000000,-0.711513,-1.148995,-2.119825,-1.848725,-0.596871
1040.000000,-0.555697,-0.979165,-2.028551,-1.847019,-0.023890
1041.000000,-0.400892,-0.752822,-1.871379,-1.787398,0.247914
1042.000000,-0.241442,-0.607605,-1.722335,-1.734031,0.139070
1043.000000,-0.010738,-0.437570,-1.573146,-1.670314,0.251148
1044.000000,0.168019,-0.324235,-1.493125,-1.624275,0.156519
1045.000000,0.211782,-0.220173,-1.281318,-1.581846,0.150660
1046.000000,0.263797,-0.110170,-1.059280,-1.580142,0.513185
1047.000000,0.343616,0.021376,-0.879724,-1.521444,0.496245
1048.000000,0.310774,0.145829,-0.781215,-1.534093,0.051114
1049.000000,0.315202,0.261385,-0.690070,-1.533141,0.111896
1050.000000,0.306906,0.287549,-0.594742,-1.585888,0.002397
1051.000000,0.214636,0.285252,-0.459041,-1.580650,0.137051
1052.000000,-0.048719,0.230456,-0.402940,-1.582363,-0.564255
1053.000000,-0.313250,0.091210,-0.352157,-1.587032,-0.980346
1054.000000,-0.572486,-0.026423,-0.327018,-1.632334,-0.748693
1055.000000,-0.859655,-0.224259,-0.328837,-1.519403,-1.127649
1056.000000,-1.184667,-0.551651,-0.375129,-1.398706,-1.354006
1057.000000,-1.040051,-0.699387,-0.322680,-1.257324,-0.077001
1058.000000,-0.686086,-0.651299,-0.182543,-1.149422,0.480789
1059.000000,-0.603661,-0.722246,-0.114583,-1.085187,-0.375638
1060.000000,-0.458372,-0.790639,-0.187602,-1.009796,-0.566674
1061.000000,-0.623831,-1.082626,-0.540555,-0.962243,-2.085530
1062.000000,-0.742891,-1.060864,-0.736297,-0.898477,-0.532436
1063.000000,-1.092818,-1.035004,-1.045585,-0.832468,-0.927652
1064.000000,-1.175064,-1.047164,-1.294922,-0.800244,-0.692373
1065.000000,-1.176116,-0.975028,-1.492219,-0.771652,-0.580517
1066.000000,-0.566904,-0.721534,-1.567498,-0.721769,0.397018
1067.000000,-0.840310,-0.955693,-1.901441,-0.794062,-1.608655
1068.000000,-1.119303,-1.321402,-2.088893,-0.887302,-1.939353
1069.000000,-1.595030,-1.638399,-2.318351,-1.090642,-2.407742
1070.000000,-1.862671,-1.779551,-2.378019,-1.365981,-1.766850
1071.000000,-2.141176,-1.651653,-2.366406,-1.662378,-1.362429
1072.000000,-2.248459,-1.867738,-2.384468,-2.052179,-2.325100
1073.000000,-2.154553,-1.922233,-2.272073,-2.340690,-1.695622
1074.000000,-1.763039,-1.851861,-2.097218,-2.422016,-0.634053
1075.000000,-1.379941,-1.725127,-1.859578,-2.389795,0.069706
1076.000000,-1.118880,-1.725769,-1.664528,-2.381014,-0.012403
1077.000000,-0.737389,-1.628293,-1.648876,-2.408770,-0.699425
1078.000000,-0.568297,-1.555831,-1.702863,-2.368897,-1.118593
1079.000000,-0.074186,-1.137899,-1.521075,-2.133638,1.459402
1080.000000,0.459047,-0.686908,-1.306061,-1.865260,2.035116
1081.000000,0.978329,-0.287435,-1.044177,-1.673097,1.639899
1082.000000,1.928298,0.541766,-0.808514,-1.366724,2.389314
1083.000000,2.549551,1.240786,-0.594912,-1.098406,1.728328
1084.000000,2.396469,1.676864,-0.410012,-0.884264,1.443651
1085.000000,2.126772,1.897256,-0.229715,-0.661724,1.307288
1086.000000,1.954027,2.029692,-0.124659,-0.443076,1.170605
1087.000000,1.552914,2.129560,0.117742,-0.357526,0.795069
1088.000000,1.171433,2.139733,0.347001,-0.380004,0.174159
1089.000000,0.855576,1.862069,0.686688,-0.348027,0.124273
1090.000000,0.715224,1.646055,1.091486,-0.232621,0.716759
1091.000000,0.625153,1.509776,1.455230,0.019468,0.806361
1092.000000,0.633106,1.288643,1.935633,0.171706,0.838849
1093.000000,0.843677,1.189568,2.259416,0.406773,1.069822
1094.000000,0.997005,1.092720,2.312730,0.611543,0.813481
1095.000000,0.985708,1.000341,2.237364,0.813597,0.700377
1096.000000,0.953360,0.927305,2.166864,0.946435,0.691429
1097.000000,0.869297,0.878425,2.121217,1.269726,0.497955
1098.000000,0.627388,0.848586,2.052673,1.562316,0.018971
1099.000000,0.527055,0.875430,1.858329,1.948349,0.392422
1100.000000,0.223966,0.697822,1.566245,2.006604,-0.705682
1101.000000,0.045458,0.587084,1.394403,2.047422,-0.079235
1102.000000,0.004774,0.531677,1.214241,2.212749,0.445754
1103.000000,0.176221,0.484511,1.121606,2.283616,0.915122
1104.000000,0.299611,0.487336,1.063762,2.236248,1.071485
1105.000000,1.011345,0.605778,1.074323,2.197144,1.910383
1106.000000,1.566954,0.730974,1.083384,2.162345,1.666311
1107.000000,2.113816,1.011734,1.177071,2.219548,2.277369
1108.000000,2.465284,1.468029,1.334143,2.281894,2.234635
1109.000000,2.518913,1.835819,1.460677,2.164044,1.510072
1110.000000,2.260603,2.413987,1.514361,2.023011,1.233193
1111.000000,2.170343,2.856444,1.590541,1.953867,1.682808
1112.000000,2.327449,3.159527,1.801008,1.935440,3.106529
1113.000000,2.357883,3.077316,1.926391,1.921493,2.415564
1114.000000,2.436688,2.927423,2.049961,1.913714,2.157943
1115.000000,2.454450,2.689117,2.140563,1.893838,1.843331
1116.000000,2.221861,2.416043,2.139293,1.823803,0.999179
1117.000000,1.658329,2.077601,2.087279,1.745283,0.363312
1118.000000,1.219526,1.813833,2.073442,1.712134,0.257663
1119.000000,0.936830,1.708861,2.071068,1.723101,0.795945
1120.000000,0.725941,1.650425,2.147102,1.709339,0.896726
1121.000000,0.578676,1.500190,2.103437,1.657787,0.328105
1122.000000,0.654732,1.259520,2.045667,1.633185,0.693473
1123.000000,0.687364,1.040896,1.939414,1.581354,0.386945
1124.000000,0.490851,0.782834,1.803536,1.522930,-0.110261
1125.000000,0.380334,0.608525,1.681551,1.507738,0.403851
1126.000000,0.366992,0.520127,1.573966,1.493819,0.259579
1127.000000,0.336245,0.549022,1.467882,1.512086,0.572340
1128.000000,0.289025,0.547097,1.353515,1.538898,0.165342
1129.000000,0.342190,0.464923,1.274053,1.538645,0.071302
1130.000000,0.237445,0.348914,1.208466,1.594982,-0.126122
1131.000000,0.066300,0.261298,1.103323,1.601217,-0.663009
1132.000000,-0.473117,0.002262,0.848280,1.536012,-1.837219
1133.000000,-0.898541,-0.197523,0.637108,1.472891,-1.374662
1134.000000,-0.791165,-0.080814,0.542782,1.505391,1.097486
1135.000000,-0.770400,-0.143278,0.411128,1.464702,0.225648
1136.000000,-0.996216,-0.398458,0.259927,1.372032,-1.291787
1137.000000,-0.863392,-0.809749,0.150126,1.238446,-1.351668
1138.000000,-0.707678,-1.091170,0.069616,1.128786,-0.840655
1139.000000,-1.379474,-1.428610,-0.124505,1.035501,-1.128357
1140.000000,-1.834381,-1.748052,-0.416635,0.934406,-1.486815
1141.000000,-1.920891,-1.949897,-0.727899,0.773037,-1.766287
1142.000000,-1.930250,-1.845714,-1.138959,0.459919,-1.708823
1143.000000,-1.733645,-1.592739,-1.349742,0.232547,-0.351753
1144.000000,-1.662298,-1.839520,-1.502413,-0.068541,-0.970944
1145.000000,-1.394468,-1.838312,-1.613066,-0.334952,-0.165990
1146.000000,-0.985775,-1.627974,-1.641994,-0.510989,0.003397
1147.000000,-0.356754,-1.369198,-1.663850,-0.583559,0.409397
1148.000000,-0.171698,-1.211854,-1.606696,-0.654943,0.277542
1149.000000,0.062083,-1.097110,-1.579945,-0.867436,-0.319024
1150.000000,0.225889,-0.834924,-1.472631,-1.042925,0.382299
1151.000000,0.416723,-0.424593,-1.309914,-1.087454,0.646953
1152.000000,1.893489,0.868628,-0.649894,-0.731206,3.975740
1153.000000,2.778582,1.735199,-0.121617,-0.383771,2.795475
1154.000000,3.354640,2.580481,0.234332,0.176721,2.810062
1155.000000,3.492820,3.015388,0.795424,0.759909,2.838155
1156.000000,3.357137,3.095008,1.466389,1.291748,2.315140
1157.000000,2.816420,3.000477,2.019795,1.639160,1.924854
1158.000000,2.486735,2.862829,2.340535,1.918551,1.593561
1159.000000,2.174463,2.754097,2.549508,2.110618,1.443536
1160.000000,1.731471,2.537303,2.581697,2.131035,0.773259
1161.000000,1.396414,2.359662,2.583402,2.171581,0.735827
1162.000000,1.179860,2.045792,2.548815,2.290731,0.901232
1163.000000,0.982603,1.814295,2.396724,2.290437,0.672485
1164.000000,0.780490,1.572710,2.284436,2.120043,0.521310
1165.000000,0.650426,1.284970,2.127067,1.986453,0.178242
1166.000000,0.584726,1.077889,2.020959,1.982103,0.437860
1167.000000,0.460060,0.897626,1.912086,1.961625,0.328208
1168.000000,0.364044,0.740777,1.817976,1.905191,0.228021
1169.000000,0.255100,0.573541,1.740899,1.848200,0.006214
1170.000000,0.147085,0.446787,1.634597,1.785296,-0.361272
1171.000000,-0.001920,0.335564,1.548040,1.758396,-0.262518
1172.000000,-0.124304,0.205541,1.351080,1.738739,-0.227802
1173.000000,-0.274615,0.078300,1.187326,1.658352,-0.443964
1174.000000,-0.417435,-0.052855,1.003683,1.607486,-0.627042
1175.000000,-0.441157,-0.127080,0.809470,1.556307,-0.451520
1176.000000,-0.555323,-0.278324,0.615642,1.496829,-0.754437
1177.000000,-0.745823,-0.459519,0.417599,1.420572,-1.042813
1178.000000,-0.960813,-0.681459,0.208792,1.342410,-1.344525
1179.000000,-1.179681,-0.916338,-0.023674,1.286988,-1.530482
1180.000000,-1.406555,-1.094288,-0.205810,1.234964,-1.357562
1181.000000,-1.602462,-1.333747,-0.434717,1.173423,-1.553259
1182.000000,-1.486826,-1.428269,-0.647311,1.000619,-0.684389
1183.000000,-1.441275,-1.551271,-0.919348,0.801061,-1.370672
1184.000000,-1.168343,-1.484531,-1.113900,0.611283,-0.450440
1185.000000,-0.988716,-1.442388,-1.269668,0.335601,-0.598576
1186.000000,-0.744532,-1.331461,-1.418529,0.060314,-0.356582
1187.000000,-0.531779,-1.115947,-1.443929,-0.163468,0.570605
1188.000000,-0.009940,-0.836742,-1.388564,-0.346491,1.195308
1189.000000,0.132094,-0.647983,-1.361761,-0.630854,0.076195
1190.000000,0.641129,-0.359505,-1.182057,-0.712108,1.600725
1191.000000,1.090640,-0.031664,-1.036911,-0.808574,1.392630
1192.000000,1.143831,0.134166,-0.953108,-1.000163,0.651595
1193.000000,1.221330,0.544965,-0.801253,-1.057698,1.505319
1194.000000,1.251475,0.700459,-0.720914,-1.202206,0.110770
1195.000000,1.013150,0.941287,-0.639949,-1.221977,0.577402
1196.000000,0.728868,1.092795,-0.555457,-1.314463,0.190427
1197.000000,0.823279,1.185922,-0.393489,-1.285200,1.033600
1198.000000,0.853971,1.255856,-0.153472,-1.170991,1.610573
1199.000000,1.067444,1.394721,0.086360,-1.062260,0.994266
1200.000000,1.075784,1.249628,0.312249,-0.913238,0.649560
1201.000000,1.210886,1.158219,0.632379,-0.776862,0.840862
1202.000000,1.254123,1.233525,0.921419,-0.617841,1.255185
1203.000000,1.183544,1.197139,1.379798,-0.416801,1.310133
1204.000000,1.630351,1.570243,1.875150,-0.014156,2.681421
1205.000000,2.609849,2.199276,2.576100,0.704691,3.878649
1206.000000,3.011773,2.571646,2.874315,1.412380,2.938594
1207.000000,3.113302,2.711372,2.888414,2.086746,2.617359
1208.000000,3.050033,2.689447,2.765147,2.566786,2.194465
1209.000000,2.765364,2.622618,2.654503,2.788164,1.691429
1210.000000,2.302558,2.556700,2.479353,2.834782,1.506901
1211.000000,1.993126,2.479238,2.345705,2.811302,1.398777
1212.000000,1.703039,2.375362,2.255190,2.669804,1.212411
1213.000000,1.499960,2.294530,2.158924,2.583186,1.227678
1214.000000,1.383601,2.148264,2.119949,2.445706,1.147216
1215.000000,1.282594,1.887118,2.064410,2.331735,1.033353
1216.000000,1.315091,1.754248,2.071209,2.268319,1.550350
1217.000000,1.329665,1.611272,2.035299,2.170091,1.283941
1218.000000,1.530486,1.608832,2.055823,2.137826,2.108384
1219.000000,1.807048,1.697834,2.113160,2.163524,2.354227
1220.000000,2.023563,1.774141,2.150457,2.138618,2.109898
1221.000000,1.956926,1.758304,2.118305,2.072840,1.371939
1222.000000,1.887091,1.728401,2.063021,2.017269,1.101713
1223.000000,1.677151,1.695353,2.012562,1.955922,1.072348
1224.000000,1.412504,1.668592,1.934116,1.925632,1.029775
1225.000000,1.087026,1.601247,1.777119,1.866753,0.531917
1226.000000,0.815324,1.445683,1.627615,1.800673,0.015674
1227.000000,0.574044,1.316652,1.489886,1.730794,-0.102750
1228.000000,0.171163,1.035011,1.335280,1.632341,-0.867814
1229.000000,-0.244207,0.714084,1.216271,1.561030,-0.834883
1230.000000,-0.610144,0.369156,1.102456,1.499325,-1.060146
1231.000000,-0.895878,0.077768,0.993158,1.442305,-1.197612
1232.000000,-1.158048,-0.202169,0.901074,1.392718,-1.139720
1233.000000,-1.245762,-0.523656,0.810261,1.352728,-1.148739
1234.000000,-1.339341,-0.888610,0.722352,1.290714,-1.114827
1235.000000,-1.325477,-1.187889,0.635409,1.173678,-1.037169
1236.000000,-1.193879,-1.353189,0.516777,1.078208,-0.744625
1237.000000,-0.862573,-1.346761,0.464820,1.018481,0.224251
1238.000000,-0.494747,-1.153856,0.340874,0.977675,0.465603
1239.000000,-0.229691,-1.012294,0.125690,0.939828,0.075201
1240.000000,-0.129022,-0.924219,-0.170082,0.876152,-0.583303
1241.000000,-0.077987,-0.807510,-0.419003,0.816415,-0.516148
1242.000000,-0.364292,-0.780374,-0.721649,0.734602,-1.008987
1243.000000,-0.736750,-0.782121,-1.084755,0.631633,-1.140715
1244.000000,-0.911075,-0.726830,-1.419437,0.549441,-0.708957
