0.000000,5.385165,5.385165,5.385165,5.385165,-1.127226
1.000000,3.744882,3.738244,3.740863,3.741898,-0.712840
2.000000,3.008436,2.994721,2.999079,3.000267,-0.321130
3.000000,2.564244,2.544812,2.548701,2.550244,0.406467
4.000000,2.256312,2.233418,2.235594,2.237274,0.806559
5.000000,2.026702,2.000512,2.001096,2.002214,1.815073
6.000000,1.844349,1.819753,1.815039,1.815933,1.865233
7.000000,1.694036,1.671840,1.661769,1.662648,1.862501
8.000000,1.564083,1.546126,1.531293,1.532547,1.544715
9.000000,1.451186,1.437215,1.418746,1.419981,1.552671
10.000000,1.348546,1.340390,1.319407,1.320629,1.468592
11.000000,1.256937,1.253588,1.230464,1.231767,1.509349
12.000000,1.173667,1.174573,1.149733,1.151267,1.428411
13.000000,1.098114,1.101155,1.076023,1.077236,1.308567
14.000000,1.027564,1.032597,1.008207,1.008609,1.176634
15.000000,0.962084,0.967139,0.944845,0.944761,1.182549
16.000000,0.899038,0.904832,0.886681,0.884373,0.955268
17.000000,0.838014,0.844909,0.831543,0.826711,0.695884
18.000000,0.780751,0.788500,0.779036,0.771354,0.854129
19.000000,0.728825,0.735408,0.729021,0.718644,1.333945
20.000000,0.677099,0.683392,0.679756,0.667120,1.109204
21.000000,0.628587,0.632732,0.631543,0.616614,1.240126
22.000000,0.581404,0.582330,0.583534,0.566373,1.082333
23.000000,0.531970,0.531461,0.534737,0.516117,0.839142
24.000000,0.480676,0.481438,0.485782,0.465998,1.082848
25.000000,0.430890,0.430796,0.434975,0.414593,1.190762
26.000000,0.380710,0.380509,0.382793,0.363124,1.442511
27.000000,0.328712,0.328776,0.327458,0.308618,1.328630
28.000000,0.279380,0.275890,0.270660,0.250439,1.258218
29.000000,1.324503,1.327680,1.711320,2.224333,1.257704
30.000000,1.318627,1.301551,1.638033,2.208488,1.094727
31.000000,1.269785,1.273256,1.573164,2.176884,1.205720
32.000000,1.283324,1.285432,1.525102,2.140447,1.432146
33.000000,1.298996,1.329498,1.481792,2.078060,1.298700
34.000000,1.317894,1.353852,1.449318,2.010878,1.293534
35.000000,1.329174,1.359833,1.409583,1.910727,1.010329
36.000000,1.344639,1.341376,1.394928,1.824577,1.262293
37.000000,1.383202,1.371534,1.413576,1.755645,1.678615
38.000000,1.362299,1.374570,1.410531,1.692682,1.217183
39.000000,1.384877,1.390012,1.383587,1.638285,1.395553
40.000000,1.404181,1.399697,1.366451,1.583893,1.102387
41.000000,1.282832,1.344209,1.328807,1.520561,0.659748
42.000000,1.083543,1.263505,1.311335,1.465523,0.719418
43.000000,0.869534,1.147046,1.300679,1.406787,0.151477
44.000000,0.742140,1.101898,1.296748,1.372916,0.814089
45.000000,0.627893,1.065704,1.279441,1.335374,0.577224
46.000000,0.831478,1.105869,1.276037,1.334312,1.652741
47.000000,0.972177,1.065857,1.274270,1.341989,1.407112
48.000000,1.430762,1.155150,1.312388,1.360526,2.252173
49.000000,1.846229,1.274122,1.373760,1.365081,2.566198
50.000000,2.361857,1.471269,1.468639,1.392686,2.685061
51.000000,2.358424,1.623691,1.507415,1.394772,1.685413
52.000000,2.280827,1.714004,1.502713,1.400719,1.164935
53.000000,2.148747,1.928893,1.530827,1.440312,1.597143
54.000000,1.777633,1.961304,1.516316,1.448518,0.690580
55.000000,1.458990,2.081665,1.549117,1.469834,1.277081
56.000000,1.380645,2.054670,1.569291,1.473265,1.393807
57.000000,0.727740,1.703197,1.398608,1.396941,-1.685006
58.000000,-0.291198,1.142950,1.204574,1.290878,-2.401502
59.000000,-1.092205,0.487441,0.988192,1.177821,-2.204099
60.000000,-1.682263,-0.117813,0.853501,1.110154,-1.244420
61.000000,-2.035504,-0.510551,0.797981,1.059856,-0.619623
62.000000,-1.709371,-0.797800,0.747473,1.002026,-0.443558
63.000000,-1.189216,-1.088479,0.766397,0.962586,-0.226098
64.000000,-0.576664,-1.134704,0.774849,0.949390,0.258785
65.000000,-0.261105,-1.299925,0.784594,0.939542,0.007640
66.000000,0.132755,-1.312311,0.793413,0.968742,0.922216
67.000000,0.531870,-0.849130,0.861199,0.982320,1.091388
68.000000,0.855004,-0.249473,0.841311,1.025295,1.027597
69.000000,0.954254,0.292124,0.696471,1.032123,0.670785
70.000000,1.224401,0.755955,0.567188,1.099392,1.135597
71.000000,1.222297,1.057180,0.537394,1.197431,0.964634
72.000000,1.263951,1.372148,0.670956,1.333916,1.287450
73.000000,1.424819,1.698302,0.872066,1.579607,1.702030
74.000000,1.857549,2.050969,1.505385,1.877813,2.416200
75.000000,1.566690,1.948257,1.404591,1.936777,0.052972
76.000000,1.611750,1.929325,1.643586,2.032394,1.203776
77.000000,1.428106,1.784878,2.312217,2.052913,0.553837
78.000000,1.070761,1.601986,2.882053,1.938064,0.160223
79.000000,0.619055,1.544682,3.213718,1.820751,0.561041
80.000000,0.983455,1.582660,3.285544,1.787889,1.555842
81.000000,1.043063,1.617067,3.131940,1.810716,1.424709
82.000000,1.089449,1.510786,2.880000,1.774994,0.767440
83.000000,1.325006,1.430390,2.725574,1.756158,1.198654
84.000000,1.486412,1.273442,2.579394,1.818920,1.341089
85.000000,1.425257,1.428546,2.480181,1.826338,1.330977
86.000000,1.466427,1.475170,2.366138,1.857718,1.614317
87.000000,1.640641,1.593031,2.269553,2.069081,1.668494
88.000000,1.439551,1.561311,2.073597,2.145217,0.401851
89.000000,1.068130,1.398751,1.875218,2.130198,-0.496455
90.000000,0.507508,1.046061,1.611520,1.989077,-1.540920
91.000000,-0.182879,0.736374,1.406142,1.852775,-1.403389
92.000000,-0.972402,0.538054,1.220868,1.754688,-1.130955
93.000000,-1.441553,0.273610,1.017063,1.663652,-1.123156
94.000000,-1.723261,-0.093889,0.719411,1.530711,-1.479539
95.000000,-1.635714,-0.484918,0.638496,1.450698,-1.158945
96.000000,-1.503400,-0.992585,0.477534,1.338533,-0.895662
97.000000,-1.654979,-1.718093,0.288626,1.148097,-1.752827
98.000000,-1.817992,-2.152591,0.106213,0.941581,-1.848943
99.000000,-1.810960,-2.282188,-0.107336,0.774760,-1.570750
100.000000,-1.887028,-2.214926,-0.462640,0.539499,-1.634723
101.000000,-2.002118,-2.163939,-0.854259,0.279047,-1.648055
102.000000,-1.799309,-2.051121,-1.122501,0.025403,-1.058962
103.000000,-1.680791,-2.003923,-1.496707,-0.368440,-1.420622
104.000000,-1.872010,-2.072510,-1.982984,-1.072282,-2.431032
105.000000,-2.081678,-2.198603,-2.414545,-1.554322,-2.554238
106.000000,-2.222971,-2.297993,-2.703603,-2.085066,-2.352041
107.000000,-2.361000,-2.267713,-2.806436,-2.376506,-2.048444
108.000000,-2.310263,-2.173413,-2.688496,-2.466698,-1.607194
109.000000,-2.083896,-2.096826,-2.519009,-2.510746,-1.442313
110.000000,-1.959025,-2.092249,-2.387740,-2.634295,-1.916922
111.000000,-1.876776,-2.092373,-2.298838,-2.674411,-1.940185
112.000000,-1.775326,-2.089714,-2.212171,-2.599075,-1.591299
113.000000,-1.563377,-1.950979,-2.066959,-2.453234,-0.616207
114.000000,-1.503207,-1.817133,-1.979450,-2.384467,-1.133017
115.000000,-1.235186,-1.619425,-1.880414,-2.277443,-0.548246
116.000000,-0.943273,-1.441298,-1.805854,-2.199113,-0.497028
117.000000,-0.911271,-1.392846,-1.778472,-2.194808,-1.571007
118.000000,-1.191635,-1.425017,-1.772707,-2.159950,-1.935311
119.000000,-1.520694,-1.547639,-1.819419,-2.143360,-2.527727
120.000000,-1.860190,-1.561052,-1.829178,-2.080034,-1.961777
121.000000,-2.120162,-1.551167,-1.829358,-2.027724,-1.791003
122.000000,-1.964447,-1.487498,-1.801707,-1.952536,-0.961659
123.000000,-1.835992,-1.581493,-1.785697,-1.909831,-1.325241
124.000000,-1.670037,-1.656660,-1.754415,-1.886132,-1.702141
125.000000,-1.689605,-1.829680,-1.736471,-1.891161,-2.018980
126.000000,-1.740132,-1.983905,-1.723725,-1.901914,-1.994276
127.000000,-1.946386,-2.016145,-1.722967,-1.895050,-1.948015
128.000000,-2.097162,-2.031029,-1.756019,-1.896062,-2.089973
129.000000,-2.048899,-1.922805,-1.763950,-1.879644,-1.553195
130.000000,-1.886064,-1.842396,-1.729951,-1.851968,-1.269884
131.000000,-1.612571,-1.717586,-1.659238,-1.802204,-0.640252
132.000000,-1.298863,-1.657815,-1.597826,-1.761617,-0.333821
133.000000,-0.976572,-1.593464,-1.607791,-1.727498,-0.550955
134.000000,-0.783335,-1.506653,-1.597389,-1.676575,-0.694418
135.000000,-0.596866,-1.359134,-1.605730,-1.615044,-0.472201
136.000000,-0.564392,-1.208858,-1.614043,-1.559418,-0.496379
137.000000,-0.422563,-0.966917,-1.528796,-1.486161,0.355494
138.000000,-0.216403,-0.679610,-1.429617,-1.431221,0.400584
139.000000,0.066776,-0.427969,-1.290302,-1.381479,0.570952
140.000000,0.407435,-0.145700,-1.155851,-1.300150,1.005256
141.000000,0.760218,0.061216,-1.026124,-1.216338,0.980574
142.000000,1.028444,0.299255,-0.915696,-1.127091,1.475049
143.000000,1.069109,0.456505,-0.835999,-1.118796,0.555455
144.000000,1.023918,0.614216,-0.736496,-1.098193,0.346767
145.000000,1.050931,0.843747,-0.555086,-1.080826,1.129937
146.000000,0.998277,1.035035,-0.381474,-1.088647,0.690720
147.000000,0.859311,1.134949,-0.160416,-1.043902,0.930099
148.000000,0.867365,1.177722,0.104690,-0.994350,0.543721
149.000000,0.992237,1.222154,0.385990,-0.883615,0.893859
150.000000,0.908175,1.190845,0.677118,-0.787672,0.871925
151.000000,0.898520,1.133543,0.896660,-0.694389,0.688220
152.000000,0.837346,0.995617,1.088062,-0.652559,0.686826
153.000000,0.869771,1.003891,1.312797,-0.571297,0.714781
154.000000,0.748117,0.991554,1.506272,-0.454807,0.370315
155.000000,0.499192,0.794238,1.569947,-0.306496,-0.245680
156.000000,0.189806,0.612300,1.554859,-0.144517,-0.748601
157.000000,-0.332534,0.289571,1.305840,-0.018416,-1.735811
158.000000,-1.024464,-0.055041,0.996871,0.145405,-2.342585
159.000000,-1.562294,-0.394477,0.732919,0.324827,-1.793993
160.000000,-1.996015,-0.778297,0.396912,0.432119,-1.962196
161.000000,-2.157227,-1.096264,0.107115,0.407192,-1.497488
162.000000,-1.816157,-1.276259,-0.136656,0.517250,-0.386046
163.000000,-1.300277,-1.428955,-0.220370,0.803605,-0.096231
164.000000,-1.023707,-1.590012,-0.325568,0.997447,-0.540139
165.000000,-0.605451,-1.586168,-0.484509,1.203120,-0.094397
166.000000,-0.278965,-1.502673,-0.596856,1.376384,-0.085816
167.000000,-0.149957,-1.232287,-0.721357,1.242028,0.172968
168.000000,-0.253121,-0.978080,-0.895172,0.877238,-0.548004
169.000000,-0.188772,-0.763265,-1.083989,0.554940,-0.268976
170.000000,-0.342634,-0.591670,-1.324051,-0.109207,-0.779937
171.000000,-0.598479,-0.539344,-1.564032,-0.894718,-1.209197
172.000000,-0.781115,-0.561327,-1.691935,-1.623815,-0.617243
173.000000,-0.805456,-0.628580,-1.796776,-1.892516,-0.637933
174.000000,-0.713930,-0.528198,-1.750673,-1.857549,0.212290
175.000000,-0.508481,-0.503632,-1.632460,-2.048248,0.163388
176.000000,-0.089942,-0.436672,-1.441826,-2.028084,0.549990
177.000000,0.226309,-0.386296,-1.160593,-2.026445,0.732359
178.000000,0.587332,-0.201889,-0.838490,-1.914170,0.845614
179.000000,0.763069,-0.039417,-0.582461,-1.858198,0.916941
180.000000,0.847953,0.166083,-0.346922,-1.863681,0.467089
181.000000,0.787448,0.446580,-0.169279,-1.857656,0.234077
182.000000,0.436769,0.466882,-0.199498,-1.967832,-0.818076
183.000000,-0.136799,0.389360,-0.327854,-2.115162,-1.481384
184.000000,-1.095893,-0.125989,-0.534455,-2.276863,-2.471570
185.000000,-1.915918,-0.783413,-0.855743,-2.318522,-2.348082
186.000000,-2.562895,-1.758565,-1.306940,-2.332034,-2.492249
187.000000,-2.613262,-2.464617,-1.753361,-2.187381,-1.833515
188.000000,-2.568198,-2.915755,-2.106617,-2.053241,-2.006462
189.000000,-2.296986,-3.005018,-2.369700,-1.961180,-1.575063
190.000000,-2.096207,-2.933073,-2.455411,-1.872586,-1.575427
191.000000,-1.852437,-2.808284,-2.398969,-1.820267,-1.437523
192.000000,-1.758344,-2.631926,-2.408743,-1.880020,-1.513296
193.000000,-1.652625,-2.464211,-2.414209,-1.966710,-1.594179
194.000000,-1.624357,-2.251325,-2.470681,-2.005881,-1.533754
195.000000,-1.578704,-2.067648,-2.468734,-2.064184,-1.421633
196.000000,-1.481457,-1.838641,-2.429073,-2.080549,-1.015132
197.000000,-1.371512,-1.696286,-2.391807,-2.107852,-0.993557
198.000000,-1.303280,-1.589257,-2.381029,-2.106819,-1.263130
199.000000,-1.221115,-1.520398,-2.347704,-2.109351,-1.138949
200.000000,-1.058699,-1.406518,-2.245494,-2.036874,-0.647572
201.000000,-0.858518,-1.249983,-2.101640,-1.900731,-0.051457
202.000000,-0.619774,-1.067906,-1.926965,-1.794905,0.174215
203.000000,-0.269289,-0.852534,-1.741051,-1.684587,0.417521
204.000000,0.032045,-0.657983,-1.549673,-1.641303,0.282008
205.000000,0.232315,-0.471817,-1.379440,-1.600873,0.282560
206.000000,0.367664,-0.297906,-1.189871,-1.566596,0.593562
207.000000,0.452469,-0.125785,-1.049416,-1.550088,0.575792
208.000000,0.558643,0.127941,-0.887576,-1.528134,0.964194
209.000000,0.721472,0.386774,-0.754311,-1.516785,1.055688
210.000000,0.886520,0.586910,-0.629337,-1.500930,0.962049
211.000000,0.990111,0.720870,-0.512567,-1.486364,0.956897
212.000000,1.122744,0.845595,-0.374633,-1.432833,1.008223
213.000000,1.247456,1.002321,-0.180052,-1.333295,1.476510
214.000000,1.264851,1.166312,0.031897,-1.191964,1.198566
215.000000,1.294373,1.330140,0.276118,-1.038871,1.224445
216.000000,1.281905,1.384025,0.497391,-0.862531,1.042186
217.000000,1.316400,1.440230,0.761304,-0.702889,1.252125
218.000000,1.256005,1.407519,1.083280,-0.514124,1.204624
219.000000,1.208635,1.341228,1.376652,-0.348203,0.989245
220.000000,1.136670,1.289874,1.577101,-0.158829,0.890980
221.000000,1.156353,1.286098,1.693485,0.080129,1.140673
222.000000,1.167375,1.306021,1.759717,0.408214,1.304328
223.000000,1.056858,1.215458,1.711922,0.763139,0.671362
224.000000,0.970410,1.146230,1.654225,1.160969,0.544989
225.000000,0.906830,1.076979,1.588510,1.555858,0.536611
226.000000,0.929736,1.100191,1.538332,1.904098,1.303590
227.000000,0.902605,1.095024,1.493202,2.137964,1.253179
228.000000,1.103513,1.123267,1.440677,2.320199,1.649412
229.000000,1.347144,1.171148,1.392815,2.367757,1.667619
230.000000,1.665411,1.252299,1.375878,2.311382,1.940368
231.000000,1.765336,1.288595,1.367781,2.175352,1.539529
232.000000,1.993947,1.346765,1.386641,2.056336,2.018365
233.000000,1.837875,1.437445,1.351087,1.907374,0.970948
234.000000,1.570426,1.517518,1.322385,1.787952,0.515312
235.000000,1.425324,1.664766,1.318364,1.709397,1.276986
236.000000,1.334630,1.662280,1.322056,1.619348,1.113492
237.000000,1.146691,1.670567,1.314739,1.553125,1.203371
238.000000,1.147335,1.564467,1.301533,1.474158,0.968480
239.000000,1.234278,1.458779,1.305767,1.410792,0.906570
240.000000,1.482883,1.508083,1.382860,1.407423,2.304827
241.000000,1.144235,1.286895,1.326494,1.355132,-0.454074
242.000000,0.653813,0.941545,1.227481,1.299990,-1.123095
243.000000,0.205593,0.727124,1.192721,1.230042,-1.029452
244.000000,-0.449940,0.477922,1.134212,1.160414,-1.687485
245.000000,-1.286266,0.251882,1.127450,1.116945,-0.595958
246.000000,-1.295401,0.057531,1.047657,1.090292,-0.381017
247.000000,-2.291694,-0.881941,0.639876,0.910232,-3.874710
248.000000,-2.940330,-1.799796,0.111615,0.713530,-3.183915
249.000000,-3.183085,-2.590186,-0.516801,0.489671,-2.959782
250.000000,-3.236991,-3.087851,-1.136805,0.265724,-2.329917
251.000000,-3.091220,-2.966363,-1.612463,0.019874,-1.707266
252.000000,-2.476956,-2.714586,-1.964588,-0.242834,-1.151910
253.000000,-2.014766,-2.517681,-2.145730,-0.475205,-1.026317
254.000000,-1.592211,-2.323814,-2.227289,-0.735526,-0.978161
255.000000,-1.257094,-2.208292,-2.281903,-1.014309,-0.802791
256.000000,-0.971329,-2.077017,-2.236468,-1.355860,-0.424508
257.000000,-0.866745,-1.771210,-2.215833,-1.721268,-0.686515
258.000000,-0.742889,-1.487872,-2.147898,-1.984514,-0.470224
259.000000,-0.657969,-1.226905,-2.094015,-2.124496,-0.597219
260.000000,-0.587583,-1.011241,-2.091625,-2.168678,-0.480772
261.000000,-0.540578,-0.830783,-1.950900,-2.118576,-0.191148
262.000000,-0.408211,-0.703562,-1.807452,-2.078809,-0.070527
263.000000,-0.370468,-0.616893,-1.709854,-2.013171,-0.294620
264.000000,-0.365933,-0.569007,-1.628597,-1.962953,-0.593937
265.000000,-0.286470,-0.490340,-1.563342,-1.909242,-0.121298
266.000000,-0.307850,-0.477415,-1.527137,-1.870873,-0.272945
267.000000,-0.339336,-0.418574,-1.342389,-1.836867,-0.178792
268.000000,-0.325053,-0.391797,-1.175004,-1.804527,-0.211738
269.000000,-0.062908,-0.258984,-0.954315,-1.732057,0.586395
270.000000,0.054891,-0.156962,-0.778371,-1.742525,0.454797
271.000000,0.224735,-0.097008,-0.643718,-1.669943,0.399982
272.000000,0.376282,-0.058087,-0.552595,-1.597945,0.324430
273.000000,0.430762,-0.035460,-0.497699,-1.566416,-0.231577
274.000000,0.332715,0.112336,-0.417126,-1.503688,0.237741
275.000000,0.244706,0.171860,-0.356810,-1.496326,0.115614
276.000000,0.134315,0.277663,-0.346325,-1.517225,-0.010021
277.000000,-0.006030,0.358965,-0.302513,-1.377377,-0.151593
278.000000,0.012798,0.437486,-0.284427,-1.234508,-0.242176
279.000000,-0.005415,0.315644,-0.195410,-1.044124,0.313645
280.000000,0.160010,0.337421,-0.051591,-0.848843,1.343223
281.000000,0.316625,0.301025,0.024531,-0.703708,0.776516
282.000000,1.315786,0.634044,0.300107,-0.516134,3.565793
283.000000,2.777679,1.189523,0.754288,-0.301185,3.360350
284.000000,3.651731,1.725358,1.434715,-0.032919,3.282052
285.000000,3.523441,2.203049,1.866463,0.220010,2.385287
286.000000,3.221226,2.621416,2.134334,0.408416,1.547815
287.000000,2.769079,2.972870,2.298937,0.695584,1.817717
288.000000,1.934551,2.765500,2.117816,0.796415,-0.421491
289.000000,1.115333,2.456382,1.812469,0.916280,-0.503179
290.000000,0.830543,2.341025,1.775921,1.151188,1.024719
291.000000,0.829600,2.335152,1.808437,1.368614,1.419702
292.000000,0.748578,2.106700,1.850665,1.539443,1.389469
293.000000,1.077836,1.817460,1.909950,1.669288,0.928230
294.000000,1.305590,1.461538,1.883413,1.769823,0.548704
295.000000,1.156840,1.198111,1.885518,1.754011,0.448138
296.000000,0.959341,1.072226,1.949694,1.758127,0.603791
297.000000,0.788312,0.917832,2.012884,1.745630,0.689440
298.000000,0.781490,1.104043,2.075321,1.749248,0.900980
299.000000,1.150813,1.450824,2.162362,1.755697,1.985020
300.000000,1.618345,1.629601,2.206758,1.818315,2.245628
301.000000,2.081805,1.802519,2.288133,1.913936,2.479276
302.000000,2.236452,1.837588,2.171715,1.944519,1.692208
303.000000,2.506415,2.064622,2.147005,2.082456,2.485424
304.000000,2.533146,2.278847,2.104374,2.172568,2.372445
305.000000,2.459638,2.415801,2.085198,2.246036,2.125241
306.000000,2.353708,2.496195,2.113295,2.324414,2.097821
307.000000,2.449553,2.578908,2.151962,2.404586,2.336044
308.000000,2.308899,2.562081,2.245598,2.423710,1.915143
309.000000,1.916574,2.315588,2.192783,2.308457,0.512453
310.000000,1.525366,2.059556,2.058622,2.170054,0.149728
311.000000,1.199442,1.849474,1.957432,2.084274,0.429418
312.000000,0.769502,1.713867,1.867018,1.958146,0.359482
313.000000,0.574286,1.588105,1.862130,1.884011,1.116651
314.000000,0.618347,1.414038,1.837234,1.780883,0.708511
315.000000,0.687435,1.230665,1.799082,1.691501,0.456624
316.000000,0.660676,1.027315,1.748865,1.626257,0.310995
317.000000,0.619408,0.762351,1.691120,1.550795,0.173281
318.000000,0.438084,0.556882,1.644630,1.555418,0.305242
319.000000,0.407953,0.567361,1.584337,1.579094,0.613891
320.000000,0.486475,0.650826,1.528308,1.571395,0.852854
321.000000,0.638634,0.715564,1.465520,1.561285,1.001364
322.000000,0.842848,0.793149,1.444008,1.555169,1.019393
323.000000,1.040394,0.785637,1.380023,1.569385,1.125932
324.000000,1.196213,0.853747,1.324375,1.601351,1.286479
325.000000,1.028996,0.822594,1.207005,1.585734,-0.038560
326.000000,0.952232,0.883280,1.118456,1.593556,0.568119
327.000000,1.089887,1.093845,1.051907,1.637649,1.626728
328.000000,1.304696,1.343309,1.030908,1.686814,1.971072
329.000000,1.665728,1.635714,1.177330,1.726113,2.479236
330.000000,2.434739,1.936248,1.382688,1.762722,2.526861
331.000000,2.786988,2.183832,1.556319,1.778232,2.257351
332.000000,2.731210,2.376144,1.724270,1.813703,1.957881
333.000000,2.554746,2.463147,1.807080,1.797810,1.745428
334.000000,2.308002,2.456819,1.924869,1.775724,1.679625
335.000000,2.086627,2.559194,2.059406,1.760357,1.686182
336.000000,1.906040,2.512054,2.170464,1.732228,1.561862
337.000000,1.774731,2.350456,2.245665,1.671902,1.443713
338.000000,1.736809,2.226173,2.282469,1.642729,1.629170
339.000000,1.692241,2.077102,2.269187,1.690909,1.567913
340.000000,1.645848,1.940459,2.238555,1.753785,1.585078
341.000000,1.609112,1.827336,2.193704,1.788897,1.505023
342.000000,1.592829,1.741713,2.147194,1.820129,1.437960
343.000000,1.469988,1.638159,2.066595,1.789640,1.042853
344.000000,1.429441,1.586008,2.011696,1.802478,1.375004
345.000000,1.425171,1.557484,2.034124,1.837963,1.563761
346.000000,1.423114,1.536564,2.017156,1.872854,1.501125
347.000000,1.365047,1.499041,1.940824,1.892956,1.157681
348.000000,1.284282,1.396922,1.831961,1.874561,0.574947
349.000000,1.053540,1.263987,1.694302,1.824867,0.112536
350.000000,0.793966,1.144090,1.572086,1.779097,0.260794
351.000000,0.558933,1.047127,1.475235,1.740940,0.446114
352.000000,0.435655,0.974925,1.405631,1.715302,0.685162
353.000000,0.618226,1.020759,1.383863,1.717080,1.508428
354.000000,0.947674,1.035851,1.369540,1.715106,1.581452
355.000000,1.322639,1.055033,1.368173,1.763682,1.980135
356.000000,1.532389,1.016382,1.345473,1.764676,1.264455
357.000000,1.293883,0.835140,1.258424,1.679114,-1.145452
358.000000,0.662168,0.668677,1.144127,1.578785,-1.819123
359.000000,0.103235,0.670965,1.072998,1.499311,-0.532446
360.000000,-0.651402,0.677115,1.005528,1.423106,-0.232298
361.000000,-1.234777,0.625851,0.929968,1.348475,-0.446208
362.000000,-1.238240,0.430356,0.826573,1.267704,-1.099112
363.000000,-0.630436,0.191732,0.805379,1.228419,0.245852
364.000000,-0.258727,-0.070482,0.772252,1.204008,0.729639
365.000000,0.044760,-0.491087,0.713787,1.179381,0.745634
366.000000,0.805147,-0.475430,0.713952,1.191196,1.784643
367.000000,1.894308,0.449119,0.791929,1.228392,2.107070
368.000000,2.254067,1.617211,0.932111,1.246017,1.602353
369.000000,2.341212,2.321000,1.149933,1.263037,1.431095
370.000000,2.596304,2.990298,1.470314,1.314438,2.194303
371.000000,2.618458,3.382008,1.834670,1.389162,2.347847
372.000000,1.917898,3.048551,1.842283,1.339072,-0.221951
373.000000,1.589027,2.746495,1.814917,1.354579,0.385897
374.000000,1.150846,2.329727,1.655697,1.303690,-0.298449
375.000000,0.529883,2.007745,1.388350,1.227010,-0.277612
376.000000,-0.048449,1.696743,1.294277,1.176209,0.236245
377.000000,0.135077,1.408419,1.548192,1.166716,0.450286
378.000000,-0.040071,1.082000,1.724972,1.162629,-0.259451
379.000000,-0.293309,0.610145,1.563498,1.130303,-1.240237
380.000000,-0.528575,0.002695,1.399436,1.089691,-1.140116
381.000000,-0.904283,-0.682776,1.273772,1.027471,-1.114734
382.000000,-1.366958,-0.888968,1.204279,0.912983,-1.239019
383.000000,-1.432941,-1.074454,1.064008,0.742263,-0.615735
384.000000,-1.295706,-1.158095,0.803949,0.488566,-0.827599
385.000000,-1.093192,-1.160133,0.617572,0.202901,-0.424349
386.000000,-1.001735,-1.312011,0.197269,-0.057759,-0.784004
387.000000,-1.079657,-1.618622,-0.473793,-0.185785,-1.597770
388.000000,-1.333389,-1.792457,-1.109429,-0.279878,-1.752294
389.000000,-1.415672,-1.728970,-1.595656,-0.472604,-1.302570
390.000000,-1.640865,-1.721023,-2.173727,-0.775537,-1.505446
391.000000,-1.690060,-1.661416,-2.561821,-1.004318,-1.129219
392.000000,-1.439504,-1.512335,-2.406094,-1.044568,-0.573219
393.000000,-1.179937,-1.468937,-2.349542,-1.291418,-0.628936
394.000000,-0.961958,-1.368817,-2.183392,-1.532763,-0.360500
395.000000,-0.780732,-1.377796,-2.093552,-1.828329,-0.723287
396.000000,-0.713817,-1.358331,-2.075506,-2.201068,-0.865046
397.000000,-0.909885,-1.315257,-2.123572,-2.564966,-1.467194
398.000000,-1.236345,-1.337541,-2.146196,-2.785835,-2.047542
399.000000,-1.551879,-1.374493,-2.058045,-2.817765,-1.750327
400.000000,-1.757603,-1.365522,-1.980270,-2.843634,-1.630791
401.000000,-1.847230,-1.347347,-1.879962,-2.803449,-1.177565
402.000000,-1.518649,-1.265511,-1.695400,-2.471696,0.332937
403.000000,-0.988809,-1.178170,-1.572414,-2.271531,0.505061
404.000000,-0.417107,-1.119353,-1.441695,-2.065597,0.638773
405.000000,0.223099,-1.010070,-1.345997,-1.898077,0.719796
406.000000,0.917517,-0.791327,-1.193377,-1.752290,1.523905
407.000000,1.321877,-0.405343,-0.983072,-1.631185,1.854718
408.000000,1.670837,0.202950,-0.769890,-1.486820,1.789661
409.000000,1.929491,0.916327,-0.583179,-1.298091,1.697168
410.000000,2.096385,1.661388,-0.364511,-1.129310,1.618095
411.000000,2.000603,2.134580,-0.169647,-0.976670,1.420393
412.000000,1.843918,2.245518,-0.007738,-0.813464,1.369416
413.000000,1.707556,2.266856,0.181907,-0.693891,1.302603
414.000000,1.545388,2.208324,0.352101,-0.567415,1.065299
415.000000,1.436562,2.157507,0.622544,-0.454353,1.183217
416.000000,1.351552,2.003503,0.955434,-0.309389,1.087335
417.000000,1.261360,1.829513,1.394561,-0.085654,1.017116
418.000000,1.172527,1.677268,1.891792,0.168648,0.951618
419.000000,1.106732,1.531361,2.225104,0.393751,0.810557
420.000000,0.958021,1.367874,2.349179,0.634618,0.506938
421.000000,0.581455,1.094052,2.202979,0.726588,-0.677647
422.000000,0.259809,0.864950,1.974342,0.790789,-0.450518
423.000000,-0.081291,0.632801,1.762685,0.857044,-0.570468
424.000000,-0.455928,0.393729,1.549981,0.858695,-0.836918
425.000000,-0.842695,0.082687,1.322745,0.856597,-1.211563
426.000000,-0.756256,-0.101421,1.149339,1.006274,-0.300708
427.000000,-0.712767,-0.274747,0.976789,1.238758,-0.258238
428.000000,-0.630592,-0.431765,0.828495,1.540611,-0.177344
429.000000,-0.530903,-0.598839,0.673474,1.711094,-0.382368
430.000000,-0.246693,-0.682195,0.556636,1.854153,0.067512
431.000000,-0.122141,-0.575118,0.471797,1.926320,0.378645
432.000000,0.129139,-0.441370,0.420559,1.878722,0.927819
433.000000,0.299989,-0.321921,0.339039,1.805781,0.485632
434.000000,0.689123,-0.061073,0.327597,1.788040,1.150415
435.000000,1.287513,0.516288,0.432248,1.881084,2.423551
436.000000,1.133705,0.594499,0.298398,1.712137,-0.184755
437.000000,1.055873,0.780629,0.233878,1.608260,0.591108
438.000000,1.020699,0.893531,0.135446,1.502149,0.361710
439.000000,0.892457,1.046253,0.067012,1.413476,0.546750
440.000000,0.197561,0.942059,-0.111433,1.237099,-0.494665
441.000000,0.092676,0.780540,-0.070761,1.060527,-0.631744
442.000000,-0.292928,0.493119,-0.147219,0.839255,-0.986967
443.000000,-0.357066,0.445204,0.025181,0.718318,0.117415
444.000000,-0.319733,0.397034,0.458979,0.681107,0.717733
445.000000,-0.121043,0.056836,1.002484,0.573442,0.315408
446.000000,0.018086,0.075800,1.147471,0.414953,-0.082568
447.000000,-0.009488,-0.211718,0.972913,0.106458,-1.115848
448.000000,-0.452945,-0.552736,0.616559,-0.291257,-1.536898
449.000000,-0.825519,-0.781184,0.557001,-0.561305,-0.655771
450.000000,-1.073613,-0.820654,0.391244,-0.764895,-0.614986
451.000000,-1.197466,-0.828147,0.132949,-0.734264,-0.636320
452.000000,-1.408034,-1.023597,-0.790870,-0.968681,-1.973337
453.000000,-1.264367,-1.222265,-1.361260,-1.036606,-1.050199
454.000000,-1.165442,-1.360753,-1.842987,-0.934199,-0.300562
455.000000,-1.189290,-1.473236,-2.641854,-0.805169,-0.667976
456.000000,-1.065807,-1.428143,-2.387810,-0.792279,-0.078163
457.000000,-0.506475,-1.200624,-2.283519,-0.730369,0.204079
458.000000,-0.191749,-0.934392,-2.155435,-0.683864,0.125981
459.000000,-0.021151,-0.786476,-2.041804,-0.541234,0.345643
460.000000,0.322999,-0.599480,-1.703775,-0.432655,0.633155
461.000000,0.599602,-0.341460,-1.327786,-0.309575,0.971882
462.000000,0.304328,-0.142182,-1.272472,-0.645907,-0.912818
463.000000,0.278582,0.053079,-1.255396,-0.725308,0.024589
464.000000,0.162465,0.088451,-1.367039,-0.953427,-0.112309
465.000000,-0.024824,0.191782,-1.392531,-1.469060,-0.082476
466.000000,-0.334264,0.199178,-1.345820,-1.469717,-0.064665
467.000000,0.141636,0.281935,-1.027133,-1.504181,0.834847
468.000000,0.125544,0.259526,-0.763628,-1.640180,-0.079202
469.000000,0.311914,0.275554,-0.592571,-1.750362,0.469013
470.000000,0.504729,0.245552,-0.421544,-1.618855,0.537530
471.000000,0.737815,0.154184,-0.232396,-1.421792,0.673881
472.000000,0.732778,0.535134,0.232794,-1.074905,0.867697
473.000000,1.138124,0.808927,0.594550,-0.902290,1.319207
474.000000,1.423374,1.184146,0.857828,-0.842898,1.556321
475.000000,1.688377,1.529298,1.221710,-0.626118,1.635746
476.000000,1.879264,1.832835,1.501109,-0.228318,1.594904
477.000000,1.902892,1.840043,1.676029,0.515488,1.276597
478.000000,1.786808,1.947325,1.813012,1.384914,1.217512
479.000000,1.621149,1.927711,1.872015,1.803922,1.065436
480.000000,1.502418,1.921813,1.878062,2.134157,1.212208
481.000000,1.357843,1.868126,1.782218,2.313983,0.989955
482.000000,1.192780,1.737255,1.875027,2.611353,0.492616
483.000000,1.069837,1.597486,1.817807,2.610906,0.643867
484.000000,0.828186,1.389882,1.726761,2.389408,-0.141777
485.000000,0.385472,1.137944,1.616016,2.221742,-0.778456
486.000000,0.325963,1.062954,1.635252,2.135788,1.010831
487.000000,0.436005,1.023373,1.573999,2.023601,0.949530
488.000000,0.558717,1.005130,1.617441,1.950253,1.102586
489.000000,0.857356,0.988020,1.609693,1.852990,0.934455
490.000000,1.222373,0.895382,1.580511,1.725510,0.691262
491.000000,1.072257,0.795591,1.524989,1.568733,0.489334
492.000000,0.316692,0.436763,1.316054,1.489885,-2.111394
493.000000,-1.216979,-0.410840,0.902435,1.165482,-3.765149
494.000000,-2.404495,-1.111950,0.477465,0.893824,-3.015730
495.000000,-2.860672,-1.457206,0.112217,0.721993,-1.915800
496.000000,-2.802355,-1.705864,-0.142503,0.676657,-0.617443
497.000000,-2.156533,-1.687222,-0.259832,0.658227,0.399126
498.000000,-1.162416,-1.646964,-0.347876,0.748184,0.627010
499.000000,-1.293989,-2.349217,-1.079227,0.370520,-2.913994
500.000000,-1.522427,-2.703747,-1.802395,-0.002621,-2.301061
501.000000,-1.808306,-2.763718,-2.289164,-0.336227,-1.592718
502.000000,-2.023940,-2.465561,-2.392798,-0.600309,-0.845585
503.000000,-2.174600,-2.021221,-2.394319,-0.920862,-0.701357
504.000000,-1.341734,-1.513408,-2.145194,-1.101240,0.349045
505.000000,-0.729901,-1.221941,-1.937513,-1.370368,0.078717
506.000000,-0.226646,-1.074541,-1.842910,-1.598251,0.305603
507.000000,0.212475,-0.984900,-1.697685,-1.651800,0.766735
508.000000,0.613288,-0.937986,-1.591116,-1.653988,0.721019
509.000000,0.750368,-0.394732,-1.478529,-1.593531,0.820473
510.000000,0.952482,0.100541,-1.373043,-1.549566,0.777891
511.000000,1.074681,0.504681,-1.273402,-1.480408,0.731975
512.000000,1.102433,0.818241,-1.031949,-1.318108,0.867001
513.000000,1.083915,1.074271,-0.665084,-1.221364,0.660586
514.000000,1.070199,1.158776,-0.295218,-1.043662,0.787076
515.000000,1.054929,1.274240,-0.010969,-0.833256,0.752711
516.000000,1.091129,1.366411,0.173963,-0.750173,0.893913
517.000000,1.075573,1.366091,0.256789,-0.678290,0.838640
518.000000,1.051832,1.333495,0.288363,-0.674540,0.602384
519.000000,1.063448,1.327517,0.815461,-0.612988,0.849159
520.000000,1.210099,1.402956,1.399551,-0.422691,1.297988
521.000000,1.373181,1.515286,1.925109,-0.122839,1.503074
522.000000,1.443236,1.536896,2.219401,0.444229,1.183849
523.000000,1.513049,1.548327,2.352934,1.397426,1.081468
524.000000,1.685754,1.631266,2.356658,2.385402,1.790745
525.000000,1.604469,1.607240,2.276393,2.739523,1.090235
526.000000,1.441023,1.538537,2.153817,2.716729,0.836921
527.000000,1.444762,1.540511,2.051827,2.624191,1.251394
528.000000,1.404188,1.543206,1.949959,2.492777,1.013386
529.000000,1.257074,1.550844,1.869206,2.730148,1.304204
530.000000,1.283690,1.524481,1.806685,2.778893,1.450443
531.000000,1.428972,1.518485,1.776605,2.727844,1.836323
532.000000,1.495114,1.554073,1.738528,2.601729,1.784480
533.000000,1.758436,1.630480,1.739463,2.504312,2.130152
534.000000,1.899063,1.590113,1.724175,2.346792,1.875523
535.000000,1.929715,1.612581,1.699919,2.230312,1.566258
536.000000,1.898827,1.687984,1.683114,2.134004,1.721125
537.000000,1.833868,1.703966,1.669430,2.025813,1.525444
538.000000,1.784467,1.815659,1.698458,1.958406,1.889187
539.000000,1.811680,1.888747,1.725816,1.906551,2.000350
540.000000,1.777981,1.874598,1.704131,1.846507,1.451095
541.000000,1.710327,1.816816,1.676849,1.799129,1.412755
542.000000,1.720267,1.788617,1.684522,1.761527,1.593249
543.000000,1.706845,1.757526,1.709131,1.749763,1.810538
544.000000,1.620216,1.724288,1.671625,1.727163,1.576315
545.000000,1.743028,1.772870,1.707319,1.728299,2.034767
546.000000,1.792941,1.765540,1.739633,1.714671,1.675268
547.000000,1.522068,1.628343,1.672922,1.657000,0.204002
548.000000,1.165476,1.444601,1.624251,1.612353,-0.109248
549.000000,1.048044,1.350637,1.610247,1.600688,0.936315
550.000000,0.724798,1.277415,1.571369,1.565182,0.545202
551.000000,0.494477,1.227722,1.525767,1.533941,0.771191
552.000000,0.648273,1.164760,1.489762,1.523273,0.859952
553.000000,0.919809,1.086700,1.446999,1.522368,1.031322
554.000000,1.049979,1.078921,1.436988,1.501139,1.525118
555.000000,1.334671,1.031418,1.455022,1.520692,1.781241
556.000000,1.538006,1.012277,1.457990,1.549213,1.646305
557.000000,1.946980,1.328896,1.523059,1.596275,2.608579
558.000000,2.353737,1.733981,1.589391,1.676286,2.825786
559.000000,2.497422,1.923307,1.619729,1.721685,2.240797
560.000000,1.967447,1.789596,1.522680,1.655593,-0.655388
561.000000,1.795815,1.805568,1.505239,1.626951,0.664309
562.000000,1.239713,1.718514,1.435593,1.575483,-0.109312
563.000000,0.326597,1.504418,1.299749,1.483447,-0.993025
564.000000,-0.457048,1.281603,1.197251,1.414746,-0.669866
565.000000,-0.419879,1.041345,1.064793,1.367122,-0.499525
566.000000,-0.827541,0.758548,0.932080,1.304237,-0.792965
567.000000,-0.937855,0.319515,0.941257,1.263497,-0.467900
568.000000,-0.891827,-0.336130,0.948428,1.191829,-0.812945
569.000000,-0.887041,-0.940441,0.875941,1.115360,-0.648779
570.000000,-0.927423,-0.964833,0.832358,1.063493,-0.648779
571.000000,-0.680619,-1.112131,0.835516,1.046631,0.109529
572.000000,-0.658165,-1.183665,0.781758,0.993407,-0.385151
573.000000,-0.590754,-1.098798,0.679774,0.908403,-0.570091
574.000000,-0.449065,-0.989068,0.554128,0.852517,-0.137167
575.000000,-0.671962,-1.167617,0.185630,0.665889,-1.440283
576.000000,-1.629701,-1.661943,-0.538156,0.332818,-2.995856
577.000000,-2.229169,-2.074293,-1.467963,0.090049,-2.552014
578.000000,-2.342213,-2.125259,-2.210520,-0.060172,-1.504899
579.000000,-2.259677,-2.001925,-2.530498,-0.221482,-0.576908
580.000000,-1.950151,-1.871215,-2.352438,-0.353862,-0.417929
581.000000,-1.471134,-1.936871,-2.403199,-0.615992,-0.918409
582.000000,-1.194071,-2.008282,-2.398880,-1.026008,-1.401747
583.000000,-1.212935,-2.065251,-2.319276,-1.536443,-1.552594
584.000000,-1.328426,-2.075779,-2.215443,-2.020832,-1.111013
585.000000,-1.421025,-1.934689,-2.114867,-2.372243,-0.913075
586.000000,-1.554878,-1.726602,-2.080984,-2.631306,-1.552163
587.000000,-1.369451,-1.444226,-1.976170,-2.676533,-0.620456
588.000000,-1.104524,-1.281056,-1.847830,-2.644770,-0.327242
589.000000,-1.409888,-1.490271,-1.919385,-2.732355,-2.478318
590.000000,-1.683380,-1.664307,-1.948003,-2.555806,-1.978318
591.000000,-1.506863,-1.632942,-1.920191,-2.406613,-0.714418
592.000000,-1.924363,-1.722596,-1.975898,-2.353332,-2.137130
593.000000,-2.137945,-1.699996,-1.959438,-2.220371,-1.387200
594.000000,-1.615284,-1.609666,-1.894364,-2.067031,-0.343772
595.000000,-0.987627,-1.430880,-1.718036,-1.897447,0.647163
596.000000,-0.830075,-1.243865,-1.511078,-1.786250,-0.008286
597.000000,-0.175364,-1.129438,-1.306855,-1.683107,0.473815
598.000000,0.366226,-1.025618,-1.172112,-1.574290,0.644166
599.000000,0.722994,-0.580587,-1.085647,-1.469771,0.961949
600.000000,0.869454,-0.129706,-1.002521,-1.368149,1.164083
601.000000,1.241590,0.175310,-0.880662,-1.303010,1.307469
602.000000,1.443003,0.736292,-0.727961,-1.235167,1.167274
603.000000,1.572763,1.200539,-0.554452,-1.171681,1.073137
604.000000,1.591510,1.479179,-0.413896,-1.141056,0.960366
605.000000,1.589146,1.604642,-0.251926,-1.043528,1.136822
606.000000,1.383237,1.729596,-0.015104,-0.867258,0.707045
607.000000,1.199663,1.710017,0.132516,-0.693821,0.654159
608.000000,1.114556,1.683494,0.284823,-0.564249,0.882113
609.000000,1.096912,1.618736,0.735138,-0.487370,0.970411
610.000000,0.889453,1.443012,1.110814,-0.461531,0.380648
611.000000,0.667527,1.183445,1.241533,-0.432836,-0.162630
612.000000,0.399949,0.921707,1.535958,-0.372306,-0.442039
613.000000,0.033912,0.661501,1.670411,-0.290741,-0.619209
614.000000,-0.301545,0.461194,1.650773,-0.221597,-0.396077
615.000000,-0.644395,0.139744,1.398512,-0.247724,-1.019730
616.000000,-0.993158,-0.204120,1.168913,-0.244874,-1.571375
617.000000,-1.336302,-0.590779,0.828532,-0.550340,-1.820411
618.000000,-1.750123,-1.103806,0.363998,-1.290598,-2.293079
619.000000,-2.294876,-1.709108,-0.290748,-1.847135,-2.816874
620.000000,-2.635386,-2.185917,-1.032506,-2.600945,-2.824392
621.000000,-2.393794,-2.202062,-1.398808,-2.802352,-1.090693
622.000000,-2.171785,-2.179114,-1.700941,-2.421982,-1.067104
623.000000,-1.882322,-2.117019,-1.924638,-2.207687,-0.916380
624.000000,-1.841754,-2.293610,-2.346869,-2.746038,-2.396214
625.000000,-1.675274,-2.315948,-2.583901,-3.074994,-2.004869
626.000000,-1.881570,-2.302420,-2.688029,-3.131882,-2.092478
627.000000,-1.992980,-2.226402,-2.673621,-3.089883,-1.778368
628.000000,-2.011125,-2.064864,-2.591950,-2.950392,-1.318230
629.000000,-1.785126,-1.882592,-2.517585,-2.849144,-1.320050
630.000000,-1.716634,-1.752809,-2.456346,-2.809800,-1.670730
631.000000,-1.605046,-1.765912,-2.366081,-2.741432,-1.549147
632.000000,-1.565167,-1.790153,-2.284517,-2.665821,-1.588256
633.000000,-1.602762,-1.819861,-2.206243,-2.581368,-1.518988
634.000000,-1.604770,-1.712927,-2.135826,-2.484336,-1.354379
635.000000,-1.482612,-1.613993,-2.039561,-2.386321,-1.079756
636.000000,-1.365671,-1.498935,-1.939191,-2.286046,-0.970032
637.000000,-1.179037,-1.385734,-1.828167,-2.184775,-0.654968
638.000000,-0.917966,-1.281589,-1.691598,-2.084696,-0.201984
639.000000,-0.596210,-1.142876,-1.530520,-1.983528,0.272355
640.000000,-0.255470,-0.939366,-1.363687,-1.872580,0.611318
641.000000,0.147689,-0.718039,-1.270053,-1.758173,0.895808
642.000000,0.544865,-0.460601,-1.184249,-1.652073,1.056279
643.000000,0.902333,-0.162975,-1.105693,-1.552062,1.274611
644.000000,1.136934,0.140648,-0.962986,-1.477391,1.191128
645.000000,1.303373,0.449900,-0.831384,-1.397375,1.237569
646.000000,1.431501,0.804428,-0.673480,-1.308257,1.379120
647.000000,1.449573,1.112148,-0.532267,-1.227749,1.086926
648.000000,1.467833,1.389482,-0.389619,-1.118988,1.374315
649.000000,1.607120,1.632511,-0.188055,-0.963266,1.846813
650.000000,1.584737,1.704830,0.046642,-0.813848,1.288296
651.000000,1.523482,1.713135,0.307391,-0.737087,1.218166
652.000000,1.512124,1.686161,0.618449,-0.664660,1.155236
653.000000,1.465789,1.645257,0.988008,-0.592186,1.246966
654.000000,1.243832,1.564765,1.336252,-0.436256,0.889511
655.000000,1.166567,1.498855,1.651371,-0.262651,0.994382
656.000000,1.067116,1.402291,1.882770,-0.047634,0.814203
657.000000,0.951993,1.324994,1.988828,0.179711,0.639745
658.000000,0.866229,1.247274,2.007698,0.433415,0.834638
659.000000,0.806844,1.094809,1.929579,0.730981,0.600624
660.000000,0.733216,1.010250,1.822468,1.151227,0.643027
661.000000,0.712041,0.945724,1.710055,1.603191,0.721996
662.000000,0.659559,0.857866,1.578857,1.982892,0.358600
663.000000,0.519085,0.743705,1.440294,2.214389,0.096509
664.000000,0.286287,0.604352,1.292068,2.245940,-0.781836
665.000000,-0.439027,0.245404,1.048143,2.029883,-3.072600
666.000000,-1.214335,-0.070592,0.844230,1.868621,-2.429070
667.000000,-2.049607,-0.438614,0.650243,1.675161,-2.566928
668.000000,-2.492060,-0.786145,0.491083,1.532367,-1.438762
669.000000,-2.595061,-1.174940,0.270308,1.358732,-1.488058
670.000000,-1.980636,-1.492879,0.130870,1.235072,-0.616207
671.000000,-1.577246,-1.828648,-0.027796,1.093520,-0.747562
672.000000,-1.153996,-2.025581,-0.202670,0.951397,-0.747048
673.000000,-0.992200,-2.086773,-0.417128,0.799128,-0.740984
674.000000,-0.811340,-1.985064,-0.618388,0.664746,-0.699449
675.000000,-0.693215,-1.540559,-0.805180,0.572851,-0.105181
676.000000,-0.642240,-1.274229,-1.022896,0.429828,-0.521771
677.000000,-0.485277,-0.940863,-1.177357,0.344022,-0.054401
678.000000,-0.396815,-0.798977,-1.388064,0.184031,-0.351095
679.000000,-0.082148,-0.517871,-1.430369,0.031021,0.705786
680.000000,0.027638,-0.391871,-1.479997,-0.106361,0.389373
681.000000,0.418774,-0.145630,-1.431223,-0.171325,1.170906
682.000000,0.795521,0.158244,-1.284370,-0.196196,1.509878
683.000000,1.268679,0.487880,-1.099476,-0.234824,1.584255
684.000000,1.476557,0.826776,-0.841023,-0.195157,1.576045
685.000000,1.682849,1.056250,-0.392043,-0.203956,1.367573
686.000000,1.790880,1.396715,0.041349,-0.062801,1.720020
687.000000,1.761684,1.617948,0.489151,0.122159,1.477802
688.000000,1.273693,1.560946,0.586610,-0.289017,-0.517769
689.000000,0.723386,1.318045,0.657285,-0.776260,-0.863940
690.000000,0.234679,1.141768,0.648481,-1.230716,-0.776015
691.000000,-0.362563,0.870489,0.659324,-1.629939,-0.792841
692.000000,-1.002263,0.489959,0.620036,-1.936512,-1.145738
693.000000,-1.141384,0.085640,0.581804,-2.132015,-1.106649
694.000000,-0.948569,-0.164603,0.716254,-1.960857,-0.096392
695.000000,-0.785072,-0.393893,0.747865,-1.406712,-0.130006
696.000000,-0.548398,-0.628456,0.898808,-0.916501,0.228035
697.000000,-0.684327,-1.127813,0.592781,-0.856889,-1.826038
698.000000,-0.831183,-1.282901,0.328904,-1.050446,-1.724560
699.000000,-1.241022,-1.371945,-0.116542,-1.220448,-1.642913
700.000000,-1.593486,-1.463655,-0.505312,-1.615050,-1.559481
701.000000,-1.941414,-1.545537,-1.003269,-1.940558,-1.490239
702.000000,-1.664306,-1.469880,-1.371700,-1.987285,-0.767752
703.000000,-1.312022,-1.332056,-1.608040,-1.840861,-0.242045
704.000000,-1.145084,-1.439420,-1.918634,-1.903020,-0.897237
705.000000,-0.970058,-1.502011,-2.110298,-2.049032,-0.788574
706.000000,-0.722963,-1.539159,-2.237791,-1.956943,-0.422631
707.000000,-0.622282,-1.326368,-2.281100,-1.949264,-0.337054
708.000000,-0.617229,-1.122409,-2.085874,-1.844869,-0.231256
709.000000,-0.349700,-0.868210,-1.835947,-1.820290,0.270311
710.000000,0.004448,-0.561745,-1.583769,-1.628792,0.746871
711.000000,0.244017,-0.280620,-1.378212,-1.629120,0.615844
712.000000,0.036750,-0.347703,-1.357944,-2.069617,-1.269553
713.000000,-0.484443,-0.645651,-1.459390,-2.587328,-2.331335
714.000000,-1.131348,-0.844405,-1.624239,-2.870903,-2.164341
715.000000,-2.059185,-1.163532,-1.825227,-3.050376,-2.644927
716.000000,-2.994338,-1.696836,-2.110190,-3.224963,-3.223635
717.000000,-3.241322,-2.193338,-2.195467,-3.223593,-2.844872
718.000000,-3.145953,-2.613819,-2.264688,-3.046210,-2.585183
719.000000,-2.957875,-2.868029,-2.279108,-2.849620,-2.099772
720.000000,-2.607511,-2.941382,-2.223114,-2.648336,-1.478896
721.000000,-2.170372,-2.892195,-2.153418,-2.473218,-1.229270
722.000000,-1.869952,-2.711810,-2.150004,-2.335301,-1.368466
723.000000,-1.637450,-2.502955,-2.180371,-2.234798,-1.453552
724.000000,-1.457739,-2.325096,-2.153937,-2.175893,-1.262889
725.000000,-1.375405,-2.125225,-2.123505,-2.118001,-1.120210
726.000000,-1.257971,-1.846598,-2.080333,-2.053279,-0.696051
727.000000,-1.068143,-1.588211,-2.025527,-1.928877,-0.464860
728.000000,-0.812683,-1.328926,-1.964938,-1.813299,-0.240625
729.000000,-0.531529,-1.086248,-1.907386,-1.699144,0.059403
730.000000,-0.272876,-0.911667,-1.874037,-1.600320,0.077632
731.000000,-0.075570,-0.748989,-1.825161,-1.505698,0.225712
732.000000,0.127897,-0.539094,-1.693345,-1.429939,0.484305
733.000000,0.288053,-0.310116,-1.533361,-1.380282,0.506028
734.000000,0.392401,-0.091920,-1.388858,-1.315382,0.544021
735.000000,0.503201,0.120171,-1.222503,-1.258506,0.584190
736.000000,0.547039,0.259651,-1.027824,-1.231312,0.408740
737.000000,0.505167,0.357268,-0.851001,-1.221189,0.270955
738.000000,0.460821,0.430671,-0.669263,-1.221487,0.285349
739.000000,0.409837,0.469197,-0.506230,-1.246707,0.299756
740.000000,0.371543,0.523473,-0.375574,-1.295827,0.431802
741.000000,0.408205,0.581611,-0.246873,-1.347928,0.621651
742.000000,0.482723,0.604102,-0.086722,-1.342004,0.590512
743.000000,0.316021,0.498210,0.033171,-1.350193,-0.593268
744.000000,0.195267,0.410238,0.181967,-1.349812,-0.246044
745.000000,0.160349,0.369772,0.392078,-1.283660,0.328841
746.000000,0.176419,0.401215,0.605593,-1.116195,0.735761
747.000000,0.192951,0.446885,0.806428,-0.926104,0.712343
748.000000,0.504382,0.497101,0.992694,-0.687297,0.877329
749.000000,0.687649,0.501131,1.088366,-0.462939,0.544233
750.000000,0.814028,0.522034,1.199400,-0.246249,0.860185
751.000000,0.558582,0.384945,1.138535,-0.125195,-0.567919
752.000000,0.170712,0.200816,0.957025,0.012529,-1.128650
753.000000,-0.249917,0.202883,0.778150,0.233647,-0.961594
754.000000,-0.570153,0.183751,0.609635,0.483041,-0.764719
755.000000,-1.066365,0.050372,0.422669,0.713609,-0.998085
756.000000,-1.123027,-0.139139,0.308475,0.877688,-0.525289
757.000000,-0.848584,-0.292736,0.269024,1.035111,0.143372
758.000000,-0.777284,-0.624724,0.174217,1.060265,-0.680730
759.000000,-0.755750,-0.936492,0.076332,0.999260,-0.712758
760.000000,-0.559554,-1.292732,-0.013222,0.962834,-0.310770
761.000000,-0.606430,-1.365617,-0.166851,0.849599,-0.722354
762.000000,-0.786663,-1.213839,-0.326866,0.680446,-0.568240
763.000000,-0.719055,-1.049498,-0.291681,0.518253,-0.410040
764.000000,-0.688678,-0.962822,-0.335532,0.332820,-0.582367
765.000000,-0.802028,-0.866113,-0.527420,0.133217,-0.653530
766.000000,-0.861955,-0.907692,-0.869542,-0.033004,-0.850784
767.000000,-1.336557,-1.284195,-1.364334,-0.257831,-2.051993
768.000000,-2.276738,-1.776466,-1.990077,-0.604432,-3.070976
769.000000,-2.989503,-2.310190,-2.401724,-0.985792,-3.008564
770.000000,-3.531244,-3.011078,-2.813611,-1.514172,-3.480269
771.000000,-3.476526,-3.218198,-2.764644,-1.927553,-2.545764
772.000000,-3.194417,-3.211896,-2.618575,-2.212887,-2.104841
773.000000,-2.778317,-3.056002,-2.485405,-2.241324,-1.672980
774.000000,-2.503705,-2.930450,-2.436524,-2.328522,-1.875438
775.000000,-2.115168,-2.788836,-2.373299,-2.404298,-1.669509
776.000000,-1.932104,-2.678795,-2.363108,-2.460942,-1.742530
777.000000,-2.317708,-2.819502,-2.620475,-2.690724,-3.450094
778.000000,-3.261573,-3.225965,-3.092214,-3.124867,-4.413026
779.000000,-3.344360,-3.164410,-3.126867,-3.116874,-2.839795
780.000000,-3.389160,-3.095120,-3.148636,-3.110479,-2.876655
781.000000,-3.323885,-3.036757,-3.100080,-3.025885,-2.656326
782.000000,-2.984384,-2.880638,-2.949566,-2.857216,-1.949932
783.000000,-2.537609,-2.789600,-2.842884,-2.749312,-2.013303
784.000000,-2.203926,-2.604515,-2.666396,-2.587685,-1.266601
785.000000,-1.804386,-2.418762,-2.488878,-2.423765,-0.851720
786.000000,-1.398780,-2.245668,-2.328995,-2.282384,-0.609900
787.000000,-1.112931,-2.027388,-2.186749,-2.171233,-0.518312
788.000000,-0.804364,-1.709543,-2.062421,-2.075927,-0.531524
789.000000,-0.658090,-1.510738,-1.961238,-2.001409,-0.578569
790.000000,-0.620997,-1.308246,-1.870497,-1.950566,-0.682026
791.000000,-0.573545,-1.075764,-1.781578,-1.883852,-0.375909
792.000000,-0.516731,-0.894716,-1.701745,-1.820494,-0.231907
793.000000,-0.419964,-0.675143,-1.629846,-1.758510,-0.051579
794.000000,-0.266958,-0.516611,-1.552432,-1.694376,0.161859
795.000000,-0.079685,-0.403996,-1.488582,-1.640318,0.180179
796.000000,0.042098,-0.320188,-1.432947,-1.595736,0.172212
797.000000,0.160479,-0.232755,-1.331157,-1.546696,0.293569
798.000000,0.251375,-0.133240,-1.139116,-1.494439,0.342193
799.000000,0.318994,-0.006706,-0.992918,-1.441801,0.460879
800.000000,0.367014,0.137283,-0.825450,-1.387518,0.372283
801.000000,0.446350,0.260768,-0.636993,-1.342256,0.498929
802.000000,0.527650,0.388378,-0.473641,-1.302300,0.633266
803.000000,0.690153,0.548115,-0.255098,-1.259177,1.040082
804.000000,0.830219,0.688713,-0.081272,-1.220337,1.038018
805.000000,0.992285,0.837172,0.070990,-1.195089,0.996969
806.000000,1.116189,0.995691,0.218686,-1.180450,0.933783
807.000000,1.216461,1.151802,0.397278,-1.111880,1.008598
808.000000,1.176358,1.268571,0.617691,-0.913805,1.069699
809.000000,1.160576,1.353469,0.904080,-0.740597,1.206431
810.000000,1.107713,1.382050,1.209455,-0.515775,0.957430
811.000000,1.109800,1.370029,1.445977,-0.231098,1.043862
812.000000,1.014635,1.275686,1.558984,0.008326,0.411768
813.000000,0.908444,1.141700,1.581056,0.321535,0.426330
814.000000,0.746707,1.029288,1.534894,0.574560,0.393352
815.000000,0.608116,0.939407,1.471507,0.790214,0.291509
816.000000,0.373389,0.870991,1.403100,0.977932,0.124849
817.000000,0.269917,0.784081,1.317986,1.147812,-0.066797
818.000000,0.152461,0.670072,1.236902,1.313480,-0.098361
819.000000,-0.011872,0.488659,1.145264,1.454811,-0.378668
820.000000,-0.116470,0.345217,1.084639,1.587154,-0.168966
821.000000,-0.353413,0.093478,0.998911,1.595299,-1.123312
822.000000,-0.456187,-0.015224,0.928480,1.577057,-0.426966
823.000000,-0.780995,-0.216297,0.802443,1.493344,-1.451218
824.000000,-0.943764,-0.389918,0.696170,1.393989,-0.900167
825.000000,-1.145983,-0.566846,0.600634,1.302449,-0.890151
826.000000,-1.041557,-0.718415,0.522772,1.228394,-0.696303
827.000000,-1.037755,-0.819985,0.434918,1.156213,-0.402270
828.000000,-0.501204,-0.770243,0.361790,1.116530,0.828042
829.000000,0.175004,-0.489899,0.287068,1.095605,1.796111
830.000000,0.806333,-0.242919,0.235585,1.088151,1.544239
831.000000,1.333831,0.172703,0.159017,1.072735,1.393127
832.000000,1.794767,0.535419,0.239268,1.061230,1.608621
833.000000,1.981744,1.107795,0.396919,1.025879,1.875336
834.000000,1.864744,1.496264,0.579770,0.996945,1.543089
835.000000,1.843324,1.839753,0.860966,0.998581,1.635183
836.000000,1.844949,2.071269,1.268333,1.040950,1.572637
837.000000,1.932979,2.285834,1.944587,1.134177,2.076935
838.000000,2.085004,2.401947,2.714759,1.275878,2.516171
839.000000,2.190482,2.353401,3.089306,1.409159,2.168910
840.000000,2.192941,2.298959,3.067063,1.589226,1.867554
841.000000,2.121953,2.217312,2.993348,1.707377,1.493508
842.000000,2.042363,2.172746,2.892632,1.956373,1.801204
843.000000,1.818873,2.069875,2.813782,2.097257,1.486166
844.000000,1.680766,2.011243,2.710190,2.192995,1.520886
845.000000,1.558302,1.926690,2.595731,2.235642,1.303223
846.000000,1.522249,1.861284,2.493910,2.272870,1.337759
847.000000,1.410408,1.755315,2.388728,2.294139,1.248459
848.000000,1.436716,1.660179,2.290691,2.330772,1.607959
849.000000,1.411171,1.576466,2.161004,2.335308,1.398054
850.000000,1.378942,1.496984,2.045868,2.282527,1.152933
851.000000,1.336359,1.455150,1.953014,2.259020,1.127294
852.000000,1.320915,1.390056,1.869854,2.207484,1.168717
853.000000,1.181198,1.331079,1.775627,2.171553,0.910683
854.000000,1.070435,1.264551,1.703076,2.120616,0.845011
855.000000,1.016459,1.224533,1.638458,2.077331,0.875514
856.000000,0.887882,1.146427,1.563579,2.014906,0.415621
857.000000,0.740793,1.080795,1.478257,1.956416,0.418546
858.000000,0.661844,0.975546,1.380612,1.882383,0.524515
859.000000,0.573834,0.881555,1.299292,1.793292,0.438442
860.000000,0.474936,0.817209,1.236021,1.721860,0.493996
861.000000,0.651668,0.809375,1.220220,1.681462,1.341372
862.000000,0.784696,0.769856,1.175706,1.631487,1.019026
863.000000,0.934204,0.782385,1.153315,1.584629,1.193962
864.000000,1.077864,0.789837,1.120744,1.547081,0.948916
865.000000,1.276612,0.813933,1.108730,1.514839,1.230139
866.000000,0.901636,0.777337,1.048669,1.457132,-1.028072
867.000000,-0.061788,0.510548,0.931103,1.349365,-3.427967
868.000000,-1.777441,0.000873,0.725705,1.201647,-3.605154
869.000000,-2.788786,-0.443377,0.557663,1.092959,-2.126216
870.000000,-3.343690,-1.087008,0.365448,0.983321,-2.293982
871.000000,-3.211333,-1.984577,0.133684,0.887770,-2.148051
872.000000,-2.534341,-2.394599,-0.066123,0.808034,-0.797517
873.000000,-1.892611,-2.657439,-0.275311,0.737696,-0.801980
874.000000,-1.526128,-2.651589,-0.498440,0.664442,-0.543764
875.000000,-1.001194,-2.513153,-0.708558,0.620120,0.021597
876.000000,-0.840482,-2.417971,-1.042763,0.497331,-1.411868
877.000000,-1.519268,-2.459621,-1.693767,0.232171,-3.109164
878.000000,-1.553020,-2.062952,-1.949377,0.014871,-0.972596
879.000000,-1.676352,-1.896161,-2.131070,-0.247983,-1.144293
880.000000,-2.165870,-1.913272,-2.393083,-0.668095,-2.272905
881.000000,-2.261159,-1.902717,-2.560124,-1.150178,-1.994258
882.000000,-2.028943,-2.050190,-2.618700,-1.706075,-2.085273
883.000000,-2.196482,-2.149267,-2.618671,-2.146862,-1.921539
884.000000,-2.316306,-2.261171,-2.592435,-2.449452,-1.993712
885.000000,-2.148437,-2.339852,-2.533422,-2.555911,-1.663322
886.000000,-2.011736,-2.272108,-2.412756,-2.517400,-1.498573
887.000000,-1.723369,-1.976449,-2.202553,-2.387257,-0.819647
888.000000,-1.413073,-1.866246,-1.979876,-2.249109,-0.474575
889.000000,-1.007549,-1.712890,-1.812025,-2.100801,-0.076380
890.000000,-0.565208,-1.420613,-1.625981,-1.948946,0.402309
891.000000,-0.087902,-1.142301,-1.452196,-1.841311,0.659158
892.000000,0.309155,-0.822141,-1.335392,-1.726904,0.934680
893.000000,0.604849,-0.527327,-1.246315,-1.651924,0.770017
894.000000,0.809563,-0.200061,-1.183402,-1.589271,0.728338
895.000000,0.892750,0.106040,-1.162471,-1.553229,0.654474
896.000000,0.983637,0.469380,-1.062894,-1.468832,0.979874
897.000000,0.955602,0.738843,-0.859446,-1.350730,0.805633
898.000000,0.884708,0.923819,-0.795712,-1.224186,0.502672
899.000000,0.814107,1.039561,-0.718904,-1.142756,0.471920
900.000000,0.733485,1.047292,-0.555359,-1.058752,0.337379
901.000000,0.600294,1.011187,-0.381302,-0.971241,0.420235
902.000000,0.450398,0.889724,-0.190552,-0.956048,0.174870
903.000000,0.412893,0.820799,0.034029,-0.934810,0.346978
904.000000,0.423358,0.785508,0.331001,-0.919653,0.525473
905.000000,0.563537,0.824736,0.684185,-0.914486,0.954123
906.000000,0.792486,0.878566,1.126554,-0.804196,1.376943
907.000000,1.121505,0.987462,1.514493,-0.506987,1.637961
908.000000,1.286781,1.072661,1.792351,-0.370401,1.173463
909.000000,1.460822,1.198666,2.011515,-0.149901,1.439112
910.000000,1.582297,1.357880,2.114026,0.316539,1.638753
911.000000,1.610070,1.481773,2.114990,0.909005,1.604823
912.000000,1.559093,1.598633,2.034802,1.640794,1.491548
913.000000,1.576672,1.658319,1.952027,2.316416,1.333268
914.000000,1.519368,1.673640,1.861432,2.749415,1.141848
915.000000,1.334294,1.614591,1.758670,2.818931,0.631077
916.000000,1.208115,1.559823,1.672302,2.776725,0.965594
917.000000,1.120697,1.487441,1.621148,2.626911,1.113296
918.000000,1.071170,1.489668,1.601061,2.463214,1.146157
919.000000,1.123677,1.496178,1.602325,2.309248,1.417646
920.000000,1.366698,1.491974,1.626720,2.160414,1.633744
921.000000,1.483275,1.475698,1.637941,2.023458,1.506904
922.000000,1.521653,1.450010,1.663721,1.893216,1.370420
923.000000,1.481620,1.403667,1.664513,1.790931,1.045867
924.000000,1.409403,1.388008,1.664716,1.717131,1.111042
925.000000,1.399732,1.499173,1.675336,1.686570,1.580968
926.000000,1.382133,1.538757,1.655577,1.642449,1.430889
927.000000,1.365480,1.543523,1.608697,1.609417,1.300839
928.000000,1.467398,1.575521,1.618235,1.606159,1.552027
929.000000,1.463474,1.529448,1.590762,1.590129,1.121305
930.000000,1.394676,1.479632,1.555305,1.588671,1.260023
931.000000,1.360464,1.445213,1.522790,1.584545,1.267864
932.000000,1.338517,1.418711,1.494582,1.593802,1.177220
933.000000,1.256948,1.428506,1.478871,1.598847,1.170237
934.000000,0.687709,1.164092,1.333072,1.518011,-2.234428
935.000000,0.117545,0.903511,1.262743,1.455653,-1.545933
936.000000,-1.331016,0.325465,1.017353,1.296398,-3.664221
937.000000,-2.566956,-0.294438,0.774505,1.132942,-2.801325
938.000000,-3.006237,-0.874005,0.610069,1.048325,-1.541816
939.000000,-2.798951,-1.553879,0.363037,0.916223,-1.959336
940.000000,-3.170099,-2.649623,-0.206180,0.591448,-3.547980
941.000000,-3.367482,-3.522679,-1.127711,0.017885,-3.949542
942.000000,-3.097946,-3.457602,-1.739804,-0.450057,-2.250550
943.000000,-3.289405,-3.509451,-2.506631,-1.228203,-3.184636
944.000000,-3.052730,-3.154076,-2.761239,-1.755820,-1.904706
945.000000,-2.750348,-2.969330,-2.915890,-2.195893,-2.014564
946.000000,-2.291005,-2.696391,-2.883288,-2.431625,-1.589233
947.000000,-2.025418,-2.447708,-2.739005,-2.468131,-1.046671
948.000000,-1.575424,-2.294163,-2.609630,-2.440325,-0.940589
949.000000,-1.364867,-2.150203,-2.479240,-2.392163,-0.881844
950.000000,-1.107307,-1.931008,-2.362738,-2.328992,-0.766887
951.000000,-0.985444,-1.681600,-2.289155,-2.291690,-1.006368
952.000000,-0.961079,-1.558619,-2.215220,-2.239561,-0.933327
953.000000,-0.939510,-1.323990,-2.143189,-2.172942,-0.839867
954.000000,-0.948721,-1.221573,-2.040715,-2.123078,-0.925278
955.000000,-0.971345,-1.098411,-1.965428,-2.083459,-0.873549
956.000000,-0.885562,-0.988432,-1.844093,-2.022980,-0.590941
957.000000,-0.792865,-0.927402,-1.743653,-1.961814,-0.477541
958.000000,-0.691664,-0.865147,-1.674321,-1.907241,-0.331774
959.000000,-0.538550,-0.796163,-1.598466,-1.846541,-0.179748
960.000000,-0.380708,-0.737566,-1.478871,-1.797976,-0.130429
961.000000,-0.262862,-0.641112,-1.310661,-1.755798,-0.028422
962.000000,-0.156810,-0.548190,-1.213238,-1.721237,0.014783
963.000000,-0.071789,-0.461466,-1.048863,-1.695771,0.056410
964.000000,-0.078968,-0.381015,-0.966329,-1.651666,-0.272022
965.000000,-0.075208,-0.286949,-0.864810,-1.623054,-0.135495
966.000000,-0.063588,-0.209637,-0.779446,-1.561991,0.061227
967.000000,-0.006560,-0.116811,-0.723780,-1.509617,0.318655
968.000000,-0.085170,-0.089742,-0.698001,-1.503435,-0.266134
969.000000,0.046261,-0.047026,-0.664687,-1.486272,0.199251
970.000000,0.154577,-0.002739,-0.641770,-1.422043,0.166637
971.000000,0.251985,0.061717,-0.576545,-1.293582,0.411676
972.000000,-0.088144,-0.064869,-0.552957,-1.249838,-0.777705
973.000000,-0.126129,-0.205494,-0.518570,-1.117087,-0.681621
974.000000,-0.142980,-0.061197,-0.428520,-1.033814,0.281597
975.000000,-0.681990,-0.327734,-0.399889,-0.961894,-2.164115
976.000000,-0.935157,-0.337677,-0.334728,-0.879072,0.102621
977.000000,-0.355357,-0.251237,-0.218924,-0.815542,1.458945
978.000000,0.269105,0.011051,-0.110518,-0.759672,1.217870
979.000000,0.173607,-0.048658,-0.078661,-0.724891,0.010708
980.000000,1.137936,0.033531,0.010418,-0.684775,0.794615
981.000000,1.280060,0.022585,0.088350,-0.611441,0.643701
982.000000,1.143772,0.617719,0.233468,-0.522979,1.087816
983.000000,1.077339,1.121325,0.385401,-0.429322,1.066014
984.000000,1.177646,1.176617,0.588555,-0.316146,0.403996
985.000000,1.026332,1.762155,0.667245,-0.187712,0.187794
986.000000,0.997300,1.771693,0.702340,-0.072504,0.491253
987.000000,0.905004,1.555366,0.694398,0.063401,0.788239
988.000000,0.750884,1.376810,0.915651,0.195159,0.611705
989.000000,0.839434,1.496392,1.129055,0.333057,0.748193
990.000000,1.096778,1.511305,1.608618,0.525833,1.108090
991.000000,1.307061,1.567408,2.034856,0.746862,1.255960
992.000000,1.399223,1.501801,3.119871,0.965834,1.126824
993.000000,1.541582,1.451250,3.242725,1.139445,1.144538
994.000000,1.695442,1.585703,3.051764,1.411901,1.453864
995.000000,1.957976,1.887682,3.300574,1.656678,2.235957
996.000000,2.080703,2.051566,3.055042,1.778736,1.963548
997.000000,2.335957,2.230027,2.821425,1.888419,2.395936
998.000000,2.516103,2.364009,2.684342,2.130715,2.327249
999.000000,2.659879,2.491028,2.724080,2.355231,2.552271
1000.000000,2.614610,2.530579,2.675249,2.551412,2.388155
1001.000000,2.662955,2.583186,2.668538,2.651241,2.542677
1002.000000,2.575679,2.586460,2.596178,2.801096,2.250322
1003.000000,2.564149,2.623193,2.568752,2.833195,2.459695
1004.000000,2.163371,2.407525,2.393775,2.611830,0.766388
1005.000000,1.712392,2.122217,2.205836,2.481341,0.038999
1006.000000,1.258669,1.922005,2.060025,2.295923,0.176031
1007.000000,0.809636,1.699322,1.921160,2.095434,0.052910
1008.000000,0.338635,1.535840,1.843640,1.972011,0.461156
1009.000000,0.364905,1.401861,1.811823,1.945821,0.948003
1010.000000,0.575820,1.275995,1.777774,1.902753,0.986334
1011.000000,0.764734,1.116458,1.749572,1.871622,1.022723
1012.000000,0.934433,0.952007,1.717951,1.816978,0.805953
1013.000000,1.045864,0.750925,1.701680,1.777917,0.954396
1014.000000,1.040414,0.771138,1.675571,1.759433,0.919569
1015.000000,0.952796,0.844840,1.603589,1.729069,0.568330
1016.000000,0.927534,0.939716,1.566007,1.711689,0.905429
1017.000000,0.893858,1.021511,1.495281,1.677022,0.621358
1018.000000,0.765308,1.024107,1.411320,1.640923,0.329063
1019.000000,0.509658,0.898280,1.279157,1.585765,-0.301284
1020.000000,0.393732,0.799372,1.165636,1.545062,0.005812
1021.000000,0.353452,0.779990,1.068552,1.539744,0.822775
1022.000000,0.433742,0.818527,0.991301,1.550588,1.026642
1023.000000,0.547137,0.810302,0.862123,1.557101,0.754103
1024.000000,0.973575,0.865793,0.903733,1.572442,1.196724
1025.000000,1.396445,1.031688,1.024634,1.570994,1.361310
1026.000000,1.462620,1.094656,1.115649,1.562285,0.830409
1027.000000,1.554360,1.321042,1.256690,1.551091,1.228180
1028.000000,1.610281,1.626912,1.355515,1.527215,0.906566
1029.000000,1.472348,2.094886,1.398755,1.479271,0.788487
1030.000000,1.321484,2.434905,1.448023,1.432902,0.927914
1031.000000,1.278339,2.360968,1.469720,1.352496,0.783670
1032.000000,1.177449,2.182068,1.516636,1.279339,0.926324
1033.000000,1.286574,2.114461,1.547932,1.180778,1.364332
1034.000000,1.378422,1.969936,1.571493,1.207141,1.253979
1035.000000,1.408213,1.831053,1.649131,1.288816,1.369636
1036.000000,1.514085,1.828863,1.700641,1.370631,1.644164
1037.000000,1.685354,1.817004,1.825172,1.483207,2.142165
1038.000000,1.750364,1.789026,1.935836,1.550308,1.644756
1039.000000,1.931915,1.831741,2.119327,1.595601,2.019178
1040.000000,2.044295,1.849799,2.215540,1.636044,1.917968
1041.000000,2.056418,1.893265,2.192422,1.669987,1.828468
1042.000000,2.002026,1.951483,2.153812,1.729058,1.950405
1043.000000,2.080732,2.019838,2.146787,1.784660,2.093213
1044.000000,2.017687,2.056013,2.081357,1.822704,1.790668
1045.000000,1.874039,2.012713,1.978246,1.854585,1.305790
1046.000000,1.746789,1.937892,1.918385,1.850560,1.253152
1047.000000,1.580530,1.817206,1.834852,1.856443,1.137426
1048.000000,1.455175,1.789594,1.803468,1.893409,1.476807
1049.000000,1.459966,1.769599,1.806439,1.975580,1.867914
1050.000000,1.520956,1.733994,1.791225,2.010229,1.652436
1051.000000,1.602503,1.708891,1.795477,1.990325,1.659184
1052.000000,1.679754,1.656092,1.793053,1.950400,1.501504
1053.000000,1.641214,1.567391,1.777467,1.914425,1.294384
1054.000000,1.460477,1.482228,1.754029,1.848787,1.006191
1055.000000,1.341615,1.455306,1.727473,1.784109,1.065777
1056.000000,1.283289,1.467501,1.705566,1.757460,1.379716
1057.000000,1.353993,1.540209,1.687613,1.735887,1.835200
1058.000000,1.409302,1.545035,1.677515,1.717936,1.554153
1059.000000,1.551437,1.524594,1.658720,1.713418,1.699947
1060.000000,1.603375,1.490857,1.625108,1.693343,1.320457
1061.000000,1.526153,1.421953,1.580060,1.674557,0.964009
1062.000000,1.483988,1.434628,1.560409,1.680590,1.643699
1063.000000,1.434223,1.436025,1.515486,1.673259,1.290607
1064.000000,1.421420,1.503601,1.503609,1.682399,1.671052
1065.000000,1.169497,1.417474,1.448058,1.638318,-0.125038
1066.000000,0.991631,1.302138,1.400916,1.589993,-0.151488
1067.000000,0.636021,1.134315,1.366318,1.532014,-0.083543
1068.000000,0.279478,0.973071,1.304416,1.487747,-0.371245
1069.000000,-0.239055,0.775380,1.219872,1.434233,-0.365842
1070.000000,-0.128074,0.682656,1.178082,1.402743,0.465581
1071.000000,-0.057972,0.610684,1.124396,1.368791,0.178558
1072.000000,-0.189212,0.332771,1.049176,1.311731,-0.670628
1073.000000,0.051525,0.204496,1.030329,1.271678,0.616902
1074.000000,0.276554,-0.026663,1.027240,1.239954,0.491348
1075.000000,0.451785,0.134617,1.050042,1.247339,1.182980
1076.000000,0.421677,0.173166,1.003560,1.234045,-0.006545
1077.000000,0.572853,0.172738,0.902353,1.224812,-0.277667
1078.000000,0.547567,0.324080,0.846777,1.213648,0.475659
1079.000000,0.760065,0.602588,0.798326,1.196274,1.215418
1080.000000,-0.218292,0.217143,0.612849,1.110623,-2.004155
1081.000000,-0.701862,-0.077307,0.467502,1.031127,-1.442491
1082.000000,-1.297492,-0.361038,0.144980,0.934037,-1.965263
1083.000000,-1.638180,-0.712714,-0.098167,0.883276,-0.770271
1084.000000,-1.734063,-0.765427,-0.336339,0.899816,0.528732
1085.000000,-1.067653,-1.063074,-0.340553,0.907138,0.242215
1086.000000,-0.433287,-0.929103,-0.282152,0.908293,0.642849
1087.000000,-0.006998,-1.044510,-0.424883,0.793395,-0.665328
1088.000000,0.314531,-1.075261,-0.367747,0.730092,0.224162
1089.000000,0.283079,-1.210481,-0.232963,0.637751,0.449122
1090.000000,0.247802,-0.692500,-0.360192,0.549234,0.115835
1091.000000,0.158781,-0.238180,-0.344849,0.517438,0.387730
1092.000000,0.377253,0.269742,-0.191791,0.295769,-0.103942
1093.000000,0.298956,0.486571,-0.389948,0.075613,-0.057260
1094.000000,0.552896,0.664552,-0.268263,-0.162840,1.180251
1095.000000,0.899076,0.949680,-0.375151,-0.032076,1.002407
1096.000000,1.134343,1.156898,-0.140558,0.147330,1.038987
1097.000000,1.558303,1.901575,0.195109,0.382281,1.171501
1098.000000,1.925824,2.188833,0.382813,0.776853,1.293018
1099.000000,1.700337,2.038306,0.198570,1.091955,0.501870
1100.000000,1.767256,2.200816,1.023796,1.346772,1.286801
1101.000000,1.628358,2.102823,1.535199,1.545850,0.720328
1102.000000,1.200286,1.963470,1.926693,1.796447,-0.161828
1103.000000,1.057141,2.062514,2.142848,1.869593,0.884398
1104.000000,1.244967,1.991797,2.093037,2.000027,1.142327
1105.000000,1.410768,2.077109,2.236987,2.021078,1.858806
1106.000000,1.893083,2.238326,2.351029,2.417727,2.313590
1107.000000,2.590544,2.426884,2.653616,2.790751,2.633178
1108.000000,2.896893,2.586007,2.753421,2.934814,2.723967
1109.000000,2.819149,2.610753,2.659357,2.767895,1.872621
1110.000000,2.571951,2.470043,2.554558,2.883782,1.527233
1111.000000,2.358308,2.443981,2.469186,2.879727,1.725106
1112.000000,2.162307,2.507031,2.459400,2.900322,1.951405
1113.000000,1.892174,2.431830,2.418298,2.762598,1.631193
1114.000000,1.822877,2.352665,2.330072,2.568443,1.616389
1115.000000,1.736711,2.202380,2.229682,2.406642,1.212875
1116.000000,1.435445,1.948341,2.076054,2.197345,0.375521
1117.000000,1.187953,1.732767,1.975007,2.131458,0.757282
1118.000000,1.122562,1.565477,1.923075,2.070879,1.304804
1119.000000,1.012508,1.475016,1.895171,2.001210,1.100666
1120.000000,1.061354,1.462671,1.864083,1.979526,1.439582
1121.000000,1.308797,1.436814,1.864873,1.954715,1.510691
1122.000000,1.542641,1.430308,1.917842,1.975901,1.858465
1123.000000,1.714151,1.487085,1.944704,2.009032,2.095786
1124.000000,1.735252,1.445475,1.907197,1.961948,1.235363
1125.000000,1.695785,1.453526,1.856192,1.926978,1.268080
1126.000000,1.572514,1.513693,1.770845,1.877259,0.909294
1127.000000,1.402159,1.541379,1.679240,1.835347,1.023787
1128.000000,1.290523,1.572808,1.611449,1.819944,1.576472
1129.000000,0.707222,1.296105,1.421725,1.690133,-1.602586
1130.000000,0.078786,0.986836,1.260173,1.559067,-1.575479
1131.000000,-0.519047,0.656275,1.091285,1.458313,-1.582653
1132.000000,-1.247801,0.222285,0.898889,1.382949,-1.821297
1133.000000,-1.959649,-0.223008,0.760622,1.320220,-1.173208
1134.000000,-1.988278,-0.689109,0.576005,1.233094,-1.707021
1135.000000,-2.083832,-1.283911,0.372098,1.112072,-1.983207
1136.000000,-2.273804,-1.942294,0.144715,0.929190,-2.436443
1137.000000,-2.368347,-2.515634,-0.177271,0.691737,-2.418359
1138.000000,-2.435950,-2.849369,-0.562514,0.427180,-1.996875
1139.000000,-2.312557,-2.628159,-0.930021,0.198784,-1.592150
1140.000000,-2.165596,-2.449262,-1.354259,-0.045442,-1.547485
1141.000000,-1.874319,-2.250053,-1.712255,-0.302066,-1.145113
1142.000000,-1.592683,-2.071577,-2.030599,-0.604016,-1.107522
1143.000000,-1.346585,-1.951213,-2.239327,-0.879187,-0.855376
1144.000000,-1.136864,-1.786593,-2.266273,-1.140926,-0.615783
1145.000000,-0.833510,-1.566831,-2.208344,-1.303308,-0.123097
1146.000000,-0.417074,-1.212396,-2.032015,-1.265382,0.787808
1147.000000,-0.188285,-0.960134,-1.973080,-1.366381,-0.053242
1148.000000,0.019249,-0.730056,-1.937624,-1.476654,0.087884
1149.000000,0.213316,-0.519437,-1.712313,-1.523462,0.263063
1150.000000,0.237944,-0.341146,-1.548098,-1.613121,-0.018846
1151.000000,-0.027102,-0.253475,-1.439867,-1.728261,-0.417005
1152.000000,-0.030778,-0.125736,-1.312016,-1.796342,-0.073529
1153.000000,0.155296,0.095080,-1.160342,-1.760485,1.017785
1154.000000,0.291800,0.281778,-1.002685,-1.680482,0.933789
1155.000000,0.496466,0.400623,-0.841107,-1.628154,0.863009
1156.000000,0.703602,0.334892,-0.680236,-1.611659,0.279365
1157.000000,0.774878,0.360804,-0.518238,-1.633949,-0.018608
1158.000000,0.640998,0.415560,-0.345418,-1.678487,0.400451
1159.000000,0.481323,0.439728,-0.188988,-1.539430,0.321964
1160.000000,0.243059,0.480231,-0.031763,-1.436666,-0.004322
1161.000000,0.000000,0.513506,0.053033,-1.387812,-0.690161
1162.000000,0.067836,0.595230,0.225633,-1.282649,0.257165
1163.000000,0.141363,0.520872,0.432857,-1.206565,0.695218
1164.000000,0.317125,0.505103,0.672393,-1.078372,1.020086
1165.000000,0.451103,0.429022,0.816464,-0.953059,0.541205
1166.000000,0.760965,0.467877,0.816365,-0.742741,0.615303
1167.000000,0.826862,0.545042,0.962764,-0.470292,0.567053
1168.000000,0.742015,0.528719,1.037355,-0.205031,0.296343
1169.000000,0.620704,0.551804,1.077080,0.077268,0.513326
1170.000000,0.504698,0.559378,1.087058,0.359515,-0.103938
1171.000000,0.310260,0.669547,1.146311,0.595847,-0.268747
1172.000000,0.070242,0.631854,1.109353,0.839724,-0.364122
1173.000000,-0.065131,0.553877,0.890695,1.053158,-0.118834
1174.000000,-0.045593,0.516667,0.777910,1.269868,0.844292
1175.000000,0.606213,0.733304,0.750050,1.415024,1.533619
1176.000000,0.907691,0.762439,0.739698,1.280006,0.403488
1177.000000,1.182317,0.796773,0.788871,1.326270,0.358588
1178.000000,1.642571,1.174909,0.877573,1.396776,1.302783
1179.000000,2.149159,1.830878,1.097419,1.511800,2.414945
1180.000000,1.733007,2.030443,1.212429,1.518465,0.539620
1181.000000,1.723093,2.216626,1.475849,1.584972,0.596188
1182.000000,2.042612,2.562183,1.723618,1.644792,1.673690
1183.000000,2.014033,2.642254,1.893254,1.520896,1.565879
1184.000000,2.034587,2.760614,2.147983,1.521449,2.685157
1185.000000,2.437684,2.707947,2.436045,1.540691,2.443288
1186.000000,2.591323,2.705321,2.560520,1.612624,1.959336
1187.000000,2.350261,2.576978,2.527804,1.673653,1.299014
1188.000000,2.276602,2.449000,2.544428,1.746590,1.699996
1189.000000,2.062104,2.261234,2.516593,1.834652,1.824024
1190.000000,1.828783,2.233185,2.480311,1.913880,1.427853
1191.000000,1.694049,2.188598,2.438185,2.040815,1.385549
1192.000000,1.681691,2.054658,2.381236,2.068571,1.297814
1193.000000,1.612289,1.979576,2.316877,2.074565,1.418531
1194.000000,0.553555,1.339922,1.862583,1.757768,-2.664930
1195.000000,-0.306819,0.820600,1.507092,1.560116,-1.915143
1196.000000,-1.247452,0.269349,1.223816,1.324856,-2.122818
1197.000000,-2.154440,-0.320793,0.905288,1.036011,-2.370912
1198.000000,-2.836853,-1.060720,0.490862,0.708628,-2.469470
1199.000000,-2.592344,-1.725783,0.025021,0.374856,-2.050341
1200.000000,-2.490479,-2.208609,-0.338395,0.065745,-1.912603
1201.000000,-2.449022,-2.581903,-0.800251,-0.347284,-2.206251
1202.000000,-2.283556,-2.724397,-1.271348,-0.723291,-1.817878
1203.000000,-2.088498,-2.765228,-1.690084,-1.108943,-1.675052
1204.000000,-1.891132,-2.460367,-2.048479,-1.445669,-1.255799
1205.000000,-1.718681,-2.265562,-2.296853,-1.764344,-1.173656
1206.000000,-1.517046,-2.103259,-2.442732,-1.983007,-1.247454
1207.000000,-1.385313,-1.939061,-2.473418,-2.133650,-1.198407
1208.000000,-1.237654,-1.755097,-2.459444,-2.231595,-0.983337
1209.000000,-1.192599,-1.629963,-2.438126,-2.340900,-1.058582
1210.000000,-1.051947,-1.463681,-2.331762,-2.248381,-0.520053
1211.000000,-0.969008,-1.315442,-2.267069,-2.209034,-0.850198
1212.000000,-0.913709,-1.217611,-2.211705,-2.210392,-0.932846
1213.000000,-0.884385,-1.125240,-2.157900,-2.183872,-0.844544
1214.000000,-0.850144,-1.083652,-1.985784,-2.194960,-0.902481
1215.000000,-0.911450,-1.041629,-1.862609,-2.181747,-0.817255
1216.000000,-0.852737,-0.965105,-1.732089,-2.130059,-0.548147
1217.000000,-0.753579,-0.883742,-1.599041,-2.058181,-0.432674
1218.000000,-0.682166,-0.832262,-1.474163,-2.015458,-0.481863
1219.000000,-0.576652,-0.763458,-1.371653,-1.981068,-0.390943
1220.000000,-0.481321,-0.759733,-1.281853,-1.943347,-0.374386
1221.000000,-0.444759,-0.717502,-1.177562,-1.913823,-0.363098
1222.000000,-0.457485,-0.671742,-1.101508,-1.895347,-0.494038
1223.000000,-0.415602,-0.618820,-1.025845,-1.880406,-0.139267
1224.000000,-0.384561,-0.543714,-0.975539,-1.762578,-0.078598
1225.000000,-0.320339,-0.460870,-0.926796,-1.677227,0.208598
1226.000000,-0.109086,-0.392228,-0.863072,-1.587153,0.953106
1227.000000,0.328187,-0.354118,-0.806498,-1.496341,0.393208
1228.000000,0.142728,-0.358955,-0.783227,-1.412036,-1.059577
1229.000000,0.069059,-0.363981,-0.739645,-1.338125,-0.394562
1230.000000,0.858853,-0.151523,-0.717293,-1.249612,1.781545
1231.000000,0.818830,0.187624,-0.667223,-1.148266,0.955779
1232.000000,1.425204,1.497763,-0.580701,-1.056373,1.703749
1233.000000,2.623016,2.364863,-0.484664,-0.966074,1.779980
1234.000000,2.854470,2.587360,-0.379049,-0.910690,0.697584
1235.000000,2.657912,2.758846,-0.222498,-0.843590,1.822572
1236.000000,2.659891,2.663956,-0.074574,-0.765481,1.666672
1237.000000,2.614081,2.870997,0.137255,-0.673694,2.160434
1238.000000,2.786993,3.309070,0.544130,-0.572724,2.813931
1239.000000,2.984667,3.341727,1.095038,-0.449700,2.432113
1240.000000,3.058277,3.177973,1.981535,-0.344717,2.994422
1241.000000,3.230168,3.228740,2.903784,-0.137110,3.291359
1242.000000,3.126841,3.096247,3.186576,0.125336,2.687833
1243.000000,2.928538,2.965778,3.085661,0.449419,2.457924
1244.000000,2.877522,2.961565,3.019048,0.905780,2.657307
