0.000000,5.385165,5.385165,5.385165,5.385165,0.311039
1.000000,3.761175,3.750558,3.741526,3.741527,0.915260
2.000000,3.028515,3.012565,2.997671,2.998822,0.281591
3.000000,2.578956,2.562474,2.545002,2.546773,-0.259361
4.000000,2.264467,2.251032,2.230242,2.232351,-0.067933
5.000000,2.020635,2.018730,1.994380,1.996526,0.294238
6.000000,1.824085,1.834999,1.807764,1.809047,0.478714
7.000000,1.668642,1.685280,1.655128,1.654864,0.525448
8.000000,1.539654,1.556956,1.524984,1.523529,0.264997
9.000000,1.425064,1.443152,1.413556,1.408937,0.084482
10.000000,1.320961,1.337850,1.315902,1.308295,0.052428
11.000000,1.231030,1.243668,1.229174,1.218515,0.725263
12.000000,1.149761,1.161402,1.151066,1.136805,0.863271
13.000000,1.076468,1.087927,1.079152,1.061979,0.762469
14.000000,1.010542,1.019513,1.012770,0.992607,0.853509
15.000000,0.947994,0.953609,0.950542,0.927772,0.651477
16.000000,0.884173,0.890712,0.891657,0.866695,0.596632
17.000000,0.817261,0.827983,0.834916,0.808308,-0.329588
18.000000,0.753539,0.768783,0.780238,0.752070,-0.370702
19.000000,0.688981,0.711232,0.725821,0.698455,-0.751929
20.000000,0.629053,0.656259,0.670601,0.646988,-0.497757
21.000000,0.571503,0.600254,0.615266,0.596236,-0.315389
22.000000,0.515791,0.541730,0.560688,0.545295,-1.017026
23.000000,0.460701,0.483516,0.507486,0.494105,-0.886269
24.000000,0.407688,0.423670,0.452991,0.442034,-0.798747
25.000000,0.348690,0.361129,0.395089,0.387817,-0.899040
26.000000,0.281185,0.292466,0.332153,0.329423,-0.992474
27.000000,0.208630,0.217069,0.260465,0.264491,-1.136641
28.000000,0.109836,0.116489,0.171308,0.184317,-1.018169
29.000000,-1.393781,-1.351211,-0.743435,-0.129386,-1.428607
30.000000,-1.556280,-1.538643,-0.965273,-0.513614,-1.650500
31.000000,-1.680804,-1.730866,-1.319002,-1.189337,-1.907009
32.000000,-1.735124,-1.751016,-1.635334,-1.696751,-1.747412
33.000000,-1.789453,-1.751294,-1.863898,-1.971332,-1.520460
34.000000,-1.679538,-1.695610,-2.006345,-2.154643,-1.040137
35.000000,-1.570866,-1.652415,-2.100784,-2.424122,-1.214512
36.000000,-1.389228,-1.587453,-2.135988,-2.614127,-1.051361
37.000000,-1.247537,-1.532686,-2.055856,-2.732341,-1.084485
38.000000,-1.215703,-1.547113,-2.003025,-2.752563,-1.384033
39.000000,-1.287221,-1.533460,-1.917927,-2.679472,-1.377950
40.000000,-1.272898,-1.471945,-1.848296,-2.566538,-1.150038
41.000000,-1.281848,-1.382228,-1.794649,-2.538498,-1.097284
42.000000,-1.323714,-1.328532,-1.708644,-2.513317,-1.310682
43.000000,-1.274680,-1.286140,-1.637742,-2.444816,-1.168861
44.000000,-1.235719,-1.303931,-1.587646,-2.379407,-1.223179
45.000000,-1.380859,-1.360071,-1.573500,-2.326704,-1.913416
46.000000,-1.661451,-1.482316,-1.585195,-2.287375,-2.454297
47.000000,-2.008040,-1.652186,-1.627906,-2.210963,-2.790373
48.000000,-2.510623,-1.866787,-1.730049,-2.178793,-3.178890
49.000000,-2.990259,-2.167633,-1.863731,-2.173447,-3.407766
50.000000,-3.209465,-2.504686,-2.002798,-2.208500,-3.296455
51.000000,-3.056251,-2.630370,-2.043691,-2.191959,-2.324533
52.000000,-2.767099,-2.591232,-2.033453,-2.113361,-1.687078
53.000000,-2.380595,-2.481455,-1.993047,-2.026994,-1.147280
54.000000,-1.980790,-2.384443,-1.982436,-1.964373,-1.156692
55.000000,-1.537736,-2.251814,-1.954166,-1.906937,-1.030173
56.000000,-1.282585,-2.123784,-1.938355,-1.862877,-1.072695
57.000000,-1.133938,-1.980517,-1.914355,-1.824036,-0.975954
58.000000,-1.055679,-1.792933,-1.866336,-1.792138,-0.765330
59.000000,-0.952770,-1.555338,-1.817346,-1.752727,-0.653909
60.000000,-0.865923,-1.284035,-1.780737,-1.708088,-0.604822
61.000000,-0.745083,-1.088771,-1.741763,-1.654098,-0.496590
62.000000,-0.698497,-0.987302,-1.713946,-1.620083,-0.767064
63.000000,-0.661061,-0.927853,-1.683000,-1.588419,-0.586558
64.000000,-0.630732,-0.857965,-1.650269,-1.572439,-0.502563
65.000000,-0.584200,-0.788654,-1.595092,-1.548494,-0.368612
66.000000,-0.555078,-0.709022,-1.530739,-1.531805,-0.332706
67.000000,-0.414872,-0.615308,-1.444477,-1.508517,-0.088788
68.000000,-0.323342,-0.552772,-1.339120,-1.482423,-0.155581
69.000000,-0.252877,-0.505862,-1.199977,-1.461553,-0.185464
70.000000,-0.313293,-0.513944,-1.055623,-1.469624,-0.693844
71.000000,-0.319958,-0.506312,-0.943500,-1.471277,-0.361468
72.000000,-0.381232,-0.453713,-0.867741,-1.468427,-0.309357
73.000000,-0.453741,-0.435855,-0.836206,-1.477370,-0.413492
74.000000,-0.424601,-0.380304,-0.781739,-1.475905,0.161404
75.000000,-0.255978,-0.356331,-0.742153,-1.465910,0.048659
76.000000,-0.044612,-0.285814,-0.676936,-1.436123,0.606564
77.000000,0.237426,-0.249245,-0.613307,-1.393719,0.658258
78.000000,0.518950,-0.236926,-0.581960,-1.332820,0.227444
79.000000,0.619714,-0.148425,-0.542379,-1.219680,0.515160
80.000000,0.653640,0.160863,-0.508780,-1.067078,0.287855
81.000000,0.526229,0.363052,-0.484868,-0.951859,0.216188
82.000000,0.587700,0.647951,-0.370603,-0.855494,1.543470
83.000000,1.482240,1.200999,-0.175441,-0.761989,3.482524
84.000000,2.120485,1.281457,-0.027396,-0.686289,1.330333
85.000000,2.509265,1.422785,0.133635,-0.612755,1.242843
86.000000,2.607456,1.485063,0.334601,-0.522831,1.161378
87.000000,2.677963,1.819190,0.610536,-0.401409,2.269597
88.000000,2.408005,2.485036,1.048174,-0.268317,2.600665
89.000000,2.233955,2.665054,1.387168,-0.169984,1.112920
90.000000,1.628062,2.321040,1.636156,-0.125439,-0.803761
91.000000,1.120910,2.003756,1.668645,-0.088043,-0.759150
92.000000,0.320914,1.593147,1.597065,0.001756,-0.905717
93.000000,-0.265254,1.174076,1.688929,0.142693,0.437272
94.000000,-0.901780,0.767707,1.469754,0.206795,-1.159832
95.000000,-0.365945,0.791593,1.585251,0.393291,1.067912
96.000000,0.224539,0.863101,1.662686,0.619929,1.248679
97.000000,0.137661,0.294372,1.472767,0.614565,-1.113995
98.000000,-0.611029,-0.562958,1.239126,0.524926,-1.913917
99.000000,-0.666734,-0.997227,1.002094,0.487704,-1.172744
100.000000,-1.774563,-1.387319,0.493841,0.397786,-2.495151
101.000000,-3.074110,-2.133359,-0.501599,-0.077440,-3.552953
102.000000,-3.275554,-2.586468,-1.562891,-0.557116,-2.910364
103.000000,-3.280965,-3.021548,-2.723278,-1.101981,-2.901275
104.000000,-3.377160,-3.173490,-3.298608,-1.863886,-3.037164
105.000000,-3.180377,-3.253297,-3.404962,-2.420105,-2.545118
106.000000,-2.861358,-3.204445,-3.326554,-2.826772,-2.293074
107.000000,-2.633392,-3.002856,-3.219959,-2.999326,-2.044062
108.000000,-2.397718,-2.796759,-3.095024,-2.978828,-1.824723
109.000000,-2.242465,-2.728128,-2.990877,-2.978177,-2.188015
110.000000,-2.182723,-2.633336,-2.861058,-2.924042,-2.217540
111.000000,-2.215472,-2.533120,-2.790788,-2.890413,-2.404665
112.000000,-2.267224,-2.467920,-2.724042,-2.855324,-2.330010
113.000000,-2.262887,-2.361313,-2.649715,-2.796451,-1.979014
114.000000,-2.143265,-2.217664,-2.532824,-2.680228,-1.692084
115.000000,-2.011867,-2.108334,-2.462501,-2.576167,-1.595953
116.000000,-1.882433,-2.042333,-2.415680,-2.503075,-1.721370
117.000000,-1.806186,-2.021795,-2.360488,-2.469583,-1.905644
118.000000,-1.762439,-2.000137,-2.291789,-2.428774,-1.757149
119.000000,-1.811417,-1.976647,-2.258697,-2.390614,-1.933859
120.000000,-1.849764,-1.937833,-2.206618,-2.330108,-1.812281
121.000000,-1.780994,-1.839833,-2.112682,-2.251302,-1.415776
122.000000,-1.576040,-1.693482,-2.003598,-2.151167,-0.883531
123.000000,-1.409740,-1.585842,-1.908337,-2.080575,-0.892643
124.000000,-1.160433,-1.484714,-1.801721,-1.997077,-0.648371
125.000000,-0.924575,-1.397773,-1.716221,-1.943700,-0.638855
126.000000,-0.868550,-1.353835,-1.673818,-1.926600,-1.205667
127.000000,-0.961636,-1.304256,-1.648869,-1.902024,-1.373495
128.000000,-1.082753,-1.277921,-1.637884,-1.879507,-1.497299
129.000000,-1.252812,-1.220170,-1.610530,-1.861659,-1.424355
130.000000,-1.446551,-1.177350,-1.584913,-1.839768,-1.513778
131.000000,-1.463282,-1.155413,-1.537318,-1.796814,-1.240239
132.000000,-1.454369,-1.205675,-1.492152,-1.763557,-1.300016
133.000000,-1.416344,-1.258115,-1.461401,-1.730351,-1.298904
134.000000,-1.377480,-1.338473,-1.441043,-1.690196,-1.217390
135.000000,-1.257149,-1.394150,-1.413945,-1.649860,-0.906683
136.000000,-1.183541,-1.373571,-1.377737,-1.613623,-0.833166
137.000000,-1.135548,-1.351716,-1.337502,-1.589593,-1.058206
138.000000,-1.127567,-1.332909,-1.311891,-1.576964,-1.296534
139.000000,-1.133814,-1.320459,-1.270083,-1.554285,-1.259603
140.000000,-1.257434,-1.308844,-1.237934,-1.533059,-1.425052
141.000000,-1.422727,-1.341214,-1.235912,-1.504667,-1.480435
142.000000,-1.538453,-1.370478,-1.278563,-1.476059,-1.517761
143.000000,-1.535120,-1.376263,-1.314299,-1.452660,-1.251408
144.000000,-1.573960,-1.413194,-1.379784,-1.443344,-1.414604
145.000000,-1.562979,-1.495876,-1.446730,-1.436935,-1.357100
146.000000,-1.540242,-1.592063,-1.469951,-1.425078,-1.359108
147.000000,-1.460559,-1.626193,-1.471013,-1.398487,-1.150771
148.000000,-1.489394,-1.644382,-1.470164,-1.382183,-1.381779
149.000000,-1.482233,-1.661442,-1.474067,-1.354376,-1.434784
150.000000,-1.480670,-1.644951,-1.464778,-1.328794,-1.407751
151.000000,-1.436121,-1.595982,-1.466065,-1.319993,-1.204989
152.000000,-1.427828,-1.543459,-1.461524,-1.344031,-1.191071
153.000000,-1.362993,-1.520489,-1.455002,-1.367834,-1.151060
154.000000,-1.321758,-1.495789,-1.463958,-1.412781,-1.344845
155.000000,-1.363248,-1.509342,-1.514086,-1.467011,-1.795492
156.000000,-1.555075,-1.558343,-1.586718,-1.496714,-2.207054
157.000000,-1.842684,-1.667133,-1.656764,-1.526337,-2.494606
158.000000,-2.013627,-1.695006,-1.680029,-1.534587,-1.885730
159.000000,-2.048643,-1.696693,-1.689620,-1.539460,-1.598112
160.000000,-1.923275,-1.675942,-1.669159,-1.528054,-1.257567
161.000000,-1.695137,-1.664943,-1.634882,-1.526509,-1.044121
162.000000,-1.339747,-1.616485,-1.582279,-1.510437,-0.691300
163.000000,-1.138476,-1.589447,-1.556553,-1.498922,-0.886127
164.000000,-0.989534,-1.539500,-1.520106,-1.491447,-0.878104
165.000000,-0.960860,-1.482630,-1.500550,-1.509343,-1.147734
166.000000,-0.979988,-1.387773,-1.482093,-1.530735,-1.173950
167.000000,-1.061192,-1.241050,-1.473335,-1.535691,-1.070289
168.000000,-1.094661,-1.146518,-1.449013,-1.526346,-1.016647
169.000000,-1.103117,-1.064367,-1.418260,-1.514334,-0.836256
170.000000,-1.190135,-1.086394,-1.422690,-1.512658,-1.593603
171.000000,-1.273036,-1.136313,-1.443665,-1.507442,-1.563103
172.000000,-1.295109,-1.196771,-1.447950,-1.489596,-1.130539
173.000000,-1.349017,-1.245248,-1.458576,-1.486673,-1.224474
174.000000,-1.583390,-1.367733,-1.485365,-1.492799,-1.914398
175.000000,-1.628461,-1.447741,-1.485569,-1.498491,-1.791504
176.000000,-1.629990,-1.501440,-1.450564,-1.497648,-1.547918
177.000000,-1.406324,-1.407561,-1.322992,-1.467997,0.148148
178.000000,-1.053998,-1.271324,-1.209942,-1.417536,0.719555
179.000000,-0.226098,-1.032921,-1.064609,-1.340673,1.886302
180.000000,0.885696,-0.578216,-0.902494,-1.248380,2.466218
181.000000,1.923576,-0.073354,-0.751105,-1.170813,2.217260
182.000000,2.358453,0.439408,-0.621114,-1.094968,2.009534
183.000000,2.484163,0.999996,-0.476418,-1.029499,1.659139
184.000000,2.396988,1.782740,-0.288689,-0.941355,1.802854
185.000000,2.129990,2.408919,-0.054070,-0.837186,1.501908
186.000000,1.863949,2.718390,0.204530,-0.706622,1.227117
187.000000,1.598773,2.594781,0.464982,-0.540806,0.976747
188.000000,1.429005,2.414343,0.754295,-0.385539,0.972565
189.000000,1.192058,2.129971,1.008032,-0.238927,0.740457
190.000000,0.976874,1.807983,1.322698,-0.109787,0.526104
191.000000,0.827628,1.557520,1.616859,0.025007,0.557873
192.000000,0.730587,1.350405,1.817860,0.147994,0.541195
193.000000,0.579671,1.166666,1.934067,0.295459,0.286745
194.000000,0.437890,0.948011,2.046585,0.453794,0.092215
195.000000,0.300165,0.743438,2.074449,0.648554,-0.106917
196.000000,0.112808,0.548717,2.034366,0.833612,-0.304823
197.000000,-0.151990,0.340284,1.829497,0.953510,-0.670636
198.000000,-0.286062,0.175848,1.656339,1.106389,-0.319559
199.000000,-0.392987,0.031059,1.426138,1.200995,-0.387551
200.000000,-0.295235,0.008237,1.239753,1.473100,0.364934
201.000000,-0.098320,0.011536,1.103482,1.716226,0.629346
202.000000,0.109274,-0.030623,0.955593,1.799270,0.256715
203.000000,0.302728,-0.006008,0.865876,1.885196,0.542120
204.000000,0.660835,0.120290,0.814677,2.066593,1.212510
205.000000,0.798561,0.246853,0.766699,2.165340,0.969923
206.000000,0.800319,0.365783,0.711324,2.195351,0.523241
207.000000,0.912834,0.567233,0.676730,2.107639,0.471717
208.000000,1.056396,0.799082,0.673385,2.037323,0.950373
209.000000,0.784341,1.005742,0.643320,1.872669,0.187024
210.000000,0.512847,1.026212,0.622601,1.669758,0.015709
211.000000,0.122640,0.791294,0.491925,1.438254,-1.158113
212.000000,0.069155,0.806981,0.471192,1.299345,0.265093
213.000000,-0.327643,0.584691,0.394837,1.142113,-0.746934
214.000000,-0.569904,0.186029,0.336190,0.959315,-0.810665
215.000000,-0.601382,-0.018702,0.408903,0.834293,-0.028934
216.000000,-0.663660,-0.318067,0.352117,0.645545,-1.434248
217.000000,-1.122632,-0.644378,0.371388,0.457571,-1.548258
218.000000,-1.382685,-1.116383,0.188188,0.233391,-1.739959
219.000000,-1.704101,-1.538485,-0.177094,-0.013994,-2.060323
220.000000,-2.104145,-1.882767,-1.156515,-0.253740,-1.946879
221.000000,-2.166450,-2.005405,-2.361333,-0.524956,-1.929432
222.000000,-2.173377,-2.262702,-2.938158,-0.809098,-1.830234
223.000000,-2.176968,-2.351957,-3.242357,-1.088467,-1.960844
224.000000,-2.208134,-2.455823,-3.473068,-1.392799,-2.289738
225.000000,-2.196847,-2.543696,-3.414821,-1.631700,-2.051368
226.000000,-2.134689,-2.451882,-3.254738,-1.791830,-1.816641
227.000000,-2.106086,-2.374268,-3.113997,-1.891119,-1.852673
228.000000,-2.005109,-2.264883,-2.990787,-1.980586,-1.601986
229.000000,-1.822078,-2.132114,-2.811734,-2.019518,-1.442640
230.000000,-1.633568,-1.995285,-2.634097,-2.075819,-1.188553
231.000000,-1.552254,-1.911112,-2.470480,-2.149079,-1.458859
232.000000,-1.436699,-1.825135,-2.388694,-2.143870,-1.305884
233.000000,-1.404524,-1.754338,-2.293758,-2.161978,-1.456954
234.000000,-1.436770,-1.674078,-2.225847,-2.215928,-1.610497
235.000000,-1.535302,-1.624581,-2.198877,-2.241058,-1.697050
236.000000,-1.518937,-1.565499,-2.108521,-2.217136,-1.396037
237.000000,-1.520184,-1.500998,-2.024194,-2.190687,-1.315626
238.000000,-1.463733,-1.448162,-1.936265,-2.174079,-1.158178
239.000000,-1.384325,-1.421200,-1.852496,-2.138121,-1.206624
240.000000,-1.251224,-1.406355,-1.772581,-2.090287,-1.037767
241.000000,-1.176492,-1.364624,-1.700732,-2.016943,-1.030682
242.000000,-0.986571,-1.281732,-1.605537,-1.957280,-0.309227
243.000000,-0.679736,-1.119250,-1.480577,-1.853375,0.513877
244.000000,-0.313309,-0.924847,-1.345654,-1.760214,0.674322
245.000000,0.210136,-0.639174,-1.196131,-1.671430,1.616937
246.000000,0.991302,-0.282597,-1.027575,-1.536571,2.409163
247.000000,1.516785,0.064849,-0.879025,-1.430957,1.828422
248.000000,1.694278,0.366995,-0.769079,-1.352201,1.143317
249.000000,1.778118,0.703131,-0.669502,-1.273294,0.988481
250.000000,1.533491,0.981735,-0.604854,-1.217807,0.451033
251.000000,1.173009,1.324335,-0.494453,-1.150893,0.781200
252.000000,0.986389,1.563657,-0.366980,-1.077600,1.010526
253.000000,1.167809,1.776083,-0.138289,-0.958091,1.888537
254.000000,1.342268,1.903531,0.149800,-0.815634,1.723628
255.000000,1.593770,1.873555,0.509209,-0.668465,1.645958
256.000000,1.668138,1.689168,0.864088,-0.533682,1.279514
257.000000,1.713912,1.600342,1.260382,-0.368495,1.373358
258.000000,1.690560,1.657439,1.679803,-0.159003,1.779414
259.000000,1.641238,1.690170,2.019635,0.065172,1.526338
260.000000,1.537274,1.726902,2.210130,0.290829,1.206377
261.000000,1.492160,1.718202,2.307199,0.592243,1.126848
262.000000,1.506192,1.735402,2.306455,0.987900,1.464609
263.000000,1.449855,1.680584,2.226288,1.474756,1.509687
264.000000,1.485315,1.667611,2.158314,1.991932,1.700557
265.000000,1.591810,1.666031,2.057178,2.392940,1.740695
266.000000,1.726756,1.708151,1.941858,2.590641,1.813936
267.000000,1.771461,1.726340,1.869918,2.631840,1.699653
268.000000,1.769573,1.685171,1.831855,2.571693,1.504775
269.000000,1.747933,1.681575,1.814444,2.502004,1.589252
270.000000,1.649897,1.679073,1.803170,2.397508,1.230754
271.000000,1.538156,1.690992,1.784106,2.307984,1.239941
272.000000,1.516028,1.707017,1.781491,2.217987,1.604988
273.000000,1.551539,1.726973,1.750057,2.119429,1.670896
274.000000,1.472161,1.681831,1.706075,2.020182,1.208736
275.000000,1.448908,1.618094,1.664198,1.913930,1.115399
276.000000,1.427991,1.541408,1.644127,1.804627,1.180550
277.000000,1.414107,1.513335,1.639803,1.746628,1.553495
278.000000,1.352761,1.491927,1.608562,1.714525,1.396808
279.000000,1.333028,1.433664,1.580364,1.684315,1.144355
280.000000,1.299052,1.402929,1.565912,1.669673,0.981029
281.000000,1.265915,1.376143,1.560251,1.651859,1.010762
282.000000,1.114436,1.292023,1.529675,1.626858,0.786787
283.000000,0.970674,1.191525,1.494286,1.578748,0.699837
284.000000,0.927171,1.163777,1.457643,1.545595,0.970106
285.000000,0.959346,1.163048,1.424848,1.521733,1.161451
286.000000,1.028814,1.177461,1.393887,1.517455,1.384231
287.000000,1.146288,1.142585,1.367326,1.510045,1.345604
288.000000,1.205720,1.088137,1.336463,1.478475,0.893146
289.000000,1.402548,1.155162,1.336686,1.480783,1.898883
290.000000,1.575257,1.255497,1.363426,1.498980,1.954779
291.000000,1.739435,1.374296,1.395933,1.525570,2.161470
292.000000,1.999039,1.568528,1.420957,1.548646,2.521094
293.000000,2.266973,1.741958,1.424551,1.560814,2.038161
294.000000,2.303404,1.889517,1.462988,1.565645,2.065415
295.000000,2.113993,1.911823,1.471309,1.544892,1.104642
296.000000,1.788762,1.844838,1.459657,1.506597,0.611618
297.000000,1.380436,1.772273,1.418634,1.471321,0.565189
298.000000,1.246879,1.836863,1.425106,1.465729,1.374141
299.000000,1.143717,1.797086,1.463132,1.460243,1.578281
300.000000,1.207875,1.732175,1.505568,1.468434,1.386309
301.000000,1.428000,1.677830,1.557081,1.482476,1.618033
302.000000,1.624457,1.566864,1.616020,1.474785,1.498207
303.000000,1.593185,1.482326,1.665412,1.455660,1.267385
304.000000,1.468623,1.363639,1.680338,1.452280,1.013710
305.000000,1.223611,1.268479,1.640243,1.431951,0.182092
306.000000,0.920417,1.230018,1.585068,1.411887,0.129312
307.000000,0.693143,1.230316,1.547647,1.380277,0.457035
308.000000,0.445646,1.108514,1.524525,1.348797,0.177414
309.000000,0.423149,1.043919,1.478585,1.356556,0.982021
310.000000,0.695844,1.047278,1.453107,1.387282,1.401966
311.000000,0.833337,0.945600,1.383410,1.395331,0.710419
312.000000,0.976623,0.890257,1.306565,1.426523,1.071750
313.000000,1.081245,0.800130,1.229579,1.447307,0.450844
314.000000,1.084338,0.784504,1.165371,1.467711,0.898214
315.000000,0.925471,0.872917,1.156596,1.474462,0.677475
316.000000,1.070533,1.025824,1.204987,1.482717,1.177915
317.000000,1.191799,1.181744,1.272925,1.500955,1.453652
318.000000,1.608117,1.451153,1.295115,1.549728,1.733438
319.000000,1.768735,1.565628,1.281796,1.534835,1.198187
320.000000,2.244060,1.755002,1.333251,1.544715,2.230211
321.000000,2.469596,2.118007,1.367065,1.545400,2.151658
322.000000,2.382281,2.263348,1.382056,1.505333,1.653061
323.000000,2.231137,2.414796,1.413451,1.482080,1.528057
324.000000,2.219173,2.409372,1.469706,1.453238,1.577284
325.000000,1.987392,2.394510,1.598232,1.473449,1.466432
326.000000,1.969494,2.427214,1.784808,1.554094,2.244230
327.000000,1.931847,2.339262,1.901633,1.616317,1.684356
328.000000,2.053446,2.312778,2.080244,1.656766,2.211738
329.000000,2.143678,2.321147,2.158188,1.682170,2.097962
330.000000,2.368499,2.320112,2.234974,1.749254,2.607416
331.000000,2.321758,2.269746,2.308369,1.778861,2.187645
332.000000,2.524767,2.369456,2.392303,1.857664,2.755577
333.000000,2.577373,2.444805,2.471418,1.942937,2.584139
334.000000,2.617919,2.498335,2.497649,2.034352,2.509107
335.000000,2.508120,2.500987,2.489663,2.130585,2.207718
336.000000,2.473625,2.454540,2.461398,2.210013,2.204249
337.000000,2.328608,2.427592,2.413196,2.249715,2.048272
338.000000,2.174187,2.347787,2.346534,2.272437,1.823108
339.000000,2.084436,2.313797,2.323034,2.273844,2.036245
340.000000,2.007843,2.230148,2.261647,2.242665,1.845566
341.000000,1.883238,2.152775,2.191243,2.216192,1.599465
342.000000,1.706255,1.998426,2.113211,2.151492,1.181200
343.000000,1.546599,1.848124,2.039532,2.098081,1.010738
344.000000,1.417285,1.744932,2.001017,2.062224,1.360896
345.000000,1.325128,1.670151,1.971109,2.034616,1.381649
346.000000,1.252612,1.581101,1.917727,1.993718,1.243402
347.000000,1.345304,1.545326,1.906912,1.973893,1.630076
348.000000,1.387228,1.487019,1.859809,1.931639,1.213557
349.000000,1.321893,1.388288,1.809288,1.892513,1.024982
350.000000,1.264395,1.312501,1.751455,1.847315,1.087263
351.000000,1.179096,1.233060,1.693473,1.795209,0.793841
352.000000,1.100623,1.243762,1.641688,1.776404,1.272929
353.000000,1.098015,1.266956,1.589738,1.759444,1.213076
354.000000,1.138321,1.253608,1.537582,1.744851,1.224253
355.000000,1.109103,1.210210,1.482982,1.723158,0.913470
356.000000,1.100508,1.160291,1.416560,1.684039,0.645794
357.000000,0.947359,1.047493,1.349824,1.652667,0.437774
358.000000,0.796749,0.982435,1.294911,1.616932,0.433190
359.000000,0.672341,0.960219,1.235238,1.592539,0.729696
360.000000,0.676633,0.952879,1.192993,1.564992,1.098933
361.000000,0.721135,0.973360,1.156690,1.541606,0.861469
362.000000,0.650510,0.855240,1.121882,1.485616,-0.332480
363.000000,0.611849,0.746254,1.105484,1.435038,-0.067260
364.000000,0.365851,0.584903,1.054355,1.376824,-0.519306
365.000000,-0.279651,0.390766,0.980504,1.315808,-1.402273
366.000000,-1.139472,0.132383,0.893212,1.240671,-2.107490
367.000000,-1.658159,-0.156005,0.759079,1.167462,-1.972505
368.000000,-2.130776,-0.509298,0.652973,1.103271,-1.716156
369.000000,-1.992149,-0.787328,0.598194,1.044726,-0.227984
370.000000,-1.645258,-1.152396,0.525861,0.988813,-0.215595
371.000000,-1.420669,-1.567866,0.432397,0.921588,-1.250263
372.000000,-1.036673,-1.610780,0.287654,0.891736,-0.512918
373.000000,-0.470221,-1.534748,0.169323,0.893544,0.478341
374.000000,-0.085497,-1.256005,0.066007,0.887447,1.254745
375.000000,0.222625,-0.894408,-0.024385,0.870896,0.927094
376.000000,0.884770,-0.364912,-0.061629,0.870812,1.133932
377.000000,0.871153,-0.122622,-0.230182,0.779634,-0.528303
378.000000,-0.074538,-0.360703,-0.775766,0.631825,-2.693554
379.000000,-0.697645,-0.511509,-1.231175,0.547114,-0.948077
380.000000,-1.245206,-0.681967,-1.779954,0.427774,-1.038367
381.000000,-1.825649,-0.705059,-2.168146,0.308093,-1.201617
382.000000,-2.001138,-0.913390,-2.256015,0.041416,-1.475656
383.000000,-1.658451,-1.285996,-2.302929,-0.321142,-1.516443
384.000000,-1.646646,-1.655538,-2.193808,-0.766083,-1.005817
385.000000,-1.710794,-2.000790,-2.074703,-1.296092,-1.370181
386.000000,-1.550766,-2.186922,-1.821473,-1.731139,-0.560287
387.000000,-1.120649,-1.988450,-1.529093,-1.949170,0.224588
388.000000,-0.564578,-1.433966,-1.251565,-1.995418,0.612378
389.000000,-0.028581,-1.126486,-1.097972,-1.930359,1.007466
390.000000,0.510007,-0.889603,-1.013570,-1.923362,0.570452
391.000000,0.857231,-0.601709,-0.821502,-1.840650,0.648183
392.000000,0.853617,-0.297446,-0.773398,-1.698545,0.152735
393.000000,0.740840,0.077970,-0.844969,-1.610333,0.170644
394.000000,0.497679,0.374311,-1.023209,-1.503880,0.174886
395.000000,0.492609,0.884318,-1.126182,-1.309735,0.565320
396.000000,0.102439,0.877467,-1.441589,-1.190187,-0.713492
397.000000,-0.148051,0.648935,-1.509777,-1.080455,-0.732211
398.000000,-0.642538,0.107584,-1.343081,-1.074747,-1.524280
399.000000,-1.195395,-0.604887,-1.493731,-1.227307,-1.696170
400.000000,-1.870598,-1.258846,-1.682836,-1.408920,-1.948436
401.000000,-2.084614,-1.819679,-1.813793,-1.476020,-1.791774
402.000000,-1.852499,-1.806377,-1.599366,-1.438256,-0.224453
403.000000,-1.336164,-1.647317,-1.267159,-1.429110,0.451594
404.000000,-0.782990,-1.490580,-1.016752,-1.491867,0.597563
405.000000,-0.123087,-1.425274,-0.682362,-1.541970,0.671020
406.000000,0.475593,-1.246084,-0.576126,-1.685538,0.279444
407.000000,0.754561,-1.027065,-0.569817,-1.643733,0.638362
408.000000,0.958474,-0.508927,-0.503013,-1.275705,1.277597
409.000000,0.869318,-0.072190,-0.759262,-1.199442,0.357066
410.000000,0.710081,0.453694,-0.935170,-1.126061,0.163884
411.000000,0.802161,1.097721,-0.973858,-0.955686,0.665554
412.000000,0.749404,1.253651,-0.912108,-0.720936,0.442574
413.000000,0.386365,1.088578,-0.997122,-0.509001,-0.145875
414.000000,0.301573,0.928492,-1.030260,-0.337536,0.016700
415.000000,0.257713,0.764423,-1.177854,-0.068516,-0.028258
416.000000,0.262458,0.854971,-0.787438,0.172268,0.708199
417.000000,0.277152,0.835434,-0.455453,0.219671,0.514420
418.000000,0.545949,0.740827,0.223177,0.250437,0.889732
419.000000,0.633237,0.733742,0.889690,0.089853,0.380478
420.000000,0.790372,0.804295,1.735850,0.070621,0.598083
421.000000,0.526412,0.589075,2.284338,-0.154811,-0.379215
422.000000,0.105773,0.284713,2.083892,-0.425060,-1.130135
423.000000,-0.269909,0.224348,1.796955,-0.579477,-0.487187
424.000000,-0.810060,-0.088351,1.177200,-0.977711,-1.568084
425.000000,-1.358909,-0.389684,0.565881,-1.468578,-1.454099
426.000000,-1.636577,-0.892434,0.039297,-1.680252,-1.536966
427.000000,-2.051633,-1.660984,-1.025020,-2.229847,-2.685886
428.000000,-2.495223,-2.358895,-2.156715,-2.544672,-2.618416
429.000000,-2.514793,-2.634858,-2.636262,-2.564026,-2.132659
430.000000,-2.509189,-2.758002,-2.826229,-2.401282,-1.908915
431.000000,-2.668121,-2.853065,-3.117273,-2.474252,-2.634566
432.000000,-2.336429,-2.650069,-2.984335,-2.520628,-1.436049
433.000000,-2.040269,-2.541502,-2.809226,-2.618576,-1.431243
434.000000,-1.832713,-2.360232,-2.670484,-2.640830,-1.320187
435.000000,-1.813554,-2.299801,-2.633018,-2.711244,-1.874879
436.000000,-1.570535,-2.188078,-2.580870,-2.632718,-1.437461
437.000000,-1.621455,-2.039988,-2.544281,-2.612071,-1.689627
438.000000,-1.587710,-1.863786,-2.478954,-2.567072,-1.308437
439.000000,-1.612551,-1.768993,-2.409549,-2.488685,-1.479452
440.000000,-1.439236,-1.659951,-2.317054,-2.370651,-1.040301
441.000000,-1.308596,-1.471306,-2.186673,-2.278036,-0.800491
442.000000,-1.063238,-1.367828,-2.034073,-2.169905,-0.474228
443.000000,-0.799065,-1.220716,-1.898444,-2.028348,0.019534
444.000000,-0.363742,-1.027968,-1.712002,-1.880424,0.649160
445.000000,0.038652,-0.755967,-1.543706,-1.747486,0.871699
446.000000,0.436327,-0.508323,-1.386002,-1.655112,1.045814
447.000000,0.715230,-0.245889,-1.211960,-1.590335,0.776848
448.000000,0.907133,-0.007640,-1.041175,-1.546956,0.862559
449.000000,0.975537,0.281460,-0.894189,-1.491490,0.932518
450.000000,1.159387,0.621466,-0.718538,-1.411474,1.725734
451.000000,1.254806,0.924671,-0.500701,-1.323908,1.445402
452.000000,1.453565,1.217482,-0.327004,-1.206548,1.612540
453.000000,1.639475,1.458660,-0.126104,-1.111423,1.675592
454.000000,1.654209,1.532058,0.050886,-1.014773,1.067473
455.000000,1.670618,1.665683,0.378569,-0.864112,1.816483
456.000000,1.710713,1.743476,0.713724,-0.706104,1.681408
457.000000,1.596183,1.760655,1.072457,-0.502588,1.189887
458.000000,1.441542,1.724556,1.380468,-0.276757,1.019615
459.000000,1.513784,1.736580,1.743704,0.006611,1.491633
460.000000,1.439382,1.668585,2.001848,0.327548,1.467227
461.000000,1.411710,1.643079,2.154551,0.806431,1.549325
462.000000,1.457630,1.594779,2.203540,1.224745,1.433801
463.000000,1.442935,1.501633,2.139929,1.610402,0.998981
464.000000,1.360068,1.485740,2.036760,1.970409,1.104481
465.000000,1.183943,1.351776,1.890358,2.236016,0.598624
466.000000,1.127402,1.308990,1.803829,2.421080,1.283119
467.000000,1.153131,1.347602,1.766471,2.544086,1.602135
468.000000,1.205522,1.367380,1.711400,2.512163,1.247855
469.000000,1.237154,1.336488,1.662607,2.464588,1.238021
470.000000,1.203244,1.220665,1.539600,2.320543,0.136598
471.000000,0.911272,1.052145,1.427304,2.166065,-0.506554
472.000000,0.349176,0.839971,1.295730,2.000990,-1.332417
473.000000,-0.362362,0.628628,1.155844,1.825924,-1.889068
474.000000,-1.113645,0.406694,1.071953,1.665235,-1.362832
475.000000,-1.657387,0.180380,0.927127,1.503559,-1.756350
476.000000,-1.800854,-0.155437,0.809942,1.378222,-1.078056
477.000000,-1.856108,-0.705204,0.691886,1.263518,-1.646896
478.000000,-1.899671,-1.346094,0.548262,1.139823,-2.089645
479.000000,-1.952316,-1.919148,0.363882,1.036822,-1.703934
480.000000,-1.852791,-2.154635,0.160769,0.911061,-1.454765
481.000000,-1.762194,-2.132360,-0.047463,0.825621,-0.881435
482.000000,-1.561018,-1.988785,-0.284814,0.730309,-0.839977
483.000000,-1.296658,-1.811962,-0.523795,0.622590,-0.919145
484.000000,-1.004932,-1.643876,-0.780010,0.572036,-0.398777
485.000000,-0.677757,-1.395611,-0.949436,0.485341,0.010979
486.000000,-0.558860,-1.284779,-1.274431,0.369950,-0.348212
487.000000,-0.479038,-1.137714,-1.649303,0.266523,-0.483990
488.000000,-0.369437,-0.935424,-1.906982,0.161965,-0.436309
489.000000,-0.396672,-0.790295,-2.062997,-0.031564,-0.523399
490.000000,-0.560891,-0.698516,-2.038580,-0.298317,-0.732775
491.000000,-0.570852,-0.636293,-1.906917,-0.607154,-0.396585
492.000000,-0.659958,-0.639252,-1.779172,-1.025579,-0.907723
493.000000,-0.666927,-0.577206,-1.600254,-1.377088,-0.441685
494.000000,-0.615207,-0.562654,-1.467668,-1.734117,-0.249583
495.000000,-0.471556,-0.581545,-1.309000,-1.916328,-0.072190
496.000000,-0.231438,-0.464458,-1.156267,-2.035740,0.772706
497.000000,-0.104132,-0.462365,-1.059686,-2.209056,-0.467551
498.000000,-0.282871,-0.572620,-0.989522,-2.302689,-1.581500
499.000000,-0.521615,-0.670984,-0.942771,-2.320418,-1.622995
500.000000,-0.918094,-0.748099,-0.911101,-2.220106,-1.541712
501.000000,-2.045512,-1.009080,-0.982000,-2.142667,-2.359740
502.000000,-2.349672,-1.064544,-0.996438,-1.991368,-0.985292
503.000000,-1.834402,-1.105825,-0.948615,-1.803058,0.033088
504.000000,-1.344919,-1.202632,-0.965569,-1.675773,0.041811
505.000000,-0.349223,-1.028712,-0.911092,-1.458663,1.911809
506.000000,1.088287,-0.900890,-0.756742,-1.274715,2.326846
507.000000,2.287717,0.183236,-0.450371,-1.001697,2.937853
508.000000,2.650304,1.401488,-0.175734,-0.733655,2.007731
509.000000,2.922783,2.403671,0.259682,-0.451679,2.243954
510.000000,2.828309,3.019776,0.896527,-0.148906,2.262234
511.000000,2.757248,3.430653,1.649886,0.168115,2.461961
512.000000,2.422342,3.302740,2.307727,0.446901,1.748573
513.000000,2.460858,3.212046,2.822347,0.850809,2.397956
514.000000,2.410960,3.094766,3.014645,1.214040,2.211741
515.000000,2.313493,2.861520,3.013147,1.512192,1.990276
516.000000,2.098127,2.613535,2.810492,1.761761,1.562968
517.000000,1.946537,2.329868,2.687626,1.932059,1.197751
518.000000,1.732331,2.187757,2.656501,2.075345,1.349664
519.000000,1.557823,2.053519,2.603286,2.172560,1.353616
520.000000,1.474315,1.961687,2.569139,2.260043,1.565114
521.000000,1.593202,1.927203,2.610392,2.338875,2.067584
522.000000,1.767068,1.945569,2.583318,2.400363,2.029791
523.000000,1.907581,1.913568,2.530265,2.409715,2.049521
524.000000,2.028165,1.895308,2.482908,2.395806,2.021814
525.000000,2.034138,1.859165,2.376465,2.343566,1.726740
526.000000,1.856698,1.803444,2.242663,2.233365,1.264193
527.000000,1.658849,1.760048,2.098355,2.166094,1.064430
528.000000,1.336034,1.639585,1.955566,2.087266,0.402638
529.000000,1.008854,1.530236,1.826465,2.018774,0.350495
530.000000,0.694873,1.397784,1.703059,1.952855,0.159523
531.000000,0.306029,1.149718,1.539806,1.872509,-0.731666
532.000000,-0.116033,0.884519,1.407172,1.780793,-0.989415
533.000000,-0.538498,0.542924,1.228528,1.664373,-1.618264
534.000000,-1.103433,0.112875,1.035111,1.544670,-2.108034
535.000000,-1.538896,-0.288157,0.876441,1.432891,-1.578440
536.000000,-1.713253,-0.670418,0.738886,1.326419,-1.456363
537.000000,-1.755909,-1.041349,0.624659,1.214186,-1.242389
538.000000,-1.528398,-1.243568,0.534457,1.156636,-0.617239
539.000000,-1.172776,-1.410356,0.445664,1.099666,-0.463807
540.000000,-0.912018,-1.514370,0.337285,1.043574,-0.368080
541.000000,-0.727690,-1.496148,0.147727,0.959422,-0.608782
542.000000,-0.467173,-1.366002,-0.030987,0.928636,-0.062944
543.000000,-0.495556,-1.244646,-0.316038,0.818819,-0.745682
544.000000,-0.582235,-1.074900,-0.667797,0.692432,-0.855108
545.000000,-0.645393,-0.948292,-1.014263,0.572252,-0.660132
546.000000,-0.665862,-0.844642,-1.336163,0.456622,-0.703693
547.000000,-1.003948,-0.893902,-1.731818,0.266006,-1.583384
548.000000,-1.074238,-0.952659,-1.928215,0.071198,-1.073837
549.000000,-1.105312,-1.019984,-2.050014,-0.169687,-1.011205
550.000000,-1.217800,-1.123304,-2.110555,-0.537436,-1.209454
551.000000,-1.267448,-1.162504,-2.017259,-1.056021,-1.002844
552.000000,-1.125919,-1.253581,-1.899066,-1.655605,-0.944205
553.000000,-1.098331,-1.264178,-1.749320,-2.238219,-0.970428
554.000000,-1.083093,-1.258213,-1.582086,-2.622673,-0.945712
555.000000,-0.864762,-1.189238,-1.414912,-2.665696,-0.001045
556.000000,-0.671780,-1.122760,-1.274962,-2.569991,0.095515
557.000000,-0.371794,-0.910429,-1.138268,-2.408301,0.710004
558.000000,-0.043910,-0.787110,-1.079782,-2.220461,0.408134
559.000000,0.461648,-0.627744,-1.021756,-2.048924,0.936556
560.000000,0.667361,-0.435399,-0.997311,-1.915906,0.589244
561.000000,0.754014,-0.270402,-0.974561,-1.761569,0.147870
562.000000,0.648712,-0.034254,-1.000253,-1.618744,0.283917
563.000000,0.561269,0.293542,-0.971544,-1.464394,0.090688
564.000000,0.503565,0.838787,-0.889640,-1.268115,0.861172
565.000000,0.176663,0.791504,-0.896704,-1.174135,-0.711773
566.000000,0.087495,0.749662,-0.873461,-1.076512,-0.214427
567.000000,0.084384,0.613865,-0.707781,-0.979477,0.287490
568.000000,0.316454,0.701629,-0.552471,-0.911568,0.986156
569.000000,0.212407,0.573473,-0.415000,-0.877602,0.489694
570.000000,0.355640,0.411654,-0.256787,-0.879420,-0.181437
571.000000,0.425885,0.385945,-0.079173,-0.857196,0.036901
572.000000,0.397292,0.345342,0.152938,-0.887363,0.124775
573.000000,0.389505,0.499874,0.587254,-0.828060,1.044699
574.000000,0.600130,0.553598,1.203410,-0.743515,1.289744
575.000000,1.253805,1.092747,1.780912,-0.632749,2.087926
576.000000,1.725023,1.486626,2.269229,-0.514834,1.753833
577.000000,2.014825,1.709614,2.329990,-0.249758,1.666758
578.000000,2.073380,1.769174,2.361546,0.011970,1.696265
579.000000,1.910889,1.755312,2.140919,0.292126,0.926593
580.000000,1.686079,1.868477,2.061891,0.764933,1.216495
581.000000,1.485126,1.876125,2.014925,1.312963,0.830480
582.000000,1.127935,1.792533,1.872340,1.854800,-0.039588
583.000000,0.864685,1.703582,1.836528,2.355688,0.534073
584.000000,0.587376,1.516794,1.624985,2.464186,-0.519735
585.000000,0.088499,1.198439,1.598247,2.216790,-0.767731
586.000000,-0.739260,0.730509,1.399798,1.873909,-2.095342
587.000000,-1.347821,0.161052,1.145557,1.491746,-2.095194
588.000000,-2.151535,-0.638281,0.763251,1.148714,-2.478069
589.000000,-2.704877,-1.530954,0.326534,0.652216,-2.998894
590.000000,-2.945620,-2.322409,-0.047298,0.202330,-2.657143
591.000000,-2.775412,-2.676731,-0.392333,-0.141624,-2.044409
592.000000,-2.740989,-2.835030,-0.874795,-0.628511,-2.414515
593.000000,-2.642591,-2.924344,-1.483309,-1.117523,-2.315820
594.000000,-2.500247,-2.895636,-2.094583,-1.697481,-2.377439
595.000000,-2.330116,-2.786514,-2.578236,-1.950640,-1.973785
596.000000,-2.197332,-2.588014,-2.793787,-2.124688,-1.615866
597.000000,-2.082584,-2.474785,-2.890368,-2.331971,-1.879016
598.000000,-1.969219,-2.350020,-2.880810,-2.491836,-1.782247
599.000000,-1.816781,-2.190734,-2.776065,-2.525012,-1.632864
600.000000,-1.620006,-1.997859,-2.626988,-2.414999,-1.047523
601.000000,-1.514187,-1.878978,-2.498300,-2.341839,-1.116986
602.000000,-1.362250,-1.744020,-2.366324,-2.279495,-1.112221
603.000000,-1.241542,-1.629925,-2.282271,-2.258331,-1.169214
604.000000,-1.135169,-1.504614,-2.185220,-2.230865,-1.106320
605.000000,-1.021204,-1.351808,-2.056113,-2.171134,-0.486824
606.000000,-0.914908,-1.247756,-1.931252,-2.116050,-0.579179
607.000000,-0.869913,-1.151136,-1.845728,-2.086051,-0.896146
608.000000,-0.785702,-1.048520,-1.753067,-2.051109,-0.769997
609.000000,-0.715533,-0.960246,-1.651004,-2.001058,-0.799929
610.000000,-0.850703,-0.964409,-1.580149,-1.984020,-1.156943
611.000000,-1.051401,-0.997432,-1.553075,-1.978771,-1.577914
612.000000,-1.429552,-1.144063,-1.568479,-2.010281,-2.655125
613.000000,-1.703168,-1.225058,-1.546686,-2.015491,-1.950096
614.000000,-1.869618,-1.272463,-1.492620,-1.985153,-1.442390
615.000000,-1.777583,-1.314676,-1.415868,-1.921089,-0.424350
616.000000,-1.630824,-1.367143,-1.368214,-1.854031,-0.588774
617.000000,-1.164707,-1.377863,-1.303057,-1.791883,-0.476772
618.000000,-0.776784,-1.392865,-1.234275,-1.723055,-0.234490
619.000000,-0.546966,-1.438041,-1.185426,-1.652346,-0.584064
620.000000,-0.496222,-1.393755,-1.161931,-1.578075,-0.125994
621.000000,-0.508257,-1.335683,-1.155701,-1.535945,-0.642021
622.000000,-0.404900,-0.990322,-1.130521,-1.468010,-0.005347
623.000000,-0.244068,-0.657827,-1.083313,-1.391473,0.468800
624.000000,-0.270511,-0.518694,-1.086457,-1.335204,-0.720586
625.000000,-0.801125,-0.776522,-1.212343,-1.327334,-2.011376
626.000000,-1.269414,-1.077163,-1.357472,-1.342849,-2.172858
627.000000,-1.738101,-1.339339,-1.459214,-1.333221,-1.736094
628.000000,-2.087232,-1.539030,-1.545555,-1.311084,-1.266047
629.000000,-1.968434,-1.540949,-1.582639,-1.273344,-0.613013
630.000000,-1.708332,-1.682834,-1.613394,-1.285159,-1.035038
631.000000,-1.177160,-1.559092,-1.528927,-1.261188,-0.006869
632.000000,-0.654050,-1.469792,-1.282053,-1.226461,0.399381
633.000000,-0.355479,-1.526756,-1.134270,-1.205849,-0.084860
634.000000,-0.051648,-1.324602,-0.979999,-1.165759,0.574434
635.000000,0.070998,-1.141573,-1.043110,-1.221476,-0.657722
636.000000,-0.151861,-0.951066,-1.114683,-1.287224,-0.905312
637.000000,-0.390423,-0.740808,-1.159652,-1.316944,-0.424661
638.000000,-0.413537,-0.547007,-1.202667,-1.348876,-0.077118
639.000000,-0.705545,-0.500316,-1.228092,-1.391483,-0.181551
640.000000,-0.667457,-0.387542,-1.332171,-1.423432,-0.459864
641.000000,-0.171816,-0.291050,-1.270305,-1.368644,0.643037
642.000000,-0.149630,-0.554567,-1.351058,-1.230894,-0.432966
643.000000,-0.210003,-0.632258,-1.450010,-1.130061,-0.307785
644.000000,-0.347823,-1.019541,-1.444439,-1.085196,-0.679282
645.000000,-0.328082,-0.918332,-1.266645,-1.126373,-0.447130
646.000000,-0.139350,-0.277410,-0.873144,-1.045911,1.400550
647.000000,0.030935,-0.110480,-0.637829,-1.045103,0.130838
648.000000,0.227303,0.001541,-0.430187,-1.051524,0.360027
649.000000,0.936972,0.468506,-0.160550,-0.941553,1.619973
650.000000,1.902482,1.297965,0.399833,-0.779330,2.586279
651.000000,1.644514,1.237452,0.524889,-0.718134,0.563089
652.000000,1.666640,1.411247,0.533103,-0.746152,0.260766
653.000000,1.534377,1.525169,0.610525,-0.874733,-0.111639
654.000000,1.130146,1.847726,0.583780,-0.866420,0.163077
655.000000,0.425992,2.071862,0.971575,-0.621855,0.471607
656.000000,0.774007,2.063543,1.684894,-0.076698,1.857624
657.000000,1.030592,2.136861,1.971972,0.443751,1.232721
658.000000,1.272680,2.023693,1.967299,0.876585,0.588960
659.000000,1.353230,1.634601,1.911179,1.154908,0.153311
660.000000,1.450468,1.135175,1.975959,1.579320,0.514713
661.000000,0.743842,0.955434,1.709983,1.581492,-0.324564
662.000000,0.424595,0.966901,1.740961,1.568469,0.331643
663.000000,0.191452,1.004575,1.689142,1.595019,-0.097946
664.000000,-0.017363,0.907387,1.652273,1.381462,-0.483496
665.000000,-0.551756,0.607931,1.509239,1.347244,-1.133294
666.000000,-0.609298,0.089359,1.211818,1.438818,-0.538537
667.000000,-1.518987,-0.734998,0.868041,1.086414,-2.473820
668.000000,-1.812703,-1.126187,0.665044,0.888031,-1.195028
669.000000,-2.180568,-1.551297,0.187212,0.596332,-1.841237
670.000000,-2.336650,-1.990950,-0.511479,0.332776,-1.906778
671.000000,-2.484538,-2.161731,-0.887259,-0.186879,-1.721912
672.000000,-2.216241,-2.387631,-1.243466,-0.509360,-1.754525
673.000000,-2.323689,-2.530887,-1.624778,-0.951249,-2.019469
674.000000,-2.026388,-2.416035,-1.855511,-1.042106,-0.942810
675.000000,-1.721519,-2.226961,-2.053977,-1.144996,-0.772953
676.000000,-1.561902,-2.168785,-2.364681,-1.653814,-1.136612
677.000000,-1.348845,-1.899315,-2.435952,-1.820141,-0.892426
678.000000,-1.384172,-1.969747,-2.552370,-2.254871,-2.120135
679.000000,-1.579954,-1.922255,-2.529871,-2.631673,-1.823202
680.000000,-1.857330,-1.903010,-2.534080,-2.948468,-2.108260
681.000000,-2.040284,-1.909455,-2.479550,-2.895397,-2.115345
682.000000,-1.992863,-1.768405,-2.353640,-2.672723,-0.931651
683.000000,-1.657303,-1.581558,-2.208382,-2.453350,-0.642874
684.000000,-1.331864,-1.488384,-2.051346,-2.275721,-0.337388
685.000000,-0.910564,-1.397501,-1.880885,-2.130845,-0.077686
686.000000,-0.316845,-1.208286,-1.724367,-2.038310,0.651304
687.000000,0.066867,-1.040118,-1.499367,-1.921278,0.867258
688.000000,0.387327,-0.740992,-1.365227,-1.806883,0.780569
689.000000,0.786132,-0.388767,-1.176911,-1.657449,1.372410
690.000000,1.031641,-0.038697,-1.030065,-1.587004,0.840222
691.000000,0.997776,0.313125,-0.919523,-1.517029,0.411889
692.000000,1.091711,0.618073,-0.757911,-1.438453,1.242469
693.000000,1.247232,0.931341,-0.557989,-1.343445,1.403431
694.000000,1.042040,1.105287,-0.485858,-1.293300,0.466902
695.000000,1.035724,1.287290,-0.400162,-1.204506,0.785791
696.000000,1.138640,1.345157,-0.274039,-1.153520,0.805057
697.000000,0.958209,1.306085,-0.172648,-1.025624,0.522102
698.000000,0.720081,1.261754,0.077655,-0.967854,0.439726
699.000000,1.031017,1.309046,0.481359,-0.777174,1.751873
700.000000,1.157947,1.366934,0.927991,-0.591629,1.338535
701.000000,1.390107,1.542661,1.476212,-0.348398,1.767668
702.000000,1.564166,1.527645,1.797565,-0.096276,1.372682
703.000000,1.655361,1.441179,1.983202,0.196652,1.022821
704.000000,1.467024,1.471775,2.076815,0.425678,0.964389
705.000000,1.332462,1.439146,2.082772,0.666719,0.786540
706.000000,1.297765,1.525850,2.066970,1.121424,1.601885
707.000000,1.321180,1.617392,2.010800,1.608379,1.480674
708.000000,1.447355,1.727288,1.971825,2.280370,1.645808
709.000000,1.580345,1.695521,1.889659,2.692115,1.663730
710.000000,1.758954,1.715635,1.861988,2.853744,1.744417
711.000000,1.850240,1.728134,1.888670,2.895766,2.165931
712.000000,1.894473,1.730893,1.834139,2.733647,1.636980
713.000000,1.992026,1.819471,1.815737,2.608554,2.083434
714.000000,2.234509,1.997086,1.908195,2.531417,2.712670
715.000000,2.401607,2.178620,1.973169,2.446936,2.514624
716.000000,2.429300,2.251174,2.034004,2.345459,2.374965
717.000000,2.283091,2.194796,2.019019,2.196914,1.250311
718.000000,1.923494,2.025409,1.958339,2.042944,0.421720
719.000000,1.358085,1.798565,1.808583,1.867509,-0.159216
720.000000,0.777620,1.560768,1.684268,1.737474,-0.375344
721.000000,0.038506,1.234870,1.513425,1.616011,-1.017977
722.000000,-0.372567,1.022655,1.403319,1.507098,-0.559177
723.000000,-0.447668,0.847601,1.360089,1.439528,0.122294
724.000000,-0.504323,0.523913,1.295791,1.392580,-0.390487
725.000000,-0.563798,0.157240,1.235019,1.332408,-0.629110
726.000000,-0.437497,-0.220597,1.139222,1.289007,-0.476242
727.000000,-0.208855,-0.348528,1.115451,1.303218,0.492298
728.000000,-0.301159,-0.452291,1.037000,1.296772,-0.232806
729.000000,-0.114138,-0.393487,0.995867,1.270900,0.442323
730.000000,-0.053365,-0.408329,0.888540,1.226591,-0.439739
731.000000,0.000573,-0.299242,0.756559,1.168898,-0.300293
732.000000,-0.034546,-0.164344,0.706270,1.160509,0.389003
733.000000,0.206366,-0.086171,0.643844,1.188731,0.757461
734.000000,0.481376,0.217290,0.569598,1.265957,1.533176
735.000000,0.717448,0.423127,0.384714,1.312227,0.472013
736.000000,0.629567,0.418187,0.040480,1.256380,-0.706602
737.000000,0.434180,0.269507,-0.182357,1.227134,-0.410146
738.000000,0.061714,0.197520,-0.354427,1.166628,-0.681053
739.000000,-0.223318,0.207346,-0.305862,1.177429,0.478872
740.000000,-0.146600,0.438323,-0.153668,1.204343,0.745517
741.000000,0.162740,0.588067,0.149599,1.172038,0.461212
742.000000,0.127863,0.412546,0.215063,1.089320,-0.530968
743.000000,-0.275894,-0.154215,-0.392460,0.762329,-2.029502
744.000000,-0.879602,-0.787092,-0.894635,0.292857,-1.653123
745.000000,-1.485297,-1.152816,-1.227024,-0.254533,-1.456919
746.000000,-1.572816,-0.980312,-0.915764,-0.643914,0.372374
747.000000,-1.311654,-0.789572,-0.814498,-0.792852,0.900553
748.000000,-0.415683,-0.498145,-0.412831,-0.764468,1.027627
749.000000,0.795602,-0.274808,-0.009721,-0.517174,1.682925
750.000000,2.263030,0.275892,1.217697,0.016240,2.707699
751.000000,2.528695,0.734658,1.961458,0.589520,1.867359
752.000000,2.639975,1.504843,2.352884,1.132097,1.927076
753.000000,2.650024,2.467611,2.498399,1.511499,1.755098
754.000000,2.738876,3.102708,2.660491,2.141653,2.523648
755.000000,2.440041,3.193186,2.752707,2.517418,1.813609
756.000000,2.612798,3.201998,3.146869,2.916921,2.787440
757.000000,2.718708,3.148366,3.263954,3.012311,2.699570
758.000000,2.844732,3.112653,3.304496,3.107330,2.757539
759.000000,2.842036,3.047394,3.221256,3.100191,2.777650
760.000000,2.746024,2.814771,3.014076,2.998433,2.022595
761.000000,2.407990,2.601716,2.791510,2.815986,1.372543
762.000000,2.114239,2.424786,2.660805,2.638395,1.282342
763.000000,1.672861,2.201482,2.534308,2.407686,0.529484
764.000000,1.272238,2.003287,2.443999,2.231039,0.794366
765.000000,1.097464,1.921654,2.395726,2.164533,1.168119
766.000000,0.968693,1.733069,2.265652,2.105583,0.764542
767.000000,0.714582,1.479518,2.097383,1.988230,0.076723
768.000000,0.686459,1.253752,1.986516,1.925105,0.389260
769.000000,0.699641,1.055512,1.911724,1.875233,0.851990
770.000000,0.543889,0.882782,1.785445,1.796830,0.448982
771.000000,0.638203,0.865038,1.751326,1.789839,1.200737
772.000000,0.793838,0.808133,1.689199,1.778442,0.781848
773.000000,0.933784,0.866045,1.656429,1.821210,1.055981
774.000000,1.117964,0.969214,1.641399,1.887666,1.769175
775.000000,1.377788,1.016031,1.641616,1.932960,1.667283
776.000000,1.512102,1.131583,1.607460,1.946087,1.800674
777.000000,1.807157,1.363574,1.582733,1.962730,2.015685
778.000000,2.017059,1.553094,1.541443,1.973915,1.940511
779.000000,2.084676,1.708209,1.495474,1.979631,2.063569
780.000000,2.175155,1.926935,1.499391,1.967599,2.118252
781.000000,2.221463,2.050140,1.546656,1.971589,2.080771
782.000000,2.122799,2.163900,1.573910,1.953085,1.633454
783.000000,2.035547,2.219918,1.650945,1.938076,1.580522
784.000000,1.834099,2.129816,1.684844,1.886361,1.124495
785.000000,1.573684,2.027552,1.681139,1.843934,0.850774
786.000000,1.289377,1.902097,1.699219,1.772445,0.742472
787.000000,1.294057,1.858559,1.819319,1.739019,1.654714
788.000000,1.065757,1.690060,1.832616,1.650136,0.551051
789.000000,0.899865,1.489774,1.796717,1.545539,0.384636
790.000000,0.957979,1.367521,1.832786,1.501301,1.114180
791.000000,0.945942,1.199401,1.788834,1.468004,0.697995
792.000000,0.745164,1.088083,1.774278,1.441142,0.718705
793.000000,0.696519,0.942310,1.719591,1.435028,0.329590
794.000000,0.754889,0.887128,1.646341,1.434454,0.664556
795.000000,0.603682,0.836863,1.568604,1.408734,0.405711
796.000000,0.541317,0.799060,1.488187,1.403967,0.398139
797.000000,0.472633,0.653615,1.401355,1.434510,0.405828
798.000000,0.353549,0.571048,1.286202,1.429440,-0.397368
799.000000,0.109602,0.500140,1.158085,1.404644,-0.570313
800.000000,0.119115,0.426514,1.074128,1.440054,0.657854
801.000000,-0.080413,0.318169,0.940353,1.414944,-0.506164
802.000000,-0.350656,0.184849,0.831741,1.415680,-0.692510
803.000000,-0.598037,0.033025,0.692526,1.389866,-1.650817
804.000000,-0.693252,-0.159260,0.606553,1.344937,-0.848292
805.000000,-1.235078,-0.347372,0.541433,1.308740,-0.750528
806.000000,-1.104716,-0.487239,0.520559,1.288830,0.360567
807.000000,-0.651878,-0.586188,0.418596,1.265441,0.895854
808.000000,0.293704,-0.379524,0.446852,1.251338,1.248214
809.000000,1.133773,0.096679,0.531983,1.235355,1.693358
810.000000,1.789809,0.259756,0.521777,1.198155,1.531630
811.000000,2.128129,0.858183,0.593073,1.155429,1.777579
812.000000,2.203049,1.363323,0.658769,1.129311,1.456983
813.000000,2.330429,2.074344,0.870721,1.119982,1.948030
814.000000,2.273220,2.430459,1.051321,1.145747,1.777938
815.000000,2.196732,2.611869,1.349547,1.192261,1.629263
816.000000,2.119534,2.603299,1.769756,1.263159,1.778356
817.000000,2.305619,2.658998,2.261995,1.284775,2.515124
818.000000,2.373274,2.649739,2.782875,1.444625,2.484828
819.000000,2.356472,2.527149,3.014493,1.619618,2.074144
820.000000,2.534307,2.564602,3.015363,1.791194,2.729023
821.000000,2.531660,2.504496,2.998972,1.972429,2.216704
822.000000,2.431085,2.478230,2.942429,2.141286,2.176778
823.000000,2.298879,2.397799,2.883770,2.297672,1.959300
824.000000,2.219659,2.327862,2.770709,2.364927,1.835079
825.000000,1.969819,2.234820,2.635587,2.393305,1.491555
826.000000,1.808060,2.141635,2.487839,2.389319,1.427302
827.000000,1.728113,2.061970,2.388105,2.391152,1.747268
828.000000,1.633704,1.958707,2.276750,2.392961,1.496345
829.000000,1.457465,1.834637,2.134861,2.339437,0.969623
830.000000,1.330202,1.657370,2.019449,2.223603,0.862441
831.000000,1.181734,1.507976,1.908884,2.151246,0.667053
832.000000,0.953821,1.360423,1.823307,2.084251,0.615864
833.000000,0.751279,1.224807,1.734671,2.038009,0.513602
834.000000,0.739130,1.139187,1.685856,2.002673,0.959776
835.000000,0.763919,1.092322,1.649654,1.970474,1.034278
836.000000,0.928885,1.091547,1.634457,1.940826,1.510418
837.000000,1.105794,1.043467,1.595911,1.901908,1.430911
838.000000,1.297376,1.015327,1.551900,1.858978,1.355157
839.000000,1.446064,1.080634,1.534726,1.825141,1.637810
840.000000,1.510090,1.135654,1.471096,1.788757,1.304907
841.000000,1.470953,1.220815,1.427116,1.755702,1.305666
842.000000,1.466428,1.325591,1.385268,1.736399,1.395108
843.000000,1.507824,1.457896,1.358179,1.716285,1.543037
844.000000,1.531730,1.556744,1.345834,1.707854,1.769682
845.000000,1.497425,1.580300,1.326083,1.682981,1.037818
846.000000,1.480763,1.554366,1.314082,1.658546,1.107554
847.000000,1.497952,1.565567,1.290150,1.628234,1.419542
848.000000,1.409639,1.558059,1.271526,1.588294,1.065684
849.000000,1.261822,1.519222,1.297439,1.560434,1.122069
850.000000,0.980885,1.385955,1.282027,1.476616,-0.398306
851.000000,0.499426,1.167956,1.255459,1.393072,-1.148810
852.000000,0.237129,1.062228,1.290432,1.339482,0.331660
853.000000,-0.170890,0.806595,1.291576,1.270130,-0.644343
854.000000,-0.705686,0.415115,1.227749,1.191358,-1.142584
855.000000,-0.714602,0.213368,1.188468,1.145520,-0.420206
856.000000,-0.106588,0.247042,1.198495,1.148225,1.407806
857.000000,0.123985,0.216908,1.202923,1.124543,1.230850
858.000000,0.427118,0.148258,1.172304,1.094643,0.585017
859.000000,1.196581,0.293598,1.201282,1.142368,1.923830
860.000000,1.615801,0.586597,1.234957,1.187553,1.432058
861.000000,2.012618,1.284986,1.412010,1.316857,2.941967
862.000000,2.142361,1.564573,1.500531,1.415105,1.848447
863.000000,2.587148,2.103481,1.668621,1.565449,2.628794
864.000000,2.710524,2.612303,1.835278,1.698181,2.602026
865.000000,2.763855,2.810980,2.022760,1.804347,2.128336
866.000000,2.443845,2.706058,2.133326,1.855012,1.750031
867.000000,2.299943,2.604677,2.165678,1.890272,1.494653
868.000000,2.102822,2.608664,2.241693,1.943384,1.759472
869.000000,1.919341,2.491144,2.286228,1.971328,1.763702
870.000000,1.823931,2.421558,2.393505,2.008828,1.711951
871.000000,1.835581,2.257803,2.509607,2.047712,1.842131
872.000000,1.845768,2.178744,2.488393,2.055741,1.640205
873.000000,1.751951,2.017803,2.472576,2.029052,1.385316
874.000000,1.769512,1.932335,2.507466,2.025765,1.853384
875.000000,1.682435,1.827889,2.444843,2.010666,1.347754
876.000000,1.664592,1.815145,2.362318,2.021944,1.745566
877.000000,1.589153,1.770393,2.264900,1.985629,1.311856
878.000000,1.561717,1.706633,2.204000,1.961393,1.296212
879.000000,1.452436,1.650006,2.111665,1.938162,1.316632
880.000000,1.425573,1.591823,2.043384,1.948274,1.238761
881.000000,1.299772,1.513469,1.927375,1.964644,1.142908
882.000000,1.287735,1.469553,1.869551,1.951189,1.270003
883.000000,1.284455,1.452800,1.792001,1.959842,1.296478
884.000000,1.265145,1.383931,1.712633,1.971909,1.228755
885.000000,1.334455,1.398931,1.673449,1.981741,1.619887
886.000000,1.456538,1.384981,1.657667,1.959694,1.754705
887.000000,1.524192,1.404049,1.643902,1.937629,1.573037
888.000000,1.457478,1.367353,1.587947,1.905540,0.846872
889.000000,1.167242,1.227943,1.484279,1.810535,-0.517662
890.000000,0.982476,1.189621,1.433954,1.772186,0.650983
891.000000,0.757678,1.172131,1.382798,1.705331,0.799044
892.000000,0.689761,1.196393,1.367139,1.685680,1.513765
893.000000,0.824530,1.218161,1.365300,1.645749,1.484831
894.000000,1.254781,1.224576,1.326172,1.595826,1.184172
895.000000,1.378303,1.173176,1.316315,1.557599,1.148491
896.000000,1.406263,1.065693,1.269422,1.523960,0.839700
897.000000,1.244865,0.965058,1.249221,1.497427,0.720818
898.000000,1.108415,0.983130,1.235905,1.466344,0.844178
899.000000,0.996450,1.179391,1.215468,1.431598,0.612406
900.000000,0.976450,1.250722,1.216239,1.407617,1.042710
901.000000,0.966381,1.274154,1.213861,1.371191,0.686573
902.000000,1.025044,1.209090,1.207352,1.346001,0.841939
903.000000,1.106870,1.166556,1.207316,1.337069,1.057197
904.000000,1.364293,1.216472,1.230095,1.314034,1.481322
905.000000,1.351240,1.214109,1.195551,1.305016,0.865324
906.000000,1.268382,1.187485,1.115425,1.261180,0.238133
907.000000,1.232931,1.224623,1.061904,1.249990,0.606307
908.000000,1.195749,1.275500,1.092144,1.246456,0.864147
909.000000,0.936425,1.329953,1.243816,1.237373,0.558053
910.000000,0.051135,0.907715,1.154922,1.176819,-2.058250
911.000000,-0.836808,0.440124,1.031431,1.113256,-2.206875
912.000000,-1.902940,-0.201140,0.807166,1.031373,-2.136483
913.000000,-2.798934,-1.059080,0.529066,0.930745,-2.146454
914.000000,-2.939663,-1.826311,0.322783,0.861948,-1.146352
915.000000,-2.443725,-2.250088,0.085232,0.754098,-0.983353
916.000000,-2.078764,-2.436548,-0.184117,0.599361,-1.189453
917.000000,-1.628060,-2.432320,-0.388615,0.466639,-0.565346
918.000000,-1.351975,-2.538552,-0.727995,0.354562,-1.183830
919.000000,-1.291018,-2.528363,-1.057833,0.376184,-1.120108
920.000000,-1.312072,-2.242528,-1.499541,0.262620,-1.267236
921.000000,-1.104026,-1.882814,-1.746156,0.169793,-0.453713
922.000000,-1.156574,-1.634888,-2.007344,-0.071301,-0.891733
923.000000,-0.931595,-1.326473,-2.104476,-0.317769,-0.347801
924.000000,-0.658380,-1.123535,-2.145564,-0.534087,0.089065
925.000000,-0.345034,-0.952220,-2.073789,-0.784878,0.120200
926.000000,-0.258587,-0.783035,-1.967831,-1.032253,-0.066058
927.000000,-0.035640,-0.691133,-1.894198,-1.233795,0.057872
928.000000,0.089354,-0.497492,-1.837829,-1.407231,0.187674
929.000000,-0.407878,-0.614695,-1.964772,-1.806416,-1.957534
930.000000,-1.048336,-0.789565,-1.928755,-2.214998,-2.340401
931.000000,-2.192828,-1.449761,-2.115333,-2.718841,-3.714488
932.000000,-2.898372,-1.932999,-2.216774,-2.925374,-2.964559
933.000000,-3.218013,-2.349173,-2.266900,-2.978000,-2.608835
934.000000,-3.095856,-2.640315,-2.343221,-2.960223,-2.309906
935.000000,-2.864586,-2.741682,-2.350380,-2.841521,-1.840175
936.000000,-2.593623,-2.864627,-2.410042,-2.784108,-2.372115
937.000000,-2.365792,-2.867368,-2.430997,-2.704196,-1.954998
938.000000,-2.083536,-2.770847,-2.347710,-2.588400,-1.334828
939.000000,-1.851685,-2.580556,-2.288863,-2.480640,-1.212518
940.000000,-1.729728,-2.414002,-2.240969,-2.337452,-1.279415
941.000000,-1.426684,-2.119763,-2.196333,-2.194532,-0.939383
942.000000,-1.126184,-1.852491,-2.103517,-2.050515,-0.556367
943.000000,-1.077076,-1.689491,-2.087087,-1.966583,-1.105566
944.000000,-1.093494,-1.578188,-2.096554,-1.935152,-1.277566
945.000000,-1.113903,-1.525102,-2.106331,-1.917113,-1.360506
946.000000,-1.280563,-1.455400,-2.132160,-1.918339,-1.698456
947.000000,-1.502945,-1.422168,-2.148517,-1.929591,-1.645047
948.000000,-1.595634,-1.447983,-2.154711,-1.920921,-1.578285
949.000000,-1.632097,-1.474721,-2.101913,-1.915510,-1.492317
950.000000,-1.627252,-1.480378,-2.036926,-1.901709,-1.380273
951.000000,-1.554596,-1.517027,-1.921353,-1.904834,-1.359461
952.000000,-1.482408,-1.581528,-1.828766,-1.895178,-1.303031
953.000000,-1.452415,-1.607573,-1.760916,-1.902928,-1.437827
954.000000,-1.510226,-1.654395,-1.729431,-1.933991,-1.777600
955.000000,-1.668575,-1.732012,-1.743018,-1.978920,-2.130275
956.000000,-1.702881,-1.707454,-1.688395,-1.982810,-1.511260
957.000000,-1.610115,-1.615504,-1.611904,-1.954022,-0.734850
958.000000,-1.458311,-1.518337,-1.560432,-1.923487,-0.468784
959.000000,-1.271493,-1.460798,-1.532868,-1.878625,-0.756881
960.000000,-0.876867,-1.386084,-1.488241,-1.819561,-0.308360
961.000000,-0.589889,-1.310232,-1.465093,-1.727108,-0.331770
962.000000,-0.519845,-1.247292,-1.469831,-1.652389,-0.460011
963.000000,-0.652066,-1.214655,-1.473141,-1.603024,-1.077225
964.000000,-0.786861,-1.153202,-1.480209,-1.569460,-1.366050
965.000000,-1.058512,-1.036510,-1.489640,-1.554778,-1.497899
966.000000,-1.353548,-1.030095,-1.484438,-1.523129,-1.635948
967.000000,-1.565018,-1.129655,-1.473414,-1.499657,-1.469312
968.000000,-1.553425,-1.216296,-1.448028,-1.487030,-1.087332
969.000000,-1.518551,-1.280106,-1.436821,-1.484361,-1.240310
970.000000,-1.412381,-1.364599,-1.423643,-1.473442,-1.018704
971.000000,-1.048827,-1.316513,-1.357516,-1.443571,0.174483
972.000000,-0.920925,-1.374176,-1.348749,-1.463279,-0.884411
973.000000,-1.475389,-1.660295,-1.467214,-1.543216,-3.366704
974.000000,-1.989190,-1.890832,-1.555389,-1.612494,-2.925381
975.000000,-2.634158,-2.155211,-1.649105,-1.698126,-3.071402
976.000000,-2.895599,-2.160718,-1.678904,-1.702459,-1.507774
977.000000,-2.957270,-2.266277,-1.814098,-1.734237,-2.042336
978.000000,-2.645366,-2.405492,-1.960924,-1.775243,-2.122985
979.000000,-2.373603,-2.445917,-2.041308,-1.804479,-1.811815
980.000000,-2.043312,-2.458864,-2.111165,-1.828959,-1.629199
981.000000,-1.984585,-2.506897,-2.146436,-1.840241,-1.406885
982.000000,-1.796176,-2.426709,-2.150839,-1.843044,-1.230188
983.000000,-1.535724,-2.147324,-2.099050,-1.820864,-0.935338
984.000000,-1.365613,-1.935259,-2.044315,-1.784774,-1.039327
985.000000,-1.294982,-1.739334,-2.004173,-1.741907,-1.317245
986.000000,-1.258057,-1.692064,-1.955605,-1.725053,-1.252725
987.000000,-1.261923,-1.599849,-1.921841,-1.742864,-1.271193
988.000000,-1.343903,-1.511762,-1.915307,-1.770980,-1.368173
989.000000,-1.326855,-1.414792,-1.876780,-1.764763,-1.005881
990.000000,-1.179763,-1.295916,-1.826125,-1.751094,-0.599233
991.000000,-0.912985,-1.133357,-1.782540,-1.708032,0.124949
992.000000,-0.679980,-1.020235,-1.724282,-1.680018,-0.108457
993.000000,-0.418821,-0.950962,-1.587430,-1.643981,-0.193959
994.000000,-0.330002,-0.920525,-1.492104,-1.624865,-0.719050
995.000000,-0.390169,-0.878664,-1.388538,-1.612246,-0.939220
996.000000,-0.604414,-0.823525,-1.353289,-1.589995,-0.740742
997.000000,-0.872117,-0.809593,-1.312236,-1.592903,-1.216822
998.000000,-1.136151,-0.784187,-1.264577,-1.610369,-1.267339
999.000000,-1.227478,-0.788967,-1.221855,-1.615370,-1.040297
1000.000000,-1.259044,-0.854803,-1.186370,-1.626474,-0.983020
1001.000000,-1.390559,-1.056251,-1.168938,-1.674215,-1.154646
1002.000000,-1.499237,-1.272857,-1.174074,-1.697807,-1.575756
1003.000000,-1.536852,-1.471984,-1.191764,-1.638064,-1.203643
1004.000000,-1.644588,-1.596982,-1.204919,-1.582333,-1.188629
1005.000000,-1.545904,-1.614401,-1.177197,-1.492574,-0.638476
1006.000000,-1.424030,-1.713994,-1.167070,-1.472105,-0.867011
1007.000000,-1.149971,-1.678896,-1.143139,-1.419426,-0.570280
1008.000000,-0.908020,-1.560003,-1.091109,-1.351004,-0.304187
1009.000000,-0.579938,-1.406351,-1.058415,-1.286002,0.068135
1010.000000,-0.256996,-1.140445,-1.042623,-1.214421,0.640626
1011.000000,0.049564,-0.872189,-1.127396,-1.159780,0.361118
1012.000000,0.516729,-0.413441,-1.131733,-1.091323,1.276658
1013.000000,0.883878,-0.025462,-1.133764,-1.044900,1.156637
1014.000000,1.068528,0.318780,-1.086981,-1.000985,0.804925
1015.000000,1.165952,0.621740,-0.975113,-0.927050,1.044000
1016.000000,1.258192,0.907994,-0.893081,-0.858424,0.790673
1017.000000,1.143267,1.144933,-0.682041,-0.773708,0.880204
1018.000000,1.000641,1.274035,-0.426529,-0.673178,0.621677
1019.000000,0.782215,1.220232,-0.252636,-0.624531,-0.089282
1020.000000,0.483931,1.067932,-0.081133,-0.620334,-0.199832
1021.000000,0.268133,0.987607,0.115628,-0.698597,-0.125242
1022.000000,-0.040379,0.726038,0.309173,-0.777536,-0.474945
1023.000000,-0.336729,0.462402,0.448208,-0.873205,-0.686636
1024.000000,-0.466149,0.254942,0.616176,-0.918750,-0.643073
1025.000000,-0.491415,0.047766,0.768082,-0.922599,-0.268291
1026.000000,-0.484955,-0.097988,0.998149,-0.957873,-0.072149
1027.000000,-0.237592,-0.173528,1.281482,-0.850136,0.615010
1028.000000,-0.003781,-0.237441,1.455135,-0.697482,0.378784
1029.000000,0.252448,-0.155516,1.545231,-0.510016,0.524816
1030.000000,0.397844,-0.071359,1.460731,-0.236830,0.381767
1031.000000,-0.155123,-0.394647,0.932475,-0.434906,-2.470093
1032.000000,-0.318823,-0.330538,0.625953,0.045529,-0.033928
1033.000000,-0.421284,-0.237480,0.359475,0.509027,0.015051
1034.000000,-0.560541,-0.142889,0.184982,1.014062,0.061262
1035.000000,-0.629790,-0.076188,-0.023315,1.357216,0.234743
1036.000000,-0.225344,-0.234163,-0.399976,1.353074,-1.153541
1037.000000,-0.676453,-0.615482,-0.886830,1.115161,-1.628881
1038.000000,-1.142205,-0.984888,-1.280864,0.809251,-1.537010
1039.000000,-1.607728,-1.411820,-1.499009,0.343316,-1.604635
1040.000000,-2.031179,-1.779920,-1.679130,-0.356647,-1.646153
1041.000000,-2.015957,-1.565833,-1.843761,-0.896746,-1.437868
1042.000000,-1.925312,-1.762800,-1.940049,-1.701102,-1.521561
1043.000000,-1.821468,-1.869677,-1.953765,-2.214501,-1.266922
1044.000000,-1.551891,-1.845656,-1.852764,-2.322763,-0.482117
1045.000000,-1.360923,-1.892131,-1.831916,-2.474767,-0.808807
1046.000000,-1.040483,-1.690812,-1.731793,-2.402704,0.041294
1047.000000,-0.805997,-1.543537,-1.769264,-2.431283,-0.533017
1048.000000,-0.719841,-1.480888,-1.800950,-2.456437,-0.958991
1049.000000,-0.964224,-1.457278,-1.865143,-2.394002,-1.303346
1050.000000,-1.070946,-1.400476,-1.887302,-2.297687,-1.109320
1051.000000,-1.446161,-1.385087,-1.656419,-2.208191,-1.143002
1052.000000,-1.786948,-1.436733,-1.734215,-2.140902,-1.763198
1053.000000,-1.974213,-1.534562,-1.815135,-2.071151,-1.800392
1054.000000,-2.032537,-1.745985,-1.889691,-2.014763,-1.736657
1055.000000,-2.125297,-1.879859,-1.969599,-1.999250,-1.754482
1056.000000,-2.173543,-2.088897,-1.953736,-1.992975,-1.687725
1057.000000,-1.936085,-2.072207,-1.868832,-1.980021,-1.012245
1058.000000,-1.771623,-2.032404,-1.822222,-1.964579,-1.206830
1059.000000,-1.591104,-1.933791,-1.764772,-1.944352,-0.970942
1060.000000,-1.386179,-1.856073,-1.701379,-1.913031,-0.826721
1061.000000,-0.987930,-1.680667,-1.594671,-1.698241,-0.057485
1062.000000,-0.707070,-1.435419,-1.472859,-1.637303,0.208680
1063.000000,-0.236508,-1.139409,-1.342276,-1.568786,0.832370
1064.000000,0.255333,-0.822138,-1.264364,-1.508926,1.174246
1065.000000,0.796123,-0.443500,-1.150389,-1.461172,1.597110
1066.000000,1.329320,0.061524,-1.061833,-1.339164,2.105603
1067.000000,1.823225,0.550616,-0.905407,-1.191402,2.168725
1068.000000,1.842581,0.960140,-0.790941,-1.101218,1.024368
1069.000000,1.822767,1.361754,-0.616330,-0.988281,1.286356
1070.000000,1.801143,1.733730,-0.408033,-0.840131,1.592430
1071.000000,1.703228,1.966778,-0.160158,-0.680918,1.656399
1072.000000,1.521507,2.050052,0.154293,-0.510937,1.352945
1073.000000,1.630981,2.059811,0.554698,-0.313349,1.603479
1074.000000,1.750444,2.073402,1.047846,-0.120252,1.895596
1075.000000,1.717504,2.002632,1.524434,0.100445,1.516173
1076.000000,1.625013,1.867973,1.947704,0.255666,1.296722
1077.000000,1.675429,1.788927,2.248267,0.544033,1.652489
1078.000000,1.656447,1.809307,2.446298,0.901507,1.559000
1079.000000,1.505507,1.758163,2.474948,1.269789,1.209214
1080.000000,1.499975,1.725924,2.474941,1.670303,1.521092
1081.000000,1.513917,1.676412,2.396232,2.008039,1.408593
1082.000000,1.415568,1.628856,2.282429,2.278033,1.188993
1083.000000,1.336303,1.561601,2.154471,2.442529,1.182680
1084.000000,1.274173,1.443954,2.018519,2.482083,0.915739
1085.000000,1.061999,1.319841,1.866810,2.429973,0.428810
1086.000000,0.947617,1.268242,1.747216,2.395314,0.852157
1087.000000,0.911643,1.203074,1.649037,2.318351,1.050083
1088.000000,0.898645,1.158485,1.618094,2.266999,1.198142
1089.000000,0.877917,1.118639,1.560584,2.187014,0.791455
1090.000000,1.054822,1.073145,1.511890,2.131811,1.230372
1091.000000,1.219777,1.071722,1.479619,2.062634,1.685594
1092.000000,1.214889,1.042676,1.434287,1.972074,0.874157
1093.000000,1.258801,1.049239,1.395162,1.893833,1.381116
1094.000000,1.382297,1.085875,1.336544,1.818550,1.182002
1095.000000,1.177978,1.120921,1.267700,1.725087,0.037553
1096.000000,0.713273,1.045112,1.202784,1.617170,-0.497827
1097.000000,0.310643,0.877283,1.101169,1.503358,-0.999961
1098.000000,0.059484,0.800811,1.048946,1.471334,0.471812
1099.000000,-0.138602,0.804114,1.026064,1.437197,0.621040
1100.000000,-0.041966,0.731581,0.975723,1.393171,0.570749
1101.000000,0.720309,0.776492,0.990816,1.384203,2.485659
1102.000000,1.519010,0.861119,0.996010,1.366981,1.388038
1103.000000,1.745701,0.808651,0.988190,1.330635,0.889495
1104.000000,1.963479,0.836536,1.024732,1.288289,1.249952
1105.000000,2.127685,1.098415,1.123350,1.263840,1.169341
1106.000000,1.667662,1.495266,1.174741,1.251648,0.915985
1107.000000,1.502028,2.063631,1.205802,1.219530,0.840368
1108.000000,1.801373,2.437081,1.285730,1.218098,1.971925
1109.000000,1.834676,2.593148,1.398825,1.230589,1.440485
1110.000000,2.280133,2.893455,1.571284,1.264653,2.757381
1111.000000,2.570938,2.732107,1.676565,1.306422,2.386534
1112.000000,2.800453,2.761018,1.888374,1.382214,2.462729
1113.000000,2.679113,2.742768,1.993421,1.451162,2.063833
1114.000000,2.763027,2.761810,2.158848,1.577764,2.466758
1115.000000,2.556785,2.717768,2.352497,1.735737,2.131716
1116.000000,2.319350,2.604476,2.466157,1.817716,1.541171
1117.000000,2.339106,2.668902,2.678464,1.951081,2.557402
1118.000000,2.313379,2.577259,2.664410,2.028172,2.093646
1119.000000,2.140457,2.488221,2.591236,2.091124,1.743260
1120.000000,2.013074,2.317803,2.509508,2.099437,1.600097
1121.000000,1.920967,2.153530,2.335270,2.047942,1.254017
1122.000000,1.702238,2.031172,2.254087,2.051464,1.468656
1123.000000,1.673015,2.006173,2.239959,2.062460,1.910057
1124.000000,1.702076,1.944337,2.212752,2.073465,1.866303
1125.000000,1.665768,1.864900,2.157186,2.085907,1.468168
1126.000000,1.732597,1.857238,2.129015,2.118776,1.643269
1127.000000,1.739393,1.754875,2.099462,2.149254,1.565262
1128.000000,1.645797,1.683962,2.041092,2.123028,1.464818
1129.000000,1.477060,1.602223,1.975570,2.069287,1.029428
1130.000000,1.436693,1.561485,1.898759,2.034812,1.258981
1131.000000,1.224081,1.491820,1.799904,1.934495,0.591953
1132.000000,0.868515,1.331890,1.663711,1.831251,-0.241031
1133.000000,0.671545,1.202313,1.592658,1.785584,0.519075
1134.000000,0.478125,1.032069,1.488466,1.723543,0.070257
1135.000000,0.026895,0.814005,1.357683,1.635189,-0.938771
1136.000000,-0.379970,0.526721,1.242142,1.550311,-1.355411
1137.000000,-0.585522,0.245154,1.091545,1.486343,-1.221281
1138.000000,-0.912424,-0.010594,0.979661,1.427661,-0.765160
1139.000000,-1.102363,-0.208611,0.895089,1.394130,-0.529307
1140.000000,-1.159359,-0.525746,0.788301,1.316899,-1.131516
1141.000000,-0.910753,-0.685633,0.738180,1.276732,-0.219905
1142.000000,-0.764185,-0.766580,0.650776,1.219713,-0.605113
1143.000000,-0.599280,-0.916894,0.543043,1.192030,-0.024826
1144.000000,-0.517405,-1.008034,0.408342,1.140608,-0.159855
1145.000000,-0.254936,-0.907593,0.294640,1.100914,-0.050443
1146.000000,-0.224629,-0.728497,0.135374,1.083682,-0.086053
1147.000000,-0.150860,-0.587208,-0.062343,1.000965,-0.316425
1148.000000,-0.360801,-0.600585,-0.337530,0.905015,-0.912500
1149.000000,-0.265177,-0.488236,-0.505286,0.866025,0.240264
1150.000000,-0.197103,-0.279960,-0.737878,0.830176,0.235806
1151.000000,0.139388,-0.052977,-0.789163,0.874111,1.298009
1152.000000,0.576140,0.263771,-0.657908,0.919392,1.447308
1153.000000,1.182590,0.524418,-0.598729,0.936306,1.623545
1154.000000,1.585094,0.866090,-0.332576,0.984195,1.976353
1155.000000,1.954947,1.200650,0.240798,1.110564,2.014914
1156.000000,1.851608,1.357721,0.736775,1.117755,1.019783
1157.000000,1.751146,1.536190,1.174953,1.127490,1.074448
1158.000000,1.516228,1.690768,1.381735,1.063942,0.574664
1159.000000,1.119626,1.635992,1.448321,1.001854,0.163065
1160.000000,0.469195,1.458013,1.438178,0.648823,-0.849749
1161.000000,0.139957,1.233113,1.376889,0.482707,-0.396081
1162.000000,-0.213382,0.984993,1.370473,0.537260,-0.414128
1163.000000,-0.463619,0.697685,1.281261,0.287748,-0.495773
1164.000000,-0.587316,0.362517,1.233895,0.175170,-0.381861
1165.000000,-0.486323,-0.008162,1.163170,0.427597,-0.428848
1166.000000,-0.384338,-0.155148,1.169846,1.072934,0.069147
1167.000000,-0.365918,-0.365423,1.141028,1.546483,-0.350274
1168.000000,-0.337858,-0.503619,1.181689,1.794650,-0.388436
1169.000000,-0.208894,-0.506561,1.151060,2.046702,0.213220
1170.000000,-0.043388,-0.351757,1.130634,2.454777,0.290397
1171.000000,-0.138035,-0.343065,0.913048,2.291622,-0.335341
1172.000000,-0.029097,-0.273260,0.731133,2.360461,0.109227
1173.000000,0.458337,0.032095,0.702514,2.558726,1.621510
1174.000000,0.600980,0.222602,0.522713,2.530381,0.775006
1175.000000,0.773726,0.472268,0.344448,2.501224,0.975015
1176.000000,1.102500,0.651833,0.324973,2.467314,1.035677
1177.000000,1.434663,1.002155,0.372028,2.547354,1.548535
1178.000000,1.405821,1.350727,0.512491,2.662766,1.516490
1179.000000,1.525567,1.553623,0.734110,2.568066,1.344038
1180.000000,1.494383,1.643684,1.147270,2.442636,0.916408
1181.000000,1.563371,1.882395,1.670269,2.280153,1.437518
1182.000000,1.447112,1.956145,2.179439,2.098936,1.162983
1183.000000,1.225655,1.728255,2.588784,1.872681,0.597254
1184.000000,0.947877,1.565323,2.756346,1.588082,0.107929
1185.000000,0.856171,1.445240,2.785659,1.351580,0.478419
1186.000000,0.616326,1.316398,2.597664,1.241236,0.360883
1187.000000,0.379088,1.105248,2.434700,1.112514,0.128283
1188.000000,-0.027905,0.744184,2.119821,0.924051,-1.183978
1189.000000,-0.478619,0.312704,1.696180,0.721385,-1.772063
1190.000000,-0.759643,0.079689,1.477810,0.754180,-0.778302
1191.000000,-1.035056,-0.251539,1.347006,0.726064,-0.913917
1192.000000,-1.330497,-0.592670,1.124158,0.660545,-1.266959
1193.000000,-1.538902,-0.966654,0.584125,0.499143,-2.085762
1194.000000,-1.683654,-1.305338,0.092080,0.252016,-2.299441
1195.000000,-1.766873,-1.511664,-0.256208,0.140549,-1.221088
1196.000000,-1.666949,-1.597161,-0.509810,0.038449,-0.586738
1197.000000,-1.678214,-1.754970,-0.979891,-0.166740,-1.359650
1198.000000,-1.753820,-1.895896,-1.595680,-0.643144,-2.290050
1199.000000,-1.624553,-1.868712,-1.991751,-1.161280,-1.681185
1200.000000,-1.632003,-1.888734,-2.180855,-1.614327,-1.326039
1201.000000,-1.735437,-1.878656,-2.350315,-1.933843,-1.256592
1202.000000,-1.673172,-1.824542,-2.417818,-2.234388,-1.182842
1203.000000,-1.349823,-1.647915,-2.350146,-2.518251,-0.803034
1204.000000,-1.211045,-1.492533,-2.278428,-2.605936,-1.056128
1205.000000,-1.100416,-1.426147,-2.214890,-2.597515,-0.836809
1206.000000,-0.980874,-1.407734,-2.134953,-2.539521,-0.703634
1207.000000,-0.917530,-1.343600,-2.064576,-2.538888,-0.889846
1208.000000,-0.924085,-1.182766,-1.927542,-2.507837,-0.835926
1209.000000,-0.867656,-1.080398,-1.775404,-2.457833,-0.793329
1210.000000,-0.883937,-1.028501,-1.708811,-2.395953,-0.909979
1211.000000,-1.001711,-1.018101,-1.665410,-2.397692,-1.257315
1212.000000,-1.115670,-1.032332,-1.620687,-2.379903,-1.433974
1213.000000,-1.525360,-1.218323,-1.612974,-2.398719,-2.656678
1214.000000,-1.915740,-1.366647,-1.584123,-2.362133,-2.362325
1215.000000,-2.224511,-1.533132,-1.606996,-2.324494,-2.129895
1216.000000,-2.324994,-1.678073,-1.638014,-2.258471,-1.661548
1217.000000,-2.430736,-1.838555,-1.649442,-2.205369,-1.957256
1218.000000,-2.316298,-2.032224,-1.628445,-2.128405,-2.189615
1219.000000,-2.127244,-2.142331,-1.615831,-2.021330,-1.652844
1220.000000,-2.045176,-2.247002,-1.642024,-1.981671,-1.857396
1221.000000,-1.861218,-2.183730,-1.624059,-1.906508,-0.902220
1222.000000,-1.590582,-2.079642,-1.604816,-1.825880,-0.666169
1223.000000,-1.296169,-1.865864,-1.617252,-1.736885,-0.800603
1224.000000,-1.043434,-1.646392,-1.594428,-1.636849,-0.491103
1225.000000,-0.900076,-1.544528,-1.633309,-1.615434,-1.244963
1226.000000,-1.015070,-1.521450,-1.695472,-1.627826,-1.454027
1227.000000,-1.209309,-1.482307,-1.749969,-1.621746,-1.574273
1228.000000,-1.355680,-1.401201,-1.794688,-1.579118,-1.498035
1229.000000,-1.515176,-1.354055,-1.820699,-1.554019,-1.278200
1230.000000,-1.498266,-1.274983,-1.831387,-1.544049,-1.223986
1231.000000,-1.512580,-1.346677,-1.838616,-1.554094,-1.547207
1232.000000,-1.291812,-1.324499,-1.774549,-1.530173,-0.532713
1233.000000,-1.245109,-1.372897,-1.692898,-1.553280,-1.270280
1234.000000,-1.196788,-1.430526,-1.612514,-1.557543,-1.032548
1235.000000,-1.199572,-1.425835,-1.558059,-1.580523,-1.226534
1236.000000,-1.063449,-1.366881,-1.515112,-1.599065,-0.905283
1237.000000,-1.309525,-1.368278,-1.496082,-1.635290,-1.650564
1238.000000,-1.420123,-1.394544,-1.466932,-1.677048,-1.782929
1239.000000,-1.525690,-1.415132,-1.450880,-1.706274,-1.424891
1240.000000,-1.591049,-1.444624,-1.418865,-1.728803,-1.405918
1241.000000,-1.619230,-1.378061,-1.418995,-1.717980,-0.727053
1242.000000,-1.241614,-1.362699,-1.390817,-1.673596,0.506055
1243.000000,-0.598881,-1.176508,-1.333201,-1.566605,1.087406
1244.000000,-0.061334,-1.047087,-1.317550,-1.479820,0.624742
