0.000000,5.385165,5.385165,5.385165,5.385165,2.203609
1.000000,3.763149,3.746730,3.748057,3.748478,2.210590
2.000000,3.032267,3.009181,3.010639,3.010028,1.985804
3.000000,2.588729,2.559508,2.562457,2.561461,1.687118
4.000000,2.250322,2.239694,2.244896,2.244736,-0.832253
5.000000,1.990305,2.001206,2.004740,2.007486,-0.629741
6.000000,1.781932,1.813030,1.813385,1.819653,-0.872059
7.000000,1.614346,1.658686,1.657200,1.666356,-0.507363
8.000000,1.473170,1.527615,1.525530,1.534673,-0.524732
9.000000,1.375084,1.412137,1.413449,1.421248,0.151154
10.000000,1.288320,1.307364,1.313451,1.322011,0.437288
11.000000,1.217433,1.215938,1.225092,1.234857,1.206305
12.000000,1.148560,1.132759,1.145165,1.155829,1.006283
13.000000,1.089865,1.059286,1.072301,1.083780,1.584704
14.000000,1.032090,1.001491,1.006729,1.016907,1.640624
15.000000,0.975301,0.946173,0.945693,0.953152,1.417795
16.000000,0.923189,0.898339,0.890779,0.893909,2.138700
17.000000,0.875544,0.851643,0.838293,0.838082,1.979045
18.000000,0.826345,0.807601,0.788223,0.785297,1.851014
19.000000,0.768805,0.758378,0.735496,0.733498,0.781924
20.000000,0.712958,0.709178,0.681870,0.681870,0.632348
21.000000,0.655085,0.660326,0.630177,0.631915,1.018426
22.000000,0.593133,0.610983,0.578209,0.582310,0.584658
23.000000,0.535505,0.562073,0.528036,0.533225,1.012817
24.000000,0.487754,0.511975,0.483799,0.485123,0.878075
25.000000,0.436326,0.459729,0.437437,0.435901,0.497325
26.000000,0.387010,0.405595,0.393467,0.387898,1.134191
27.000000,0.345068,0.349784,0.348690,0.338402,1.162888
28.000000,0.295655,0.291859,0.310184,0.291122,0.945767
29.000000,1.277312,1.387228,2.252642,1.864446,1.562701
30.000000,1.536081,1.511621,2.253331,1.838965,1.618452
31.000000,1.621589,1.573150,2.187419,1.803738,1.613912
32.000000,1.826853,1.765511,2.185203,1.817838,2.128339
33.000000,1.989159,1.845413,2.124078,1.823315,1.861908
34.000000,1.842435,1.825311,2.007153,1.906941,1.151866
35.000000,1.755874,1.880446,1.941859,1.981216,1.410257
36.000000,1.421333,1.695256,1.747337,1.962365,-0.022239
37.000000,1.113296,1.602457,1.627778,1.959503,0.621419
38.000000,0.981908,1.613065,1.569480,1.993770,1.362527
39.000000,0.504622,1.315701,1.432275,1.876577,-1.376529
40.000000,-0.186589,1.006293,1.307634,1.758289,-1.621953
41.000000,-0.668625,0.642328,1.142345,1.604139,-1.946426
42.000000,-0.832356,0.401725,1.147272,1.573987,0.272967
43.000000,-1.144361,0.159526,1.133270,1.527426,0.394505
44.000000,-0.557388,0.082757,1.163010,1.502838,0.907484
45.000000,0.199018,-0.026076,1.238011,1.499660,1.116979
46.000000,1.091450,0.177157,1.261947,1.461532,1.124204
47.000000,1.196938,0.194838,1.248698,1.406018,0.698565
48.000000,1.303268,0.102022,1.259574,1.361137,0.861144
49.000000,1.393962,0.664624,1.257428,1.400164,1.315749
50.000000,1.175359,1.074478,1.180723,1.400766,0.361805
51.000000,0.968921,1.539559,1.106596,1.383717,0.366357
52.000000,0.808573,1.484126,0.945886,1.382101,0.064844
53.000000,0.791219,1.540870,0.859707,1.396948,0.769327
54.000000,0.418187,1.351446,0.780543,1.379434,-0.057482
55.000000,0.388241,1.188731,0.683479,1.406875,0.229074
56.000000,0.120290,0.869112,0.699441,1.346971,-0.616056
57.000000,-0.171941,0.558177,0.553619,1.264245,-0.952759
58.000000,-0.732519,0.142528,0.201688,1.186953,-1.075584
59.000000,-1.045386,-0.476842,0.296008,1.054453,-1.096988
60.000000,-1.467326,-0.941775,0.406919,0.886601,-1.310147
61.000000,-1.713153,-1.484215,0.548895,0.661612,-1.631110
62.000000,-1.193205,-1.249928,0.801537,0.551416,0.831668
63.000000,-0.497350,-1.037732,1.228075,0.503645,1.477148
64.000000,0.135622,-0.730648,1.344037,0.515044,1.102661
65.000000,1.064299,-0.346627,1.543457,0.557478,1.652631
66.000000,2.022575,0.273218,1.743828,0.868211,1.646745
67.000000,2.197982,1.064733,2.113111,1.140361,1.805502
68.000000,2.043188,1.709403,2.164779,1.195581,1.259820
69.000000,1.912225,2.127916,2.004549,1.603328,0.979293
70.000000,1.191392,1.973516,1.514640,1.663824,-1.217981
71.000000,0.750231,2.131942,1.416854,1.978676,-0.210620
72.000000,0.063838,1.717274,1.204927,1.840496,-0.839458
73.000000,-0.392127,1.363579,0.939206,1.781154,-0.249039
74.000000,-0.712575,1.150223,0.998392,1.674412,0.004745
75.000000,-0.393602,0.788479,0.878055,1.490566,-0.160361
76.000000,-0.256445,0.483631,1.173474,1.377710,0.298131
77.000000,0.190657,0.209505,1.694626,1.435032,0.809411
78.000000,0.619675,0.176035,2.261545,1.554530,1.302597
79.000000,0.879453,0.142441,2.546188,1.485742,0.956450
80.000000,1.092339,0.609861,2.680474,1.536263,0.677064
81.000000,1.265446,0.891105,2.835874,1.635932,1.020401
82.000000,0.891953,0.932067,2.317498,1.479832,-0.561085
83.000000,0.471553,0.908156,1.884341,1.259668,-0.293313
84.000000,0.581829,1.193115,1.844452,1.482939,1.314490
85.000000,0.740656,1.462231,1.719641,1.612789,1.215549
86.000000,0.900243,1.677000,1.658456,1.887351,1.528701
87.000000,1.502264,1.813520,1.614602,2.169544,1.732242
88.000000,2.022849,1.890881,1.724006,2.403032,1.917641
89.000000,2.073271,1.985904,1.832424,2.525947,1.693006
90.000000,1.961289,1.965887,2.087632,2.524246,0.812625
91.000000,2.210427,2.212521,2.367699,2.704729,2.520647
92.000000,2.332136,2.595479,2.599482,2.632021,2.286153
93.000000,2.286023,2.775959,2.643503,2.513711,1.962003
94.000000,2.307805,2.726144,2.652229,2.461695,2.070179
95.000000,2.396328,2.640478,2.620162,2.362254,1.784277
96.000000,2.166258,2.505888,2.540552,2.261769,1.658976
97.000000,1.893570,2.298327,2.390598,2.118410,1.170228
98.000000,1.651848,2.076516,2.221743,2.013463,0.922605
99.000000,1.339419,1.876690,2.083173,1.912316,0.630368
100.000000,1.106815,1.799993,1.996973,1.944921,0.723585
101.000000,0.777610,1.528326,1.863434,1.869993,0.123366
102.000000,0.609241,1.322002,1.853094,1.851822,0.394181
103.000000,0.486162,1.149217,1.833042,1.810337,0.362435
104.000000,0.398638,0.947093,1.731806,1.758855,0.215411
105.000000,0.212244,0.737370,1.630783,1.706440,-0.149553
106.000000,0.057619,0.483764,1.495777,1.623856,-0.671527
107.000000,-0.119935,0.307708,1.374556,1.548090,-0.394712
108.000000,-0.115743,0.239204,1.294008,1.502343,0.467099
109.000000,-0.052851,0.216657,1.232472,1.482461,0.555025
110.000000,-0.016098,0.121254,1.193981,1.454112,0.008398
111.000000,0.136919,0.103519,1.056157,1.414996,-0.049794
112.000000,0.421104,0.140130,0.972971,1.485315,0.886633
113.000000,0.406412,0.131242,0.881170,1.533168,0.411538
114.000000,0.521164,0.223610,0.803076,1.542083,1.194811
115.000000,1.079643,0.517416,0.793318,1.598717,2.245625
116.000000,1.571697,0.861654,0.756821,1.616222,1.506130
117.000000,1.402408,1.014160,0.692795,1.570841,0.076741
118.000000,1.177850,0.937463,0.616411,1.490811,-0.509550
119.000000,0.636963,0.760893,0.539802,1.404064,-0.936170
120.000000,-0.162226,0.723420,0.452838,1.379100,-0.744845
121.000000,-0.812930,0.648301,0.428478,1.240963,-0.875730
122.000000,-0.729943,0.545084,0.469614,1.150832,0.370605
123.000000,-0.614044,0.449653,0.472014,1.048828,-0.102766
124.000000,-0.284592,0.273199,0.563969,0.934771,0.310271
125.000000,1.190945,0.756290,1.575954,1.050342,3.789484
126.000000,2.574724,1.403806,2.757653,1.187720,3.251214
127.000000,3.377547,2.451808,3.564202,1.473610,3.417993
128.000000,3.589982,3.090731,3.633871,1.773205,2.851842
129.000000,3.527766,3.377710,3.535597,2.108153,2.705166
130.000000,3.062150,3.326080,3.355872,2.311737,2.179780
131.000000,2.797555,3.240379,3.217639,2.527470,2.228055
132.000000,2.464615,3.034013,2.991718,2.595393,1.862394
133.000000,2.243452,2.894904,2.842912,2.617857,1.818020
134.000000,1.984936,2.728406,2.659503,2.578353,1.473963
135.000000,1.812869,2.457232,2.476917,2.534820,1.369043
136.000000,1.759138,2.327585,2.423273,2.566308,1.924761
137.000000,1.700876,2.147640,2.378806,2.528911,1.591616
138.000000,1.633283,2.005672,2.341961,2.452646,1.500927
139.000000,1.640734,1.883299,2.317604,2.386583,1.533248
140.000000,1.606808,1.776892,2.259886,2.318711,1.244337
141.000000,1.441406,1.656453,2.202551,2.250820,1.115373
142.000000,1.325404,1.564073,2.126349,2.163219,1.024726
143.000000,1.196973,1.462728,2.060750,2.086882,0.867213
144.000000,1.039447,1.387336,1.994570,2.003807,0.763742
145.000000,0.940440,1.324460,1.875378,1.916534,0.764888
146.000000,0.923939,1.234231,1.790511,1.868617,1.038113
147.000000,0.916332,1.172663,1.692853,1.844558,0.993059
148.000000,0.890616,1.093989,1.597894,1.818146,0.738542
149.000000,0.812962,0.972759,1.487450,1.783269,0.339822
150.000000,0.703334,0.866716,1.393969,1.743444,0.141406
151.000000,0.580956,0.801783,1.314149,1.725744,0.457500
152.000000,0.454908,0.746051,1.253135,1.699246,0.461122
153.000000,0.435294,0.732462,1.206519,1.694136,0.845203
154.000000,0.555995,0.741046,1.183079,1.692238,1.163092
155.000000,0.653995,0.706261,1.144607,1.629069,0.173773
156.000000,0.526298,0.578082,1.049181,1.560671,-0.921611
157.000000,0.192048,0.393547,0.957342,1.471495,-1.610206
158.000000,-0.595546,0.197550,0.860754,1.388676,-1.781642
159.000000,-1.279676,0.120048,0.775660,1.318517,-0.481467
160.000000,-1.707956,0.037518,0.699011,1.258859,-0.847025
161.000000,-1.366624,-0.058702,0.651067,1.206035,0.348732
162.000000,-0.856050,-0.221523,0.600858,1.162782,0.132540
163.000000,0.058915,-0.408564,0.585652,1.130259,1.049080
164.000000,-0.270921,-1.126062,0.508369,1.078277,-1.469786
165.000000,-0.133346,-1.458903,0.452095,1.046270,-0.443927
166.000000,0.091091,-1.082988,0.388332,0.992662,1.019889
167.000000,-0.313959,-0.946322,0.221895,0.920021,-1.007779
168.000000,-1.320918,-0.940369,0.000114,0.827926,-1.782353
169.000000,-0.758707,-0.772085,-0.079999,0.755679,0.122832
170.000000,-0.198801,-0.236969,-0.040100,0.721585,1.180047
171.000000,-0.241468,-0.094743,-0.107225,0.687836,0.895436
172.000000,1.434280,0.719354,0.165714,0.718873,2.773688
173.000000,3.315370,1.653059,0.795792,0.822024,3.301870
174.000000,3.539571,2.744219,1.445944,0.945473,2.605003
175.000000,3.262314,3.040685,2.141677,1.068598,1.931247
176.000000,3.030106,2.906761,2.656776,1.154818,1.588604
177.000000,2.568880,2.935842,2.920550,1.246747,1.327367
178.000000,2.319577,3.133469,3.212197,1.522798,2.289631
179.000000,2.199306,3.037815,3.176028,1.930075,2.200964
180.000000,2.124873,2.835768,3.065789,2.335766,1.833424
181.000000,1.965129,2.611142,2.799003,2.491507,1.128919
182.000000,1.887866,2.339227,2.624773,2.552328,1.167004
183.000000,1.582622,2.025707,2.416666,2.441079,0.896853
184.000000,1.281417,1.792319,2.358097,2.287438,0.821254
185.000000,1.128009,1.679693,2.291290,2.253964,1.125809
186.000000,1.038726,1.563200,2.144421,2.218670,0.739836
187.000000,0.990816,1.510100,2.114363,2.230258,0.969973
188.000000,1.450345,1.606784,2.280604,2.419730,2.834809
189.000000,1.553699,1.501630,2.213316,2.358170,1.264451
190.000000,1.498954,1.383568,2.097611,2.276054,0.824715
191.000000,1.706519,1.445141,2.072433,2.238206,1.649298
192.000000,1.844905,1.499772,1.995723,2.206919,1.626118
193.000000,1.454630,1.518298,1.859899,2.117968,1.097918
194.000000,1.303578,1.490028,1.724290,2.065463,0.564283
195.000000,1.426813,1.528095,1.681192,2.044894,1.386340
196.000000,1.453803,1.648994,1.683242,2.022105,1.759191
197.000000,1.537578,1.766116,1.714087,2.052410,1.981554
198.000000,1.626326,1.602995,1.663774,2.059587,1.426277
199.000000,1.826986,1.622401,1.615734,2.031412,1.405692
200.000000,1.859991,1.701058,1.591889,1.994779,1.489331
201.000000,1.990875,1.773783,1.652723,2.003034,2.278230
202.000000,2.135593,1.891964,1.733724,1.992792,2.535949
203.000000,2.349216,2.063488,1.825791,1.961599,2.399477
204.000000,2.454627,2.234961,1.905243,1.935465,2.145113
205.000000,2.477939,2.271620,1.954695,1.921931,1.986994
206.000000,2.316842,2.230787,1.999842,1.908378,1.730456
207.000000,2.080471,2.138695,2.010064,1.893454,1.484874
208.000000,1.887494,2.107594,1.920793,1.854405,1.509947
209.000000,1.657424,2.026572,1.888180,1.797148,1.084724
210.000000,1.390407,1.909190,1.854478,1.737460,0.731697
211.000000,1.134124,1.723981,1.771004,1.695351,0.500043
212.000000,0.935329,1.529008,1.698050,1.658489,0.517527
213.000000,0.666530,1.317813,1.643734,1.624328,0.224859
214.000000,0.544143,1.159988,1.638447,1.611903,0.531668
215.000000,0.466327,0.996152,1.587942,1.587630,0.369763
216.000000,0.521474,0.893057,1.545610,1.594490,0.783065
217.000000,0.649094,0.846124,1.511613,1.607604,1.147245
218.000000,0.856106,0.787257,1.503297,1.551293,1.132690
219.000000,1.091071,0.828205,1.519536,1.568094,1.585300
220.000000,1.336397,0.907634,1.524759,1.595088,1.453208
221.000000,1.480737,1.029336,1.493806,1.593642,1.469332
222.000000,1.480812,1.126531,1.430424,1.583762,1.193513
223.000000,1.368783,1.197634,1.336661,1.574241,0.517563
224.000000,0.976049,1.138117,1.214402,1.559815,-0.504577
225.000000,0.690950,1.156533,1.119842,1.534785,0.029390
226.000000,0.349579,1.112151,1.036738,1.497268,-0.008665
227.000000,-0.015403,0.991020,0.959301,1.446402,-0.204666
228.000000,-0.114126,0.927325,0.895818,1.433797,0.297220
229.000000,0.160725,0.811926,0.882340,1.432696,0.641348
230.000000,0.201373,0.652881,0.889680,1.420636,0.153480
231.000000,0.227039,0.422643,0.920670,1.373622,0.012416
232.000000,0.086612,0.037017,0.914269,1.285422,-0.896258
233.000000,-0.245176,-0.288038,0.937089,1.189651,-0.913260
234.000000,-0.555289,-0.267877,0.941263,1.104991,-0.477731
235.000000,-0.530219,-0.244445,1.003916,1.035086,0.251196
236.000000,-0.393024,-0.122551,1.027071,0.980112,0.567398
237.000000,-0.212840,-0.109326,0.937155,0.913282,-0.205496
238.000000,-0.295314,-0.487607,0.753170,0.802518,-1.221164
239.000000,-0.277191,-0.749397,0.513837,0.743675,-0.403622
240.000000,-0.474204,-0.894078,0.243987,0.710660,-0.480276
241.000000,-0.360962,-0.666203,0.066498,0.754348,0.995890
242.000000,0.094618,-0.107489,-0.027405,0.825521,1.485914
243.000000,1.192284,0.747243,0.246017,1.000586,2.592263
244.000000,1.856658,1.303899,0.777967,1.132114,1.832795
245.000000,2.614049,1.842565,1.455316,1.349818,2.394882
246.000000,2.868531,2.320596,2.310630,1.562204,2.458810
247.000000,2.951191,2.850130,3.138323,1.770541,2.575541
248.000000,2.770113,3.236217,3.374645,2.007730,2.380772
249.000000,2.694338,3.237988,3.258870,2.148796,2.176278
250.000000,2.488706,3.115571,3.103506,2.225001,1.845869
251.000000,2.262628,2.859725,2.940811,2.228591,1.607365
252.000000,1.923416,2.570954,2.791416,2.166415,1.050161
253.000000,1.655150,2.297329,2.680587,2.173511,1.122876
254.000000,1.304298,2.060967,2.495377,2.176599,0.528167
255.000000,1.202474,1.927847,2.410912,2.206210,1.365601
256.000000,1.164146,1.806914,2.335491,2.223854,1.425174
257.000000,1.936722,2.061350,2.620933,2.549291,3.730443
258.000000,2.806793,2.435302,2.950513,2.853880,3.845615
259.000000,3.155038,2.572997,2.986796,2.896603,2.815596
260.000000,3.159471,2.633490,2.943628,2.872572,2.454311
261.000000,3.128064,2.689650,2.868981,2.844343,2.444755
262.000000,2.813830,2.704668,2.764901,2.792188,2.159897
263.000000,2.418236,2.651376,2.627134,2.705308,1.835621
264.000000,2.161966,2.590681,2.507865,2.601081,1.591455
265.000000,1.969344,2.496736,2.396612,2.501498,1.520264
266.000000,1.738144,2.392110,2.284044,2.398610,1.302323
267.000000,1.459058,2.137867,2.144540,2.283040,0.787758
268.000000,1.250839,1.868206,2.034651,2.203677,0.800330
269.000000,1.114685,1.692395,1.956139,2.138399,0.916796
270.000000,0.978531,1.542363,1.893153,2.080757,0.862836
271.000000,0.865882,1.378727,1.839060,2.012723,0.768860
272.000000,0.853810,1.232528,1.801911,1.948094,0.714848
273.000000,0.783511,1.088701,1.752411,1.867686,0.439075
274.000000,0.718207,0.984998,1.731049,1.814163,0.601796
275.000000,0.653797,0.880260,1.694737,1.759575,0.554654
276.000000,0.618352,0.802290,1.664778,1.712067,0.602562
277.000000,0.620853,0.800158,1.578089,1.672797,0.734343
278.000000,0.645982,0.776038,1.447980,1.630294,0.532517
279.000000,0.639356,0.738655,1.351319,1.596127,0.556381
280.000000,0.693316,0.732209,1.277347,1.580509,0.802055
281.000000,0.762795,0.750651,1.200861,1.576321,0.925181
282.000000,0.777371,0.763796,1.127795,1.579095,0.792814
283.000000,0.894937,0.842454,1.082395,1.591713,1.062406
284.000000,0.998872,0.892086,1.045379,1.611126,0.960492
285.000000,1.145395,0.995886,1.027408,1.630500,1.502250
286.000000,1.313251,1.108771,1.023887,1.648762,1.684344
287.000000,1.641044,1.243091,1.074230,1.614312,1.826789
288.000000,1.903715,1.458124,1.133432,1.548317,1.959557
289.000000,2.234125,1.768596,1.210303,1.516826,2.437846
290.000000,2.322782,2.073763,1.309340,1.496045,2.441100
291.000000,2.314672,2.264785,1.409311,1.457815,2.024078
292.000000,2.232898,2.347879,1.502965,1.419158,1.713093
293.000000,2.231324,2.358931,1.654027,1.407006,2.090025
294.000000,2.116193,2.329956,1.774703,1.404474,1.926046
295.000000,1.965439,2.222993,1.877845,1.399661,1.741222
296.000000,1.864707,2.143611,1.950681,1.404344,1.594318
297.000000,1.762283,2.034277,1.979064,1.434906,1.310514
298.000000,1.518738,1.885388,1.990060,1.448261,0.894365
299.000000,1.279017,1.700154,1.976539,1.446062,0.721015
300.000000,1.111746,1.543827,1.944083,1.453743,0.902686
301.000000,0.919114,1.404478,1.878956,1.457726,0.646517
302.000000,0.846171,1.332229,1.845259,1.477973,0.973381
303.000000,0.896861,1.242428,1.800957,1.525307,1.167121
304.000000,0.915523,1.129473,1.744124,1.545926,0.793720
305.000000,0.889966,1.029349,1.665088,1.568557,0.761190
306.000000,0.839400,0.901156,1.578306,1.572264,0.291391
307.000000,0.696697,0.795259,1.492814,1.565817,0.214894
308.000000,0.487514,0.733594,1.410576,1.574527,0.158820
309.000000,0.095777,0.583700,1.258718,1.543706,-1.318972
310.000000,-0.665439,0.260411,1.043816,1.450723,-2.754655
311.000000,-1.271200,-0.021906,0.869275,1.366896,-2.109198
312.000000,-1.748209,-0.343602,0.731918,1.311618,-1.540645
313.000000,-2.086070,-0.718961,0.567432,1.245014,-1.300471
314.000000,-1.857483,-0.952753,0.444389,1.224824,-0.293699
315.000000,-1.529059,-1.321534,0.260576,1.139432,-1.281546
316.000000,-1.442919,-1.676828,0.025312,1.037683,-1.719481
317.000000,-1.675035,-2.096602,-0.287924,0.884746,-2.392274
318.000000,-1.894749,-2.376723,-0.611290,0.717675,-2.178375
319.000000,-2.191472,-2.370432,-0.956849,0.508819,-1.942721
320.000000,-2.370824,-2.276401,-1.431333,0.207778,-2.399820
321.000000,-2.351379,-2.193443,-1.827072,-0.095205,-1.980027
322.000000,-2.224321,-2.172492,-2.192449,-0.439349,-1.929565
323.000000,-2.085742,-2.130660,-2.403361,-0.854203,-1.635071
324.000000,-1.906195,-2.108785,-2.417326,-1.251858,-1.171686
325.000000,-1.648223,-2.020461,-2.375800,-1.640431,-1.134097
326.000000,-1.417503,-1.889834,-2.263439,-1.940653,-0.842215
327.000000,-1.208168,-1.734879,-2.167064,-2.132716,-0.909908
328.000000,-1.025121,-1.593295,-2.072913,-2.191302,-0.765906
329.000000,-0.982934,-1.499523,-1.956836,-2.207593,-0.974480
330.000000,-0.981941,-1.374626,-1.817427,-2.216711,-1.134937
331.000000,-1.066988,-1.298583,-1.731565,-2.189982,-1.236980
332.000000,-1.085336,-1.197272,-1.668250,-2.153209,-0.990380
333.000000,-1.106301,-1.111106,-1.616408,-2.110627,-0.842685
334.000000,-1.105973,-1.088662,-1.616856,-2.055585,-0.949882
335.000000,-1.059419,-1.064741,-1.583409,-2.002460,-0.889967
336.000000,-0.958002,-1.062843,-1.534129,-1.933475,-0.734094
337.000000,-0.973239,-1.081481,-1.473822,-1.886492,-1.052276
338.000000,-1.062963,-1.135856,-1.429249,-1.852547,-1.226195
339.000000,-1.240929,-1.214727,-1.414500,-1.804806,-1.739181
340.000000,-1.379267,-1.250816,-1.356592,-1.717720,-1.452153
341.000000,-1.412338,-1.213713,-1.293468,-1.641382,-0.821074
342.000000,-1.347068,-1.207320,-1.227217,-1.592090,-0.755918
343.000000,-1.311454,-1.255199,-1.190813,-1.566094,-1.065610
344.000000,-1.217949,-1.324477,-1.199887,-1.582591,-1.465780
345.000000,-1.097121,-1.362344,-1.194795,-1.563071,-0.927657
346.000000,-1.123737,-1.416997,-1.209039,-1.532836,-0.740717
347.000000,-1.280190,-1.461536,-1.235112,-1.490563,-1.280025
348.000000,-1.176604,-1.399878,-1.251632,-1.440323,-0.360757
349.000000,-0.787683,-1.199320,-1.238700,-1.389804,0.208042
350.000000,-0.411100,-0.977287,-1.193458,-1.303885,0.616305
351.000000,0.093094,-0.768253,-1.107536,-1.220193,1.284455
352.000000,0.570424,-0.604515,-1.061311,-1.143885,0.580686
353.000000,0.875681,-0.286783,-1.008649,-1.072181,0.895308
354.000000,1.026525,0.119460,-0.936898,-1.027076,0.890090
355.000000,1.086481,0.421981,-0.861194,-0.981356,0.925247
356.000000,0.936874,0.643041,-0.811039,-0.960849,0.695268
357.000000,0.976405,0.952690,-0.714145,-0.934798,0.751468
358.000000,1.299294,1.317909,-0.497537,-0.885116,2.251103
359.000000,1.878782,1.725349,-0.084698,-0.781296,2.988451
360.000000,2.443665,2.092815,0.444735,-0.625471,2.999808
361.000000,2.661036,2.190566,0.922338,-0.454658,2.197004
362.000000,2.718611,2.305900,1.448714,-0.279376,1.966524
363.000000,2.375384,2.218186,1.895686,-0.141296,1.062838
364.000000,2.007021,2.153824,2.258232,0.056645,1.186932
365.000000,1.653780,2.101496,2.405802,0.304943,1.265849
366.000000,1.571322,2.138645,2.500532,0.655930,1.754609
367.000000,1.538847,2.162713,2.566834,1.137029,1.778911
368.000000,1.736769,2.123116,2.553026,1.701406,2.006401
369.000000,1.888720,2.028287,2.491383,2.250888,1.999348
370.000000,1.946070,1.886535,2.387606,2.564016,1.699493
371.000000,1.867936,1.790363,2.255741,2.628172,1.456370
372.000000,1.852411,1.756132,2.202417,2.632248,1.736920
373.000000,1.806852,1.810490,2.149788,2.610268,1.791525
374.000000,1.707587,1.820660,2.086367,2.546506,1.531373
375.000000,1.722553,1.854693,2.052949,2.474193,1.784183
376.000000,0.956595,1.421169,1.764979,2.122610,-2.230820
377.000000,0.171763,1.049146,1.553067,1.899949,-1.840903
378.000000,-0.744160,0.624548,1.321643,1.685844,-1.868733
379.000000,-1.582689,0.176071,1.082136,1.498716,-1.683609
380.000000,-2.464372,-0.376976,0.778308,1.272757,-2.116720
381.000000,-2.336604,-0.946547,0.493417,1.040074,-1.974450
382.000000,-2.321911,-1.601139,0.174562,0.815224,-2.045489
383.000000,-2.241548,-2.146579,-0.102194,0.594171,-1.798841
384.000000,-2.191866,-2.496498,-0.417098,0.364141,-1.740065
385.000000,-2.054039,-2.704865,-0.764662,0.121928,-1.655088
386.000000,-1.922785,-2.462393,-1.158423,-0.115011,-1.504299
387.000000,-1.815642,-2.323637,-1.586828,-0.402326,-1.612759
388.000000,-1.662051,-2.147058,-1.927660,-0.705871,-1.174253
389.000000,-1.559124,-2.033188,-2.205293,-1.104895,-1.309746
390.000000,-1.417794,-1.863639,-2.323503,-1.477721,-1.039708
391.000000,-1.306897,-1.721845,-2.360457,-1.773058,-1.008648
392.000000,-1.193774,-1.595208,-2.382891,-2.013852,-1.080337
393.000000,-1.151431,-1.489147,-2.368678,-2.129130,-0.984667
394.000000,-1.097292,-1.403829,-2.331621,-2.212764,-1.057044
395.000000,-1.117387,-1.340614,-2.306593,-2.266860,-1.139467
396.000000,-1.136010,-1.291582,-2.117485,-2.301234,-1.106428
397.000000,-1.166327,-1.247963,-1.994203,-2.318698,-1.233241
398.000000,-1.195993,-1.240186,-1.885174,-2.312300,-1.139187
399.000000,-1.168531,-1.194951,-1.786768,-2.273361,-0.925003
400.000000,-1.096456,-1.163902,-1.674217,-2.211841,-0.771120
401.000000,-1.022039,-1.132795,-1.576369,-2.147125,-0.715002
402.000000,-0.895263,-1.085260,-1.477948,-2.096547,-0.596695
403.000000,-0.733968,-1.029551,-1.386516,-2.045381,-0.307475
404.000000,-0.557555,-0.945873,-1.292706,-1.986666,0.074744
405.000000,-0.394414,-0.854853,-1.210782,-1.952108,0.306527
406.000000,-0.105001,-0.727192,-1.125933,-1.797964,0.953371
407.000000,0.325470,-0.536281,-1.026584,-1.674644,1.391316
408.000000,0.828586,-0.310429,-0.952444,-1.564829,1.563217
409.000000,1.481332,-0.007527,-0.845225,-1.458698,2.453925
410.000000,2.016069,0.389081,-0.742787,-1.337892,2.504974
411.000000,2.318842,0.923430,-0.631237,-1.223651,2.328224
412.000000,2.457686,1.582137,-0.490146,-1.099935,2.317182
413.000000,2.421260,2.095768,-0.350349,-0.992298,1.862276
414.000000,2.255454,2.349545,-0.172312,-0.880143,1.820136
415.000000,2.099916,2.411555,0.062109,-0.761472,1.809891
416.000000,1.985326,2.379198,0.355133,-0.638648,1.793850
417.000000,1.847774,2.291010,0.734394,-0.495070,1.663592
418.000000,1.776858,2.199205,1.167756,-0.367290,1.564536
419.000000,1.734213,2.081550,1.607620,-0.199826,1.636970
420.000000,1.592162,1.915467,1.942346,-0.054156,1.155442
421.000000,1.456291,1.777952,2.178716,0.115826,1.136721
422.000000,1.332213,1.640141,2.272011,0.322990,1.054044
423.000000,1.194592,1.529116,2.233128,0.549248,0.882974
424.000000,1.031080,1.421919,2.130291,0.826696,0.825026
425.000000,0.957107,1.316485,2.027816,1.157454,0.793788
426.000000,0.891712,1.217103,1.920498,1.502294,0.818872
427.000000,0.830749,1.124311,1.815834,1.824448,0.765130
428.000000,0.841595,1.059133,1.738040,2.053069,0.969025
429.000000,0.854688,0.976363,1.643162,2.142640,0.903732
430.000000,0.881712,0.945735,1.554508,2.146559,0.930840
431.000000,0.949908,0.935782,1.487497,2.121987,1.184575
432.000000,1.007507,0.920763,1.412019,2.063154,1.012049
433.000000,0.850448,0.857602,1.322703,1.953669,-0.054992
434.000000,0.720285,0.813208,1.244432,1.853791,0.092384
435.000000,0.607070,0.789723,1.175088,1.786659,0.338000
436.000000,0.217365,0.700512,1.079554,1.693503,-0.830007
437.000000,-0.189325,0.618707,0.993323,1.611044,-0.768767
438.000000,-0.531766,0.428238,0.891770,1.526375,-2.007647
439.000000,-1.362895,0.099547,0.745864,1.409761,-3.131043
440.000000,-0.500839,0.312208,0.807094,1.415763,3.613581
441.000000,1.523382,0.697899,0.909566,1.443095,3.504599
442.000000,3.228375,1.335143,1.042081,1.468022,3.055745
443.000000,3.800962,2.270861,1.190058,1.494734,2.401279
444.000000,3.797202,2.930383,1.332217,1.501460,1.797391
445.000000,3.103487,3.220551,1.500343,1.507620,1.754551
446.000000,2.423863,3.193166,1.612539,1.478942,0.967541
447.000000,1.770551,2.948826,1.676038,1.429067,0.379657
448.000000,1.123551,2.684939,1.636790,1.354649,-0.305397
449.000000,0.670071,2.593153,1.611011,1.281920,-0.100369
450.000000,0.208257,2.056966,1.572080,1.241677,-0.113049
451.000000,0.055819,1.628637,1.550032,1.228099,0.362203
452.000000,0.152792,1.301234,1.589916,1.243583,0.762490
453.000000,0.500253,1.102483,1.758959,1.294170,1.054475
454.000000,1.026303,1.143743,1.996114,1.409886,1.883274
455.000000,1.346887,1.057744,2.074142,1.489745,1.176423
456.000000,1.608010,1.158462,2.215247,1.592361,1.469659
457.000000,1.777329,1.369280,2.307993,1.705755,1.555048
458.000000,1.882822,1.681863,2.396840,1.802140,1.629254
459.000000,1.889243,1.988661,2.518250,1.923905,1.961184
460.000000,1.976205,2.192110,2.349429,2.006499,1.712118
461.000000,1.973485,2.274130,2.181105,2.047681,1.628156
462.000000,1.963210,2.294323,2.048830,2.088118,1.663498
463.000000,1.874697,2.235734,1.937536,2.135709,1.374235
464.000000,1.711776,2.093430,1.867484,2.151393,1.287289
465.000000,1.610143,2.045000,1.808698,2.146709,1.293115
466.000000,1.576528,2.003290,1.824348,2.176447,1.495362
467.000000,1.509077,1.943583,1.861770,2.178749,1.359387
468.000000,1.478830,1.871591,1.922027,2.180140,1.224669
469.000000,1.439070,1.756407,1.955220,2.187938,1.051527
470.000000,1.367748,1.659528,1.973393,2.064175,0.947685
471.000000,1.191800,1.552065,1.948559,1.930999,0.774690
472.000000,1.037421,1.435494,1.902520,1.811291,0.788378
473.000000,0.876621,1.329684,1.832078,1.707991,0.591061
474.000000,0.816765,1.253066,1.735602,1.641260,0.769736
475.000000,0.776813,1.172286,1.681687,1.579175,0.759888
476.000000,0.862510,1.113610,1.642520,1.571757,1.185764
477.000000,0.929295,1.066438,1.598369,1.584352,1.126700
478.000000,1.060164,1.052044,1.560922,1.626385,1.273653
479.000000,1.108743,1.036413,1.491993,1.649506,1.033602
480.000000,1.154654,1.020044,1.435237,1.668330,0.942833
481.000000,0.984028,0.962595,1.354638,1.648886,0.118210
482.000000,0.744413,0.880747,1.259226,1.611230,-0.372351
483.000000,0.466353,0.852305,1.197281,1.577632,-0.073700
484.000000,0.295770,0.839142,1.157596,1.527029,0.521450
485.000000,0.197111,0.861711,1.128186,1.514358,0.960576
486.000000,0.313155,0.802457,1.070750,1.486769,0.674915
487.000000,0.320871,0.647807,0.983786,1.434959,-0.963662
488.000000,0.180890,0.409692,0.902258,1.381115,-1.097507
489.000000,-1.043732,-0.113392,0.758607,1.266743,-3.324687
490.000000,-2.631073,-0.894540,0.591668,1.149864,-3.194642
491.000000,-3.513997,-1.765407,0.393256,1.014368,-3.156552
492.000000,-3.510744,-2.487093,0.154334,0.857350,-2.820603
493.000000,-3.397056,-2.972829,-0.118057,0.696748,-2.600699
494.000000,-2.808820,-2.988680,-0.355744,0.582920,-1.256989
495.000000,-2.142081,-2.745045,-0.535117,0.509843,-0.130590
496.000000,-1.521775,-2.502718,-0.825336,0.407314,-0.045678
497.000000,-0.782790,-2.113788,-1.061228,0.345292,0.676260
498.000000,-0.059272,-1.835870,-1.338242,0.279917,0.527455
499.000000,0.394381,-1.417347,-1.507929,0.240842,0.639427
500.000000,0.559231,-1.009464,-1.595452,0.199587,0.553684
501.000000,0.709656,-0.547121,-1.500658,0.175304,0.592577
502.000000,0.763584,-0.014702,-1.284456,0.174963,0.905337
503.000000,0.773587,0.489858,-1.159535,0.170572,0.582298
504.000000,0.742952,0.775184,-1.104697,0.128994,0.519710
505.000000,0.532622,0.738484,-1.204308,-0.041696,-0.333185
506.000000,0.224404,0.627509,-1.323255,-0.434580,-0.724240
507.000000,-0.003378,0.512225,-1.249746,-0.806059,-0.062286
508.000000,0.144791,0.626179,-1.014483,-0.978324,1.228913
509.000000,0.892654,1.102919,-0.268127,-0.508876,3.084787
510.000000,1.858718,1.599484,0.608630,0.145543,2.865336
511.000000,2.594428,1.978698,1.523257,0.953281,2.446336
512.000000,2.796238,2.135045,2.215756,1.620153,1.885573
513.000000,2.638254,2.202654,2.624833,2.002393,1.452572
514.000000,2.280788,2.276351,2.760902,2.276415,1.594940
515.000000,1.950030,2.361966,2.696859,2.404678,1.405080
516.000000,1.693189,2.417852,2.606231,2.493471,1.314912
517.000000,1.557712,2.388202,2.474982,2.606302,1.310545
518.000000,1.527520,2.281193,2.382386,2.662782,1.368892
519.000000,1.505940,2.075428,2.312875,2.767112,1.533199
520.000000,1.479045,1.876332,2.232661,2.769917,1.338154
521.000000,1.417757,1.693415,2.134719,2.717004,1.070700
522.000000,1.359481,1.574180,2.037022,2.651627,1.049488
523.000000,1.236057,1.473757,1.944300,2.561306,0.729000
524.000000,1.108292,1.387043,1.883461,2.444423,0.921247
525.000000,1.084816,1.360535,1.885741,2.330341,1.260718
526.000000,1.070783,1.323098,1.884402,2.220988,0.991994
527.000000,1.079295,1.298221,1.866160,2.115604,1.088811
528.000000,1.152841,1.264557,1.809849,2.033552,1.046599
529.000000,1.275682,1.253833,1.713450,1.985902,1.478793
530.000000,1.391459,1.303463,1.642323,1.964746,1.771884
531.000000,1.545191,1.382726,1.585331,1.941830,1.691211
532.000000,1.696920,1.477842,1.565080,1.919644,1.789483
533.000000,1.841162,1.603945,1.569259,1.908225,1.761096
534.000000,1.870237,1.688124,1.562401,1.895436,1.656725
535.000000,1.783097,1.698903,1.553836,1.891581,1.373006
536.000000,1.676396,1.715317,1.543056,1.888164,1.143082
537.000000,1.554662,1.727747,1.536734,1.871366,1.144324
538.000000,1.450931,1.759045,1.535566,1.834999,1.243252
539.000000,1.354096,1.741729,1.524127,1.755093,1.282675
540.000000,1.236579,1.649777,1.508758,1.670116,0.926202
541.000000,1.126459,1.540627,1.500450,1.592388,0.723074
542.000000,0.984296,1.391957,1.482507,1.531340,0.517311
543.000000,0.929984,1.283240,1.505160,1.503332,0.986121
544.000000,0.806485,1.151149,1.500631,1.464430,0.697578
545.000000,0.736663,1.046638,1.470756,1.434523,0.591156
546.000000,0.714579,0.979785,1.460364,1.412836,0.605521
547.000000,0.666437,0.882053,1.430483,1.384647,0.226336
548.000000,0.580763,0.812563,1.420725,1.365452,0.600777
549.000000,0.488539,0.700930,1.365922,1.328523,0.253388
550.000000,0.503024,0.671298,1.304830,1.312414,0.675296
551.000000,0.516255,0.668435,1.247527,1.311531,0.685322
552.000000,0.512603,0.642411,1.155101,1.299352,0.147385
553.000000,0.555966,0.617816,1.088663,1.321704,0.874295
554.000000,0.642519,0.608220,1.015097,1.329783,0.610139
555.000000,1.025431,0.800274,1.047274,1.365109,2.563375
556.000000,1.363261,0.962376,1.086043,1.404850,2.053467
557.000000,2.066878,1.283305,1.163916,1.459838,2.694470
558.000000,2.319449,1.459005,1.184496,1.493228,1.507661
559.000000,2.485545,1.691691,1.187818,1.495124,1.082278
560.000000,1.905709,1.763653,1.181605,1.453961,0.061984
561.000000,1.794557,2.036318,1.282732,1.453802,1.646787
562.000000,1.637565,2.444899,1.453901,1.460910,2.199401
563.000000,2.108308,2.746162,1.667982,1.508644,3.085543
564.000000,2.188040,2.698664,1.795243,1.504828,1.643194
565.000000,2.363793,2.401195,1.908994,1.514445,1.502189
566.000000,2.145482,2.160329,1.963454,1.517357,1.034476
567.000000,1.987727,1.972219,2.083032,1.542393,1.555023
568.000000,1.547404,1.879406,2.103890,1.536908,1.128257
569.000000,1.473980,1.865679,2.159806,1.539473,1.342403
570.000000,1.324977,1.866633,2.122523,1.541142,0.861917
571.000000,1.253458,1.734054,2.070755,1.551996,0.737132
572.000000,1.042059,1.553959,2.044870,1.569634,0.586701
573.000000,0.874173,1.251249,1.947681,1.543904,0.349058
574.000000,0.809776,1.187438,1.925103,1.573581,1.070097
575.000000,0.763683,1.092398,1.772386,1.586587,0.644136
576.000000,0.629443,0.993845,1.630238,1.571467,0.096587
577.000000,0.640619,0.889636,1.501247,1.604184,0.620839
578.000000,0.739612,0.847425,1.450913,1.620272,0.742639
579.000000,0.599606,0.747029,1.408798,1.646219,0.458889
580.000000,0.574895,0.712677,1.418457,1.652444,0.509046
581.000000,0.694326,0.689006,1.356797,1.655951,0.442047
582.000000,0.639693,0.672623,1.263858,1.682499,0.262196
583.000000,0.339142,0.617963,1.066900,1.644307,-0.650098
584.000000,0.465959,0.585212,1.026196,1.668931,0.979463
585.000000,0.297207,0.516905,0.949629,1.573360,-0.146495
586.000000,0.687530,0.751794,0.975355,1.551728,1.566930
587.000000,1.660905,1.082096,1.012927,1.534474,2.598281
588.000000,2.295314,1.225385,1.022791,1.520177,1.197852
589.000000,2.314752,1.493176,1.025698,1.529052,1.368003
590.000000,2.710180,1.867669,1.098985,1.585860,1.643316
591.000000,2.891160,2.539558,1.276924,1.619785,2.683757
592.000000,2.820432,3.068349,1.515653,1.637640,2.678758
593.000000,3.042311,3.374368,1.832037,1.612727,2.968344
594.000000,3.187219,3.320892,2.112464,1.700556,3.096045
595.000000,3.186127,3.305842,2.405648,1.796307,2.822431
596.000000,3.054163,3.154202,2.693833,1.925235,2.740803
597.000000,2.780099,2.859474,2.722171,1.954793,1.948740
598.000000,2.551604,2.743284,2.705178,2.008538,1.957055
599.000000,2.322373,2.639470,2.674967,2.041842,1.926434
600.000000,2.108662,2.527120,2.608881,2.081471,1.745546
601.000000,1.858584,2.359346,2.520504,2.097372,1.493572
602.000000,1.693929,2.181513,2.415552,2.087314,1.173417
603.000000,1.490682,1.992854,2.333357,2.070369,0.947086
604.000000,1.263395,1.785844,2.203551,2.007630,0.786055
605.000000,0.992482,1.560927,2.096923,1.943245,0.395633
606.000000,0.789750,1.351775,1.979069,1.915623,0.496220
607.000000,0.677826,1.228872,1.862867,1.877642,0.638486
608.000000,0.642701,1.118044,1.809299,1.847736,0.792706
609.000000,0.584731,0.976515,1.741428,1.812552,0.507465
610.000000,0.659524,0.871199,1.692352,1.792152,0.746869
611.000000,0.611670,0.738478,1.594580,1.749068,0.222889
612.000000,0.583684,0.664534,1.516056,1.727417,0.492588
613.000000,0.531507,0.621260,1.436523,1.729713,0.565583
614.000000,0.621752,0.632961,1.360879,1.716734,0.983484
615.000000,0.645414,0.689217,1.281699,1.723642,0.925255
616.000000,0.899491,0.776431,1.211880,1.717525,1.408264
617.000000,1.075520,0.837642,1.173022,1.685952,1.225287
618.000000,1.252461,0.888086,1.130785,1.686424,1.290046
619.000000,1.420018,1.026082,1.100506,1.695142,1.725129
620.000000,1.677699,1.177667,1.090446,1.707008,2.087608
621.000000,1.778836,1.422537,1.089408,1.689689,1.798127
622.000000,1.923219,1.646636,1.112623,1.666053,1.644804
623.000000,1.708881,1.712778,1.098867,1.599227,-0.035945
624.000000,1.445417,1.756148,1.124963,1.530406,0.519785
625.000000,1.041797,1.764284,1.191634,1.457141,0.417981
626.000000,0.431316,1.505062,1.196262,1.345417,-0.746728
627.000000,-0.070188,1.290930,1.201113,1.273392,-0.452996
628.000000,0.557649,1.455944,1.354340,1.271601,2.387647
629.000000,1.116045,1.566140,1.571489,1.273857,2.425411
630.000000,1.458593,1.499679,1.705512,1.258265,1.651904
631.000000,2.086436,1.568101,1.935403,1.275521,2.061186
632.000000,2.340446,1.549311,2.047160,1.290138,1.421469
633.000000,2.076995,1.725858,2.117693,1.323186,1.445577
634.000000,2.005080,1.933986,2.192995,1.408082,2.154666
635.000000,2.150439,2.151321,2.278571,1.543021,2.395925
636.000000,2.297423,2.464050,2.344549,1.696348,2.689883
637.000000,2.357638,2.547400,2.331309,1.792203,1.931455
638.000000,2.349896,2.383108,2.284934,1.858499,1.700403
639.000000,2.208645,2.237719,2.210320,1.931992,1.603051
640.000000,2.042411,2.185156,2.134129,1.982147,1.629131
641.000000,1.708222,2.050312,2.037678,2.021972,1.098117
642.000000,1.520997,1.982006,1.958058,2.031966,1.037829
643.000000,1.342329,1.901538,1.936589,2.017042,0.831323
644.000000,1.184658,1.769349,1.899286,1.979654,0.848444
645.000000,0.986526,1.603946,1.863453,1.937757,0.718904
646.000000,0.944622,1.415637,1.883715,1.887520,0.905649
647.000000,1.062600,1.378108,1.931616,1.883030,1.569712
648.000000,1.258132,1.379836,1.889364,1.881622,1.689205
649.000000,1.545611,1.444449,1.876310,1.889214,2.083885
650.000000,1.783859,1.477565,1.880646,1.874059,1.846243
651.000000,2.039280,1.620640,1.894563,1.889599,2.174622
652.000000,2.172648,1.781725,1.944259,1.916330,2.269874
653.000000,2.174355,1.891362,1.959378,1.950713,1.868917
654.000000,2.114497,1.987098,1.945245,1.969728,1.883646
655.000000,2.161924,2.113357,1.940819,2.004938,2.149544
656.000000,2.148151,2.203248,1.917832,2.056459,2.142591
657.000000,2.022564,2.174532,1.896916,2.067810,1.671645
658.000000,1.978288,2.141657,1.889564,2.028013,1.689943
659.000000,1.937310,2.085122,1.889358,1.993550,1.727349
660.000000,1.800867,2.032880,1.874172,1.970221,1.524143
661.000000,1.631231,1.937349,1.871223,1.932203,1.344142
662.000000,1.499685,1.804305,1.850315,1.898135,1.020713
663.000000,1.195365,1.629365,1.788003,1.830283,0.107785
664.000000,0.765772,1.405912,1.702015,1.730893,-0.467558
665.000000,0.094684,1.022266,1.559692,1.581299,-1.688545
666.000000,-0.614894,0.600152,1.410273,1.420287,-1.769841
667.000000,-1.150761,0.262652,1.267544,1.306150,-1.329614
668.000000,-1.279783,-0.001462,1.175262,1.240391,-0.537214
669.000000,-1.223011,-0.256554,1.081438,1.193113,-0.253327
670.000000,-1.008762,-0.553018,0.966999,1.125152,-0.662918
671.000000,-0.849956,-0.883750,0.797314,1.058889,-1.034391
672.000000,-0.710746,-1.118263,0.626789,1.013855,-0.704221
673.000000,-0.719128,-1.204991,0.479238,0.986219,-0.564272
674.000000,-0.805127,-1.225348,0.305459,0.957848,-0.625637
675.000000,-0.634072,-0.997792,0.147359,0.981271,0.152304
676.000000,-0.437605,-0.791045,-0.067664,0.986956,-0.153266
677.000000,-0.605497,-0.806925,-0.400967,0.888340,-1.438283
678.000000,-0.796352,-0.928038,-0.791085,0.777742,-1.352540
679.000000,-0.963393,-1.082257,-1.239212,0.626149,-1.309873
680.000000,-1.180575,-1.107362,-1.617090,0.496968,-0.849709
681.000000,-1.264978,-1.043891,-1.907969,0.322712,-0.640449
682.000000,-1.054041,-1.005566,-2.062797,0.085420,-0.519708
683.000000,-0.957897,-1.040520,-2.095786,-0.247846,-0.925349
684.000000,-0.797648,-1.021605,-2.002191,-0.666129,-0.600039
685.000000,-0.881960,-1.179028,-1.851967,-1.400015,-1.231678
686.000000,-1.194685,-1.391360,-1.778965,-2.331499,-2.001161
687.000000,-1.692158,-1.540451,-1.822461,-3.001988,-2.569300
688.000000,-1.967846,-1.636097,-1.878694,-3.191057,-2.069611
689.000000,-2.384972,-1.803647,-1.989581,-3.213805,-2.481796
690.000000,-2.574439,-2.000664,-2.032690,-3.097691,-2.282230
691.000000,-2.453911,-2.117628,-1.984240,-2.904575,-1.592884
692.000000,-2.230253,-2.231701,-1.968144,-2.731891,-1.537801
693.000000,-2.034412,-2.247545,-1.941562,-2.528985,-1.145102
694.000000,-1.687788,-2.261692,-1.905161,-2.338233,-0.898496
695.000000,-1.427529,-2.223261,-1.942488,-2.153621,-1.210901
696.000000,-1.165439,-2.011837,-1.907759,-1.957733,-0.489147
697.000000,-0.622964,-1.586416,-1.717760,-1.740316,0.890830
698.000000,-0.041788,-1.165129,-1.517756,-1.564300,1.425876
699.000000,0.398544,-0.730083,-1.365270,-1.448283,1.045920
700.000000,0.892338,-0.303832,-1.255411,-1.331604,0.972154
701.000000,1.164274,0.012545,-1.177627,-1.221595,0.761391
702.000000,1.220597,0.384081,-1.075972,-1.113263,1.155105
703.000000,1.136689,0.692341,-0.953816,-1.024927,1.065499
704.000000,1.187286,0.994047,-0.830078,-0.925927,1.275188
705.000000,1.231264,1.312224,-0.663094,-0.875301,1.186907
706.000000,1.438955,1.593363,-0.354103,-0.778667,1.700033
707.000000,1.594129,1.709663,0.104969,-0.595163,1.860802
708.000000,1.701624,1.717002,0.563909,-0.412076,1.637594
709.000000,1.707532,1.733814,1.096841,-0.223734,1.429992
710.000000,1.731901,1.755699,1.614270,-0.033989,1.437313
711.000000,1.710683,1.824078,2.016606,0.203021,1.639725
712.000000,1.616061,1.815789,2.279152,0.455197,1.443891
713.000000,1.642253,1.859825,2.453248,0.851350,1.765292
714.000000,1.677791,1.862280,2.515919,1.279488,1.644879
715.000000,1.619199,1.818896,2.509033,1.729135,1.244344
716.000000,1.544300,1.747793,2.443446,2.210588,1.325663
717.000000,1.467757,1.642476,2.281957,2.552598,1.133027
718.000000,1.265651,1.525706,2.092338,2.628045,0.788475
719.000000,1.097341,1.439912,1.960240,2.641295,0.819342
720.000000,1.009118,1.358885,1.852605,2.588348,0.802223
721.000000,0.892378,1.261598,1.769787,2.480375,0.765173
722.000000,0.759918,1.164216,1.665663,2.367397,0.468813
723.000000,0.733560,1.048264,1.591005,2.270371,0.641254
724.000000,0.799239,0.986383,1.543633,2.210326,1.214383
725.000000,0.826441,0.948995,1.497245,2.158454,0.958921
726.000000,1.068059,0.976789,1.475044,2.122139,2.122675
727.000000,1.414554,1.031402,1.442128,2.034146,1.974918
728.000000,1.722507,1.147254,1.421363,1.941950,1.900815
729.000000,1.893445,1.280987,1.417510,1.884893,1.961934
730.000000,2.018996,1.394162,1.402815,1.829544,1.602220
731.000000,1.968424,1.551898,1.391322,1.799548,1.901060
732.000000,1.962858,1.762561,1.400394,1.765033,1.971015
733.000000,1.935449,1.919162,1.383309,1.734998,1.775348
734.000000,1.922897,2.003039,1.384999,1.708388,1.903487
735.000000,1.889539,2.049664,1.402473,1.679489,1.427418
736.000000,1.682514,1.914975,1.392658,1.624716,0.856824
737.000000,1.470998,1.806653,1.403289,1.569865,0.941047
738.000000,1.307678,1.714076,1.448855,1.528362,0.988432
739.000000,1.177994,1.649311,1.509125,1.507512,1.329280
740.000000,1.115992,1.605780,1.561236,1.484812,1.140375
741.000000,1.211798,1.542338,1.622289,1.460491,1.301172
742.000000,1.322058,1.483606,1.709432,1.453415,1.450346
743.000000,1.368548,1.418716,1.759240,1.424529,1.223885
744.000000,1.332469,1.329922,1.756517,1.402198,1.187100
745.000000,1.355941,1.310051,1.770556,1.408025,1.277368
746.000000,1.278023,1.316848,1.700164,1.399323,0.952688
747.000000,1.160945,1.307899,1.635854,1.400654,0.894518
748.000000,1.090404,1.294265,1.577867,1.424910,0.890374
749.000000,1.137445,1.301785,1.545816,1.464852,1.438389
750.000000,1.203493,1.348395,1.545760,1.511174,1.629998
751.000000,1.331270,1.368520,1.523340,1.556074,1.555991
752.000000,1.466387,1.361015,1.490369,1.611415,1.496579
753.000000,1.537271,1.343957,1.449375,1.642043,1.075486
754.000000,1.454493,1.322909,1.391382,1.638352,0.887058
755.000000,1.251653,1.264143,1.349379,1.636746,0.435144
756.000000,0.991464,1.239269,1.337898,1.586173,0.247141
757.000000,0.823177,1.275021,1.343694,1.554122,0.905802
758.000000,0.443735,1.195945,1.296829,1.493536,-0.704847
759.000000,-0.278436,0.880681,1.175935,1.398409,-2.110679
760.000000,-1.367741,0.256413,0.994046,1.277351,-3.329602
761.000000,-2.629965,-0.756542,0.706049,1.089847,-3.673262
762.000000,-3.231137,-1.729438,0.407297,0.905544,-2.722750
763.000000,-3.423863,-2.615786,-0.010809,0.659964,-3.103530
764.000000,-3.139198,-2.902468,-0.392909,0.434058,-2.076475
765.000000,-2.850793,-2.978823,-0.876801,0.189393,-2.168126
766.000000,-2.448980,-2.895147,-1.317101,-0.016679,-1.717303
767.000000,-2.269784,-2.861587,-1.794429,-0.286119,-1.878287
768.000000,-2.072521,-2.777614,-2.241879,-0.634862,-2.064121
769.000000,-1.976502,-2.606373,-2.532049,-1.001862,-1.692249
770.000000,-1.933863,-2.456442,-2.728704,-1.415651,-1.959755
771.000000,-1.902228,-2.251482,-2.750789,-1.775955,-1.656257
772.000000,-1.824106,-2.112739,-2.694601,-2.063817,-1.549426
773.000000,-1.743467,-1.966299,-2.618160,-2.272813,-1.661786
774.000000,-1.569624,-1.813648,-2.462600,-2.301458,-0.882679
775.000000,-1.368174,-1.676595,-2.334042,-2.303448,-0.946123
776.000000,-1.254436,-1.601893,-2.239097,-2.279277,-1.078427
777.000000,-1.169942,-1.524249,-2.175875,-2.243063,-1.120367
778.000000,-1.032344,-1.418510,-2.087397,-2.187679,-0.990070
779.000000,-1.160879,-1.403667,-2.028926,-2.193155,-1.505367
780.000000,-1.330977,-1.390355,-1.971533,-2.211081,-1.768132
781.000000,-1.421135,-1.377185,-1.881083,-2.194700,-1.520415
782.000000,-1.455613,-1.348564,-1.804253,-2.156547,-1.283307
783.000000,-1.589366,-1.344130,-1.734157,-2.132957,-1.640468
784.000000,-1.554460,-1.388113,-1.683234,-2.090103,-1.312514
785.000000,-1.383489,-1.386958,-1.609600,-2.028210,-0.890091
786.000000,-1.151667,-1.322408,-1.531501,-1.950232,-0.256467
787.000000,-0.968113,-1.261519,-1.454997,-1.895323,-0.225963
788.000000,-0.710277,-1.239498,-1.382838,-1.842134,-0.433134
789.000000,-0.385345,-1.111364,-1.309479,-1.766821,0.263868
790.000000,-0.113653,-0.932191,-1.222411,-1.683968,0.320760
791.000000,0.012212,-0.763742,-1.151062,-1.591316,0.313246
792.000000,0.343166,-0.534057,-1.056714,-1.498578,1.252243
793.000000,0.868456,-0.143653,-0.933156,-1.381386,1.650765
794.000000,1.229988,0.275399,-0.856325,-1.292509,1.695278
795.000000,1.723050,0.781661,-0.739056,-1.181050,2.295286
796.000000,2.192647,1.264350,-0.586279,-1.077603,2.382206
797.000000,2.374398,1.744095,-0.401674,-0.962022,2.272253
798.000000,2.358811,2.116228,-0.210254,-0.837327,1.912588
799.000000,2.221698,2.212646,0.046774,-0.736934,1.415144
800.000000,1.963783,2.220407,0.385614,-0.614339,1.237058
801.000000,1.702461,2.197798,0.756564,-0.493895,1.170615
802.000000,1.430230,2.066538,1.125494,-0.370584,0.980905
803.000000,1.264330,1.940599,1.575929,-0.205336,1.130081
804.000000,1.193416,1.828617,1.937861,-0.077322,1.095022
805.000000,1.177628,1.688566,2.166708,0.089598,1.176494
806.000000,1.225778,1.578470,2.255314,0.329950,1.401122
807.000000,1.310302,1.480803,2.273472,0.636415,1.404110
808.000000,1.285439,1.375920,2.234357,0.960426,1.050623
809.000000,1.264019,1.322585,2.140358,1.399687,1.032350
810.000000,1.212770,1.279008,2.048165,1.854694,0.959991
811.000000,1.071056,1.217405,1.952716,2.147122,0.711241
812.000000,0.879934,1.153625,1.821675,2.258872,0.455594
813.000000,0.764266,1.078661,1.696198,2.314658,0.450878
814.000000,0.679632,1.029892,1.600479,2.289326,0.653889
815.000000,0.562964,0.957427,1.478175,2.196651,0.410766
816.000000,0.520634,0.866769,1.365969,2.077157,0.546759
817.000000,0.641150,0.807623,1.281911,2.001452,1.078705
818.000000,0.703963,0.764501,1.201599,1.937587,0.680081
819.000000,0.828784,0.763751,1.173224,1.877973,1.306913
820.000000,1.787333,1.088556,1.288901,1.942612,4.083326
821.000000,2.507042,1.423706,1.372285,1.967394,2.946769
822.000000,2.963302,1.853655,1.471034,1.963089,2.694619
823.000000,3.165711,2.229667,1.542364,1.934123,2.228593
824.000000,3.134174,2.512931,1.621991,1.911748,2.121334
825.000000,2.710588,2.761359,1.721574,1.887301,2.326698
826.000000,2.455671,2.831056,1.784295,1.849371,1.975062
827.000000,2.255030,2.778644,1.841461,1.815081,1.891335
828.000000,2.138895,2.721008,1.920815,1.793505,1.808097
829.000000,2.036181,2.617137,1.988068,1.792077,1.721108
830.000000,1.853320,2.316304,2.028885,1.786245,1.484532
831.000000,1.700814,2.114745,2.057990,1.773898,1.277800
832.000000,1.559819,1.945821,2.087437,1.768535,1.217175
833.000000,1.388727,1.800487,2.081115,1.745444,0.973219
834.000000,1.261820,1.689765,2.066017,1.735558,1.100763
835.000000,1.148063,1.546542,2.043263,1.717631,0.933576
836.000000,0.970983,1.384085,1.977665,1.667725,0.413717
837.000000,0.770860,1.215877,1.889264,1.613782,0.241959
838.000000,0.628376,1.060569,1.826701,1.583319,0.275163
839.000000,0.412022,0.890081,1.743547,1.546881,0.062000
840.000000,0.216385,0.737410,1.566716,1.514391,0.011348
841.000000,0.143250,0.611233,1.440819,1.498852,0.070640
842.000000,0.114664,0.492787,1.328299,1.499123,0.112679
843.000000,0.108881,0.415791,1.245868,1.507695,0.284571
844.000000,0.193625,0.336554,1.177945,1.518393,0.498389
845.000000,0.280904,0.263423,1.090540,1.534987,0.410368
846.000000,0.354999,0.250929,1.016917,1.549353,0.364954
847.000000,0.328463,0.217766,0.923175,1.537282,-0.219544
848.000000,0.323566,0.207480,0.844343,1.552604,0.179490
849.000000,0.121010,0.187165,0.744536,1.545982,-0.686883
850.000000,-0.107492,0.181714,0.653476,1.447940,-0.496264
851.000000,-0.482766,0.124606,0.555157,1.368877,-0.966298
852.000000,-0.439004,0.119711,0.475255,1.305334,0.012548
853.000000,-0.504558,0.064917,0.409461,1.253939,0.014140
854.000000,-0.099079,0.049553,0.350015,1.219774,1.003194
855.000000,0.243500,0.060472,0.296907,1.161717,0.938530
856.000000,0.662985,0.079710,0.307729,1.111848,0.803867
857.000000,0.895645,0.303604,0.365271,1.062931,1.023866
858.000000,1.251863,0.512865,0.468521,1.022573,1.568052
859.000000,1.222746,0.753802,0.603367,0.958109,0.861136
860.000000,1.235038,0.976533,0.809540,0.905360,0.970394
861.000000,1.244778,1.245784,1.054202,0.858720,0.806848
862.000000,1.086021,1.290637,1.277569,0.792032,0.288867
863.000000,1.064534,1.516199,1.610909,0.784559,1.493076
864.000000,1.273606,1.631959,1.827259,0.762958,1.692635
865.000000,1.384622,1.709389,1.903687,0.748317,1.420135
866.000000,1.188328,1.576319,1.726255,0.751405,0.063463
867.000000,1.078028,1.377321,1.687036,0.779816,-0.097595
868.000000,0.523342,0.984064,1.457521,0.766280,-0.935196
869.000000,0.015250,0.777521,1.452343,0.822732,-0.518032
870.000000,-0.585087,0.501052,1.351358,0.881635,-1.076517
871.000000,-1.038171,0.165244,1.245645,0.901850,-1.771487
872.000000,-1.239062,0.037280,1.138232,1.005104,-0.715644
873.000000,-1.160293,-0.259169,1.062415,1.109829,-0.488851
874.000000,-1.179767,-0.629408,0.859850,1.153427,-0.540455
875.000000,-0.738874,-0.826022,0.797822,1.400290,0.662975
876.000000,-0.608406,-1.067072,0.553384,1.266136,-1.275289
877.000000,-1.535702,-1.737669,-0.054462,0.477663,-3.471666
878.000000,-1.725187,-1.787614,-0.430348,-0.020276,-1.207574
879.000000,-1.770922,-1.816307,-0.663207,-0.103552,-0.843077
880.000000,-1.965398,-1.711693,-0.878898,-0.162535,-0.595505
881.000000,-1.684762,-1.462702,-1.029356,0.094335,-0.211196
882.000000,-0.972349,-1.463749,-1.206204,-0.217559,-0.777888
883.000000,-0.651522,-1.363734,-1.431286,-0.230314,-0.007690
884.000000,-0.307205,-1.192198,-1.616898,-0.429156,0.446537
885.000000,0.487051,-0.862176,-1.480684,0.194327,2.222580
886.000000,1.289433,-0.212661,-1.055467,1.083426,2.444505
887.000000,2.073803,0.810439,-0.600856,1.768097,2.167955
888.000000,2.276387,1.240501,-0.205530,1.749214,1.216709
889.000000,2.432737,1.665559,0.248338,2.174701,1.660093
890.000000,2.213681,1.971304,0.757671,2.454898,1.567937
891.000000,1.901209,2.112982,1.259180,2.583849,1.274446
892.000000,1.726580,2.307023,1.642551,2.854584,1.521221
893.000000,1.773041,2.368701,1.947256,2.795708,1.553749
894.000000,1.640260,2.308862,2.112791,2.599170,1.188528
895.000000,1.525127,2.095163,2.127404,2.467556,1.138569
896.000000,1.396425,1.835670,2.208972,2.449313,0.789477
897.000000,1.227630,1.630398,2.454842,2.431457,0.808428
898.000000,1.012670,1.519325,2.403706,2.444933,0.620056
899.000000,0.922320,1.394180,2.344586,2.418370,0.798341
900.000000,0.806703,1.263869,2.251252,2.386607,0.618256
901.000000,0.750334,1.162042,2.139042,2.376897,0.531429
902.000000,0.632660,1.005716,2.053256,2.255932,0.262846
903.000000,0.655079,0.901477,1.978331,2.197850,0.719690
904.000000,0.607847,0.827967,1.882939,2.135472,0.587335
905.000000,0.688530,0.807397,1.742842,2.064524,0.977892
906.000000,0.815468,0.843530,1.610450,2.102833,1.096890
907.000000,1.008400,0.880662,1.504435,2.255569,1.228684
908.000000,1.164662,0.974172,1.485995,2.271878,1.561668
909.000000,1.412021,1.073921,1.456456,2.271076,1.814306
910.000000,1.562439,1.181870,1.423205,2.238640,1.601812
911.000000,1.751814,1.326755,1.423462,2.198456,1.810811
912.000000,1.897954,1.510768,1.402818,2.178987,1.778981
913.000000,1.955252,1.639480,1.379645,2.126506,1.692425
914.000000,2.034473,1.845924,1.409408,2.081972,2.089584
915.000000,2.087778,2.001776,1.443493,1.975041,1.848223
916.000000,2.005294,2.110135,1.501385,1.864353,1.694589
917.000000,1.948856,2.158983,1.566501,1.780258,1.802775
918.000000,1.776505,2.064779,1.610100,1.725364,1.090150
919.000000,1.497576,1.893772,1.621426,1.646100,0.767589
920.000000,1.243938,1.738038,1.638410,1.573031,0.616229
921.000000,1.071476,1.590785,1.672196,1.528139,0.843538
922.000000,0.936264,1.499492,1.742470,1.484359,1.157561
923.000000,0.871277,1.387281,1.745215,1.429322,0.781466
924.000000,0.828494,1.226744,1.745149,1.391915,0.566373
925.000000,0.805928,1.084617,1.712386,1.360544,0.509054
926.000000,0.664596,0.920473,1.649679,1.339369,0.142985
927.000000,0.391427,0.707817,1.559832,1.310050,-0.184738
928.000000,0.191753,0.575112,1.450975,1.295050,-0.197702
929.000000,-0.324108,0.298383,1.226984,1.214302,-1.924728
930.000000,-0.841953,0.039727,1.028505,1.151222,-1.798979
931.000000,-1.391761,-0.315302,0.780479,1.077429,-2.191407
932.000000,-1.886693,-0.756231,0.522456,1.018284,-2.277588
933.000000,-2.101743,-1.056339,0.332065,0.972466,-1.277611
934.000000,-2.094324,-1.431272,0.044536,0.904451,-1.918314
935.000000,-1.991132,-1.728460,-0.222888,0.827404,-1.419064
936.000000,-2.068176,-2.105909,-0.646397,0.639234,-2.517441
937.000000,-1.905778,-2.237414,-1.037859,0.472633,-1.606369
938.000000,-1.852821,-2.255109,-1.329758,0.267511,-1.236305
939.000000,-1.710574,-2.096383,-1.586249,-0.030256,-1.301276
940.000000,-1.687190,-1.978556,-1.807921,-0.400005,-1.384066
941.000000,-1.338956,-1.772611,-1.933388,-0.807430,-0.838668
942.000000,-1.147067,-1.571396,-2.025735,-1.225148,-0.687884
943.000000,-1.086119,-1.509712,-2.074451,-1.661119,-0.940586
944.000000,-0.890554,-1.338599,-2.020696,-1.957036,-0.345636
945.000000,-0.693408,-1.235903,-1.966148,-2.165585,-0.441708
946.000000,-0.833748,-1.134750,-1.968697,-2.412750,-1.519475
947.000000,-1.316394,-1.279271,-2.045546,-2.700618,-2.757563
948.000000,-1.669667,-1.424854,-2.077112,-2.739971,-2.328429
949.000000,-2.134973,-1.579898,-2.036766,-2.719698,-2.373645
950.000000,-2.374937,-1.657949,-1.977433,-2.625210,-1.859262
951.000000,-2.429897,-1.815263,-1.931923,-2.569167,-2.034088
952.000000,-2.153460,-1.903240,-1.857089,-2.483826,-1.486317
953.000000,-1.955473,-1.949228,-1.831785,-2.387711,-1.392990
954.000000,-1.672793,-1.995928,-1.764520,-2.275831,-0.995302
955.000000,-1.605386,-2.083635,-1.762255,-2.214157,-1.519697
956.000000,-1.387818,-2.018612,-1.680211,-2.124281,-1.000615
957.000000,-1.350747,-1.873677,-1.666620,-2.057612,-1.299772
958.000000,-1.341134,-1.774043,-1.676630,-2.006251,-1.331564
959.000000,-1.450260,-1.675558,-1.692251,-1.927183,-1.477729
960.000000,-1.416244,-1.622071,-1.698551,-1.863365,-1.380092
961.000000,-1.599017,-1.594914,-1.760267,-1.822574,-1.838142
962.000000,-1.725846,-1.642979,-1.829787,-1.794446,-1.900006
963.000000,-1.908266,-1.741828,-1.904505,-1.815312,-2.190280
964.000000,-2.047262,-1.880235,-1.998306,-1.824817,-2.173049
965.000000,-2.132448,-1.921445,-2.058953,-1.838744,-1.938978
966.000000,-2.134728,-2.008744,-2.067439,-1.823420,-1.963184
967.000000,-2.135307,-2.061293,-2.022005,-1.839622,-1.996315
968.000000,-2.023678,-2.065328,-1.975716,-1.851044,-1.710072
969.000000,-1.800053,-1.986167,-1.886262,-1.829076,-1.119937
970.000000,-1.614660,-1.915203,-1.822045,-1.802794,-1.026604
971.000000,-1.357416,-1.779514,-1.730005,-1.777518,-0.646942
972.000000,-0.923535,-1.569439,-1.623659,-1.724158,0.223028
973.000000,-0.309471,-1.237364,-1.469951,-1.627412,1.340647
974.000000,0.205000,-0.913831,-1.355126,-1.563580,1.327426
975.000000,0.815841,-0.570477,-1.209900,-1.497426,1.644789
976.000000,1.418504,-0.154191,-1.081943,-1.401506,1.824368
977.000000,1.726291,0.311097,-0.950171,-1.276731,1.533607
978.000000,1.647630,0.738695,-0.841009,-1.180690,1.080867
979.000000,1.508514,1.064943,-0.734858,-1.087132,0.814808
980.000000,1.358482,1.401458,-0.611591,-0.998796,0.994538
981.000000,1.204353,1.657850,-0.433591,-0.886740,1.104527
982.000000,1.120641,1.754364,-0.219959,-0.789458,1.145995
983.000000,1.166170,1.706619,0.069847,-0.677526,1.293004
984.000000,1.146583,1.594228,0.355589,-0.613709,0.764640
985.000000,1.106797,1.468263,0.670497,-0.508029,0.834479
986.000000,1.030383,1.322242,1.030101,-0.426019,0.760008
987.000000,0.941533,1.211962,1.423440,-0.315935,0.736042
988.000000,0.793028,1.141301,1.755383,-0.199164,0.603746
989.000000,0.786057,1.121098,1.981300,-0.031185,0.738114
990.000000,0.749537,1.072459,2.126188,0.161666,0.669459
991.000000,0.755144,1.027426,2.174789,0.473873,0.791902
992.000000,0.643465,0.907112,2.044414,0.798067,0.216101
993.000000,0.583381,0.784413,1.839164,1.256472,0.319874
994.000000,0.477306,0.716789,1.659796,1.746944,0.228520
995.000000,0.390485,0.645744,1.489864,2.141759,0.254333
996.000000,0.172928,0.534190,1.291278,2.350694,-0.267456
997.000000,0.057033,0.417099,1.124663,2.432105,-0.428594
998.000000,-0.037780,0.348383,1.029154,2.434188,-0.094086
999.000000,-0.201630,0.224400,0.941414,2.313151,-0.582128
1000.000000,-0.815851,-0.065066,0.751105,2.098437,-2.849418
1001.000000,-1.548005,-0.464189,0.538540,1.887997,-3.027050
1002.000000,-2.301664,-0.836040,0.325459,1.657062,-2.447646
1003.000000,-2.753524,-1.273380,0.100288,1.381790,-1.873756
1004.000000,-2.754114,-1.725271,-0.081924,1.152519,-1.633487
1005.000000,-2.417625,-2.204183,-0.330069,0.878657,-2.028502
1006.000000,-2.083851,-2.351423,-0.572203,0.603862,-1.653233
1007.000000,-1.925845,-2.359445,-0.846598,0.325366,-1.734308
1008.000000,-1.778112,-2.305290,-1.085609,0.111725,-1.249098
1009.000000,-1.537936,-2.128912,-1.293417,-0.029250,-0.548329
1010.000000,-1.246624,-1.832135,-1.498998,-0.216692,-0.646868
1011.000000,-1.057784,-1.592172,-1.705280,-0.446338,-0.744368
1012.000000,-1.625991,-1.823905,-2.101065,-1.065928,-3.572453
1013.000000,-2.018020,-1.961051,-2.301808,-1.600177,-2.584727
1014.000000,-2.370351,-2.050653,-2.373183,-1.966319,-2.185099
1015.000000,-2.495102,-2.019188,-2.351321,-2.193386,-1.678423
1016.000000,-2.528303,-2.001395,-2.269105,-2.319737,-1.536320
1017.000000,-2.132030,-2.000474,-2.210814,-2.400052,-1.701446
1018.000000,-1.966168,-2.055388,-2.197302,-2.433298,-1.831240
1019.000000,-1.848753,-2.132090,-2.161125,-2.427343,-1.677526
1020.000000,-1.792900,-2.160919,-2.058190,-2.378930,-1.475418
1021.000000,-1.756691,-2.168392,-1.973683,-2.327872,-1.414183
1022.000000,-1.650845,-1.927918,-1.906273,-2.230748,-1.228453
1023.000000,-1.482689,-1.760312,-1.851849,-2.143764,-1.042658
1024.000000,-1.318195,-1.620376,-1.802671,-2.059414,-0.897733
1025.000000,-1.274161,-1.575806,-1.767824,-2.011822,-1.267918
1026.000000,-1.233064,-1.542439,-1.745888,-1.952068,-1.222238
1027.000000,-1.186074,-1.469146,-1.709421,-1.892476,-0.995231
1028.000000,-1.187736,-1.384475,-1.696179,-1.859533,-1.021579
1029.000000,-1.214958,-1.311337,-1.708231,-1.824825,-0.973476
1030.000000,-1.135200,-1.250616,-1.711801,-1.755944,-0.890131
1031.000000,-1.040839,-1.184730,-1.706604,-1.693600,-0.795878
1032.000000,-0.988583,-1.135962,-1.576008,-1.646900,-0.752292
1033.000000,-0.878225,-1.085824,-1.474953,-1.606939,-0.508542
1034.000000,-0.717488,-1.025147,-1.379409,-1.566391,-0.207332
1035.000000,-0.562021,-0.909740,-1.310673,-1.517842,-0.160305
1036.000000,-0.366514,-0.769581,-1.240255,-1.474270,0.110896
1037.000000,-0.207352,-0.673897,-1.168447,-1.438216,-0.076285
1038.000000,0.011550,-0.519527,-1.064625,-1.404983,0.459263
1039.000000,0.243505,-0.334154,-0.957625,-1.390369,0.880345
1040.000000,0.598551,-0.109221,-0.851202,-1.373889,1.464075
1041.000000,1.165000,0.196624,-0.726248,-1.352604,2.668312
1042.000000,1.731800,0.478817,-0.632791,-1.240603,1.401906
1043.000000,2.129876,0.801352,-0.531526,-1.146983,1.669497
1044.000000,2.104632,1.075563,-0.439679,-1.066490,1.295238
1045.000000,1.936901,1.410190,-0.277468,-0.999742,1.541382
1046.000000,1.305876,1.508031,-0.158102,-0.970542,-0.035644
1047.000000,1.047754,1.651266,-0.029726,-0.919247,0.238332
1048.000000,0.774298,1.619724,0.137753,-0.842618,0.420354
1049.000000,0.388864,1.355799,0.273708,-0.786578,-0.456750
1050.000000,-0.255745,0.924971,0.364987,-0.762888,-1.317031
1051.000000,-0.522620,0.443124,0.464821,-0.735019,-1.194097
1052.000000,-0.788014,0.153953,0.596459,-0.710213,-0.898407
1053.000000,-1.020490,-0.142765,0.714080,-0.691840,-0.625425
1054.000000,-0.910644,-0.312267,0.831135,-0.661089,-0.000124
1055.000000,-0.681857,-0.561380,0.896595,-0.580346,-0.294043
1056.000000,-0.669077,-0.714294,0.775383,-0.531074,-1.150868
1057.000000,-0.654821,-0.864828,0.709006,-0.487507,-0.846915
1058.000000,-0.622364,-0.986815,0.556068,-0.391461,-0.478863
1059.000000,-0.791679,-1.021335,0.311288,-0.293562,-0.714865
1060.000000,-0.984999,-0.995034,-0.036001,-0.224398,-1.128346
1061.000000,-1.102050,-1.056193,-0.551558,-0.229527,-1.639519
1062.000000,-1.202796,-1.108539,-0.896789,-0.192827,-1.262336
1063.000000,-1.475154,-1.259658,-1.347844,-0.360891,-1.662188
1064.000000,-1.726087,-1.526873,-1.771244,-0.881605,-1.883908
1065.000000,-1.874675,-1.733782,-2.179738,-1.674256,-1.913035
1066.000000,-1.749369,-1.705052,-2.243572,-2.413273,-1.230040
1067.000000,-1.541240,-1.600951,-2.208976,-2.498721,-0.444079
1068.000000,-1.295011,-1.551903,-2.172520,-2.668435,-0.508797
1069.000000,-1.081176,-1.524156,-2.078752,-2.859167,-0.850074
1070.000000,-0.834867,-1.451924,-1.911524,-2.979300,-0.788765
1071.000000,-1.684736,-1.850543,-2.174711,-3.644971,-4.062006
1072.000000,-2.581739,-2.225422,-2.382668,-3.635026,-3.419420
1073.000000,-3.047264,-2.412023,-2.475541,-3.467802,-2.724362
1074.000000,-3.176067,-2.488962,-2.525149,-3.261771,-2.352368
1075.000000,-3.124547,-2.478919,-2.489634,-3.065809,-1.909398
1076.000000,-2.618395,-2.476735,-2.400452,-2.831997,-1.658509
1077.000000,-2.252356,-2.530131,-2.349864,-2.680988,-1.713584
1078.000000,-2.028347,-2.554121,-2.323215,-2.572599,-1.708954
1079.000000,-1.820566,-2.503622,-2.268863,-2.439323,-1.430995
1080.000000,-1.691335,-2.443016,-2.206249,-2.307031,-1.351598
1081.000000,-1.602812,-2.173526,-2.136091,-2.202269,-1.286776
1082.000000,-1.448180,-1.915482,-2.068435,-2.105643,-1.011888
1083.000000,-1.282261,-1.716880,-1.995912,-2.027462,-0.930888
1084.000000,-1.160042,-1.550833,-1.922958,-1.971262,-0.854701
1085.000000,-1.064184,-1.439294,-1.862293,-1.921543,-0.897241
1086.000000,-0.966464,-1.348003,-1.824629,-1.859951,-0.826920
1087.000000,-0.911660,-1.244040,-1.810521,-1.810607,-0.748391
1088.000000,-0.873913,-1.140259,-1.797005,-1.777103,-0.745045
1089.000000,-0.842390,-1.061216,-1.773786,-1.744001,-0.693464
1090.000000,-0.753516,-0.967119,-1.742582,-1.700345,-0.458095
1091.000000,-0.688424,-0.884036,-1.603426,-1.657877,-0.507886
1092.000000,-0.590586,-0.809359,-1.458898,-1.620435,-0.261883
1093.000000,-0.390012,-0.695969,-1.316429,-1.564010,0.230408
1094.000000,-0.150083,-0.569672,-1.180761,-1.503313,0.425288
1095.000000,0.138838,-0.386670,-1.047938,-1.432651,0.859969
1096.000000,0.500071,-0.182720,-0.921509,-1.379541,1.042204
1097.000000,0.766275,-0.001760,-0.803508,-1.364796,0.802962
1098.000000,0.627881,0.047138,-0.748686,-1.405213,-0.747550
1099.000000,0.506741,0.135223,-0.696018,-1.434001,-0.423140
1100.000000,0.147420,0.171725,-0.660568,-1.481177,-0.919746
1101.000000,-0.610828,0.174078,-0.642944,-1.430952,-1.441656
1102.000000,-1.415229,0.099475,-0.651074,-1.372374,-1.478674
1103.000000,-1.504002,-0.138954,-0.666859,-1.325005,-1.405355
1104.000000,-1.618161,-0.486829,-0.685260,-1.278963,-1.214144
1105.000000,-1.661441,-1.071834,-0.702612,-1.251335,-1.214129
1106.000000,-1.629848,-1.787750,-0.751329,-1.242336,-1.417201
1107.000000,-1.627768,-2.266537,-0.837994,-1.230317,-1.550421
1108.000000,-1.669416,-2.226760,-0.955423,-1.217176,-1.655166
1109.000000,-1.781890,-2.277418,-1.127983,-1.230529,-1.792040
1110.000000,-1.845078,-2.263905,-1.367066,-1.246173,-1.639377
1111.000000,-1.727712,-2.100220,-1.544816,-1.240716,-1.054440
1112.000000,-1.562629,-1.937378,-1.755716,-1.255296,-0.904035
1113.000000,-1.367951,-1.793155,-2.036919,-1.274631,-0.804692
1114.000000,-1.036637,-1.618644,-2.222832,-1.273073,-0.283210
1115.000000,-0.711505,-1.449714,-2.392525,-1.256594,-0.158925
1116.000000,-0.505382,-1.270232,-2.473267,-1.243936,-0.117712
1117.000000,-0.221063,-1.023078,-2.360146,-1.204511,0.377648
1118.000000,0.202493,-0.677925,-1.964808,-1.104784,1.067340
1119.000000,0.398616,-0.377255,-1.739010,-1.035543,0.581266
1120.000000,0.601334,-0.064353,-1.502617,-0.975657,0.737603
1121.000000,0.737803,0.144644,-1.279201,-0.919027,0.503302
1122.000000,0.705343,0.299713,-1.102820,-0.916694,0.241664
1123.000000,0.578904,0.478330,-0.915718,-0.964395,0.507044
1124.000000,0.514395,0.556694,-0.779353,-1.076419,0.286580
1125.000000,0.395501,0.609627,-0.659213,-1.297794,0.199505
1126.000000,0.414095,0.710440,-0.485409,-1.541919,0.658551
1127.000000,0.548655,0.768270,-0.278889,-1.732689,0.892863
1128.000000,0.597782,0.711208,-0.049600,-1.636332,0.753439
1129.000000,0.667495,0.706673,0.210121,-1.581209,0.524689
1130.000000,0.916079,0.759743,0.562727,-1.355328,1.275458
1131.000000,1.696247,1.228637,1.186112,-0.683052,3.489300
1132.000000,2.362434,1.777213,1.832480,0.150723,3.226311
1133.000000,2.741136,2.136439,2.318808,1.046261,2.684317
1134.000000,2.877201,2.339796,2.535024,1.855083,2.176324
1135.000000,2.794485,2.414828,2.592098,2.457038,1.818701
1136.000000,2.415776,2.394725,2.567229,2.807805,1.630444
1137.000000,2.068348,2.352549,2.468173,2.939970,1.501424
1138.000000,1.818430,2.320358,2.326861,2.950534,1.471026
1139.000000,1.631573,2.284856,2.222133,2.882600,1.289477
1140.000000,1.585639,2.256201,2.153143,2.820713,1.605670
1141.000000,1.576245,2.084849,2.106604,2.711086,1.591113
1142.000000,1.530760,1.889643,2.054892,2.580574,1.286460
1143.000000,1.473558,1.730765,1.993047,2.462582,1.191779
1144.000000,1.476373,1.634166,1.962792,2.351279,1.299133
1145.000000,1.384730,1.561811,1.937449,2.247476,1.166969
1146.000000,1.308181,1.517986,1.913775,2.165579,1.230530
1147.000000,1.302260,1.491449,1.898200,2.081199,1.258602
1148.000000,1.289807,1.453538,1.880991,1.979933,1.142303
1149.000000,1.186494,1.400479,1.854554,1.896055,0.815662
1150.000000,1.106962,1.310211,1.812245,1.819660,0.789675
1151.000000,1.017101,1.222793,1.698086,1.763362,0.797971
1152.000000,0.885361,1.152810,1.574253,1.716585,0.623348
1153.000000,0.737129,1.074886,1.460136,1.662762,0.425078
1154.000000,0.646266,0.979715,1.368854,1.624079,0.358358
1155.000000,0.532945,0.887913,1.293033,1.594318,0.217896
1156.000000,0.395739,0.780989,1.227169,1.564372,0.135895
1157.000000,0.230917,0.639415,1.158721,1.534106,-0.206350
1158.000000,0.048758,0.484341,1.085616,1.508836,-0.534565
1159.000000,-0.261595,0.323056,1.010650,1.487329,-1.390163
1160.000000,-1.012579,0.010311,0.860820,1.427464,-3.799136
1161.000000,-1.994990,-0.379875,0.700196,1.307414,-2.974366
1162.000000,-2.722259,-0.815276,0.552624,1.179167,-2.396473
1163.000000,-3.049913,-1.378169,0.362772,1.036867,-2.697427
1164.000000,-2.910857,-1.916620,0.145487,0.910061,-2.200853
1165.000000,-2.590415,-2.353772,-0.109086,0.779727,-2.220888
1166.000000,-2.440663,-2.624959,-0.433680,0.632260,-2.270939
1167.000000,-2.373467,-2.688856,-0.820889,0.465703,-2.175195
1168.000000,-2.130219,-2.572718,-1.189582,0.301727,-1.570450
1169.000000,-2.063689,-2.473422,-1.575297,0.092266,-1.900119
1170.000000,-1.967250,-2.284794,-1.916995,-0.185823,-1.765620
1171.000000,-1.813545,-2.129697,-2.153360,-0.501232,-1.521516
1172.000000,-1.692006,-2.032636,-2.283819,-0.844291,-1.565149
1173.000000,-1.672064,-1.914693,-2.318482,-1.208316,-1.509522
1174.000000,-1.565689,-1.823195,-2.290050,-1.572473,-1.371292
1175.000000,-1.429593,-1.705410,-2.211416,-1.848278,-1.092872
1176.000000,-1.327321,-1.580853,-2.126801,-2.046763,-1.011673
1177.000000,-1.212451,-1.464683,-2.036772,-2.166054,-0.985088
1178.000000,-1.041232,-1.371977,-1.933010,-2.186344,-0.637970
1179.000000,-0.894695,-1.252767,-1.836268,-2.147821,-0.639328
1180.000000,-0.786469,-1.137606,-1.710343,-2.091311,-0.547014
1181.000000,-0.678679,-1.040289,-1.606927,-2.030258,-0.475009
1182.000000,-0.509940,-0.907973,-1.510228,-1.946081,-0.136971
1183.000000,-0.444557,-0.790809,-1.413565,-1.871720,-0.310342
1184.000000,-0.420012,-0.703366,-1.347616,-1.816884,-0.570666
1185.000000,-0.586620,-0.718972,-1.316598,-1.798393,-1.517591
1186.000000,-0.852816,-0.772029,-1.290795,-1.791250,-1.864337
1187.000000,-1.500773,-0.949700,-1.315174,-1.817693,-3.020198
1188.000000,-2.035043,-1.152544,-1.350369,-1.822518,-2.445945
1189.000000,-2.440533,-1.362011,-1.358827,-1.815836,-2.196375
1190.000000,-2.476624,-1.556489,-1.354774,-1.768889,-1.681679
1191.000000,-2.349007,-1.733138,-1.352213,-1.724606,-1.334976
1192.000000,-1.981490,-1.959096,-1.349434,-1.693568,-1.361298
1193.000000,-1.620258,-2.075769,-1.325697,-1.634819,-0.784247
1194.000000,-1.323260,-2.139607,-1.314880,-1.591356,-0.806449
1195.000000,-1.027524,-2.016642,-1.305690,-1.533526,-0.300975
1196.000000,-0.832109,-1.864293,-1.311348,-1.476893,-0.442614
1197.000000,-0.630303,-1.550649,-1.320590,-1.422473,-0.471243
1198.000000,-0.267754,-1.150306,-1.292734,-1.357254,0.865568
1199.000000,0.020567,-0.818067,-1.286064,-1.288302,0.461848
1200.000000,0.144972,-0.565409,-1.299955,-1.229398,0.240307
1201.000000,0.203648,-0.409502,-1.348206,-1.194842,-0.201364
1202.000000,0.193183,-0.288465,-1.447876,-1.166147,-0.534247
1203.000000,-0.134050,-0.253008,-1.525857,-1.138630,-0.550052
1204.000000,-0.466332,-0.274725,-1.601231,-1.132477,-0.959614
1205.000000,-0.828198,-0.427096,-1.616005,-1.159508,-1.302396
1206.000000,-0.983808,-0.499542,-1.566111,-1.177998,-0.890553
1207.000000,-1.088194,-0.587542,-1.410350,-1.204921,-1.006652
1208.000000,-1.218712,-0.890471,-1.314387,-1.266335,-1.149325
1209.000000,-1.282304,-1.144438,-1.247637,-1.337349,-1.251190
1210.000000,-1.255107,-1.348986,-1.220933,-1.416838,-1.186231
1211.000000,-1.342296,-1.494387,-1.236018,-1.508794,-1.262977
1212.000000,-1.433975,-1.608861,-1.259769,-1.632405,-1.378173
1213.000000,-1.577613,-1.777723,-1.382121,-1.763665,-1.751299
1214.000000,-1.595200,-1.836914,-1.464615,-1.852716,-1.207351
1215.000000,-1.621891,-1.850757,-1.607573,-1.879472,-1.215210
1216.000000,-1.331755,-1.770117,-1.628608,-1.821704,0.037707
1217.000000,-0.917738,-1.603621,-1.607047,-1.652959,0.304225
1218.000000,-0.489395,-1.427213,-1.742070,-1.523389,-0.008199
1219.000000,-0.403398,-1.329351,-1.882464,-1.442078,-0.868938
1220.000000,-0.275125,-1.211860,-1.955682,-1.379833,-0.691016
1221.000000,-0.270776,-0.982723,-1.897818,-1.298693,0.070387
1222.000000,-0.579888,-0.901368,-1.898428,-1.270816,-1.030832
1223.000000,-0.867888,-0.812409,-1.917666,-1.297575,-1.266708
1224.000000,-0.870133,-0.761403,-1.858094,-1.297953,-0.878657
1225.000000,-0.893241,-0.697293,-1.762245,-1.328609,-0.803133
1226.000000,-0.936601,-0.716282,-1.663542,-1.312463,-0.149820
1227.000000,-0.705762,-0.746379,-1.545746,-1.286892,0.030021
1228.000000,-0.442571,-0.753300,-1.436579,-1.363459,-0.068799
1229.000000,-0.197044,-0.624900,-1.303771,-1.402665,0.273847
1230.000000,-0.046620,-0.579840,-1.221149,-1.456692,-0.305780
1231.000000,-0.028873,-0.630841,-1.119713,-1.477587,-0.125996
1232.000000,-0.037647,-0.513122,-0.995881,-1.476266,0.041693
1233.000000,-0.072811,-0.360868,-0.842121,-1.492386,-0.244328
1234.000000,-0.592893,-0.373864,-0.809760,-1.522190,-1.491175
1235.000000,-0.764717,-0.326776,-0.731884,-1.498863,-0.736042
1236.000000,-0.021434,-0.034492,-0.626821,-1.409719,2.194831
1237.000000,1.053122,0.503257,-0.505869,-1.276884,2.616592
1238.000000,2.168449,1.434814,-0.322829,-1.103354,2.501179
1239.000000,2.748789,2.022466,-0.119391,-0.970004,1.192323
1240.000000,3.173683,2.936030,0.231103,-0.728662,2.271419
1241.000000,2.782823,3.097291,0.462120,-0.476645,1.654011
1242.000000,2.062440,2.711867,0.727497,-0.313663,0.129933
1243.000000,1.526349,2.543607,1.120142,-0.056235,0.392213
1244.000000,1.702008,2.827561,1.679976,0.282389,1.825214
